Id,Label,url,Main Topic,Total Views,Total Videos,Subscribers
UC-APlmDP40YlEG4Yb5taKmA,mytz,https://www.youtube.com/channel/UC-APlmDP40YlEG4Yb5taKmA,Lifestyle (sociology),10161387,65,94000
UCtJgiyoDYIkpLKSMeGbCO1Q,Nara Yuwana,https://www.youtube.com/channel/UCtJgiyoDYIkpLKSMeGbCO1Q,Film,538678829,579,663000
UCHxvwUZ4kvZbzZomO0EWsSg,incu,https://www.youtube.com/channel/UCHxvwUZ4kvZbzZomO0EWsSg,Entertainment,31663408,82,296000
UCqJkFqNl1vf0-2wHbm32Cmw,Nukie,https://www.youtube.com/channel/UCqJkFqNl1vf0-2wHbm32Cmw,Role-playing video game,193050,211,845
UCFxcvC9iSvS3OX5B6_cUxAg,AdamX,https://www.youtube.com/channel/UCFxcvC9iSvS3OX5B6_cUxAg,Entertainment,492364,31,17200
UCPVYpoY_hhNhA2zz3EyiM7A,Rizatch,https://www.youtube.com/channel/UCPVYpoY_hhNhA2zz3EyiM7A,Music,20306598,15,71400
UCVVVUIzfO4y3k_m3QSS6gYQ,Billiam: Hipster Trash,https://www.youtube.com/channel/UCVVVUIzfO4y3k_m3QSS6gYQ,Action game,381470,22,37500
UCcHBw_Rs56RFcisYAOlFfmQ,Billiam,https://www.youtube.com/channel/UCcHBw_Rs56RFcisYAOlFfmQ,Film,113379380,210,739000
UCGg-UqjRgzhYDPJMr-9HXCg,Creator Insider,https://www.youtube.com/channel/UCGg-UqjRgzhYDPJMr-9HXCg,Technology,28258588,914,877000
UCkRfArvrzheW2E7b6SVT7vQ,YouTube Creators,https://www.youtube.com/channel/UCkRfArvrzheW2E7b6SVT7vQ,Lifestyle (sociology),429047075,666,10200000
UC0Bi5KMcECRVYis5Gb_ZYZQ,Wuthering Waves,https://www.youtube.com/channel/UC0Bi5KMcECRVYis5Gb_ZYZQ,Role-playing video game,369334595,621,1540000
UCuCtanBJXOPAEIAUXf9944g,CD PROJEKT RED,https://www.youtube.com/channel/UCuCtanBJXOPAEIAUXf9944g,Lifestyle (sociology),11609948,203,274000
UCdTGhThvyuEJQ8uMKlhgM9A,Gulay,https://www.youtube.com/channel/UCdTGhThvyuEJQ8uMKlhgM9A,,57,0,1190
UCjViLOtyvR9h1hXZU6F6q6w,ThatGuyJohn,https://www.youtube.com/channel/UCjViLOtyvR9h1hXZU6F6q6w,Lifestyle (sociology),2372351,50,28700
UCFJLO3HoTMzXYoeb2ocXe8w,Dhar Mann Studios Top Videos,https://www.youtube.com/channel/UCFJLO3HoTMzXYoeb2ocXe8w,Film,1765092564,1134,2920000
UCWc8CackfCo4q46FpEWBcPg,Jeenie.Weenie,https://www.youtube.com/channel/UCWc8CackfCo4q46FpEWBcPg,Film,15835003401,1822,13100000
UC_J_2HxLExDed9fITZTUDXQ,Dhar Mann Bonus,https://www.youtube.com/channel/UC_J_2HxLExDed9fITZTUDXQ,Film,1292465042,1054,2860000
UC_hK9fOxyy_TM8FJGXIyG8Q,Dhar Mann Studios,https://www.youtube.com/channel/UC_hK9fOxyy_TM8FJGXIyG8Q,Film,19897741451,1884,27200000
UCyYmJqr8JWIGQ1BDdnnXaBA,Dhar Mann Bonus Compilations,https://www.youtube.com/channel/UCyYmJqr8JWIGQ1BDdnnXaBA,Television program,304313031,373,915000
UCC-RHF_77zQdKcA75hr5oTQ,FGTeeV,https://www.youtube.com/channel/UCC-RHF_77zQdKcA75hr5oTQ,Action game,26092952533,1878,25400000
UCJC4N7DUUd0SUICV5FqCXkg,Unreal BS,https://www.youtube.com/channel/UCJC4N7DUUd0SUICV5FqCXkg,Video game culture,6202035,209,8800
UCOVOFrXlQQxTdklYAzP1C-Q,GeoBeluga,https://www.youtube.com/channel/UCOVOFrXlQQxTdklYAzP1C-Q,Casual game,10239,9,308
UCe2SaU4UT7jkpTP04TM_hJA,Obeliskbs,https://www.youtube.com/channel/UCe2SaU4UT7jkpTP04TM_hJA,Strategy video game,554009,167,1200
UCvl54wMzxTPObTA2NKDGAbw,Alegag,https://www.youtube.com/channel/UCvl54wMzxTPObTA2NKDGAbw,Video game culture,5102848,347,6050
UCGlKrG9oJIXrwpmRDHG3lng,Speedy J,https://www.youtube.com/channel/UCGlKrG9oJIXrwpmRDHG3lng,Electronic music,1301777,46,12300
UCV6qd2kF9ShJj_vaej6AJ9Q,Awakenings,https://www.youtube.com/channel/UCV6qd2kF9ShJj_vaej6AJ9Q,Music,108213892,1501,339000
UCeaIigwbXbgiTV2Ks1gs32g,Chris Liebing,https://www.youtube.com/channel/UCeaIigwbXbgiTV2Ks1gs32g,Music,2440622,148,29200
UCUYNYRcKqzHhyUGVQEJWffA,Isaak Koorey,https://www.youtube.com/channel/UCUYNYRcKqzHhyUGVQEJWffA,Music,1399,3,128
UCqFX3-djkoyS3RQPTo4JVnA,clo what,https://www.youtube.com/channel/UCqFX3-djkoyS3RQPTo4JVnA,Music,1536,4,262
UCJ9ZHDIxbYrx6hJpB-CKk8w,TECHLENSIVE,https://www.youtube.com/channel/UCJ9ZHDIxbYrx6hJpB-CKk8w,Technology,551809,186,2660
UCaQL8rJvC6STx7ujGzEnkDg,GOSPEL HORN,https://www.youtube.com/channel/UCaQL8rJvC6STx7ujGzEnkDg,Society,414,3,714
UC-ncGsy-o2EXAFiwxIiAicQ,W1ZARD,https://www.youtube.com/channel/UC-ncGsy-o2EXAFiwxIiAicQ,Action game,617954,33,467
UCxt_P6scPSrnRQi084qjIkw,DragonicDiceB,https://www.youtube.com/channel/UCxt_P6scPSrnRQi084qjIkw,Action-adventure game,197603,61,239
UC-39MFkm-1euDqSUSfPpEgw,Just Josh Biz,https://www.youtube.com/channel/UC-39MFkm-1euDqSUSfPpEgw,Lifestyle (sociology),122834,19,9050
UCajiMK_CY9icRhLepS8_3ug,Alex Ziskind,https://www.youtube.com/channel/UCajiMK_CY9icRhLepS8_3ug,Lifestyle (sociology),104334542,1149,520000
UCqh8w-GY6v0vgwIn_iWt87A,Andrew Marc David,https://www.youtube.com/channel/UCqh8w-GY6v0vgwIn_iWt87A,Lifestyle (sociology),65231231,1291,441000
UCtHm9ai5zSb-yfRnnUBopAg,Just Josh,https://www.youtube.com/channel/UCtHm9ai5zSb-yfRnnUBopAg,Lifestyle (sociology),71138141,464,385000
UCDZDBlaQ7Nrrra0sJhJI_Ng,𝑺𝒖𝒎𝒎𝒆𝒓͙͘͡,https://www.youtube.com/channel/UCDZDBlaQ7Nrrra0sJhJI_Ng,Action game,9556551,175,17200
UCKe2bQYsX7pmhcTSLYJ9y2Q,m1nty,https://www.youtube.com/channel/UCKe2bQYsX7pmhcTSLYJ9y2Q,Role-playing video game,2580230,158,2210
UCOGC-bI4HhyXJYj6-d-URUw,Emerald and Ruby,https://www.youtube.com/channel/UCOGC-bI4HhyXJYj6-d-URUw,Film,2293179,82,12600
UCsgv1MlOAUeUsMd_znxvlxA,mochiz,https://www.youtube.com/channel/UCsgv1MlOAUeUsMd_znxvlxA,Film,308993,116,729
UC0lhr4dvpfKJ0C3TPFXu3ww,Seether,https://www.youtube.com/channel/UC0lhr4dvpfKJ0C3TPFXu3ww,Pop music,2004388523,494,1710000
UC2lkUzsiOARl3nwZDeZus3g,SeetherVEVO,https://www.youtube.com/channel/UC2lkUzsiOARl3nwZDeZus3g,Independent music,1173218376,70,590000
UCDuIpWXcrBaTCNJTNd4meWw,Lloyd,https://www.youtube.com/channel/UCDuIpWXcrBaTCNJTNd4meWw,Music,1261748321,0,1340000
UCYvy_rZWF3udXeDHy3PBdtw,LloydVEVO,https://www.youtube.com/channel/UCYvy_rZWF3udXeDHy3PBdtw,Hip hop music,776388740,45,611000
UCV0pIPt5HFfulonNog3cz1A,G Herbo,https://www.youtube.com/channel/UCV0pIPt5HFfulonNog3cz1A,Pop music,1695288834,392,2020000
UC_eQfAQjj6mYj92l3SBmIdg,Harlem Fetty,https://www.youtube.com/channel/UC_eQfAQjj6mYj92l3SBmIdg,Pop music,2992785757,304,4730000
UCBVjMGOIkavEAhyqpxJ73Dw,Maroon 5,https://www.youtube.com/channel/UCBVjMGOIkavEAhyqpxJ73Dw,Pop music,28166637186,314,38000000
UCN1hnUccO4FD5WfM7ithXaw,Maroon5VEVO,https://www.youtube.com/channel/UCN1hnUccO4FD5WfM7ithXaw,Pop music,23364112375,160,14100000
UC5Ls-9vs1SI7bEOtn8BD8vA,Feeture,https://www.youtube.com/channel/UC5Ls-9vs1SI7bEOtn8BD8vA,Hip hop music,199522,9,26800
UCxX8Kd1xWQ1I1N3HAAzihBw,Larry Ohh,https://www.youtube.com/channel/UCxX8Kd1xWQ1I1N3HAAzihBw,Lifestyle (sociology),8365479,668,63400
UC9YcTIQuhwgoOQqYMKYqW9A,Migos ATL,https://www.youtube.com/channel/UC9YcTIQuhwgoOQqYMKYqW9A,Pop music,8346613773,99,13100000
UCGIelM2Dj3zza3xyV3pL3WQ,MigosVEVO,https://www.youtube.com/channel/UCGIelM2Dj3zza3xyV3pL3WQ,Music,3907670503,115,1790000
UC2xskkQVFEpLcGFnNSLQY0A,RihannaVEVO,https://www.youtube.com/channel/UC2xskkQVFEpLcGFnNSLQY0A,Music,22658449493,119,24700000
UCcgqSM4YEo5vVQpqwN-MaNw,Rihanna,https://www.youtube.com/channel/UCcgqSM4YEo5vVQpqwN-MaNw,Lifestyle (sociology),29335794669,94,46000000
UCVCdOaiHD05nGQm9tf1SEzw,will i am,https://www.youtube.com/channel/UCVCdOaiHD05nGQm9tf1SEzw,Pop music,3700627999,61,5190000
UC_d6W32xuEAyPlf_KmvvwEA,williamVEVO,https://www.youtube.com/channel/UC_d6W32xuEAyPlf_KmvvwEA,Hip hop music,2977086409,60,3670000
UC0VOyT2OCBKdQhF3BAbZ-1g,ArianaGrandeVevo,https://www.youtube.com/channel/UC0VOyT2OCBKdQhF3BAbZ-1g,Soul music,24806473188,235,17400000
UC9CoOnJkIBMdeijd9qYoT_g,Ariana Grande,https://www.youtube.com/channel/UC9CoOnJkIBMdeijd9qYoT_g,Music,32187261300,261,57400000
UC0Kgvj5t_c9EMWpEDWJuR1Q,DJ Khaled,https://www.youtube.com/channel/UC0Kgvj5t_c9EMWpEDWJuR1Q,Music,7793746094,75,14100000
UCrFB54bqp8sda4udJyNswlA,DJKhaledVEVO,https://www.youtube.com/channel/UCrFB54bqp8sda4udJyNswlA,Reggae,6760674181,128,4820000
UCEKb3YQMSjHs7tt69hMfPvw,Pay Gotti,https://www.youtube.com/channel/UCEKb3YQMSjHs7tt69hMfPvw,Music,50163977,88,107000
UCw4NZm6hgJ0Gxwep1zBrpfQ,YG,https://www.youtube.com/channel/UCw4NZm6hgJ0Gxwep1zBrpfQ,Pop music,2683541020,79,5040000
UCQvERCDVBsHg0CcBaPihvJg,Ruger,https://www.youtube.com/channel/UCQvERCDVBsHg0CcBaPihvJg,Pop music,946508362,136,2330000
UC_p3IZfAsQ66RAUxNk7qTqQ,Patoranking,https://www.youtube.com/channel/UC_p3IZfAsQ66RAUxNk7qTqQ,Pop music,778568494,113,1890000
UC9GtSLeksfK4yuJ_g1lgQbg,aespa,https://www.youtube.com/channel/UC9GtSLeksfK4yuJ_g1lgQbg,Pop music,6180258921,1756,8540000
UCgtNC51EUSgcZ6kKyVoPxKA,Becky G,https://www.youtube.com/channel/UCgtNC51EUSgcZ6kKyVoPxKA,Entertainment,13836787201,193,22600000
UCS24Tr9thUDMcggwNJ41YAQ,Kuuda,https://www.youtube.com/channel/UCS24Tr9thUDMcggwNJ41YAQ,,0,0,140
UCVgvEDdwOmLvZO5kvg1S80Q,Josh Gigante,https://www.youtube.com/channel/UCVgvEDdwOmLvZO5kvg1S80Q,Electronic music,734529,13,1970
UCl9a2Sr1yQBl3aW1f47I8Vw,When Stars Align,https://www.youtube.com/channel/UCl9a2Sr1yQBl3aW1f47I8Vw,Pop music,451294,92,2340
UCpm-eB6U_qtPYYQC7kjlNIA,CamelPhat,https://www.youtube.com/channel/UCpm-eB6U_qtPYYQC7kjlNIA,Music,308359364,93,234000
UCgZGpR80Z-x5fnUsKuKM2kg,MariooOfficial,https://www.youtube.com/channel/UCgZGpR80Z-x5fnUsKuKM2kg,Hip hop music,628033436,295,2330000
UCxKoKHs7YwjE_6nL6U36BsQ,D Voice,https://www.youtube.com/channel/UCxKoKHs7YwjE_6nL6U36BsQ,Music,176822450,232,781000
UC3WIRbOw46MsbycRc1N5x4g,JID,https://www.youtube.com/channel/UC3WIRbOw46MsbycRc1N5x4g,Music,753579752,74,1390000
UCqTVLEx7lQPmYzc_m6T4sug,JIDVEVO,https://www.youtube.com/channel/UCqTVLEx7lQPmYzc_m6T4sug,Soul music,351185263,31,112000
UCAMMASsBi2u3EH4H8ie1VOw,Flo Rida Videos,https://www.youtube.com/channel/UCAMMASsBi2u3EH4H8ie1VOw,Electronic music,1394526211,20,1430
UCBRFlde39a2U4nAkmGqJwAQ,Flo Rida,https://www.youtube.com/channel/UCBRFlde39a2U4nAkmGqJwAQ,Lifestyle (sociology),7038164590,786,5980000
UC3PdiRW5dUA4V70ueeR1eHA,zayn,https://www.youtube.com/channel/UC3PdiRW5dUA4V70ueeR1eHA,Hip hop music,6024120847,106,16400000
UCy5FUarBYUHFpPtYVuvzgcA,ZaynVEVO,https://www.youtube.com/channel/UCy5FUarBYUHFpPtYVuvzgcA,Electronic music,5094075676,98,5710000
UCRZakVHslRU8dzmyX6jNU7Q,FUNKIST - Topic,https://www.youtube.com/channel/UCRZakVHslRU8dzmyX6jNU7Q,Rock music,28747504,119,559
UCsS4GcdzUm2wR-gKJomPcIQ,FUNKIST official,https://www.youtube.com/channel/UCsS4GcdzUm2wR-gKJomPcIQ,Music,34372532,334,24700
UC-4mIX9ls8ROVk9ApfeYf5w,French Montana,https://www.youtube.com/channel/UC-4mIX9ls8ROVk9ApfeYf5w,Music,4580404952,611,5950000
UCpmBpSoy6YQjcshNK6pSyIA,FrenchMontanaVEVO,https://www.youtube.com/channel/UCpmBpSoy6YQjcshNK6pSyIA,Electronic music,3523261113,110,2200000
UCuSv25h638kXRLK4WnRE5qA,Gael Will,https://www.youtube.com/channel/UCuSv25h638kXRLK4WnRE5qA,Music of Latin America,5389802,102,17200
UCy28fcjOAD027nyICkUifMg,Cindy Sanyu,https://www.youtube.com/channel/UCy28fcjOAD027nyICkUifMg,Pop music,22323794,145,135000
UCCyLTeLNwGXvodrH8QwgBdg,Oliver^_°,https://www.youtube.com/channel/UCCyLTeLNwGXvodrH8QwgBdg,Film,508756,257,835
UCjnjC4qkArPpbFRj-e0pSVw,𝙭𝙚𝙡𝙡. 🦴♡,https://www.youtube.com/channel/UCjnjC4qkArPpbFRj-e0pSVw,Entertainment,230962967,301,352000
UCo8bcnLyZH8tBIH9V1mLgqQ,TheOdd1sOut,https://www.youtube.com/channel/UCo8bcnLyZH8tBIH9V1mLgqQ,Humour,5773629302,203,20800000
UCamdvUq4-BoneYsHZt0Agrw,KarissaEats,https://www.youtube.com/channel/UCamdvUq4-BoneYsHZt0Agrw,Lifestyle (sociology),4806245244,1033,4990000
UCMDQxm7cUx3yXkfeHa5zJIQ,YouTube Viewers,https://www.youtube.com/channel/UCMDQxm7cUx3yXkfeHa5zJIQ,Technology,383353178,177,13200000
UCStaiwu-FAgp_RC_tBiLh9A,YouTube Music,https://www.youtube.com/channel/UCStaiwu-FAgp_RC_tBiLh9A,Hip hop music,172191743,66,1740000
UCs9_ujGwhCU0BBO6RfTzyEw,ItsJustJay,https://www.youtube.com/channel/UCs9_ujGwhCU0BBO6RfTzyEw,,166,1,1350
UCqZQlzSHbVJrwrn5XvzrzcA,NBC Sports,https://www.youtube.com/channel/UCqZQlzSHbVJrwrn5XvzrzcA,Entertainment,5461056754,48872,5370000
UCm0f25HAdDa4kMcD_dJPa_g,PinguinD14,https://www.youtube.com/channel/UCm0f25HAdDa4kMcD_dJPa_g,Strategy video game,3116585,770,9290
UCS7ymygmWSouLD5N90Tt4Uw,SteelBS,https://www.youtube.com/channel/UCS7ymygmWSouLD5N90Tt4Uw,Action game,12026269,431,21600
UCse2f5kmznfkMt0xppwY8VQ,Banpa,https://www.youtube.com/channel/UCse2f5kmznfkMt0xppwY8VQ,Strategy video game,3297769,368,15200
UC4BvTjB-32p0hCe3sdmf2AQ,OG | AquaBS,https://www.youtube.com/channel/UC4BvTjB-32p0hCe3sdmf2AQ,Casual game,33092,39,63
UC3gUpaZvDknKkxeNfks4Rng,Steve Rachmad,https://www.youtube.com/channel/UC3gUpaZvDknKkxeNfks4Rng,Music,30896,6,482
UC9zY_E8mcAo_Oq772LEZq8Q,THE FIRST TAKE,https://www.youtube.com/channel/UC9zY_E8mcAo_Oq772LEZq8Q,Music of Asia,7075736151,1757,12100000
UClOZoLNwJVdNzkEhzeevBSA,ZICO,https://www.youtube.com/channel/UClOZoLNwJVdNzkEhzeevBSA,Hip hop music,820862606,270,1150000
UCztEY6czNyJKjRWMwuur9bg,幾田りら / Lilas Official,https://www.youtube.com/channel/UCztEY6czNyJKjRWMwuur9bg,Music of Asia,410191911,54,1000000
UC3IZKseVpdzPSBaWxBxundA,HYBE LABELS,https://www.youtube.com/channel/UC3IZKseVpdzPSBaWxBxundA,Electronic music,46302008160,3307,81500000
UCTk7wEWFxDGd1p1BUnUBINg,KOZ Entertainment,https://www.youtube.com/channel/UCTk7wEWFxDGd1p1BUnUBINg,Hip hop music,55643345,97,214000
UC-Fnix71vRP64WXeo0ikd0Q,IVE,https://www.youtube.com/channel/UC-Fnix71vRP64WXeo0ikd0Q,Lifestyle (sociology),4674399271,2481,5110000
UCYDmx2Sfpnaxg488yBpZIGg,STARSHIP,https://www.youtube.com/channel/UCYDmx2Sfpnaxg488yBpZIGg,Pop music,5959949448,2357,6710000
UCGIQxn4fW80bIvFL1neNQEg,Lil' Chief Records,https://www.youtube.com/channel/UCGIQxn4fW80bIvFL1neNQEg,Pop music,232195894,171,398000
UCd5jIyY4vLgFFsfCsyaL3Bw,Jonathan Bree,https://www.youtube.com/channel/UCd5jIyY4vLgFFsfCsyaL3Bw,Independent music,7214326,4,41900
UCxOvN5_bOyr0sBkGVLwh-xw,Princess Chelsea,https://www.youtube.com/channel/UCxOvN5_bOyr0sBkGVLwh-xw,Independent music,25669399,13,95100
UC07Kxew-cMIaykMOkzqHtBQ,LadyGagaVEVO,https://www.youtube.com/channel/UC07Kxew-cMIaykMOkzqHtBQ,Soul music,18887422917,243,8880000
UCNL1ZadSjHpjm4q9j2sVtOA,Lady Gaga,https://www.youtube.com/channel/UCNL1ZadSjHpjm4q9j2sVtOA,Entertainment,24938815263,262,30600000
UCPaJMRVqhoPwsBqhfOzf1bQ,Rachael Yamagata - Topic,https://www.youtube.com/channel/UCPaJMRVqhoPwsBqhfOzf1bQ,Independent music,47117510,263,1320
UCWyS_FZNNDqKNLB7NBHEadw,Rachael Yamagata,https://www.youtube.com/channel/UCWyS_FZNNDqKNLB7NBHEadw,Independent music,51223154,208,63000
UCTY6fxtqkF_dtGanIhZHHVg,Calum Scott,https://www.youtube.com/channel/UCTY6fxtqkF_dtGanIhZHHVg,Christian music,3866056735,371,7000000
UCwUtwxkX0IDk9_OYaBcmRnQ,CalumScottVEVO,https://www.youtube.com/channel/UCwUtwxkX0IDk9_OYaBcmRnQ,Electronic music,3174385494,98,1190000
UCFNosi99Sp0_eLilBiXmmXA,FutureVEVO,https://www.youtube.com/channel/UCFNosi99Sp0_eLilBiXmmXA,Electronic music,9839484494,413,4330000
UCSDvKdIQOwTfcyOimSi9oYA,Future,https://www.youtube.com/channel/UCSDvKdIQOwTfcyOimSi9oYA,Pop music,14618286493,79,14900000
UCgJG-YH8b_I4nc3oiHssdVA,GHerboVEVO,https://www.youtube.com/channel/UCgJG-YH8b_I4nc3oiHssdVA,Pop music,216461528,83,11100
UC35HKvKYPkri4Grd5KXl3wQ,Lilifilm Official,https://www.youtube.com/channel/UC35HKvKYPkri4Grd5KXl3wQ,Music,638806696,26,11600000
UCiHOsCL-qUxoKZpNZVM1kNQ,Angie K,https://www.youtube.com/channel/UCiHOsCL-qUxoKZpNZVM1kNQ,Country music,9009591,798,48600
UCAWNXeeLSwC1FaoYEV__u0A,Jai’Len Josey,https://www.youtube.com/channel/UCAWNXeeLSwC1FaoYEV__u0A,Pop music,2723980,87,17900
UCh1ZFNI53O_CQZ_5NNWbbbw,Xavier Omär,https://www.youtube.com/channel/UCh1ZFNI53O_CQZ_5NNWbbbw,Rhythm and blues,45995682,98,88200
UCdzxj65vwZieF3BI-tvQ9KQ,Mary Sarah,https://www.youtube.com/channel/UCdzxj65vwZieF3BI-tvQ9KQ,Lifestyle (sociology),2064447,362,11300
UCYJZgZnRR_SjmdfaZEzIlgQ,kwn,https://www.youtube.com/channel/UCYJZgZnRR_SjmdfaZEzIlgQ,Rhythm and blues,127431932,56,271000
UCIUKjjLfyf19Mr6Q_27GXlw,YGVEVO,https://www.youtube.com/channel/UCIUKjjLfyf19Mr6Q_27GXlw,Pop music,2057255413,131,2060000
UCugoOHsHbbuPL9421CjxSEA,RugerVEVO,https://www.youtube.com/channel/UCugoOHsHbbuPL9421CjxSEA,Reggae,797066346,50,20000
UCm55ke1xuIvjtX5wXkENpFA,PatorankingVEVO,https://www.youtube.com/channel/UCm55ke1xuIvjtX5wXkENpFA,Pop music,562455800,72,337000
UCJrREGJ2R1mMuKJkZ8SMCcA,BeckyGVEVO,https://www.youtube.com/channel/UCJrREGJ2R1mMuKJkZ8SMCcA,Music of Latin America,12199541765,208,6170000
UCYYpf5Sz7ftJUCW4YPY2ZsQ,not johny²,https://www.youtube.com/channel/UCYYpf5Sz7ftJUCW4YPY2ZsQ,Film,13681,73,25
UCqING2zcYYkHMdTUj9Po5mg,ab1,https://www.youtube.com/channel/UCqING2zcYYkHMdTUj9Po5mg,Video game culture,23588,53,75
UC0GLNhtTu7yI8rl6ZZGeezw,TheOdd2sOut,https://www.youtube.com/channel/UC0GLNhtTu7yI8rl6ZZGeezw,Lifestyle (sociology),139811606,33,2520000
UC28dly7fFiPlISI-0AE-fbw,KRUGSTON,https://www.youtube.com/channel/UC28dly7fFiPlISI-0AE-fbw,Film,57808334,136,458000
UCzIKEtTkedCG0HYwlof6fMw,Echoes,https://www.youtube.com/channel/UCzIKEtTkedCG0HYwlof6fMw,Fashion,8767,3,47000
UC9cz0t8P3VkTHY7xjbS8zHA,miwa official YouTube channel,https://www.youtube.com/channel/UC9cz0t8P3VkTHY7xjbS8zHA,Music of Asia,217452278,219,240000
UCtXKddsQv6rrJ7tUUpZz-og,SO-SO,https://www.youtube.com/channel/UCtXKddsQv6rrJ7tUUpZz-og,Hip hop music,31749885,212,286000
UCMF_5h2OejEhVorTB02UUSg,MAZZEL,https://www.youtube.com/channel/UCMF_5h2OejEhVorTB02UUSg,Music of Asia,442082747,916,456000
UCnwV0i25fH8pBrzuJ3WrHTw,レミオロメン,https://www.youtube.com/channel/UCnwV0i25fH8pBrzuJ3WrHTw,Music,212391785,170,192000
UC5RmUAcm_w5K9cxtQSj7W7g,TOKYO SKA PARADISE ORCHESTRA OFFICIAL,https://www.youtube.com/channel/UC5RmUAcm_w5K9cxtQSj7W7g,Music of Asia,288652713,455,452000
UC1aTKL3dU_xQ5OqhtCpNjMw,SAINT SATINE,https://www.youtube.com/channel/UC1aTKL3dU_xQ5OqhtCpNjMw,Performing arts,75440579,65,341000
UCs-QBT4qkj_YiQw1ZntDO3g,LE SSERAFIM,https://www.youtube.com/channel/UCs-QBT4qkj_YiQw1ZntDO3g,Entertainment,6229258362,3067,7840000
UC8C6QOPDVYwmuaSBZksefdg,TWS,https://www.youtube.com/channel/UC8C6QOPDVYwmuaSBZksefdg,Music,1122318205,2134,1990000
UCZvCP6sWj75MwpUP4LVtpNw,MONSTA X,https://www.youtube.com/channel/UCZvCP6sWj75MwpUP4LVtpNw,Pop music,881288158,1836,2610000
UCaHwGJXFb28TekZMf7iFg5Q,KiiiKiii,https://www.youtube.com/channel/UCaHwGJXFb28TekZMf7iFg5Q,Performing arts,275296932,758,478000
UCF3fJRTFtKXgvRDUkkhI6Pw,NZ On Air Music,https://www.youtube.com/channel/UCF3fJRTFtKXgvRDUkkhI6Pw,Soul music,1217696,341,3910
UC0yRIpnWAOLDzFjmBFh7b0A,Tessan,https://www.youtube.com/channel/UC0yRIpnWAOLDzFjmBFh7b0A,Lifestyle (sociology),5911075,270,14100
UCmXnGOvgbd_XIk-yhBR3XZw,Tommy Omolabi,https://www.youtube.com/channel/UCmXnGOvgbd_XIk-yhBR3XZw,Hobby,1991920,46,46700
UCIMuE-Qv9TEEH1PttmiUN6A,JaiLenJoseyVEVO,https://www.youtube.com/channel/UCIMuE-Qv9TEEH1PttmiUN6A,Pop music,473462,15,23
UCGOmQQzZ6M2rzPHXPRZAN4g,Lauren Alaina,https://www.youtube.com/channel/UCGOmQQzZ6M2rzPHXPRZAN4g,Lifestyle (sociology),146904163,158,248000
UCIwFjwMjI0y7PDBVEO9-bkQ,Justin Bieber,https://www.youtube.com/channel/UCIwFjwMjI0y7PDBVEO9-bkQ,Rhythm and blues,38675333930,278,78600000
UCx8v-goujcpBVF7QKALgp3g,Dan + Shay,https://www.youtube.com/channel/UCx8v-goujcpBVF7QKALgp3g,Christian music,1693360797,395,1830000
UC4-PNFKYlFopHQSMM7HzDDQ,KeithWhitleyVEVO,https://www.youtube.com/channel/UC4-PNFKYlFopHQSMM7HzDDQ,Pop music,175558871,24,97100
UC9Xz6XVzGI7akgrcM-WA45Q,Alison Krauss,https://www.youtube.com/channel/UC9Xz6XVzGI7akgrcM-WA45Q,Pop music,270072193,182,387000
UCMNJ63oR69YW1zL5-fB1muA,Miranda Lambert,https://www.youtube.com/channel/UCMNJ63oR69YW1zL5-fB1muA,Lifestyle (sociology),1539499867,334,1590000
UCm-r6w9jCMsjFa0WgZ3yaPQ,gretchenwilson,https://www.youtube.com/channel/UCm-r6w9jCMsjFa0WgZ3yaPQ,Country music,235886644,9,274000
UCjMYB5kdfljOLZJQQtb_1aA,David Frizzell,https://www.youtube.com/channel/UCjMYB5kdfljOLZJQQtb_1aA,Country music,3287832,102,13700
UCY2ntclVFmjjaneDotE2ItA,kwnVEVO,https://www.youtube.com/channel/UCY2ntclVFmjjaneDotE2ItA,Rhythm and blues,80368035,34,4430
UCKqqDlf6lfo3ChRA4-gzusQ,DDG,https://www.youtube.com/channel/UCKqqDlf6lfo3ChRA4-gzusQ,Pop music,908463485,222,3260000
UCTx6FNaC56YrHGNZTO13wFg,Vallé,https://www.youtube.com/channel/UCTx6FNaC56YrHGNZTO13wFg,Electronic music,192052,31,2950
UCnum3i_4srx9VUxZYg1dK0A,Blake,https://www.youtube.com/channel/UCnum3i_4srx9VUxZYg1dK0A,Music,129640,148,590
UCE3D8K7yD-OcQCs9bEIMSsQ,LaurenAlainaAIVEVO,https://www.youtube.com/channel/UCE3D8K7yD-OcQCs9bEIMSsQ,Soul music,107193008,101,79900
UCHkj014U2CQ2Nv0UZeYpE_A,JustinBieberVEVO,https://www.youtube.com/channel/UCHkj014U2CQ2Nv0UZeYpE_A,Hip hop music,31301675472,224,31100000
UCjvjzttL0LzIGzUU6rtQYXg,Rory Kramer,https://www.youtube.com/channel/UCjvjzttL0LzIGzUU6rtQYXg,Tourism,5161317,81,113000
UCPZk380Uf1MdwtnsAfPeBxQ,Keith Whitley,https://www.youtube.com/channel/UCPZk380Uf1MdwtnsAfPeBxQ,Music,367408133,0,299000
UCo80hok0dbQapOH6dJl9Hqw,Ella Langley,https://www.youtube.com/channel/UCo80hok0dbQapOH6dJl9Hqw,Country music,653780907,48,714000
UCJQplYDHQjYbmADXC-_y27Q,mirandalambertVEVO,https://www.youtube.com/channel/UCJQplYDHQjYbmADXC-_y27Q,Country music,1120530375,186,723000
UC9OAeZY8zp976DwRvHGjuSA,DDGVEVO,https://www.youtube.com/channel/UC9OAeZY8zp976DwRvHGjuSA,Pop music,229751098,180,38500
UChFKaaRTIHlJYzhNauQuiqg,BlakeMusicVEVO,https://www.youtube.com/channel/UChFKaaRTIHlJYzhNauQuiqg,Music,23311,3,24
UCpK9I4YjXOSv_u5bPL_ZJ9w,EllaLangleyVEVO,https://www.youtube.com/channel/UCpK9I4YjXOSv_u5bPL_ZJ9w,Pop music,352060578,60,6870
UCoIge-4yQ9KHO-dhSTSIx4A,Flashfire Pixel,https://www.youtube.com/channel/UCoIge-4yQ9KHO-dhSTSIx4A,Action game,405415,76,1410
UCzQ8bo_uPXDVysSS5CQVtXA,Fuzzy1220,https://www.youtube.com/channel/UCzQ8bo_uPXDVysSS5CQVtXA,Action game,188043,41,1390
UCN6k6MSZIXPTsp5f7dST0rQ,Anthony Phan,https://www.youtube.com/channel/UCN6k6MSZIXPTsp5f7dST0rQ,Entertainment,91836,31,633
UCdN4zKOIG6TbD4QC26OsiGA,whisperjas,https://www.youtube.com/channel/UCdN4zKOIG6TbD4QC26OsiGA,Video game culture,12147241,212,13100
UC4_Ml7IdVOKoQhi59nii_pw,Taeverse,https://www.youtube.com/channel/UC4_Ml7IdVOKoQhi59nii_pw,,0,0,4
UCPEjInJRaA7KfATaJGzI-1A,j,https://www.youtube.com/channel/UCPEjInJRaA7KfATaJGzI-1A,Entertainment,54451,41,410
UCNq3G4qWGupJB_McJYct1Hg,FabriML,https://www.youtube.com/channel/UCNq3G4qWGupJB_McJYct1Hg,Society,542286775,338,2250000
UCR_Te2bbmsrqvYlAmkgA2sA,Lucas Castel :D,https://www.youtube.com/channel/UCR_Te2bbmsrqvYlAmkgA2sA,Video game culture,1010362304,1682,6160000
UC6_cdWd42XwHkBycmn6PdGg,Animación Limitada,https://www.youtube.com/channel/UC6_cdWd42XwHkBycmn6PdGg,Film,6961663,36,58500
UCuX76tzdRUOcfjbnbAp6IwQ,Nella En yutu,https://www.youtube.com/channel/UCuX76tzdRUOcfjbnbAp6IwQ,Entertainment,25355,18,457
UCADdQftMymJVkv4P1YB6t2w,Directo Natura 5 - Rapaces,https://www.youtube.com/channel/UCADdQftMymJVkv4P1YB6t2w,Lifestyle (sociology),2682,0,50
UCKqAJfYEVCPLbdgOm8QqSQg,DIRECTO NATURA,https://www.youtube.com/channel/UCKqAJfYEVCPLbdgOm8QqSQg,Lifestyle (sociology),3107648,624,41100
UC9poRemonIzSknOdXBSDQGg,YouTube Creadores,https://www.youtube.com/channel/UC9poRemonIzSknOdXBSDQGg,Technology,5784732,144,410000
UCPuec1MiqpW-gXqoOmUluaQ,MCeRVEVO,https://www.youtube.com/channel/UCPuec1MiqpW-gXqoOmUluaQ,Music,59975668,32,196000
UCW9DlnZWBQojUm0MDviLDLw,Maria Cecília e Rodolfo,https://www.youtube.com/channel/UCW9DlnZWBQojUm0MDviLDLw,Pop music,184196533,358,552000
UCEPRQVF6hxGGM9gi1ELaWHg,TV Globo,https://www.youtube.com/channel/UCEPRQVF6hxGGM9gi1ELaWHg,Film,4190808740,32034,7350000
UCy7lzeDiq-UDKN4fUSCPEyw,The Masked Singer Brasil,https://www.youtube.com/channel/UCy7lzeDiq-UDKN4fUSCPEyw,Performing arts,36962448,1458,104000
UCmo_i7RPc-3dTyJrSCxzt9g,Dentista Musical,https://www.youtube.com/channel/UCmo_i7RPc-3dTyJrSCxzt9g,Lifestyle (sociology),5110556208,2914,6350000
UCvOc-PLAnbQgMTH8J7l-j6A,Rê Andrade,https://www.youtube.com/channel/UCvOc-PLAnbQgMTH8J7l-j6A,Lifestyle (sociology),1496191316,2784,5650000
UC4WvVh0AwJ6K9w1JLepce7A,Matheus e Kauan,https://www.youtube.com/channel/UC4WvVh0AwJ6K9w1JLepce7A,Music of Latin America,10133446581,789,11300000
UCdTX5ycRKPvTUiGu1519u4g,Bruno & Marrone,https://www.youtube.com/channel/UCdTX5ycRKPvTUiGu1519u4g,Pop music,6212434372,473,7240000
UC2AjjZ0k-Rba8fiuwpz1R2Q,JUANRIBE PAGLIARIN,https://www.youtube.com/channel/UC2AjjZ0k-Rba8fiuwpz1R2Q,Lifestyle (sociology),78988864,1904,835000
UCByed56loleOPhcbb5hmFOA,canal moivacional evangelico,https://www.youtube.com/channel/UCByed56loleOPhcbb5hmFOA,Religion,15752163,984,114000
UC7MUmXqD_kEChxYFME0bdtg,REDEVIDA,https://www.youtube.com/channel/UC7MUmXqD_kEChxYFME0bdtg,Lifestyle (sociology),162771970,59026,1820000
UCCD5yY6oDcu-PvLnP4FIJ8A,Vida Melhor,https://www.youtube.com/channel/UCCD5yY6oDcu-PvLnP4FIJ8A,Entertainment,306070867,17476,1970000
UC11JFCoslUUMTuAsUPH8RdQ,Multishow,https://www.youtube.com/channel/UC11JFCoslUUMTuAsUPH8RdQ,Film,4681480970,12330,8580000
UCIzAIM-zatIDHErC0Z23hbQ,Música Multishow,https://www.youtube.com/channel/UCIzAIM-zatIDHErC0Z23hbQ,Pop music,1477431638,9078,4420000
UCI2MZlf_9bVyYjZo5HCzm7A,O Sargento Castro,https://www.youtube.com/channel/UCI2MZlf_9bVyYjZo5HCzm7A,,0,0,5150
UCudIFFuK0taWP5xClJYev8Q,Noite de Sirenes,https://www.youtube.com/channel/UCudIFFuK0taWP5xClJYev8Q,Society,2058670,46,2910
UCLJ3grahec536YBny4LQ5uQ,𝐏𝐨𝐤𝐞 𝐒𝐩𝐲,https://www.youtube.com/channel/UCLJ3grahec536YBny4LQ5uQ,Video game culture,7272147,2163,8570
UCeiP7wkPDz4m9mw4OY7YjhQ,𝑷𝒐𝒌𝒆 𝑩𝒆𝒂𝒕𝒃𝒐𝒙,https://www.youtube.com/channel/UCeiP7wkPDz4m9mw4OY7YjhQ,Electronic music,135668,375,379
UC5cjT2zbFg9Ld-wB3iBAcig,Gman!Editz!,https://www.youtube.com/channel/UC5cjT2zbFg9Ld-wB3iBAcig,Entertainment,3893016,609,22000
UCKP3PMVMfZjaSxOPfuw9sig,Jomark,https://www.youtube.com/channel/UCKP3PMVMfZjaSxOPfuw9sig,Role-playing video game,197814423,810,310000
UCEV5aivM6_AvV8x7oMjzEjQ,phil23,https://www.youtube.com/channel/UCEV5aivM6_AvV8x7oMjzEjQ,Music,17484334,3,3870
UCKAaY2d_EQJcWWmwFVvhMxw,David elsewhere,https://www.youtube.com/channel/UCKAaY2d_EQJcWWmwFVvhMxw,Lifestyle (sociology),569592,44,11500
UCQ1NXps0onlktNoDqipVIWA,Joshtol,https://www.youtube.com/channel/UCQ1NXps0onlktNoDqipVIWA,Video game culture,9494012,695,19400
UCEQwE-wTawpGLOlJkMvU9cQ,RandomEditz35,https://www.youtube.com/channel/UCEQwE-wTawpGLOlJkMvU9cQ,Film,482788,524,1900
UCyz8oUmD4A4aKqpMfjynhIw,AWEYERDAYS,https://www.youtube.com/channel/UCyz8oUmD4A4aKqpMfjynhIw,Sport,368317,113,1220
UCDXvOFXV4l7HtZkP7ibBZaQ,Friendly Bosnian Mapper,https://www.youtube.com/channel/UCDXvOFXV4l7HtZkP7ibBZaQ,Knowledge,3140862,106,5920
UCkV1YLql2SpsNQob3NtOO7A,Zar Geo,https://www.youtube.com/channel/UCkV1YLql2SpsNQob3NtOO7A,Entertainment,4858625,613,6760
UCEickjZj99-JJIU8_IJ7J-Q,Vlog No Copyright Music,https://www.youtube.com/channel/UCEickjZj99-JJIU8_IJ7J-Q,Music,339168093,1530,2490000
UCGXcXG8GCL0Y9muJWJm9pzw,rafalsonyTV,https://www.youtube.com/channel/UCGXcXG8GCL0Y9muJWJm9pzw,Action-adventure game,1395020,1458,2160
UCuC7Ry0wKiQiwuhOyQcYCZw,BetekTeam,https://www.youtube.com/channel/UCuC7Ry0wKiQiwuhOyQcYCZw,Lifestyle (sociology),136587,20,511
UCYHBdrAe8cdCHHeowi5iUZQ,NiniiMei LIVE,https://www.youtube.com/channel/UCYHBdrAe8cdCHHeowi5iUZQ,Role-playing video game,13694,70,240
UCpCcnmf8LYnwrKKZXOKnrEg,NiniiMei,https://www.youtube.com/channel/UCpCcnmf8LYnwrKKZXOKnrEg,Simulation video game,132203,199,2130
UCFKDcjx5ekaoMog_9zw82fA,ТНТ Смотри еще!,https://www.youtube.com/channel/UCFKDcjx5ekaoMog_9zw82fA,Entertainment,490053494,124,1540000
UCmVoIfd7II6lVCTovtncaNQ,ТНТ,https://www.youtube.com/channel/UCmVoIfd7II6lVCTovtncaNQ,Entertainment,3242634281,1910,2400000
UCHhQcZSONr_oP_oDO9lUD-A,YouTube - мастер,https://www.youtube.com/channel/UCHhQcZSONr_oP_oDO9lUD-A,Knowledge,612391,153,4120
UCklMI0drexg8fgYqWIF4TjA,Как заработать на сайте,https://www.youtube.com/channel/UCklMI0drexg8fgYqWIF4TjA,Lifestyle (sociology),1173239,248,5670
UCVj6f69lAdaF4aM_ke3FI3g,V.ictoriii,https://www.youtube.com/channel/UCVj6f69lAdaF4aM_ke3FI3g,Lifestyle (sociology),38609594,657,50600
UCc2_YFxL02cbiBLRkg1XinQ,Настюха Бьютюха,https://www.youtube.com/channel/UCc2_YFxL02cbiBLRkg1XinQ,Lifestyle (sociology),50654691,513,67100
UCKzffzoHBE1bmYs8tAuXTrw,Виталий Голованов — «Хочу Миллион Просмотров»,https://www.youtube.com/channel/UCKzffzoHBE1bmYs8tAuXTrw,Knowledge,9848985,86,171000
UCeUqHU-SGK-DDoBb2v0aACg,ХАЙП — от слова АЙ,https://www.youtube.com/channel/UCeUqHU-SGK-DDoBb2v0aACg,Technology,57553,18,764
UC1QTdYauIX6amnimFQWBzwA,Drama Queens,https://www.youtube.com/channel/UC1QTdYauIX6amnimFQWBzwA,Television program,58291192,516,222000
UCdubelOloxR3wzwJG9x8YqQ,TV Rain,https://www.youtube.com/channel/UCdubelOloxR3wzwJG9x8YqQ,Politics,5905996560,30999,4920000
UC8DBqUhc3eamMSFxnvLeiUQ,Rashkin Report,https://www.youtube.com/channel/UC8DBqUhc3eamMSFxnvLeiUQ,Society,67877960,6978,194000
UCEC4D0dTTJr_EEnEJz15hnQ,24 Канал,https://www.youtube.com/channel/UCEC4D0dTTJr_EEnEJz15hnQ,Society,17011477833,337595,8960000
UCoOt4BpmiLlkEih3gX7_WQg,Узлова Talks,https://www.youtube.com/channel/UCoOt4BpmiLlkEih3gX7_WQg,Politics,29290135,1428,128000
UCBx231jNeUk4cUXc4lBdYpQ,Медведь Мансур - Mansur the Bear,https://www.youtube.com/channel/UCBx231jNeUk4cUXc4lBdYpQ,Entertainment,115542873,1138,290000
UCF0XsHr6Qz7OpliF_EdO63A,Друзья медведя Мансура,https://www.youtube.com/channel/UCF0XsHr6Qz7OpliF_EdO63A,Lifestyle (sociology),1624683,141,6660
UC9FCkwbKLCLwjvoGRLg9mzQ,Majid Almohandis l ماجد المهندس,https://www.youtube.com/channel/UC9FCkwbKLCLwjvoGRLg9mzQ,Music,1276850594,595,1740000
UCNhqvQMXIgRfjAGmxQqdNRw,Rotana,https://www.youtube.com/channel/UCNhqvQMXIgRfjAGmxQqdNRw,Pop music,31329297435,9984,27200000
UCkToh0AM-mn01WOT2TFR6JQ,Assala Nasri,https://www.youtube.com/channel/UCkToh0AM-mn01WOT2TFR6JQ,Music of Asia,4915932496,788,8310000
UC4IEuHe9jBNKRMaA4Bon9nQ,Ghayaz Alagha - غياظ الأغا,https://www.youtube.com/channel/UC4IEuHe9jBNKRMaA4Bon9nQ,Music,2133950,15,18800
UCG4vvCdYI3-fsRIhAwv6BQA,The Red Amber,https://www.youtube.com/channel/UCG4vvCdYI3-fsRIhAwv6BQA,Lifestyle (sociology),299767,22,1700
UC15kXCeJeiMvIKAO8XqyYgw,Fawasel - فواصل,https://www.youtube.com/channel/UC15kXCeJeiMvIKAO8XqyYgw,Knowledge,8951,6,39
UCA8O45b5lazQurYzRQDZeNA,Anubis Music,https://www.youtube.com/channel/UCA8O45b5lazQurYzRQDZeNA,Music,13767665,56,16000
UCFDneoP3jEYNtuBR0eye-XQ,قناة وادي هور قناة وادي هور,https://www.youtube.com/channel/UCFDneoP3jEYNtuBR0eye-XQ,Military,275160,126,2430
UCtP65UGIxJEpd18FZT-gWSg,رابطة أبناء الزغاوة بعاصمة شمال فرنسا { ليل} TV,https://www.youtube.com/channel/UCtP65UGIxJEpd18FZT-gWSg,Music of Asia,1656670,108,6240
UCBS4UaoUfi3xQ8nJlzuKXpw,alkazal alasmar wd hasan,https://www.youtube.com/channel/UCBS4UaoUfi3xQ8nJlzuKXpw,Music,72667476,3251,269000
UCFwwX-up6JnaD5_Z--s03CQ,عبدالله الكاهلي ودالعز,https://www.youtube.com/channel/UCFwwX-up6JnaD5_Z--s03CQ,Music,9179867,1879,41300
UCP7YRIYJ4aUpyu8771vhjxw,قناة ابوعبيده فيصل الكاهلي,https://www.youtube.com/channel/UCP7YRIYJ4aUpyu8771vhjxw,Music,13297860,425,63300
UC_LjiLumE3lE8n3V52S4oNw,Dameat Farah Artistic And Media Production,https://www.youtube.com/channel/UC_LjiLumE3lE8n3V52S4oNw,Music,24208689,692,119000
UCCa5PYs0T9_W-Qxx-0TOlKg,~𝘹𝘵𝘩𝘦𝘵𝘪𝘤𝘴._.𝘭𝘪𝘻𝘢,https://www.youtube.com/channel/UCCa5PYs0T9_W-Qxx-0TOlKg,Music of Asia,129449,49,222
UCHneDUCVe8SJ3uXAAxaFRgA,~𝐱𝐭𝐡𝐞𝐭𝐢𝐜_𝐒𝐞𝐥𝐞𝐧𝐜𝐞🥂,https://www.youtube.com/channel/UCHneDUCVe8SJ3uXAAxaFRgA,Pop music,295351,77,348
UC_PVUCRc-vpj-WQBOm38q3A,Kauczuk,https://www.youtube.com/channel/UC_PVUCRc-vpj-WQBOm38q3A,Hobby,2975007187,271,5170000
UCjpSpnp5bodk3PJMgEOeV0w,Lander Art,https://www.youtube.com/channel/UCjpSpnp5bodk3PJMgEOeV0w,Hobby,2652343934,196,3360000
UCtL5uJ_OIDUnooCPC3gFnFw,Kuroneinte Ch.,https://www.youtube.com/channel/UCtL5uJ_OIDUnooCPC3gFnFw,Action-adventure game,14976,311,430
UCtvf9CPuttrS142tsDYvEqQ,Eda Nasu,https://www.youtube.com/channel/UCtvf9CPuttrS142tsDYvEqQ,Action game,146172,221,2160
UCvcrvrpBp6MKNhJf6q16WGA,Silika Mahya Ch.,https://www.youtube.com/channel/UCvcrvrpBp6MKNhJf6q16WGA,Role-playing video game,133386,634,3360
UCFcoU14QQEl5PR7H1r_AaLw,Aria Altair,https://www.youtube.com/channel/UCFcoU14QQEl5PR7H1r_AaLw,Role-playing video game,311341,164,1570
UCSHxW8yZ6e2eNRGVGIZxohQ,Aria Altair CLIPS,https://www.youtube.com/channel/UCSHxW8yZ6e2eNRGVGIZxohQ,Role-playing video game,132067,56,258
UCiwGFzLY8_HP8VeMyYZskOg,Didu to Earth,https://www.youtube.com/channel/UCiwGFzLY8_HP8VeMyYZskOg,Role-playing video game,168207,213,860
UC-Wr2-YzN5yptco_QXav2og,RJB GAMING,https://www.youtube.com/channel/UC-Wr2-YzN5yptco_QXav2og,Video game culture,48857267,344,50300
UCBHjy-HoBMdATpUMTQt1wpA,Roachie,https://www.youtube.com/channel/UCBHjy-HoBMdATpUMTQt1wpA,Entertainment,0,0,353000
UCb77j37rubV-cF-Q5AdZwag,Blendertainment Animations,https://www.youtube.com/channel/UCb77j37rubV-cF-Q5AdZwag,Video game culture,14008308,148,47900
UCcUlIWOT3wEtgLJ0u9txP9w,Getaway,https://www.youtube.com/channel/UCcUlIWOT3wEtgLJ0u9txP9w,Lifestyle (sociology),3889,3,84000
UCqiZSGgeTTevIgHMERck7-Q,Castle Dog8,https://www.youtube.com/channel/UCqiZSGgeTTevIgHMERck7-Q,Film,2303359,673,11200
UCwRDUGIZ6f-kh_0_EzjnFgg,MysticalLegendTM YT,https://www.youtube.com/channel/UCwRDUGIZ6f-kh_0_EzjnFgg,Film,260303,77,1650
UCNfWKKKpMrEcFf4q5xsp8BA,Nyx,https://www.youtube.com/channel/UCNfWKKKpMrEcFf4q5xsp8BA,Action game,22163,79,114
UC_nib780bt_8Yr9ky518paQ,Hackorutv,https://www.youtube.com/channel/UC_nib780bt_8Yr9ky518paQ,Action-adventure game,85010,26,1130
UCx6-QwsBu7-p2khs-4jEs1A,CosmosZR,https://www.youtube.com/channel/UCx6-QwsBu7-p2khs-4jEs1A,Action-adventure game,20815403,248,149000
UCyvHPV3h__QRHP9R83jDpkw,Hackoru,https://www.youtube.com/channel/UCyvHPV3h__QRHP9R83jDpkw,Role-playing video game,18171274,343,127000
UC4q6PdaNRJ9MUkLGsZiA0lg,Kennedy_Meow,https://www.youtube.com/channel/UC4q6PdaNRJ9MUkLGsZiA0lg,Action-adventure game,61401,90,359
UCmmtuG__feWMZHqZ_09ic7Q,Kawaneri Glassie Ch.,https://www.youtube.com/channel/UCmmtuG__feWMZHqZ_09ic7Q,Action-adventure game,214168,869,1110
UCQLbBGwy7SH8kSJWd6WY7gA,Asteria RPGs,https://www.youtube.com/channel/UCQLbBGwy7SH8kSJWd6WY7gA,Action game,23086379,399,26900
UCujsy_SgLSXAyroQaEbMhVg,Subarashii,https://www.youtube.com/channel/UCujsy_SgLSXAyroQaEbMhVg,Action game,26544,49,687
UCCM86OfEq32RoGhxrqb8j0g,UJALA ENTERTAINMENT,https://www.youtube.com/channel/UCCM86OfEq32RoGhxrqb8j0g,Lifestyle (sociology),513007616,4058,1940000
UCE0fOC8_7jt-tKHxvZ4zQig,Shilpi Raj Hits,https://www.youtube.com/channel/UCE0fOC8_7jt-tKHxvZ4zQig,Music,422636971,92,1140000
UCIsZbNEVc5zCy3afQAVAmdw,Vijay Chauhan Official,https://www.youtube.com/channel/UCIsZbNEVc5zCy3afQAVAmdw,Music of Asia,245874197,217,1050000
UCsuZ5akLQbr4vUi7uSy9rrA,Alfa Beat Bhojpuri,https://www.youtube.com/channel/UCsuZ5akLQbr4vUi7uSy9rrA,Music of Asia,4527014,48,19100
UCJfeUWkrU4JwIJfP-usd-_w,Khesari Music World,https://www.youtube.com/channel/UCJfeUWkrU4JwIJfP-usd-_w,Music of Asia,4787980966,729,11700000
UCpN-WGQgGsOrXm7nHXDdTDA,T-Series Hamaar Bhojpuri,https://www.youtube.com/channel/UCpN-WGQgGsOrXm7nHXDdTDA,Music,14146974728,11788,24100000
UCcv5ju_92qOku3C3177DjdQ,The AI Songstress,https://www.youtube.com/channel/UCcv5ju_92qOku3C3177DjdQ,Soul music,616619,67,1310
UCpex7Ha6LQ8tq5HTXqiA0zg,Desserts Haven,https://www.youtube.com/channel/UCpex7Ha6LQ8tq5HTXqiA0zg,Lifestyle (sociology),83111,80,117
UCqCW6WUqLL9sos2ayvhWiKQ,Sofiya Nzau,https://www.youtube.com/channel/UCqCW6WUqLL9sos2ayvhWiKQ,Music,612841,2,7250
UC2p_NHNHVQXHBHwWz0Ft0PA,JONY,https://www.youtube.com/channel/UC2p_NHNHVQXHBHwWz0Ft0PA,Music,986292407,165,1090000
UCq85vkzB-cMq5tTKTBRyBHg,EminOfficial,https://www.youtube.com/channel/UCq85vkzB-cMq5tTKTBRyBHg,Lifestyle (sociology),1564274124,1984,2110000
UCwIKyl0V5Cb5WRTazrhg-2A,Harmonize,https://www.youtube.com/channel/UCwIKyl0V5Cb5WRTazrhg-2A,Reggae,1523501120,1018,5810000
UCjuQQuVga9pT-jWOmkxYqTw,Rangin Music Bhakti,https://www.youtube.com/channel/UCjuQQuVga9pT-jWOmkxYqTw,Music of Asia,39399346,594,143000
UCx8QSRrcbTSFtuF-ZPgI9Ew,Bolbam  Bhakti,https://www.youtube.com/channel/UCx8QSRrcbTSFtuF-ZPgI9Ew,Religion,362839,868,3390
UC98_RNFvwRAWTNdJBqA6V-g,DRAGONRAGERAID,https://www.youtube.com/channel/UC98_RNFvwRAWTNdJBqA6V-g,Action-adventure game,7059,277,89
UCa_UMppcMsHIzb5LDx1u9zQ,TheFatRat,https://www.youtube.com/channel/UCa_UMppcMsHIzb5LDx1u9zQ,Pop music,2188926384,146,6760000
UC22nIfOTM7KLIQuFGMKzQbg,Wave Music,https://www.youtube.com/channel/UC22nIfOTM7KLIQuFGMKzQbg,Music,49019952193,21285,70300000
UCUZhr-L61C1IcWzP8-ffH-w,Wave Music Dhamaka,https://www.youtube.com/channel/UCUZhr-L61C1IcWzP8-ffH-w,Music,2161280049,5623,4680000
UCYLlkv4hivYJlOk6Lo-RHNQ,Wave Music Bhojpuri,https://www.youtube.com/channel/UCYLlkv4hivYJlOk6Lo-RHNQ,Music,16023827556,25431,27100000
UCOb49mOu4z3FTYRkIrFtYMQ,TAMAchan,https://www.youtube.com/channel/UCOb49mOu4z3FTYRkIrFtYMQ,Role-playing video game,968661037,1519,1060000
UCSSKXEFwXiEcUjZKYGSvyPg,PutiPuti＜P,https://www.youtube.com/channel/UCSSKXEFwXiEcUjZKYGSvyPg,Role-playing video game,1368688466,2729,1040000
UCe_h1ez2EFYYpCi011nxt1w,いんく,https://www.youtube.com/channel/UCe_h1ez2EFYYpCi011nxt1w,Action-adventure game,238257185,320,349000
UCh7bThzNArch6TgoHB1HVhA,カラフルピーチ,https://www.youtube.com/channel/UCh7bThzNArch6TgoHB1HVhA,Role-playing video game,2858858314,1104,2410000
UC5l8bnxxl26Q5PDG_jawcuw,おんりー / ドズル社,https://www.youtube.com/channel/UC5l8bnxxl26Q5PDG_jawcuw,Action game,3301135708,2462,1670000
UCIEgmfyQSPwrjXt1QpmNv0w,おらふくん / ドズル社,https://www.youtube.com/channel/UCIEgmfyQSPwrjXt1QpmNv0w,Video game culture,1038965055,2193,956000
UCJk7u2v3Ib7M0e-k8TWPx5Q,おおはらMEN / ドズル社,https://www.youtube.com/channel/UCJk7u2v3Ib7M0e-k8TWPx5Q,Action-adventure game,412103806,2009,678000
UCaUyiKbp35G7QcAH4GeVauA,Ramerry Francois,https://www.youtube.com/channel/UCaUyiKbp35G7QcAH4GeVauA,Video game culture,1143180212,1885,589000
UCcHiyP5BmBzbIW61W_tio7Q,ドズル / ドズル社,https://www.youtube.com/channel/UCcHiyP5BmBzbIW61W_tio7Q,Role-playing video game,191140900,2222,418000
UCj4PjeVMnNTHIR5EeoNKPAw,ドズル社,https://www.youtube.com/channel/UCj4PjeVMnNTHIR5EeoNKPAw,Action-adventure game,6357480972,10615,2770000
UC-L6oKM0dDcwdWlJv6ZjCDw,Peke-Peke!Peket's!,https://www.youtube.com/channel/UC-L6oKM0dDcwdWlJv6ZjCDw,Film,707752210,1160,541000
UC4gtGRAiS5msZfhEhdZO6hw,マナル隊MANARUTAI,https://www.youtube.com/channel/UC4gtGRAiS5msZfhEhdZO6hw,Entertainment,3396941588,2093,1720000
UC8DEmCFZcUEAb8gc0Hng79w,エスポワール休憩所,https://www.youtube.com/channel/UC8DEmCFZcUEAb8gc0Hng79w,Lifestyle (sociology),58477307,756,220000
UCRxPrFmRHsXGWfAyE6oqrPQ,コムドット,https://www.youtube.com/channel/UCRxPrFmRHsXGWfAyE6oqrPQ,Lifestyle (sociology),5367154049,3243,4250000
UCf2cN9o0ndPwqA3wZLFj_NQ,ESPOIR TRIBE-エスポワール•トライブ-,https://www.youtube.com/channel/UCf2cN9o0ndPwqA3wZLFj_NQ,Lifestyle (sociology),1853115716,3042,1520000
UCyFN8ul17Ov5oDr_lsjZODg,ふうはや,https://www.youtube.com/channel/UCyFN8ul17Ov5oDr_lsjZODg,Action game,1699466396,2354,1200000
UCpGS0xokGV8gj6Tt11wG14w,遠坂めぐ,https://www.youtube.com/channel/UCpGS0xokGV8gj6Tt11wG14w,Music,977121940,1810,561000
UCsRRzwiGpo5U580FpH_ZEaw,SAGIRIX,https://www.youtube.com/channel/UCsRRzwiGpo5U580FpH_ZEaw,Entertainment,1571562120,947,631000
UCkzIJWZ0Viusty479iLiC1w,ハンドレッドノート / HUNDRED NOTE【公式】,https://www.youtube.com/channel/UCkzIJWZ0Viusty479iLiC1w,Film,829119680,1407,410000
UCGu7Y1jg7aNMXVQUibJuXFA,FutsuoFutsuko,https://www.youtube.com/channel/UCGu7Y1jg7aNMXVQUibJuXFA,Entertainment,55958432,38,71800
UCP-tHjBlV6nx-G--uvMtoqQ,マイ部アニメ,https://www.youtube.com/channel/UCP-tHjBlV6nx-G--uvMtoqQ,Film,1304480571,277,831000
UC9UAxVR4Tym2PIICVfLTZUw,混血のカレコレ,https://www.youtube.com/channel/UC9UAxVR4Tym2PIICVfLTZUw,Film,7748799273,3335,3010000
UCSxwPTG3p7ygTCiI59lfkRA,ドラゴン娘になりたくないっ!,https://www.youtube.com/channel/UCSxwPTG3p7ygTCiI59lfkRA,Entertainment,863386448,736,496000
UCCzUftO8KOVkV4wQG1vkUvg,Marine Ch. 宝鐘マリン,https://www.youtube.com/channel/UCCzUftO8KOVkV4wQG1vkUvg,Music,2313331862,1672,4370000
UCXWnW9POrqPuDav-K_rWh0g,ブラックチャンネル,https://www.youtube.com/channel/UCXWnW9POrqPuDav-K_rWh0g,Film,1992642165,2072,1270000
UC7fNaSMYW29jHQmYZgZ5rkA,ぼんじゅうる / ドズル社,https://www.youtube.com/channel/UC7fNaSMYW29jHQmYZgZ5rkA,Action game,147402282,2184,402000
UCIU_1WDzifvGu16qzFcKAEA,ぷらぷらぶ,https://www.youtube.com/channel/UCIU_1WDzifvGu16qzFcKAEA,Film,1158535483,3666,1050000
UCbbu1xpujjiSQtapBMTr5XQ,たこちゃんねる,https://www.youtube.com/channel/UCbbu1xpujjiSQtapBMTr5XQ,Entertainment,1046660942,2082,1800000
UC438NzuH3byhVc9KSXKc8ZA,私立パラの丸高校,https://www.youtube.com/channel/UC438NzuH3byhVc9KSXKc8ZA,Film,2009619541,1714,1240000
UC3TCIVs1OBZt2KyG8o0CM6Q,Fischer's-ゲームズ-,https://www.youtube.com/channel/UC3TCIVs1OBZt2KyG8o0CM6Q,Role-playing video game,101356426,573,427000
UCD24LJ4_be_hTuNuyz3vn0w,ンダホんち【公式】,https://www.youtube.com/channel/UCD24LJ4_be_hTuNuyz3vn0w,Lifestyle (sociology),516219727,335,712000
UCQ_MqAw18jFTlBB-f8BP7dw,QuizKnock,https://www.youtube.com/channel/UCQ_MqAw18jFTlBB-f8BP7dw,Entertainment,4322791306,2346,2660000
UCeiQATnaLCYer1WVydXFTVg,ロードシルク,https://www.youtube.com/channel/UCeiQATnaLCYer1WVydXFTVg,Hobby,691810839,1135,1490000
UCibEhpu5HP45-w7Bq1ZIulw,Fischer's,https://www.youtube.com/channel/UCibEhpu5HP45-w7Bq1ZIulw,Entertainment,21931741456,4275,9070000
UCs4KWxdP-lRc-dgLXE5i8Wg,Fischer's-セカンダリ-,https://www.youtube.com/channel/UCs4KWxdP-lRc-dgLXE5i8Wg,Lifestyle (sociology),2235163801,2307,2840000
UCSxCyYHtPzn-23kNT-RgWqw,meiyo,https://www.youtube.com/channel/UCSxCyYHtPzn-23kNT-RgWqw,Music of Asia,146108840,234,284000
UC2Z7UBL5mvNUvehH6ph4MNw,Mumeixxx【むめい】,https://www.youtube.com/channel/UC2Z7UBL5mvNUvehH6ph4MNw,Hobby,745360334,1117,1110000
UC0W6Z2PcF-3QEfemx-5Ud-g,Su channel,https://www.youtube.com/channel/UC0W6Z2PcF-3QEfemx-5Ud-g,Action game,40087,297,47
UCUeMNMWPa5GZ2zhYMYbmhpw,よみちゃんねる,https://www.youtube.com/channel/UCUeMNMWPa5GZ2zhYMYbmhpw,Role-playing video game,24935,395,140
UCxa9kXUXnTgHbBHvCPKc0kg,シャロンの肋骨,https://www.youtube.com/channel/UCxa9kXUXnTgHbBHvCPKc0kg,Action game,2567,231,31
UC8KKRZVMb753gtGsl0WQGKg,ぐる / guru ch【Vtuber】,https://www.youtube.com/channel/UC8KKRZVMb753gtGsl0WQGKg,Action game,163563,1174,1400
UCVApR0wfTBZtvMkKe8oUSXA,Hisui Ch. / 隼海ひすい,https://www.youtube.com/channel/UCVApR0wfTBZtvMkKe8oUSXA,Video game culture,173489,718,4220
UCd1AhgFrwO8BCXZW1bVrXfA,夢愛 ユニ / Yumeai Yuni,https://www.youtube.com/channel/UCd1AhgFrwO8BCXZW1bVrXfA,Action-adventure game,198784,1290,1440
UCol9sa_fU6gi5TLieVK70AQ,猫石りいん,https://www.youtube.com/channel/UCol9sa_fU6gi5TLieVK70AQ,Role-playing video game,28361,622,430
UCBYE2jpAeDBg6hlV6ur5DYg,そびたんねる🎪Piero Soubi +,https://www.youtube.com/channel/UCBYE2jpAeDBg6hlV6ur5DYg,Video game culture,455492,431,7360
UCIYJG2GEjkbB9LUfnAxaitA,野狐やこ,https://www.youtube.com/channel/UCIYJG2GEjkbB9LUfnAxaitA,Video game culture,94275,896,431
UCSt_5wAl0qBXhredvo4LsYA,白熊くらうど,https://www.youtube.com/channel/UCSt_5wAl0qBXhredvo4LsYA,Role-playing video game,45331,720,437
UCevFdZEmwBXKgleoSiDAI3w,小骨ひゅー≪kobone hew≫,https://www.youtube.com/channel/UCevFdZEmwBXKgleoSiDAI3w,Action-adventure game,48481,328,515
UCf0OufCwrzL0dANtPfdkzzQ,卯泉智絵里 Uizumi Chieri,https://www.youtube.com/channel/UCf0OufCwrzL0dANtPfdkzzQ,Role-playing video game,57874,1032,294
UC_5TWtp1in9ms1Sg5DgKRAg,Naopon_youtube,https://www.youtube.com/channel/UC_5TWtp1in9ms1Sg5DgKRAg,Video game culture,10745,525,107
UCtSv180D__JRsj1rW1mh5_g,sinoくん🐾☪ ‎,https://www.youtube.com/channel/UCtSv180D__JRsj1rW1mh5_g,Video game culture,16796,115,35
UCEOXPwygoKjW8Ver8rTka8g,夜桜ゆき@ Yozakurayuki,https://www.youtube.com/channel/UCEOXPwygoKjW8Ver8rTka8g,Action-adventure game,106321,1043,1680
UCK4gAoHR8nqRznSTUTXybuw,桜雪 奏,https://www.youtube.com/channel/UCK4gAoHR8nqRznSTUTXybuw,Role-playing video game,162173,85,1830
UCkJs1O8khjTYmRTg4P_-g8Q,emiko ♂ えみこ,https://www.youtube.com/channel/UCkJs1O8khjTYmRTg4P_-g8Q,Action game,18283,69,429
UCFIAtyXz7XgNND_2GlE6t3A,ハイカラサウンド/ Highkara Sound,https://www.youtube.com/channel/UCFIAtyXz7XgNND_2GlE6t3A,Music,3810692,66,25100
UCTT44jmy7-pIGKpy-Ih8NyA,JPOP Karaoke カラオケ,https://www.youtube.com/channel/UCTT44jmy7-pIGKpy-Ih8NyA,Music of Asia,28422643,621,45200
UCZ3ryrdsdqezi2q-AfRw6Rw,生音風カラオケ屋,https://www.youtube.com/channel/UCZ3ryrdsdqezi2q-AfRw6Rw,Music of Asia,71353443,834,141000
UCvML7OJFLaoM04VYnV_3EdQ,蒼乃もち,https://www.youtube.com/channel/UCvML7OJFLaoM04VYnV_3EdQ,Video game culture,43972,323,599
UCrvz9x7mlNDmbU_CTR1y4YQ,ふぁいの音楽置き場,https://www.youtube.com/channel/UCrvz9x7mlNDmbU_CTR1y4YQ,Music,15288448,31,98900
UC-C5x5ioKxTu-B1qs0uWYDg,ヤナギのゲーム場,https://www.youtube.com/channel/UC-C5x5ioKxTu-B1qs0uWYDg,Role-playing video game,51952,905,295
UC3RwimzFUFaJmStG3-bJbJg,3nmma,https://www.youtube.com/channel/UC3RwimzFUFaJmStG3-bJbJg,Action-adventure game,22366,376,48
UCI-tQlV4oxfQW4Om2xK0dDw,あめぴこそると / APS,https://www.youtube.com/channel/UCI-tQlV4oxfQW4Om2xK0dDw,Action game,376311,1768,1780
UCschA9IpOU5dyLQC_TL90EA,朝酔こころ,https://www.youtube.com/channel/UCschA9IpOU5dyLQC_TL90EA,Action game,49946,420,362
UCxMWM81g23d-2YG8RVQzl6Q,霧島ネル_Vtuber🍶💤,https://www.youtube.com/channel/UCxMWM81g23d-2YG8RVQzl6Q,Role-playing video game,385353,1456,4520
UCJnxmeosa08BGIZar_LHzsA,IRoHa Ch.🦕いろはのしっぽ,https://www.youtube.com/channel/UCJnxmeosa08BGIZar_LHzsA,Action-adventure game,56876,582,1200
UCXffonPBPK0TCkVWqpMPhGg,狐谷ルツ Kotani Rutu,https://www.youtube.com/channel/UCXffonPBPK0TCkVWqpMPhGg,Role-playing video game,15394,219,305
UChuG8E1aBk1BjtTJE70S7SA,Okonai channel,https://www.youtube.com/channel/UChuG8E1aBk1BjtTJE70S7SA,Action game,444805,1233,3210
UC8_wmm5DX9mb4jrLiw8ZYzw,スカイピース,https://www.youtube.com/channel/UC8_wmm5DX9mb4jrLiw8ZYzw,Film,4508896723,3065,4330000
UCcoPAuYU81k_5AxDedPnLvw,むくえなちっく。,https://www.youtube.com/channel/UCcoPAuYU81k_5AxDedPnLvw,Food,726024442,1749,1310000
UCX2fYWaYhi7J1yMaK0M8Amw,ちろぴの,https://www.youtube.com/channel/UCX2fYWaYhi7J1yMaK0M8Amw,Action-adventure game,3965113525,1365,1840000
UCF8nBW7xeMwGoeP3TOx6Nbw,しがぷり / 四月のエイプリル,https://www.youtube.com/channel/UCF8nBW7xeMwGoeP3TOx6Nbw,Music,16387,2,17200
UCdOFJTdqeytxPttqDnWfS_A,REAL PIECE,https://www.youtube.com/channel/UCdOFJTdqeytxPttqDnWfS_A,Entertainment,2476119285,2171,1420000
UCJ98lzh2QJGp37QgWPUcwrQ,HIMAWARIちゃんねる,https://www.youtube.com/channel/UCJ98lzh2QJGp37QgWPUcwrQ,Entertainment,9405135666,3185,3960000
UCq2RGhxYoj1d4N7E6oCjeNA,けえ【島育ち】,https://www.youtube.com/channel/UCq2RGhxYoj1d4N7E6oCjeNA,Lifestyle (sociology),1664852831,912,1480000
UC05jT44pAcDWx-CLu7-vrNg,くくるす　りあん,https://www.youtube.com/channel/UC05jT44pAcDWx-CLu7-vrNg,Role-playing video game,58738,298,810
UCeTFimu7eoFp_SK5Qwe11ZA,しょーとちゃん寝る,https://www.youtube.com/channel/UCeTFimu7eoFp_SK5Qwe11ZA,Role-playing video game,4075804,1033,3570
UCvzJzeMXq-yTXg2wv_P207w,命人-meito Ch,https://www.youtube.com/channel/UCvzJzeMXq-yTXg2wv_P207w,Video game culture,32612,101,918
UC8f1p1gJBQzVo7iwrISt35Q,nekomaru / 猫丸,https://www.youtube.com/channel/UC8f1p1gJBQzVo7iwrISt35Q,Role-playing video game,404738,539,4020
UCjKMVfOHMYDAETE1YMd5ukg,天崎義経-Yoshitsune Amasaki ch,https://www.youtube.com/channel/UCjKMVfOHMYDAETE1YMd5ukg,Action-adventure game,21543,142,477
UCwQGQS4-niVqw5OBDMlVf0Q,IchinoseSound,https://www.youtube.com/channel/UCwQGQS4-niVqw5OBDMlVf0Q,Music of Asia,2840114,31,33100
UCxrNXCJ9C-Ck3fA5rD3d2PQ,橙ミャオのおんがくやさん / Daidai Myao's Music Shop,https://www.youtube.com/channel/UCxrNXCJ9C-Ck3fA5rD3d2PQ,Music,847433,398,4890
UCfLovs3hldJ496uPizAgYaA,RYU ITO MUSIC,https://www.youtube.com/channel/UCfLovs3hldJ496uPizAgYaA,Music,9933052,451,33000
UCqPOwltQpz3pJMPCz2XUlzw,たちばなのへや,https://www.youtube.com/channel/UCqPOwltQpz3pJMPCz2XUlzw,Video game culture,3646315,1382,3670
UC6YoF5-OmChAXHNff3ifR6Q,藍沢エマ / Aizawa Ema sub,https://www.youtube.com/channel/UC6YoF5-OmChAXHNff3ifR6Q,Action game,66216,42,14000
UCPkKpOHxEDcwmUAnRpIu-Ng,藍沢エマ / Aizawa Ema,https://www.youtube.com/channel/UCPkKpOHxEDcwmUAnRpIu-Ng,Video game culture,167025284,1566,689000
UCBubru68UAfczXSPYs2Qz8g,PG_we are schoolkids,https://www.youtube.com/channel/UCBubru68UAfczXSPYs2Qz8g,Music of Asia,176803606,788,239000
UCgSUwAyy0p1tcgDoQagvSOA,Kota Mino Channel / こたみのチャンネル,https://www.youtube.com/channel/UCgSUwAyy0p1tcgDoQagvSOA,Hobby,3112108237,719,4770000
UC5VZjrV5x9J9mTyGODzu0dQ,JIN DA HOUSE,https://www.youtube.com/channel/UC5VZjrV5x9J9mTyGODzu0dQ,Entertainment,381801688,1118,959000
UCj6_0tBpVpmyYSGu6f-uKqw,テオくんホーム,https://www.youtube.com/channel/UCj6_0tBpVpmyYSGu6f-uKqw,Lifestyle (sociology),230880748,242,909000
UCn_cpHcrXjG_XnH9N3fO6qA,スカイピースの平和島,https://www.youtube.com/channel/UCn_cpHcrXjG_XnH9N3fO6qA,Entertainment,473302846,788,1150000
UC0eTlO_yZOPTSnSd5M6FCxA,オムライス兄さん Omurice Boy🇯🇵,https://www.youtube.com/channel/UC0eTlO_yZOPTSnSd5M6FCxA,Entertainment,2031333868,611,1180000
UCFFFsClZNq3gHLvnNv2df6g,髭達磨,https://www.youtube.com/channel/UCFFFsClZNq3gHLvnNv2df6g,Entertainment,892477208,458,791000
UCSKUf4X29Kl6IyiMaU5aacw,そば湯,https://www.youtube.com/channel/UCSKUf4X29Kl6IyiMaU5aacw,Entertainment,2353401896,1137,1130000
UC7IYFu5ht5v-JKZh9h07Xtw,サブばんざい,https://www.youtube.com/channel/UC7IYFu5ht5v-JKZh9h07Xtw,Lifestyle (sociology),23089119,325,153000
UCBKqbSl9bK_ln9zZ-C5rP0Q,ばんばんざい,https://www.youtube.com/channel/UCBKqbSl9bK_ln9zZ-C5rP0Q,Lifestyle (sociology),3147723280,3313,2770000
UCSspDdadXHACIwgHLQ3q2bw,流那チャンネル,https://www.youtube.com/channel/UCSspDdadXHACIwgHLQ3q2bw,Lifestyle (sociology),112234573,430,753000
UCam_sZrQaOr5qc_82m8cFYg,みゆ。,https://www.youtube.com/channel/UCam_sZrQaOr5qc_82m8cFYg,Lifestyle (sociology),85124963,414,469000
UCrxOjbi4xKHTnkoqKzPvL0Q,ぎし家だけです,https://www.youtube.com/channel/UCrxOjbi4xKHTnkoqKzPvL0Q,Lifestyle (sociology),108357912,204,458000
UCihYMokYrglpPKgjzbZYgqA,takachannel,https://www.youtube.com/channel/UCihYMokYrglpPKgjzbZYgqA,Action game,162967865,2361,289000
UCq4kwMrpENO18E5QyHeh-UA,赤星すい花☆suika ch☆,https://www.youtube.com/channel/UCq4kwMrpENO18E5QyHeh-UA,Action-adventure game,284295,511,2090
UCyqdFuh6M9dtEIVrxqsQuVA,鳩本キュウch,https://www.youtube.com/channel/UCyqdFuh6M9dtEIVrxqsQuVA,Role-playing video game,716505,554,10600
UCxJexsOTNecY8aaBJjWe4Yg,YouTube 크리에이터,https://www.youtube.com/channel/UCxJexsOTNecY8aaBJjWe4Yg,Knowledge,18296625,194,72000
UCDV2ocNJ_Po8me-PjqnhjAg,HOUSE OF GIRLS,https://www.youtube.com/channel/UCDV2ocNJ_Po8me-PjqnhjAg,Pop music,1949063,294,778
UCviI9lzTe2pkxJ9M2ArA7WQ,Dingo FreeStyle,https://www.youtube.com/channel/UCviI9lzTe2pkxJ9M2ArA7WQ,Hip hop music,1800239874,2020,2130000
UC1rB1k_p1pdra7yscrBUpMA,XnoxC,https://www.youtube.com/channel/UC1rB1k_p1pdra7yscrBUpMA,Entertainment,160092425,461,60400
UCrXBcslTZI5XBRdKcmrReyA,Getoji,https://www.youtube.com/channel/UCrXBcslTZI5XBRdKcmrReyA,Entertainment,0,0,3050
UCRajy5q-LgNSBzBjP0ppcEA,桜餅ルナの日常,https://www.youtube.com/channel/UCRajy5q-LgNSBzBjP0ppcEA,,2898,1,292
UCqma0EHk7Ba_QdAtv2HnuXQ,46熊\SuKi,https://www.youtube.com/channel/UCqma0EHk7Ba_QdAtv2HnuXQ,Action game,74949,340,1720
UCqvWsKeBsE_RmV-z5cFoGLg,Engkal,https://www.youtube.com/channel/UCqvWsKeBsE_RmV-z5cFoGLg,Role-playing video game,11778816,319,12000
UCtOvoDqWorYc6NqkuGmZgEg,Xion Regalia Ch,https://www.youtube.com/channel/UCtOvoDqWorYc6NqkuGmZgEg,Action-adventure game,194452,600,3050
UCHF0NFFfBeyBWKBFpJQsAqQ,MILL WEST,https://www.youtube.com/channel/UCHF0NFFfBeyBWKBFpJQsAqQ,Action game,38445652,1777,103000
UCgVejeoa338l2xxgg9cGtoQ,Nazellia Ryoku,https://www.youtube.com/channel/UCgVejeoa338l2xxgg9cGtoQ,Role-playing video game,1502409,1212,27400
UC30YyFO02NMXOrL2OOmP-qA,GIHON MAREL LOIMALITNA,https://www.youtube.com/channel/UC30YyFO02NMXOrL2OOmP-qA,Music of Asia,171560588,35,842000
UCAt3GjVZH33xI3xGS3Tu38Q,Jacson Zeran Official,https://www.youtube.com/channel/UCAt3GjVZH33xI3xGS3Tu38Q,Music,70422204,7,237000
UCDs8MjKHniLD37mknABcW4Q,Juan Reza,https://www.youtube.com/channel/UCDs8MjKHniLD37mknABcW4Q,Music of Asia,476746155,204,998000
UCLLGM0MV2OpvwFCjG70nkIg,Ndarboy Genk,https://www.youtube.com/channel/UCLLGM0MV2OpvwFCjG70nkIg,Music,674041924,1310,1440000
UCZHdiJYl-SNoklqSVZ3m-tg,Sangombas naimbaru official,https://www.youtube.com/channel/UCZHdiJYl-SNoklqSVZ3m-tg,Music,6248495,520,9110
UC0hxkiLIETsmgV8LSGs9G9A,Elif  ♪,https://www.youtube.com/channel/UC0hxkiLIETsmgV8LSGs9G9A,Music,416449,28,2150
UC2Uv7N14hfkEfsbGLPH0fBA,Sting Beatz,https://www.youtube.com/channel/UC2Uv7N14hfkEfsbGLPH0fBA,Electronic music,449565,137,649
UC4hWOiJbye0xCi8v-aWp2zQ,Singinoffkey,https://www.youtube.com/channel/UC4hWOiJbye0xCi8v-aWp2zQ,Pop music,5090680,12,8650
UCc37E0uEogue81xnpvmrBcQ,DHYFU Gaming,https://www.youtube.com/channel/UCc37E0uEogue81xnpvmrBcQ,Role-playing video game,93074,969,579
UCrIXTq8Dtq7bdkcwkxRMfuQ,Fudhita Floridha,https://www.youtube.com/channel/UCrIXTq8Dtq7bdkcwkxRMfuQ,Lifestyle (sociology),630325,195,3240
UCduu6QWN1YP9yWkFO0snkIg,Prayer Pray - Topic,https://www.youtube.com/channel/UCduu6QWN1YP9yWkFO0snkIg,Religion,8667487,2314,245
UChh_8d48Ps7E8Hlou8Ji5cA,Prayer Pray,https://www.youtube.com/channel/UChh_8d48Ps7E8Hlou8Ji5cA,Music,165841550,2968,1000000
UCi0LydWaEUy3Vx8flL29ebQ,SyrebralVibes,https://www.youtube.com/channel/UCi0LydWaEUy3Vx8flL29ebQ,Independent music,6341804853,660,8500000
UCn7Z0uhzGS1KjnO-sWml_dw,Unique Vibes,https://www.youtube.com/channel/UCn7Z0uhzGS1KjnO-sWml_dw,Hip hop music,4019764415,1404,6130000
UCsHhF2X0RGM8Asz6YrFkb_Q,Ebru Gündeş,https://www.youtube.com/channel/UCsHhF2X0RGM8Asz6YrFkb_Q,Pop music,2335677514,219,1340000
UCJfB133ZwpD3fpUde2C9k7w,Kim & Nana's Gaming World,https://www.youtube.com/channel/UCJfB133ZwpD3fpUde2C9k7w,Action game,14279508,792,58700
UCNOOWIvQW04rx7nBfDh5r3A,閃耀吧嚕咪,https://www.youtube.com/channel/UCNOOWIvQW04rx7nBfDh5r3A,,268276,1,23
UCcHApLvQnSGjKpaCuo-wloA,小张资料库,https://www.youtube.com/channel/UCcHApLvQnSGjKpaCuo-wloA,Lifestyle (sociology),341731,1048,614
UCtHHssNQHvv-PdyA02FrF3g,时政小算盘Aca,https://www.youtube.com/channel/UCtHHssNQHvv-PdyA02FrF3g,Politics,14870881,2896,10200
UCB55pRcRNqH1c2ZqeFam8aA,Ayana ch. 亞彌奈,https://www.youtube.com/channel/UCB55pRcRNqH1c2ZqeFam8aA,Video game culture,719271,384,10700
UCMulM1JuTWO5MavUn-99pKA,蘭·柯爾絲,https://www.youtube.com/channel/UCMulM1JuTWO5MavUn-99pKA,Video game culture,252235,29,5660
UCSEpCEZrPxrBqlnVkElLUQQ,Kristal ch. 海色水晶,https://www.youtube.com/channel/UCSEpCEZrPxrBqlnVkElLUQQ,Video game culture,1094150,335,14800
UCospu3ZnB60PDRghLJnLzSA,Muninin 【Beimen76】,https://www.youtube.com/channel/UCospu3ZnB60PDRghLJnLzSA,Video game culture,274824,35,6600
UCz_V5_pxKsSjuTcAwbRz1eA,北門76事務所,https://www.youtube.com/channel/UCz_V5_pxKsSjuTcAwbRz1eA,Music,7617,8,525
UCFbb0lmMyqn61rJdUnqwjWw,老杰短评书,https://www.youtube.com/channel/UCFbb0lmMyqn61rJdUnqwjWw,Music,9010,19,410
UCsmkTPubhBtCCk1w373ty8w,Jefftalkstocks,https://www.youtube.com/channel/UCsmkTPubhBtCCk1w373ty8w,Knowledge,3812000,1698,19700
UC52EYUUSlzcYqHj-qsx0RHg,Zhejiang STV Official Channel-Subscribe Now,https://www.youtube.com/channel/UC52EYUUSlzcYqHj-qsx0RHg,Music of Asia,2176776231,44802,2570000
UCOgASZVYeB6U37pL_8Y1Ofw,ZJSTV Music Premium Channel,https://www.youtube.com/channel/UCOgASZVYeB6U37pL_8Y1Ofw,Music of Asia,47482875,471,91200
UCfj8FsoiPFHn1gZMJaeLEDg,Keep Running Official-Welcome to subscribe,https://www.youtube.com/channel/UCfj8FsoiPFHn1gZMJaeLEDg,Television program,2151658014,19039,2690000
UCp8cPvx_Od76EL66vvCnhRA,ZJSTV Music Channel-Welcome to subscribe-,https://www.youtube.com/channel/UCp8cPvx_Od76EL66vvCnhRA,Music,4451909728,14157,2310000
UCxyU_HQTotlpcQ_95t5kmmQ,Ace VS Ace Official-Welcome to subscribe,https://www.youtube.com/channel/UCxyU_HQTotlpcQ_95t5kmmQ,Television program,243627581,9110,221000
UCyRy1COnKgKsbJBRHn0YYiw,The Treasured Voice Official -Welcome to subscribe,https://www.youtube.com/channel/UCyRy1COnKgKsbJBRHn0YYiw,Music of Asia,188153150,6212,176000
UCB_Zk_cUcqA-1I9oeeBUBqA,Zhejiang STV Global Channel,https://www.youtube.com/channel/UCB_Zk_cUcqA-1I9oeeBUBqA,Entertainment,142178308,1227,154000
UCGmO0S4S-AunjRdmxA6TQYg,DECO*27,https://www.youtube.com/channel/UCGmO0S4S-AunjRdmxA6TQYg,Video game culture,1673850112,351,2850000
UCJwGWV914kBlV4dKRn7AEFA,Hatsune Miku,https://www.youtube.com/channel/UCJwGWV914kBlV4dKRn7AEFA,Music of Asia,532170046,994,4500000
UC_SI1j1d8vJo_rYMV5o_dRg,ポケモン公式YouTubeチャンネル,https://www.youtube.com/channel/UC_SI1j1d8vJo_rYMV5o_dRg,Entertainment,2020294132,2470,4000000
UCNElM45JypxqAR73RoUQ10g,inabakumori,https://www.youtube.com/channel/UCNElM45JypxqAR73RoUQ10g,Music,412422249,38,940000
UCVyxTBjnKveJc4EtsnYqcVA,SafriDuoVEVO,https://www.youtube.com/channel/UCVyxTBjnKveJc4EtsnYqcVA,Electronic music,187945543,9,140000
UChxvFvpbG7hdyFv9LbceNFg,Safri Duo,https://www.youtube.com/channel/UChxvFvpbG7hdyFv9LbceNFg,Classical music,256505563,13,263000
UC-8zLYB2DB1fFCP3KJxe0Sg,MiniBloxia,https://www.youtube.com/channel/UC-8zLYB2DB1fFCP3KJxe0Sg,Role-playing video game,543131373,1439,1830000
UC-XRzstm-vGQl4yTBMrgmJQ,hoppy819,https://www.youtube.com/channel/UC-XRzstm-vGQl4yTBMrgmJQ,Role-playing video game,17269670,862,214000
UC7uhcEqcFEc_rMYH-AEy8BA,Duranto Official,https://www.youtube.com/channel/UC7uhcEqcFEc_rMYH-AEy8BA,Action game,268914359,878,987000
UCrxutDChXkpAqpMW7nGxl9w,NRZ,https://www.youtube.com/channel/UCrxutDChXkpAqpMW7nGxl9w,Role-playing video game,1241540454,1078,8290000
UCXukWRMOMtvKX2O-1RC23CA,Kingsmen Records,https://www.youtube.com/channel/UCXukWRMOMtvKX2O-1RC23CA,,0,0,11300
UCxSP05H8BEdpu3Q0RYeGOrA,East Duo,https://www.youtube.com/channel/UCxSP05H8BEdpu3Q0RYeGOrA,Music,49879336,56,154000
UC8AQF1sXHCsfARZCX5COf_g,Nick Eh 30 VODs,https://www.youtube.com/channel/UC8AQF1sXHCsfARZCX5COf_g,Action-adventure game,1337789,18,166000
UCbLcjRG0gcEzFeJynGC2tVw,Nick Eh 30 Shorts,https://www.youtube.com/channel/UCbLcjRG0gcEzFeJynGC2tVw,Action game,3700226885,1743,4340000
UCt9nYeSz90lnOnaVFjxFJzw,Nick Eh 30,https://www.youtube.com/channel/UCt9nYeSz90lnOnaVFjxFJzw,Action game,1620541504,702,8740000
UC0mrvtDqfEqo4Plo_HUdzDg,etone,https://www.youtube.com/channel/UC0mrvtDqfEqo4Plo_HUdzDg,Simulation video game,15391573,65,172000
UCBLGReH8wxPMiBzScGLbFjQ,Sinks,https://www.youtube.com/channel/UCBLGReH8wxPMiBzScGLbFjQ,Role-playing video game,25367150,192,266000
UCFYygGuBWl8AGEPtOgXbocw,LYNDA,https://www.youtube.com/channel/UCFYygGuBWl8AGEPtOgXbocw,Electronic music,914205796,87,1740000
UCz6JjQtnK9XjMwKuqlEkRxw,Soolking Officiel,https://www.youtube.com/channel/UCz6JjQtnK9XjMwKuqlEkRxw,Electronic music,4207487040,109,11300000
UCdCVfCgsaO9L3Oli1AihfuQ,East Duo - Topic,https://www.youtube.com/channel/UCdCVfCgsaO9L3Oli1AihfuQ,Independent music,38591752,30,39100
UCGnjeahCJW1AF34HBmQTJ-Q,shakiraVEVO,https://www.youtube.com/channel/UCGnjeahCJW1AF34HBmQTJ-Q,Music of Latin America,32210451811,233,18400000
UCYLNGLIzMhRTi6ZOLjAPSmw,Shakira,https://www.youtube.com/channel/UCYLNGLIzMhRTi6ZOLjAPSmw,Lifestyle (sociology),36614326831,409,51100000
UCZuPJZ2kGFdlbQu1qotZaHw,KAROL G,https://www.youtube.com/channel/UCZuPJZ2kGFdlbQu1qotZaHw,Music of Latin America,33564555560,166,41200000
UCz9yS18zJGQObwUL_K-ICnw,KarolGVEVO,https://www.youtube.com/channel/UCz9yS18zJGQObwUL_K-ICnw,Electronic music,26677130324,137,3910000
UCncmmq2xV1002xNnx9_rDhw,MoratVEVO,https://www.youtube.com/channel/UCncmmq2xV1002xNnx9_rDhw,Music of Latin America,6045474051,113,1640000
UCvQwfdlOR55OO82gFWJCnWQ,Morat,https://www.youtube.com/channel/UCvQwfdlOR55OO82gFWJCnWQ,Music of Latin America,8103069411,230,7810000
UC5qFAfEOzoaSOS6At8ixYoA,MelendiOficialVEVO,https://www.youtube.com/channel/UC5qFAfEOzoaSOS6At8ixYoA,Music of Latin America,1484613966,119,891000
UCKwJMC3Sar-yz5PcwUJxiqg,Melendi,https://www.youtube.com/channel/UCKwJMC3Sar-yz5PcwUJxiqg,Music,5638747708,3,5110000
UCl4jq8XKq5X0ZL5p_xVMmZA,Melendi - Topic,https://www.youtube.com/channel/UCl4jq8XKq5X0ZL5p_xVMmZA,Music of Latin America,664767593,474,162000
UCCEZY5vEQBsQN5i3ceiLo7g,AlejandroSanzVEVO,https://www.youtube.com/channel/UCCEZY5vEQBsQN5i3ceiLo7g,Music of Latin America,1482776429,120,950000
UCGe3279ZI3YLoCWCd7wB0pg,Alejandro Sanz - Topic,https://www.youtube.com/channel/UCGe3279ZI3YLoCWCd7wB0pg,Pop music,1036537738,1136,74300
UCV4S6_JoeDq9j6mgbpkmA0Q,Alejandro Sanz,https://www.youtube.com/channel/UCV4S6_JoeDq9j6mgbpkmA0Q,Pop music,3604277292,131,3580000
UC2rbcd_YR3j_klIv4AXXaZw,Reik,https://www.youtube.com/channel/UC2rbcd_YR3j_klIv4AXXaZw,Music of Latin America,10792067967,301,10300000
UCahVGI5idD85mQlBD2InzzA,reikVEVO,https://www.youtube.com/channel/UCahVGI5idD85mQlBD2InzzA,Music of Latin America,9346462290,280,3460000
UCWANPVmVKsJUg2ed9hK2r9w,JuanGabrielVEVO,https://www.youtube.com/channel/UCWANPVmVKsJUg2ed9hK2r9w,Music of Latin America,8275285979,349,3980000
UCnLJnKKCxLRsAktAB9iMSeQ,Juan Gabriel,https://www.youtube.com/channel/UCnLJnKKCxLRsAktAB9iMSeQ,Music of Latin America,9752879314,376,7500000
UCJNXcE2vdoNORqtiMHNGL3w,Francisco Grillo,https://www.youtube.com/channel/UCJNXcE2vdoNORqtiMHNGL3w,Music,2574153,614,40100
UCJz03ec78ygKUBnVaAJPl0Q,Tristan Turdean,https://www.youtube.com/channel/UCJz03ec78ygKUBnVaAJPl0Q,Music,365301,24,2710
UCyy0Kn2gkLqVeiAcjQI2gpw,Isaac Warren Music,https://www.youtube.com/channel/UCyy0Kn2gkLqVeiAcjQI2gpw,Classical music,249476,64,944
UC_SGLJ05a-N9sA4fX4yYgFA,Phill Boucher ♫,https://www.youtube.com/channel/UC_SGLJ05a-N9sA4fX4yYgFA,Music,829882,47,4360
UC5pbZl4urNZOr9aPxMC1xfg,Ryan Leach,https://www.youtube.com/channel/UC5pbZl4urNZOr9aPxMC1xfg,Music,19996217,204,185000
UC7SVQ3PTCBhssx_WEBrSq0Q,Gareth Coker,https://www.youtube.com/channel/UC7SVQ3PTCBhssx_WEBrSq0Q,Music,69836583,20,41400
UCo00fLTBosL4EGGhi164cEQ,John Powell,https://www.youtube.com/channel/UCo00fLTBosL4EGGhi164cEQ,Music,207486333,34,161000
UCAPmqDbVdw_GBiW0_ffQtlg,PUNTO MUERTO,https://www.youtube.com/channel/UCAPmqDbVdw_GBiW0_ffQtlg,Lifestyle (sociology),191567736,2528,989000
UCl42wXZWLL2S2LdTVM44ArQ,LostSave,https://www.youtube.com/channel/UCl42wXZWLL2S2LdTVM44ArQ,Entertainment,3090,3,117
UCKEiXyY8x_n355g1fObF1GA,Lara e Familia,https://www.youtube.com/channel/UCKEiXyY8x_n355g1fObF1GA,Lifestyle (sociology),76491641,266,799000
UCYvvnUfWEB_LmSUWX2IZUAQ,Rê Andrade Studios,https://www.youtube.com/channel/UCYvvnUfWEB_LmSUWX2IZUAQ,Lifestyle (sociology),14401580,232,100000
UCUwCAyA6MO_QjlJmIxuhwyw,Alan Jones  ישוע,https://www.youtube.com/channel/UCUwCAyA6MO_QjlJmIxuhwyw,Society,25073765,436,174000
UCmYVJBJV1fQgbgbfD0_VAhg,Wanessa Camargo,https://www.youtube.com/channel/UCmYVJBJV1fQgbgbfD0_VAhg,Music of Latin America,309974767,468,881000
UCDiJeuOsv766JDMAlpbSMHg,Globoplay,https://www.youtube.com/channel/UCDiJeuOsv766JDMAlpbSMHg,Association football,872054329,3563,2020000
UC8ebgJVAJk3c6mftB_trA1Q,Artú E Black,https://www.youtube.com/channel/UC8ebgJVAJk3c6mftB_trA1Q,Pet,752,10,40
UCn_FAXem2-e3HQvmK-mOH4g,GLITCH,https://www.youtube.com/channel/UCn_FAXem2-e3HQvmK-mOH4g,Video game culture,3417118415,250,21600000
UC53yPfm-OQL9sK1TG_sCT5Q,MONYA,https://www.youtube.com/channel/UC53yPfm-OQL9sK1TG_sCT5Q,Action game,4475740,136,12300
UCZuwBN1DWfgObYprETYk0eg,FitzyVA,https://www.youtube.com/channel/UCZuwBN1DWfgObYprETYk0eg,Video game culture,11742608,203,145000
UCI_hjK53AIDlpB-Rpr1WnwQ,ZAMination,https://www.youtube.com/channel/UCI_hjK53AIDlpB-Rpr1WnwQ,Video game culture,2099661841,301,5910000
UC8LcA3grYZg0GNpxlXh8owg,SMG4,https://www.youtube.com/channel/UC8LcA3grYZg0GNpxlXh8owg,Film,5771720764,1000,9760000
UCDrJor35jYVnuC3JgRzheIw,Neil Cicierega,https://www.youtube.com/channel/UCDrJor35jYVnuC3JgRzheIw,Film,468808941,164,821000
UCLA_DiR1FfKNvjuUpBHmylQ,NASA,https://www.youtube.com/channel/UCLA_DiR1FfKNvjuUpBHmylQ,Knowledge,1116323222,6129,15000000
UC9Tu_16EZ5jN0dSom62C5XA,ShadowDaDEV,https://www.youtube.com/channel/UC9Tu_16EZ5jN0dSom62C5XA,Entertainment,1380785,551,3180
UCLCdyRg3u5O-EVP5p46QxcQ,CG5,https://www.youtube.com/channel/UCLCdyRg3u5O-EVP5p46QxcQ,Music,4320924781,780,10500000
UC5OrDvL9DscpcAstz7JnQGA,Michael Jackson,https://www.youtube.com/channel/UC5OrDvL9DscpcAstz7JnQGA,Rhythm and blues,21947746257,19,38700000
UCHQg2VX5l9DIPyzt2Yap7hQ,AAJ Mapping🇷🇴,https://www.youtube.com/channel/UCHQg2VX5l9DIPyzt2Yap7hQ,Knowledge,1449878,103,4520
UCV5acLQNb3MyOVzc5p-Sz-w,Catt [GD],https://www.youtube.com/channel/UCV5acLQNb3MyOVzc5p-Sz-w,Action game,8107,7,3490
UCt0xOle0yBQrwlRF433n3_Q,Pakistani Mapper,https://www.youtube.com/channel/UCt0xOle0yBQrwlRF433n3_Q,Film,1771337,1819,3340
UCDw5xB6ETRs1NqDYFvq7SWg,Filip Gutowski,https://www.youtube.com/channel/UCDw5xB6ETRs1NqDYFvq7SWg,,354,1,12
UCGjsy4nBfH-TjFOSP1Jp1Pw,Dziurlik_94,https://www.youtube.com/channel/UCGjsy4nBfH-TjFOSP1Jp1Pw,Knowledge,9266,6,64
UCflfdgi0Wsso2nuLeYNWcZw,GarageBiz,https://www.youtube.com/channel/UCflfdgi0Wsso2nuLeYNWcZw,Knowledge,23444987,1788,196000
UCj0rOlAiR8FWos5YIB6gfow,Библиотека Дождя,https://www.youtube.com/channel/UCj0rOlAiR8FWos5YIB6gfow,Knowledge,4774035,195,38300
UCWrWMJFCkYWf7GmqoUR4TRA,Люся Грин,https://www.youtube.com/channel/UCWrWMJFCkYWf7GmqoUR4TRA,Politics,20254059,138,97100
UC8gSZZMZss3vOdgY_GjzA7A,RASHKIN REPORT: PERSPECTIVES,https://www.youtube.com/channel/UC8gSZZMZss3vOdgY_GjzA7A,Society,301392,453,1640
UCdZWKMDgv_K6sdSgIMIF-FA,DINARION #ДинараЕгеубаева,https://www.youtube.com/channel/UCdZWKMDgv_K6sdSgIMIF-FA,Politics,10011317,436,75300
UCsnbXUCvcHesMCFtfxtIgmQ,Ігор ГАВРИЩАК,https://www.youtube.com/channel/UCsnbXUCvcHesMCFtfxtIgmQ,Politics,43553327,693,134000
UCQkBKu3VZ6d96KJz_ixCq4g,Игорь Яковенко,https://www.youtube.com/channel/UCQkBKu3VZ6d96KJz_ixCq4g,Society,194226683,5423,319000
UCCV5Z2DEYnUGIY_mO-AcQKw,I Gryanul Grem,https://www.youtube.com/channel/UCCV5Z2DEYnUGIY_mO-AcQKw,Politics,918009492,9218,1310000
UC52X5wxOL_s5yw0dQk7NtgA,Associated Press,https://www.youtube.com/channel/UC52X5wxOL_s5yw0dQk7NtgA,Society,4413385146,200778,4510000
UCSXrKyMO6LDYzbyraNPk7JQ,Orbán Viktor,https://www.youtube.com/channel/UCSXrKyMO6LDYzbyraNPk7JQ,Politics,86275322,2456,112000
UCYxRlFDqcWM4y7FfpiAN3KQ,The White House,https://www.youtube.com/channel/UCYxRlFDqcWM4y7FfpiAN3KQ,Society,216910676,1941,3100000
UCcUa6esT9vBbWftDFNkWSSQ,Володимир Огризко,https://www.youtube.com/channel/UCcUa6esT9vBbWftDFNkWSSQ,Politics,24816776,659,103000
UCEBAPyQINZeF1XDNaIhhJsg,Open Ukraine,https://www.youtube.com/channel/UCEBAPyQINZeF1XDNaIhhJsg,Politics,22733253,1933,24100
UCawNWlihdgaycQpO3zi-jYg,Israel Defense Forces,https://www.youtube.com/channel/UCawNWlihdgaycQpO3zi-jYg,Military,392678946,2492,1500000
UCgnJRGgHMZqqobC2Ftq88fQ,VERTEX,https://www.youtube.com/channel/UCgnJRGgHMZqqobC2Ftq88fQ,Society,29081617,17176,883000
UC-6pdG0aYffd5a1VbPBxaOg,Alla Kadysh Upstream,https://www.youtube.com/channel/UC-6pdG0aYffd5a1VbPBxaOg,Society,756006,175,7410
UCg40OxZ1GYh3u3jBntB6DLg,Forbes Breaking News,https://www.youtube.com/channel/UCg40OxZ1GYh3u3jBntB6DLg,Society,7305403943,176538,5570000
UCpbRCTCwZHVQMqNRKCa8Wqw,Rashed AlMajid | راشد الماجد,https://www.youtube.com/channel/UCpbRCTCwZHVQMqNRKCa8Wqw,Music,4687243602,987,3920000
UC2u8KgMiBOFOaBinNHQ7ykA,Beyon Al Dana Amphitheatre,https://www.youtube.com/channel/UC2u8KgMiBOFOaBinNHQ7ykA,Music of Asia,1264553,60,1920
UCYfr8YekXOPcpJyUvtD6HZA,Hamid El Shari,https://www.youtube.com/channel/UCYfr8YekXOPcpJyUvtD6HZA,Music of Asia,147433071,212,402000
UC-q5MYErrnZlbhhRcsrSkOQ,Solema | سوليما,https://www.youtube.com/channel/UC-q5MYErrnZlbhhRcsrSkOQ,Music,1541519,66,15400
UC9ZOdPobvA6DV4Wr4oqEgEQ,Sara Mahgoub,https://www.youtube.com/channel/UC9ZOdPobvA6DV4Wr4oqEgEQ,Pop music,3173216,60,14900
UCS3G3DZwhQeg0Y6XI3ESVAg,Sara Salman - سارة سلمان,https://www.youtube.com/channel/UCS3G3DZwhQeg0Y6XI3ESVAg,Music of Asia,192939,12,4800
UCWmlM4sGXOFXtkmPQNGCWTw,HamoBeatz,https://www.youtube.com/channel/UCWmlM4sGXOFXtkmPQNGCWTw,Music,2672659,1,4270
UC296Bn-rT3jNMgeWp-e9FKA,Abdallah Alkahlee wadleez,https://www.youtube.com/channel/UC296Bn-rT3jNMgeWp-e9FKA,Music,12516560,2858,36100
UCkGvdIeoHkbOSX6O5VSfLRA,اغاني مدعومة,https://www.youtube.com/channel/UCkGvdIeoHkbOSX6O5VSfLRA,Music,44539,19,3540
UCSamm6uzw-VladNecX3tDtg,𝓓𝓮𝓼𝓲_𝓫𝓪𝓭𝓭𝓲𝓮.♡,https://www.youtube.com/channel/UCSamm6uzw-VladNecX3tDtg,Entertainment,1587496,545,2070
UCaVe77Erd9FtqVFExxQripw,Jung_lisa💗,https://www.youtube.com/channel/UCaVe77Erd9FtqVFExxQripw,Music,155843,104,1170
UCmcTilRhDqqf5-idg13Jzog,Xthetic_queen💝,https://www.youtube.com/channel/UCmcTilRhDqqf5-idg13Jzog,Music of Asia,568791,375,1560
UCFDxyA1H3VEN0VQwfMe2VMQ,Gawx Art,https://www.youtube.com/channel/UCFDxyA1H3VEN0VQwfMe2VMQ,Lifestyle (sociology),154018982,135,2580000
UC6FrNJRbr-32LUTmYw1nHFw,Vexx,https://www.youtube.com/channel/UC6FrNJRbr-32LUTmYw1nHFw,Lifestyle (sociology),304134391,168,2860000
UCX6OQ3DkcsbYNE6H8uQQuVA,MrBeast,https://www.youtube.com/channel/UCX6OQ3DkcsbYNE6H8uQQuVA,Entertainment,129443697332,987,502000000
UCojEXrCBzO-cP2N5YlRcrWw,Daniel Krafft,https://www.youtube.com/channel/UCojEXrCBzO-cP2N5YlRcrWw,Lifestyle (sociology),214959820,91,2410000
UC9ClItdGpAvS1JCyK1kVRAg,dP Art Drawing,https://www.youtube.com/channel/UC9ClItdGpAvS1JCyK1kVRAg,Lifestyle (sociology),510542116,464,2360000
UCC6Knb0mHq1oIgHIZbiz80A,Vrixzaw,https://www.youtube.com/channel/UCC6Knb0mHq1oIgHIZbiz80A,Action game,1798,343,15
UCRh_RfGWGjQ7ELxC05ckI4g,Drivil,https://www.youtube.com/channel/UCRh_RfGWGjQ7ELxC05ckI4g,Action-adventure game,60442,80,146
UCvpredjG93ifbCP1Y77JyFA,YOASOBI,https://www.youtube.com/channel/UCvpredjG93ifbCP1Y77JyFA,Pop music,6646870825,295,7400000
UC71OmiIzaKrUsjJaAmhZ-gQ,Fi Senpai,https://www.youtube.com/channel/UC71OmiIzaKrUsjJaAmhZ-gQ,Hobby,25631,28,11400
UCH2miGzAdZMKi7_qxP4uzBg,kyu melly,https://www.youtube.com/channel/UCH2miGzAdZMKi7_qxP4uzBg,Entertainment,20476,44,231
UCXlppUGWeGtHBp_1xKsawmQ,Savfk - Music,https://www.youtube.com/channel/UCXlppUGWeGtHBp_1xKsawmQ,Music,3824609,113,29200
UCVQwFEyi1e2ZcZPHh7pgHsQ,Luna Melody,https://www.youtube.com/channel/UCVQwFEyi1e2ZcZPHh7pgHsQ,,25,0,468
UCOBkmy1BBsIM1lHTzuwPmAg,AnimatorV,https://www.youtube.com/channel/UCOBkmy1BBsIM1lHTzuwPmAg,Entertainment,515225,113,1950
UCbR0OolOJLITwmfaPoZar-g,Lipse,https://www.youtube.com/channel/UCbR0OolOJLITwmfaPoZar-g,Video game culture,549590849,181,2060000
UCK0CxEzRSdm1jXe4wgR8ncA,Glaivekiyo,https://www.youtube.com/channel/UCK0CxEzRSdm1jXe4wgR8ncA,Action-adventure game,11933676,214,59300
UComlwUOJWyiLK8Wl5jsBVdw,PianoPrince,https://www.youtube.com/channel/UComlwUOJWyiLK8Wl5jsBVdw,Music of Asia,67061117,852,118000
UCqwWrNcvoloB0_ZNBI4irng,Trader Lumi,https://www.youtube.com/channel/UCqwWrNcvoloB0_ZNBI4irng,Action game,3165316,540,12300
UChj7GSrRf4XgUAqUjs-kxSQ,Anupma Yadav,https://www.youtube.com/channel/UChj7GSrRf4XgUAqUjs-kxSQ,Music of Asia,36251901,96,238000
UCUzE10R0yLHXlpY6E9Hnc2A,Am Music Bhojpuri,https://www.youtube.com/channel/UCUzE10R0yLHXlpY6E9Hnc2A,Music of Asia,64480809,56,141000
UCMIk586TBQG1BcjFpZ9a_nw,Sonu Sargam Entertainment,https://www.youtube.com/channel/UCMIk586TBQG1BcjFpZ9a_nw,Music of Asia,329212035,391,690000
UCUL23iRDFPIb3x25pH8NwvA,Srishti Bharti Official,https://www.youtube.com/channel/UCUL23iRDFPIb3x25pH8NwvA,Music,43339564,72,157000
UCDExGQfgKYBHu2SED0yPd2g,Deepak Dildar Official,https://www.youtube.com/channel/UCDExGQfgKYBHu2SED0yPd2g,Music,47605837,233,228000
UC5sPy40awSQ_vgGHZSjkVyg,Kallu Music World,https://www.youtube.com/channel/UC5sPy40awSQ_vgGHZSjkVyg,Music of Asia,582255203,147,1860000
UClibkiIer-jT2PWN4eKmBGw,verse network,https://www.youtube.com/channel/UClibkiIer-jT2PWN4eKmBGw,Hip hop music,668844,35,6430
UCsN_s8_m2AFgEGPfBl25rDw,Wave Bhojpuri Music,https://www.youtube.com/channel/UCsN_s8_m2AFgEGPfBl25rDw,Music of Asia,792608062,21916,2610000
UCmYEOuRIVGSO5PlExUYHqYQ,マインクラフト 日本公式 / Minecraft Japan,https://www.youtube.com/channel/UCmYEOuRIVGSO5PlExUYHqYQ,Action-adventure game,42375466,461,162000
UC4ojxDELqgrrn6DlzHOIIMw,ひなこの遊園地,https://www.youtube.com/channel/UC4ojxDELqgrrn6DlzHOIIMw,Action-adventure game,9825046,49,113000
UCOggqMus8RhuG-Spj-NeMNw,ぷちぷちの島,https://www.youtube.com/channel/UCOggqMus8RhuG-Spj-NeMNw,Video game culture,121960547,496,265000
UCmGNxQsUCHmBR1d7b1h8-nw,はちまるの犬小屋,https://www.youtube.com/channel/UCmGNxQsUCHmBR1d7b1h8-nw,Action game,1484180,34,23500
UCwsV73q1D7y-jxb5rjJjmSQ,ゴッキーの喫茶店,https://www.youtube.com/channel/UCwsV73q1D7y-jxb5rjJjmSQ,Action game,539201,22,19500
UC6uWWnG0xctJyenlzwpk3uQ,いむの三日月,https://www.youtube.com/channel/UC6uWWnG0xctJyenlzwpk3uQ,Action-adventure game,468703,20,29900
UCWQtR6C-KaDS5k6wH4e_Y1Q,ネコおじ,https://www.youtube.com/channel/UCWQtR6C-KaDS5k6wH4e_Y1Q,Role-playing video game,16162062,980,122000
UCX1xppLvuj03ubLio8jslyA,HikakinGames,https://www.youtube.com/channel/UCX1xppLvuj03ubLio8jslyA,Role-playing video game,8677094504,2391,6630000
UC0eB8KnbquMQ2JzjcygEoMA,てらんぺ,https://www.youtube.com/channel/UC0eB8KnbquMQ2JzjcygEoMA,Role-playing video game,1965626,188,47800
UCXGrsJDbYru8g5-6FIctFNQ,ラメリィとo-3のサブチャンネル,https://www.youtube.com/channel/UCXGrsJDbYru8g5-6FIctFNQ,Action game,262599,31,13000
UCY8BofpKHYCna9QZ8L4h5Fw,そらねこ,https://www.youtube.com/channel/UCY8BofpKHYCna9QZ8L4h5Fw,Video game culture,106263867,836,309000
UC-6qA7JkgQtILNSDMRiR6Tw,オパシの実況チャンネル,https://www.youtube.com/channel/UC-6qA7JkgQtILNSDMRiR6Tw,Video game culture,351104047,3581,483000
UCGYuf8N6TGE6YVNurOqUjSQ,名探偵なろ屋,https://www.youtube.com/channel/UCGYuf8N6TGE6YVNurOqUjSQ,Role-playing video game,462353421,2015,787000
UCGMG8BNfA8gsH9Rn_d_yW2A,シクフォニ【SIXFONIA】,https://www.youtube.com/channel/UCGMG8BNfA8gsH9Rn_d_yW2A,Video game culture,648187108,1327,1260000
UCzjIkg9DUi9XugOrVxmXkwQ,大人のマイクラ企画室 / 大人企画,https://www.youtube.com/channel/UCzjIkg9DUi9XugOrVxmXkwQ,Action-adventure game,549887939,1268,143000
UCBuLdF0tQn5oZjpvYWSQkaA,Liura Channel,https://www.youtube.com/channel/UCBuLdF0tQn5oZjpvYWSQkaA,Entertainment,108419093,448,208000
UCbEqb8JTlcYh0yOX6veIyPg,ないこちゃんねる,https://www.youtube.com/channel/UCbEqb8JTlcYh0yOX6veIyPg,Music,102577526,400,195000
UCf_C-0WsqsIyueQDovsSS0w,いれいす【公式】,https://www.youtube.com/channel/UCf_C-0WsqsIyueQDovsSS0w,Music of Asia,1062906186,2471,1220000
UCLWo3HW0AH3SbMDZatQZ6-A,マナービート,https://www.youtube.com/channel/UCLWo3HW0AH3SbMDZatQZ6-A,Entertainment,244332689,546,320000
UCLX7ENStgUX0lsRG4ZzqQKw,だいの大冒険,https://www.youtube.com/channel/UCLX7ENStgUX0lsRG4ZzqQKw,Pet,14381633,108,78400
UCUWayq_NJ_Wrg9SSnoJuSVg,けーたチャンネル,https://www.youtube.com/channel/UCUWayq_NJ_Wrg9SSnoJuSVg,Food,17775226,109,105000
UC_D09TMBeehkIQWp43jW2EQ,ポンコツ投資家たっか,https://www.youtube.com/channel/UC_D09TMBeehkIQWp43jW2EQ,Video game culture,71172401,102,164000
UCQod4Ql6GScyFG4swBLqEZA,るな夫婦の日常,https://www.youtube.com/channel/UCQod4Ql6GScyFG4swBLqEZA,Food,4511617,45,54900
UCzKa8fRPoCbKh8O9yW2JK2g,桐崎栄二.きりざきえいじ,https://www.youtube.com/channel/UCzKa8fRPoCbKh8O9yW2JK2g,Lifestyle (sociology),4872540305,1385,3880000
UClOJPMU7J_toeIKYv1Aa8Mw,ふうはやの拠点,https://www.youtube.com/channel/UClOJPMU7J_toeIKYv1Aa8Mw,Action-adventure game,23400511,68,70000
UCuV-nzzHZPeJDYdZSkBGZbQ,Asahi Izumi,https://www.youtube.com/channel/UCuV-nzzHZPeJDYdZSkBGZbQ,Entertainment,2321513357,1774,948000
UC0rbVMCStY7IYwwTg4z_EjA,あしざるFC,https://www.youtube.com/channel/UC0rbVMCStY7IYwwTg4z_EjA,Entertainment,3573883837,3692,3020000
UCGm5NSZFeb7q54h52bvX80g,デュエチューブ-DM公式-,https://www.youtube.com/channel/UCGm5NSZFeb7q54h52bvX80g,Film,255606372,3896,193000
UCJFZiqLMntJufDCHc6bQixg,hololive ホロライブ - VTuber Group,https://www.youtube.com/channel/UCJFZiqLMntJufDCHc6bQixg,Entertainment,2429807420,2011,2920000
UC1opHUrw8rvnsadT-iGp7Cg,Aqua Ch. 湊あくあ,https://www.youtube.com/channel/UC1opHUrw8rvnsadT-iGp7Cg,Music,625562500,789,2190000
UC9V3Y3_uzU5e-usObb6IE1w,星川サラ / Sara Hoshikawa,https://www.youtube.com/channel/UC9V3Y3_uzU5e-usObb6IE1w,Role-playing video game,419118071,2082,1210000
UCQ0UDLQCjY0rmuxCDE38FGg,Matsuri Channel 夏色まつり,https://www.youtube.com/channel/UCQ0UDLQCjY0rmuxCDE38FGg,Entertainment,276826130,1842,1580000
UCZlDXzGoo7d44bwdNObFacg,Kanata Ch. Kanata Amane,https://www.youtube.com/channel/UCZlDXzGoo7d44bwdNObFacg,Entertainment,617487465,2014,1700000
UCoSrY_IQQVpmIRZ9Xf-y93g,Gawr Gura Ch. hololive-EN,https://www.youtube.com/channel/UCoSrY_IQQVpmIRZ9Xf-y93g,Role-playing video game,468652263,565,4620000
UCim0N3tvLijU_I3jbJeJV8g,るるどらいおん / rurudoLION,https://www.youtube.com/channel/UCim0N3tvLijU_I3jbJeJV8g,Video game culture,4046868,36,250000
UCjLEmnpCNeisMxy134KPwWw,Kobo Kanaeru Ch. hololive-ID,https://www.youtube.com/channel/UCjLEmnpCNeisMxy134KPwWw,Action game,257695157,765,2770000
UCMn2Nz6NSSE80IGJVokgvvg,HamachikoChannel,https://www.youtube.com/channel/UCMn2Nz6NSSE80IGJVokgvvg,Entertainment,983893103,2808,680000
UClJib03lulB-Pfh3h2Yqwrw,KonCHA,https://www.youtube.com/channel/UClJib03lulB-Pfh3h2Yqwrw,Entertainment,1526481114,1169,1130000
UC6VSFaHYbR-bhNer7DXxGNQ,ボンボンTV,https://www.youtube.com/channel/UC6VSFaHYbR-bhNer7DXxGNQ,Film,6948876914,8054,2840000
UCvhHY0DwqGgfSUlXUa3-9oQ,BEAR ART TOKYO IN ASAKUSA ベアアート東京イン浅草,https://www.youtube.com/channel/UCvhHY0DwqGgfSUlXUa3-9oQ,Lifestyle (sociology),225784,156,248
UCT0x6RQTeoZByaYt_k1Ranw,おるたなChannel,https://www.youtube.com/channel/UCT0x6RQTeoZByaYt_k1Ranw,Food,3932339218,3802,2740000
UCgoxgr8ck05DPkk851dsDCg,ジャスティスター / Justistar,https://www.youtube.com/channel/UCgoxgr8ck05DPkk851dsDCg,Entertainment,3994009368,4118,1310000
UCQN0dE15bLy5FyGbEVWC2Qw,ギャル霊媒師⭐︎飯塚唯チャンネル,https://www.youtube.com/channel/UCQN0dE15bLy5FyGbEVWC2Qw,Fashion,247287762,930,703000
UCHw1nFWDnDBXWiYFNGWeU_A,暗夜-ANNYA-,https://www.youtube.com/channel/UCHw1nFWDnDBXWiYFNGWeU_A,Lifestyle (sociology),45897140,44,229000
UC2QBYE7QabwH_7krAAp2T-g,コヤッキーチャンネル【開運バラエティ】,https://www.youtube.com/channel/UC2QBYE7QabwH_7krAAp2T-g,Entertainment,43596228,264,168000
UCamCe0B-RSSCCAxcPGINa0w,Naiton Game and TRPG Satellite station,https://www.youtube.com/channel/UCamCe0B-RSSCCAxcPGINa0w,Action game,91612,798,520
UC-KmLUpWRDcTUVgyrXrXIJg,音鳴マシタ,https://www.youtube.com/channel/UC-KmLUpWRDcTUVgyrXrXIJg,Music,20333,27,464
UCz1RAeb7dVaUcd-4rEgyxPw,海月シェル Shell Ch.,https://www.youtube.com/channel/UCz1RAeb7dVaUcd-4rEgyxPw,Music of Asia,4732824,1584,75700
UC3ahXl8OOwAxBrpwWBa1T_g,スキンヘッドメガネくまごろう,https://www.youtube.com/channel/UC3ahXl8OOwAxBrpwWBa1T_g,Role-playing video game,42917,599,448
UC1tk9F5-MGXEq4LWnjmrtpA,カラオケ歌っちゃ王,https://www.youtube.com/channel/UC1tk9F5-MGXEq4LWnjmrtpA,Music of Asia,1255125819,18274,1000000
UCgonYKw-TJKiHL2J3uXyjKQ,桜雪 奏の音楽室,https://www.youtube.com/channel/UCgonYKw-TJKiHL2J3uXyjKQ,Music of Asia,700,5,42
UC70KC06PCCjE33OW6JpbMiQ,0uter,https://www.youtube.com/channel/UC70KC06PCCjE33OW6JpbMiQ,Video game culture,16568441,392,44900
UCSktMSoL-WG3IllOyWnBZFQ,Melodixa,https://www.youtube.com/channel/UCSktMSoL-WG3IllOyWnBZFQ,Music of Asia,409596,78,4030
UCZp_wOe9YYbFNG6lP6awS9g,夢喰ユウ【イラストレーターVtuber】,https://www.youtube.com/channel/UCZp_wOe9YYbFNG6lP6awS9g,Role-playing video game,87658,117,27700
UCXbbk1ElvOKTzmBMTxD9a7A,UtaKara,https://www.youtube.com/channel/UCXbbk1ElvOKTzmBMTxD9a7A,Music of Asia,1851298,63,4740
UCg7e7m1rKt0mWXXMj8iu0gw,ちびリサch,https://www.youtube.com/channel/UCg7e7m1rKt0mWXXMj8iu0gw,Role-playing video game,476959,1310,1290
UCXcdinpHZOcQxhK3RukyUfg,絲浪キヨウ,https://www.youtube.com/channel/UCXcdinpHZOcQxhK3RukyUfg,Role-playing video game,72331,215,521
UCu8zEfWHw5Yi_I5la_UcMcA,寧楽雨まい,https://www.youtube.com/channel/UCu8zEfWHw5Yi_I5la_UcMcA,Role-playing video game,197137,1083,777
UCGHyjXadBFz5yAl-G5UViOw,くりーむ-CREAM-,https://www.youtube.com/channel/UCGHyjXadBFz5yAl-G5UViOw,Role-playing video game,2029892,911,2800
UCETcDtNT7DF_rp55SW1Kteg,VMAFIA_ノジクロ,https://www.youtube.com/channel/UCETcDtNT7DF_rp55SW1Kteg,Role-playing video game,67695,910,302
UC-3Hk5H2es2W966cKH5RGvg,A laid-back Vtuber called Yukari-san,https://www.youtube.com/channel/UC-3Hk5H2es2W966cKH5RGvg,Action game,532843,1495,4320
UCAfJes8VzWg12NMj6zEynRQ,あましゃけ,https://www.youtube.com/channel/UCAfJes8VzWg12NMj6zEynRQ,Action-adventure game,16873,525,182
UCUZ7tfrZrcFhgDIcj_2wZaw,バーチャル金髪ドリル縁,https://www.youtube.com/channel/UCUZ7tfrZrcFhgDIcj_2wZaw,Action game,75515,1705,522
UCUf1fZH3k9T_WHYouRxT9gQ,森川雷,https://www.youtube.com/channel/UCUf1fZH3k9T_WHYouRxT9gQ,Action-adventure game,66531,919,875
UCvkGCbfaAM4oPeJnTqB7n0g,まんまる ＠ 茶釜 ch.,https://www.youtube.com/channel/UCvkGCbfaAM4oPeJnTqB7n0g,Action game,84627,287,279
UC2kBjjqPIGo1YEsLBua341A,あどばん,https://www.youtube.com/channel/UC2kBjjqPIGo1YEsLBua341A,Video game culture,36941,352,512
UChX83dpoixHY-ijSJKBeKLg,滝波兎愛(たきなみ とあ)🐰🤍,https://www.youtube.com/channel/UChX83dpoixHY-ijSJKBeKLg,Role-playing video game,71384,255,422
UCkcmg8yBpJk5I1fwu0sabJg,ポケットサウンド,https://www.youtube.com/channel/UCkcmg8yBpJk5I1fwu0sabJg,Music,8254931,374,13900
UCqk6-BOBsTGUuU-hGe3cAnw,Katze's Junkbox,https://www.youtube.com/channel/UCqk6-BOBsTGUuU-hGe3cAnw,Music of Asia,97795,15,729
UCpFOYcPVjVhibXqp3MNQc3w,みんみ,https://www.youtube.com/channel/UCpFOYcPVjVhibXqp3MNQc3w,,0,0,200
UCzxGt_iqkutYoREG0HQjVXg,ぺるも,https://www.youtube.com/channel/UCzxGt_iqkutYoREG0HQjVXg,,0,0,74
UCEDpYUeXUUCaJJ7vN7JSjzQ,雨音寝子,https://www.youtube.com/channel/UCEDpYUeXUUCaJJ7vN7JSjzQ,Video game culture,17969,121,364
UCRu_bgKUZPtu-t29-WXsDBg,朽崎 びいと /Kuchisaki Beat,https://www.youtube.com/channel/UCRu_bgKUZPtu-t29-WXsDBg,Action game,61918,556,756
UCUrUlXbXocXb1g0ZCWf7-9g,陽炎揺 - Yuragu Kageroi -,https://www.youtube.com/channel/UCUrUlXbXocXb1g0ZCWf7-9g,Role-playing video game,470457,209,2520
UC-6Xczlass5NzsYfNiC4B6w,Hakka Sawari - 薄荷 爽凛 -,https://www.youtube.com/channel/UC-6Xczlass5NzsYfNiC4B6w,Casual game,328917,1278,2070
UCl1_THrXFH5Au-lJ3MM77iQ,Chigusa Hayanagi,https://www.youtube.com/channel/UCl1_THrXFH5Au-lJ3MM77iQ,Video game culture,4195444,923,15900
UCIVKJQ6LUmmqOHadxkPROJQ,Sakuramaru Channel,https://www.youtube.com/channel/UCIVKJQ6LUmmqOHadxkPROJQ,Action game,3895,55,253
UC-6xfdAxeZbuxaio8-rteIg,わだぴ,https://www.youtube.com/channel/UC-6xfdAxeZbuxaio8-rteIg,Music of Asia,177021,42,879
UCoFgWTD5cdsEIJwbbIOMtqg,じーのくん,https://www.youtube.com/channel/UCoFgWTD5cdsEIJwbbIOMtqg,Pop music,0,0,1750
UCeyvzTqX-DA8lG0LCH33aGQ,ポケるんTV,https://www.youtube.com/channel/UCeyvzTqX-DA8lG0LCH33aGQ,Hobby,4494875784,3515,1570000
UC9fM2BzqkWeudnwj3S8Kj5Q,枢翡翠,https://www.youtube.com/channel/UC9fM2BzqkWeudnwj3S8Kj5Q,Role-playing video game,1874,52,41
UCVZYyU1r2xG7mv40KLpS8zQ,深紅GameS,https://www.youtube.com/channel/UCVZYyU1r2xG7mv40KLpS8zQ,Role-playing video game,27693,660,175
UCd26ECoYIiD6IBFm-s5NedQ,メイズマン Maizeman,https://www.youtube.com/channel/UCd26ECoYIiD6IBFm-s5NedQ,Video game culture,73,4,18
UCwD-flAKa9Dr571vy1c0OyQ,瑠璃-あおくん-,https://www.youtube.com/channel/UCwD-flAKa9Dr571vy1c0OyQ,Action game,674,22,15
UCl4jzMNcCZTar3dTb2k-igg,蒼乃煉ch,https://www.youtube.com/channel/UCl4jzMNcCZTar3dTb2k-igg,Action game,41268,750,279
UCflasse8v__T6Wx4Vpjo7aQ,六本松　蟹子,https://www.youtube.com/channel/UCflasse8v__T6Wx4Vpjo7aQ,Action game,720386,2307,3580
UCGJdNrSd6VV_0VHNBBr4A_w,ウィズテラ・イーテンス🌟🐬 - Wiztella Etance,https://www.youtube.com/channel/UCGJdNrSd6VV_0VHNBBr4A_w,Action game,132099,735,1330
UCXMVBS0TwhJGLsdmldSLhqQ,イスネスch,https://www.youtube.com/channel/UCXMVBS0TwhJGLsdmldSLhqQ,Video game culture,73639,656,647
UCYU98kX1J_U11I95qrSyRIg,Ch.アリーサ平沢,https://www.youtube.com/channel/UCYU98kX1J_U11I95qrSyRIg,Role-playing video game,41466,242,659
UCcC8MbJFKzPD7lrtov1i_Qw,Mashiba Yura,https://www.youtube.com/channel/UCcC8MbJFKzPD7lrtov1i_Qw,Action game,29031,136,102
UCiyfXeuBeutFsIJ_kgyzzMQ,まめしー,https://www.youtube.com/channel/UCiyfXeuBeutFsIJ_kgyzzMQ,Action game,23251,194,259
UCv5JJx89lK5RZhuv15ido1Q,NEKOF.たいちょー,https://www.youtube.com/channel/UCv5JJx89lK5RZhuv15ido1Q,Role-playing video game,157731,897,1480
UCYhPZkOsvnNAAaJH2KWLmyA,takuro cannel (music),https://www.youtube.com/channel/UCYhPZkOsvnNAAaJH2KWLmyA,Role-playing video game,430733,107,650
UC0wGFedx-Axf0gIGe-_Yntg,Emnyeca (アムニェカ),https://www.youtube.com/channel/UC0wGFedx-Axf0gIGe-_Yntg,Music of Asia,49841,97,845
UCTNh-slK_NnriY8aF5mcuPg,ずごっくゲームス！,https://www.youtube.com/channel/UCTNh-slK_NnriY8aF5mcuPg,Music,220904,1214,1760
UCZ1DpCt_emfN3QvBTEvK0Xw,IEOI,https://www.youtube.com/channel/UCZ1DpCt_emfN3QvBTEvK0Xw,Video game culture,409977,212,2650
UC2KNOBqzElEs8TA7SR2Hm2w,Noiseless World,https://www.youtube.com/channel/UC2KNOBqzElEs8TA7SR2Hm2w,Music of Asia,73134193,220,275000
UCO4JRQ_gndKGvpGKIPW6p1w,Produce♡Quest,https://www.youtube.com/channel/UCO4JRQ_gndKGvpGKIPW6p1w,Music,3356581,118,24400
UCYNsWA_e9WeWizoazha0N6A,ておちゃんぽんちゃん,https://www.youtube.com/channel/UCYNsWA_e9WeWizoazha0N6A,Action game,53218615,357,231000
UCp7GNebwQ2z8coZ4wV5_Eiw,中町純平のマジ酔ってるわ!!,https://www.youtube.com/channel/UCp7GNebwQ2z8coZ4wV5_Eiw,Lifestyle (sociology),159886917,332,671000
UC6dsWqxfRXT7jzZ904irBpw,Shunbow’ /シュンボー,https://www.youtube.com/channel/UC6dsWqxfRXT7jzZ904irBpw,Music,417835,718,5550
UC7e0DonNwc7_7u9C3XhAzmA,Re:クエスト,https://www.youtube.com/channel/UC7e0DonNwc7_7u9C3XhAzmA,Music of Asia,308825,81,1070
UCkMh1-Aiht-b12fYEjExWtA,サブ円娯楽,https://www.youtube.com/channel/UCkMh1-Aiht-b12fYEjExWtA,Food,489506446,3867,382000
UC_9siJzgqrBJusVMVDJ1UhA,ただのコック帽_Cookbo,https://www.youtube.com/channel/UC_9siJzgqrBJusVMVDJ1UhA,Food,249662120,397,139000
UCQ2nskZHD9O23vwt9pUk_Sg,夢はドラマのように。,https://www.youtube.com/channel/UCQ2nskZHD9O23vwt9pUk_Sg,Entertainment,4447336,32,9620
UCu4kOVEDE85IQ71RcNvPz5g,am0prinsess【ZEROPRI】,https://www.youtube.com/channel/UCu4kOVEDE85IQ71RcNvPz5g,Film,1366542950,1728,1020000
UCHdk9X1eB16lwtNJy_ygPVg,ELSA Speak Global,https://www.youtube.com/channel/UCHdk9X1eB16lwtNJy_ygPVg,Lifestyle (sociology),104356525,535,96200
UCJFWdjpYDIPe8Pdhmusnlgg,中町綾チャンネル,https://www.youtube.com/channel/UCJFWdjpYDIPe8Pdhmusnlgg,Lifestyle (sociology),532423834,726,1550000
UCcrxg-NMo2a2Usfmb5rRX2g,ありしゃんの情熱大陸,https://www.youtube.com/channel/UCcrxg-NMo2a2Usfmb5rRX2g,Food,63270191,150,193000
UCTWB1hrNr1bhEsfP6miQUvw,タケオしゃん麻雀チャンネル,https://www.youtube.com/channel/UCTWB1hrNr1bhEsfP6miQUvw,Video game culture,460813,627,2980
UCfjca6Z_wpyinTqHdIYJ49Q,しゃろう Sharou,https://www.youtube.com/channel/UCfjca6Z_wpyinTqHdIYJ49Q,Music of Asia,196668399,38,941000
UC1BNTyFj6KAeU3fKzTuXhtw,ぺぺたろ🐰🀄,https://www.youtube.com/channel/UC1BNTyFj6KAeU3fKzTuXhtw,Video game culture,2509312,1757,3920
UCC5hr7NPXCTtp03dvhcP2pA,麻雀プロ競輪部,https://www.youtube.com/channel/UCC5hr7NPXCTtp03dvhcP2pA,Lifestyle (sociology),4180883,1306,7350
UCq9ZNu3CYjD8sdD06MMr7KA,タキヒサ麻雀ラボ ガイドチャンネル,https://www.youtube.com/channel/UCq9ZNu3CYjD8sdD06MMr7KA,,1913210,47,28900
UCeWGVrJUB7J3iFLZIABk5og,creator inside,https://www.youtube.com/channel/UCeWGVrJUB7J3iFLZIABk5og,Lifestyle (sociology),128967,72,1420
UCsmVR_jicgXnbt1YaEKPy6Q,HYPNOSIS THERAPY,https://www.youtube.com/channel/UCsmVR_jicgXnbt1YaEKPy6Q,Electronic music,343279,74,6640
UCo_Liwx8EKBCFHWB0xV44zQ,Maerimu,https://www.youtube.com/channel/UCo_Liwx8EKBCFHWB0xV44zQ,Film,32220105,126,117000
UC7hUzb26jf7zUw_Kl0044Jg,Embez,https://www.youtube.com/channel/UC7hUzb26jf7zUw_Kl0044Jg,Film,5019940,184,1160
UCD6EH-SZhYI_d4Ceb13Bhkw,Jefreeyy,https://www.youtube.com/channel/UCD6EH-SZhYI_d4Ceb13Bhkw,Entertainment,0,0,3100
UCz25Xysa1MB5qlSx9xk4Tsw,AndriKungPao,https://www.youtube.com/channel/UCz25Xysa1MB5qlSx9xk4Tsw,Strategy video game,4905,67,97
UCmSsFxgI-wWK54zsDToRxvg,bj_gonza,https://www.youtube.com/channel/UCmSsFxgI-wWK54zsDToRxvg,Electronic music,3753054,305,16500
UC-ghCl3ozSpO7L9OvJADt5g,Beth F,https://www.youtube.com/channel/UC-ghCl3ozSpO7L9OvJADt5g,Music of Asia,19510,29,500
UCh-Az1fpS-uDg-wfp-ScvaQ,Venetian,https://www.youtube.com/channel/UCh-Az1fpS-uDg-wfp-ScvaQ,Music of Asia,232753,64,630
UCq_DgJ4y3_WznOZZOM1Z3_A,Kotone♡Rin,https://www.youtube.com/channel/UCq_DgJ4y3_WznOZZOM1Z3_A,Video game culture,165517,45,1180
UCDNa39jm79kTILVf4TpVHSw,Fadli Hasan II,https://www.youtube.com/channel/UCDNa39jm79kTILVf4TpVHSw,Music of Asia,80996286,198,177000
UC8Bixp6mChVk5vMceGkV0Mg,Cvplis,https://www.youtube.com/channel/UC8Bixp6mChVk5vMceGkV0Mg,Hip hop music,8072204,165,16300
UCnA-ywG5CEeXlWxWE1K-jNQ,BrianVal,https://www.youtube.com/channel/UCnA-ywG5CEeXlWxWE1K-jNQ,Electronic music,229213,64,2900
UCVgyWk5JoDmpiUfswaahAzQ,BVNCIS,https://www.youtube.com/channel/UCVgyWk5JoDmpiUfswaahAzQ,Pop music,3352,16,25
UCXG0XkEumybGxbF5gsWJeoA,Adnan Gufrona,https://www.youtube.com/channel/UCXG0XkEumybGxbF5gsWJeoA,Hip hop music,13843358,12,7870
UCzvcuV-BZMvBSN8M6dNcyYw,Datsir Mkdmpt,https://www.youtube.com/channel/UCzvcuV-BZMvBSN8M6dNcyYw,Music of Asia,4230819,28,27700
UCIqIPFxLCjCb8YDPFS3avWg,LyoraChay,https://www.youtube.com/channel/UCIqIPFxLCjCb8YDPFS3avWg,Action game,3781058,392,19800
UCDCiM0R2KDm3uhWkfnW9N-Q,Jessica Ch.,https://www.youtube.com/channel/UCDCiM0R2KDm3uhWkfnW9N-Q,Music of Asia,12171,7,814
UCHJuCpPJkehJbLB6lJTB-vA,Charles Caitou Ch.,https://www.youtube.com/channel/UCHJuCpPJkehJbLB6lJTB-vA,Role-playing video game,325988,367,7950
UCSZn0PHX6eo5zhC9RyyeRYg,Raska Malendra Ch.,https://www.youtube.com/channel/UCSZn0PHX6eo5zhC9RyyeRYg,Action-adventure game,337534,434,9770
UCdZThDseuv1mcRyHRS38hcg,TAKUPAZ DANCE CREW,https://www.youtube.com/channel/UCdZThDseuv1mcRyHRS38hcg,Hobby,3359781563,4196,4910000
UCxdLgSVC41Ph6xES3q-MQrQ,Diego Takupaz,https://www.youtube.com/channel/UCxdLgSVC41Ph6xES3q-MQrQ,Entertainment,6052536901,8152,5250000
UCw-y_a0yOWQ6ChCZp0RcMAQ,Mabes Balker Music,https://www.youtube.com/channel/UCw-y_a0yOWQ6ChCZp0RcMAQ,Pop music,162014367,938,312000
UCy8YSOvUOAkkFYdzXo5URiA,GameJari HD,https://www.youtube.com/channel/UCy8YSOvUOAkkFYdzXo5URiA,Action game,99111,468,6420
UCrFsg3aWUTFJrML9B_SwOUw,李俊穎,https://www.youtube.com/channel/UCrFsg3aWUTFJrML9B_SwOUw,Knowledge,163807,419,2830
UC7oH_BYk5rSP0JF7IDn-jRQ,Bgm President,https://www.youtube.com/channel/UC7oH_BYk5rSP0JF7IDn-jRQ,Music,93800847,1603,490000
UCL5rj4Z3yvnUTM2ZheJWNvw,さりい bgm,https://www.youtube.com/channel/UCL5rj4Z3yvnUTM2ZheJWNvw,Music,9014552,392,50600
UCkEJMwVTE3Re0hdWiO12lcg,zozo Funframe - 音樂台 ♫,https://www.youtube.com/channel/UCkEJMwVTE3Re0hdWiO12lcg,Music,1493394,168,4500
UCJkSh5zE6UYyOCAIF7fu0dA,西山CCC Ch.,https://www.youtube.com/channel/UCJkSh5zE6UYyOCAIF7fu0dA,Video game culture,112928,434,3170
UCsJBSOyM1ZCwnANvwTBWmww,Coxib 可希,https://www.youtube.com/channel/UCsJBSOyM1ZCwnANvwTBWmww,Music of Asia,475668,196,10000
UChCVgl2xr-rHpND2-iTmWFg,Keep Running Original,https://www.youtube.com/channel/UChCVgl2xr-rHpND2-iTmWFg,Film,251232665,2115,265000
UCFyyZTUqMQeuSaBi5FquMnw,Z视介-视听新物种,https://www.youtube.com/channel/UCFyyZTUqMQeuSaBi5FquMnw,Television program,4907479,700,7740
UC8xxLx0Cb00BxQ1bXCUN5KQ,Zhejiang STV Music Global Channel,https://www.youtube.com/channel/UC8xxLx0Cb00BxQ1bXCUN5KQ,Music,5084081,546,10700
UCDOTPjUW-NhQMDmYbgMvQKA,ポリスピカデリー / Police Piccadilly,https://www.youtube.com/channel/UCDOTPjUW-NhQMDmYbgMvQKA,Electronic music,36118855,22,138000
UCmJ4De_H9aSnDDxGKcrpwCw,タケノコ少年,https://www.youtube.com/channel/UCmJ4De_H9aSnDDxGKcrpwCw,Music of Asia,8077125,124,36900
UC9UN9Pwdr2kx9w0A47s8zcw,アオ(doromizu),https://www.youtube.com/channel/UC9UN9Pwdr2kx9w0A47s8zcw,Film,162452,9,2220
UCJULjf5LO4sV8QZ83qtX7mw,にお,https://www.youtube.com/channel/UCJULjf5LO4sV8QZ83qtX7mw,Pop music,83833,13,2730
UCLz6MG2kx_0xeaW0LowYnMQ,いよわ/ iyowa,https://www.youtube.com/channel/UCLz6MG2kx_0xeaW0LowYnMQ,Pop music,434344462,46,637000
UCiWXRIM5QQBns6KPgbWZAyA,zensen,https://www.youtube.com/channel/UCiWXRIM5QQBns6KPgbWZAyA,Electronic music,8332764,123,30300
UCV5szEvKEntY974aMEfNMEw,FLAVOR FOLEY,https://www.youtube.com/channel/UCV5szEvKEntY974aMEfNMEw,Electronic music,112639211,20,416000
UCdkkQvJoB0kGgYHCYwSkdww,Louie Zong,https://www.youtube.com/channel/UCdkkQvJoB0kGgYHCYwSkdww,Music,188624714,400,1170000
UC9VErZDS-V6muVc1BI_MjyA,M1NX fuego,https://www.youtube.com/channel/UC9VErZDS-V6muVc1BI_MjyA,Action game,160412472,151,1360000
UCk-EsqBq32A1pNpvz48vmqA,Zerox FF,https://www.youtube.com/channel/UCk-EsqBq32A1pNpvz48vmqA,Action game,751614887,1317,3130000
UCYs9KkGgKqcno4k6undRIPQ,Kajo,https://www.youtube.com/channel/UCYs9KkGgKqcno4k6undRIPQ,Electronic music,48488559,8,50700
UC_0IBGWUAnHH52PMBFd7nxA,Georgian Folk,https://www.youtube.com/channel/UC_0IBGWUAnHH52PMBFd7nxA,Pop music,43361421,9,99600
UCzxe67PvGhR79WOUl1AFhmw,Intel Gaming,https://www.youtube.com/channel/UCzxe67PvGhR79WOUl1AFhmw,Action-adventure game,37325058,745,150000
UCG8oQMEFSIQ4lU1PIYUwRqw,antqz,https://www.youtube.com/channel/UCG8oQMEFSIQ4lU1PIYUwRqw,Role-playing video game,892463,961,4390
UCc2CD4h79njy-IUv9Jz1WnQ,SanchoWest,https://www.youtube.com/channel/UCc2CD4h79njy-IUv9Jz1WnQ,Role-playing video game,14753201,1596,135000
UCAW-NpUFkMyCNrvRSSGIvDQ,Ninja,https://www.youtube.com/channel/UCAW-NpUFkMyCNrvRSSGIvDQ,Strategy video game,2788092866,2633,23500000
UC_q5WZtFp36adwqhKpZzxwQ,SypherPK,https://www.youtube.com/channel/UC_q5WZtFp36adwqhKpZzxwQ,Role-playing video game,7156889246,3541,10600000
UCrgTEmBuoObZiEXvZ6r3PQg,CouRage,https://www.youtube.com/channel/UCrgTEmBuoObZiEXvZ6r3PQg,Action-adventure game,1156268039,2177,4630000
UCyps-v4WNjWDnYRKmZ4BUGw,Airrack,https://www.youtube.com/channel/UCyps-v4WNjWDnYRKmZ4BUGw,Film,4744124246,291,18700000
UCBHA6DIp-jVmkVKhOJcDHZA,SPiiCY,https://www.youtube.com/channel/UCBHA6DIp-jVmkVKhOJcDHZA,Action-adventure game,23404860,211,161000
UCVzO3jzXi8zeGIDudBXjpEA,Surfshark,https://www.youtube.com/channel/UCVzO3jzXi8zeGIDudBXjpEA,Technology,9884530,472,20900
UCj25EgqxLL4HlUYkug7duig,Stevie,https://www.youtube.com/channel/UCj25EgqxLL4HlUYkug7duig,Action-adventure game,166370813,169,1180000
UCtQ3NfmlxDDWyhfxxgOsJhA,Frost,https://www.youtube.com/channel/UCtQ3NfmlxDDWyhfxxgOsJhA,Role-playing video game,136481920,214,1400000
UCLIA48HKtdafC9Nme0gTrkg,Taunted,https://www.youtube.com/channel/UCLIA48HKtdafC9Nme0gTrkg,Action game,23371729,239,210000
UCj2ymBsOWhq1A9fFWtd_aVg,Zerq,https://www.youtube.com/channel/UCj2ymBsOWhq1A9fFWtd_aVg,Action game,475883,17,5890
UCTeHuy2Z2PpfsMVa5CIeXPQ,Riqqeloff,https://www.youtube.com/channel/UCTeHuy2Z2PpfsMVa5CIeXPQ,Strategy video game,32243488,808,91600
UCO0N8nCNDeNp1PerNiVh8Cw,Jnorbz247,https://www.youtube.com/channel/UCO0N8nCNDeNp1PerNiVh8Cw,Action-adventure game,274893,116,6640
UCj8aLE47WnuPlxOAYXyMdiQ,LyndaVEVO,https://www.youtube.com/channel/UCj8aLE47WnuPlxOAYXyMdiQ,Soul music,350883005,25,56700
UCsIri75NOR8eQs8DhmAmyUw,Tayc,https://www.youtube.com/channel/UCsIri75NOR8eQs8DhmAmyUw,Lifestyle (sociology),1750674252,277,3230000
UCX-dnA-fM_Udj_XyUY1XNnA,Lola Indigo,https://www.youtube.com/channel/UCX-dnA-fM_Udj_XyUY1XNnA,Pop music,1344991386,93,1740000
UClIUG4FjlugqTUjHSLC-zeA,RVFV,https://www.youtube.com/channel/UClIUG4FjlugqTUjHSLC-zeA,Pop music,976649223,80,1350000
UC3nGUU-1Vmx17Oh7vVhC4Lg,SDM Officiel,https://www.youtube.com/channel/UC3nGUU-1Vmx17Oh7vVhC4Lg,Hip hop music,946209756,50,1010000
UCCB1Byx5yTbLpQaV-rlfmtA,GIMS,https://www.youtube.com/channel/UCCB1Byx5yTbLpQaV-rlfmtA,Music,9596058094,287,14900000
UCtOpQehIvRDXDdtSNB8rpKg,Melendi,https://www.youtube.com/channel/UCtOpQehIvRDXDdtSNB8rpKg,Pop music,3511741743,87,1390000
UCvreNnNOT1RNP9bvFRaGofg,India Martínez,https://www.youtube.com/channel/UCvreNnNOT1RNP9bvFRaGofg,Pop music,981957220,46,1150000
UCvuVn8Ag0f9Usot0-DRsFQA,IndiaMartinezVEVO,https://www.youtube.com/channel/UCvuVn8Ag0f9Usot0-DRsFQA,Pop music,902697051,105,429000
UC1SeYJBhNX48ksKnO9JzAMA,Alejandro Sanz Catálogo,https://www.youtube.com/channel/UC1SeYJBhNX48ksKnO9JzAMA,Pop music,1090443237,103,341000
UCM05nSYm0oslkNaEFPjK4PA,12 Story Music Composing Competition,https://www.youtube.com/channel/UCM05nSYm0oslkNaEFPjK4PA,Music,73770,22,4550
UCUHFOcfiUoYHhMhLNuY_dUg,Gavin Leeper,https://www.youtube.com/channel/UCUHFOcfiUoYHhMhLNuY_dUg,Music of Asia,1087802,79,22800
UC2oLDNaqTRNJxpNBSl9kjug,PartTimeSeagull,https://www.youtube.com/channel/UC2oLDNaqTRNJxpNBSl9kjug,Music,954510,6,32900
UCIQI-JhkmR3BxliUbopkkFQ,Dave Fonti,https://www.youtube.com/channel/UCIQI-JhkmR3BxliUbopkkFQ,Entertainment,970176,26,7380
UCqvpFAiRcY96CjKwiGHgwpg,Gooseworx,https://www.youtube.com/channel/UCqvpFAiRcY96CjKwiGHgwpg,Entertainment,346791606,163,2020000
UCrRgh1G682avit0dl5o1cIw,Oliver Buckland,https://www.youtube.com/channel/UCrRgh1G682avit0dl5o1cIw,Electronic music,40808469,48,61400
UCzHwmC03gqLDVEMkNWJKe1A,Skotskr,https://www.youtube.com/channel/UCzHwmC03gqLDVEMkNWJKe1A,Electronic music,441167,344,2560
UChcBFcAWmGjN4DJdnnhz2mA,kitty0706,https://www.youtube.com/channel/UChcBFcAWmGjN4DJdnnhz2mA,Role-playing video game,138243169,129,622000
UC842TxhSx8T57RGabqMwYcg,CG5Covers,https://www.youtube.com/channel/UC842TxhSx8T57RGabqMwYcg,Independent music,6029950,12,130000
UCDho0k4J3qvekjkqL4sepfQ,longestsoloever,https://www.youtube.com/channel/UCDho0k4J3qvekjkqL4sepfQ,Music,262602241,851,566000
UCL8Wk-_MgnFnZV5Hfn9eM7g,Coda,https://www.youtube.com/channel/UCL8Wk-_MgnFnZV5Hfn9eM7g,Entertainment,1721508689,414,2720000
UCR8e2oQ06uYJ6yas1VnEx3Q,CG5LIVE,https://www.youtube.com/channel/UCR8e2oQ06uYJ6yas1VnEx3Q,Film,108340798,467,750000
UCdG20d4dJsu7Hh9UDb6yA2A,CG5 Instrumentals,https://www.youtube.com/channel/UCdG20d4dJsu7Hh9UDb6yA2A,Music,10720536,101,136000
UCR9NuNwCUIhMOLUQnLN7_WA,Kyle Exum,https://www.youtube.com/channel/UCR9NuNwCUIhMOLUQnLN7_WA,Music,1228637223,508,6590000
UCnuhF7wztSF1hOUzBWdIfsw,LowLevelNoob,https://www.youtube.com/channel/UCnuhF7wztSF1hOUzBWdIfsw,Role-playing video game,838864925,63,2080000
UCHtxSHalLbyjDgUsl2nIbIQ,Mack,https://www.youtube.com/channel/UCHtxSHalLbyjDgUsl2nIbIQ,Entertainment,38070753,6,1250000
UCcjIvuxmWlS5IEQ0JdPV4Ng,Rubius Z,https://www.youtube.com/channel/UCcjIvuxmWlS5IEQ0JdPV4Ng,Action game,3552168731,978,14500000
UCzFJ9ZkjYpxWTSqX9cVXj4g,tomiii 11,https://www.youtube.com/channel/UCzFJ9ZkjYpxWTSqX9cVXj4g,Lifestyle (sociology),172793281,96,10100000
UCSS6UvWXW8OZD9wpIVkD0YA,Eddsworld,https://www.youtube.com/channel/UCSS6UvWXW8OZD9wpIVkD0YA,Lifestyle (sociology),999309950,126,4560000
UCbnb5Us0My7jf2tB6AMcLPA,PacStats,https://www.youtube.com/channel/UCbnb5Us0My7jf2tB6AMcLPA,,114762,163,667
UC63anZxfVGHUEmfBAf5w7pw,CaseOh,https://www.youtube.com/channel/UC63anZxfVGHUEmfBAf5w7pw,Simulation video game,2302064142,2406,10500000
UCYzPXprvl5Y-Sf0g4vX-m6g,jacksepticeye,https://www.youtube.com/channel/UCYzPXprvl5Y-Sf0g4vX-m6g,Action game,17645862157,5322,31200000
UCZlNIoMvJRURJXhwQHKwTAQ,Projectify,https://www.youtube.com/channel/UCZlNIoMvJRURJXhwQHKwTAQ,Pop music,402597,56,1250
UCnrBFymnnMqOUsDGgXfCCzg,ScragicLM,https://www.youtube.com/channel/UCnrBFymnnMqOUsDGgXfCCzg,,191760,107,909
UCulYu1HEIa7f70L2lYZWHOw,michaeljacksonVEVO,https://www.youtube.com/channel/UCulYu1HEIa7f70L2lYZWHOw,Soul music,17264378381,137,8150000
UCS4uaVL8lPHB7gDxXLeBdRg,Waffle-corner,https://www.youtube.com/channel/UCS4uaVL8lPHB7gDxXLeBdRg,Entertainment,413766,102,1800
UCVlYhWH_QEWHlZ1fo4J62_Q,LolJacobXD,https://www.youtube.com/channel/UCVlYhWH_QEWHlZ1fo4J62_Q,Entertainment,779546,915,2510
UCttRpabFYplKO3-xYSapCWw,CastOSC,https://www.youtube.com/channel/UCttRpabFYplKO3-xYSapCWw,Entertainment,3488,6,250
UClLh70U-NKbh032gaWLd_Bg,Igor Yakovenko Shorts,https://www.youtube.com/channel/UClLh70U-NKbh032gaWLd_Bg,Politics,62342,55,285
UCMEiyV8N2J93GdPNltPYM6w,Espreso,https://www.youtube.com/channel/UCMEiyV8N2J93GdPNltPYM6w,Politics,2631108542,173983,2510000
UCH9H_b9oJtSHBovh94yB5HA,Телеканал Прямий,https://www.youtube.com/channel/UCH9H_b9oJtSHBovh94yB5HA,Politics,6171156265,120495,4780000
UCDEhH9sddWCTZJ1vZHVrRSQ,Анастасія НОРІЦИНА,https://www.youtube.com/channel/UCDEhH9sddWCTZJ1vZHVrRSQ,Politics,8855962,876,37900
UCXXgzvySf5OEVw-PVNcqHtg,HOMIDESS78,https://www.youtube.com/channel/UCXXgzvySf5OEVw-PVNcqHtg,Music of Asia,5705381,133,22400
UCB4VcdQutzBBrYq5bDDq4YA,Gawx 2,https://www.youtube.com/channel/UCB4VcdQutzBBrYq5bDDq4YA,Hobby,12609806,40,409000
UCjhYUoOLDwJAOF4wUzo3Hcw,Skylor Beck,https://www.youtube.com/channel/UCjhYUoOLDwJAOF4wUzo3Hcw,Lifestyle (sociology),655090,162,30800
UCz3l6nyODzXLzTxIkARZ8rw,Barji,https://www.youtube.com/channel/UCz3l6nyODzXLzTxIkARZ8rw,Role-playing video game,17799020,46,227000
UC2aX5pHwNv9FxFg9Rnp-U0Q,Toiu,https://www.youtube.com/channel/UC2aX5pHwNv9FxFg9Rnp-U0Q,Role-playing video game,61959494,99,535000
UCY1kMZp36IQSyNx_9h4mpCg,Mark Rober,https://www.youtube.com/channel/UCY1kMZp36IQSyNx_9h4mpCg,Lifestyle (sociology),17544351078,259,78500000
UCp68_FLety0O-n9QU6phsgw,colinfurze,https://www.youtube.com/channel/UCp68_FLety0O-n9QU6phsgw,Lifestyle (sociology),1854498523,434,13300000
UCLMlPk9m2swXfCq4u3lGWVg,Tal Reacts and Plays,https://www.youtube.com/channel/UCLMlPk9m2swXfCq4u3lGWVg,Role-playing video game,50194,89,917
UC_A_57nokWq_RXsYOjTX1gQ,Keen [],https://www.youtube.com/channel/UC_A_57nokWq_RXsYOjTX1gQ,Role-playing video game,7389,26,301
UC2qn0BbyTywWCuAy1f1ecfg,Naomi Jon,https://www.youtube.com/channel/UC2qn0BbyTywWCuAy1f1ecfg,Fashion,806472277,453,3450000
UCRHTWfxHuxozNpmnVlyTzwA,Simone Bonini,https://www.youtube.com/channel/UCRHTWfxHuxozNpmnVlyTzwA,Tourism,2445,11,68
UCiLD9i3O8tY5d-LyQ1GxsTQ,Alex Evett,https://www.youtube.com/channel/UCiLD9i3O8tY5d-LyQ1GxsTQ,Knowledge,235411358,63,734000
UC2o4gzqNBv5I2DQ0HQJ-LhA,LoneSmith Films,https://www.youtube.com/channel/UC2o4gzqNBv5I2DQ0HQJ-LhA,Tourism,175133,21,563
UC-FA2V0ezkr42LDQetasT8g,LumioseTower,https://www.youtube.com/channel/UC-FA2V0ezkr42LDQetasT8g,Role-playing video game,46754,138,648
UC-lmdv0OTb4uQQSzwbzhLsg,GlitchxCity,https://www.youtube.com/channel/UC-lmdv0OTb4uQQSzwbzhLsg,Role-playing video game,229824799,413,366000
UCFoZROBgY5XDzY1JnBwruaA,Hidden Power Podcast,https://www.youtube.com/channel/UCFoZROBgY5XDzY1JnBwruaA,Role-playing video game,6090275,671,16800
UCIHIFDHvA6loFvr1GwxCITA,若林タカツグ,https://www.youtube.com/channel/UCIHIFDHvA6loFvr1GwxCITA,Music of Asia,732703,168,5470
UCAbADxwVOUVjlqWKcCrxdPw,Tana,https://www.youtube.com/channel/UCAbADxwVOUVjlqWKcCrxdPw,Action game,34511625,1265,35800
UCFhiWa7jFNK29lDmDfjKjTQ,グリンカッツ,https://www.youtube.com/channel/UCFhiWa7jFNK29lDmDfjKjTQ,Action game,41885169,1741,53600
UCIQkzSpi4KHp3dRV210X8uA,SHINDOJI,https://www.youtube.com/channel/UCIQkzSpi4KHp3dRV210X8uA,Role-playing video game,320987666,1659,587000
UCtlAfOQoDvjyeqwpdtqo3Tw,無名ちゃんねる,https://www.youtube.com/channel/UCtlAfOQoDvjyeqwpdtqo3Tw,Action game,234184588,3411,217000
UCUBGX0l0vIoOCD89_qdp9uQ,そらねこのしっぽ【切り抜き】,https://www.youtube.com/channel/UCUBGX0l0vIoOCD89_qdp9uQ,Entertainment,6364754,96,29400
UCkjH3cJ8ipb4EN_LTwILKJw,そらねこの音色,https://www.youtube.com/channel/UCkjH3cJ8ipb4EN_LTwILKJw,Entertainment,10289255,66,43500
UCRaRL1yyZQF7rKYJDIJvxRA,めろんぱーかー【公式】,https://www.youtube.com/channel/UCRaRL1yyZQF7rKYJDIJvxRA,,114990323,662,217000
UCaLdszFqat3-w1iPs2t2BNQ,かもめ／kamome,https://www.youtube.com/channel/UCaLdszFqat3-w1iPs2t2BNQ,Video game culture,4018070,174,53200
UCdVnOfmhI0sNGdaH5yldztg,LiaqN【りあん】,https://www.youtube.com/channel/UCdVnOfmhI0sNGdaH5yldztg,Action game,1559859707,3759,1280000
UCAIg30ParH9VzFeM4dwHDdw,Pokémon TCG Deck Labs,https://www.youtube.com/channel/UCAIg30ParH9VzFeM4dwHDdw,Video game culture,573,4,2010
UC6_mhpufU3AOn11sdMST2Sw,ざんげちゃん,https://www.youtube.com/channel/UC6_mhpufU3AOn11sdMST2Sw,Video game culture,65668091,823,237000
UCB8DR-ao7ZfoAwoYRXE3VJw,すち,https://www.youtube.com/channel/UCB8DR-ao7ZfoAwoYRXE3VJw,Music,72644125,241,163000
UCEqBb37k-pKRQPG-_MvtAeA,LAN,https://www.youtube.com/channel/UCEqBb37k-pKRQPG-_MvtAeA,Music,59591293,278,147000
UCr24Ll7IT2hPquu-n11dNWQ,暇72,https://www.youtube.com/channel/UCr24Ll7IT2hPquu-n11dNWQ,Video game culture,302095335,890,466000
UC1FByWnYWrAWcCmijBURkfg,雨乃こさめ【シクフォニ】,https://www.youtube.com/channel/UC1FByWnYWrAWcCmijBURkfg,Music of Asia,78229940,321,158000
UCs7eh4DZC6HXiizJXLj3_FA,いるま,https://www.youtube.com/channel/UCs7eh4DZC6HXiizJXLj3_FA,Music,75847066,213,185000
UCxP9lRliG6xyAbx8Dp3OR1w,みこと,https://www.youtube.com/channel/UCxP9lRliG6xyAbx8Dp3OR1w,Music,39282489,165,128000
UCcvLSRIWJIAGFDyWtzkbiHA,marasy8,https://www.youtube.com/channel/UCcvLSRIWJIAGFDyWtzkbiHA,Music of Asia,951777444,694,2050000
UCkPhQEwdob-Dc539qnJASvg,Tani Yuuki,https://www.youtube.com/channel/UCkPhQEwdob-Dc539qnJASvg,Music,807001994,569,622000
UCt5-0i4AVHXaWJrL8Wql3mw,緑仙 / Ryushen,https://www.youtube.com/channel/UCt5-0i4AVHXaWJrL8Wql3mw,Music,434960675,1634,802000
UC6441KFh3-Bp09EVE3F21rg,ほとけちゃんねる,https://www.youtube.com/channel/UC6441KFh3-Bp09EVE3F21rg,Music of Asia,79588888,409,164000
UCtmL-ahW1SLAN8Y31zkIJGQ,初兎-しょう-,https://www.youtube.com/channel/UCtmL-ahW1SLAN8Y31zkIJGQ,Film,99278993,548,189000
UCWL543ME-vofvEEvdKe7C1w,いれいすカラオケチャンネル【公式】,https://www.youtube.com/channel/UCWL543ME-vofvEEvdKe7C1w,Music of Asia,10963618,178,59300
UCepkcGa3-DVdNHcHGwEkXTg,もえあず,https://www.youtube.com/channel/UCepkcGa3-DVdNHcHGwEkXTg,Food,387312480,1179,936000
UCdaR5dKsHWu8mQtznhDj7uw,蛇足ん家,https://www.youtube.com/channel/UCdaR5dKsHWu8mQtznhDj7uw,Lifestyle (sociology),38048906,496,189000
UCpj3_tK1aDun6euvMCWKulw,ばつまるさんかく,https://www.youtube.com/channel/UCpj3_tK1aDun6euvMCWKulw,Entertainment,205485,44,11300
UCubvrNZIuYcL15GU39rw9Lw,きりざきまい  桐崎妹,https://www.youtube.com/channel/UCubvrNZIuYcL15GU39rw9Lw,Lifestyle (sociology),233743159,513,845000
UC43tgREPXsbYS5Iy6sW3TXQ,スーパードミネーターリキ Super Dominator RIKI,https://www.youtube.com/channel/UC43tgREPXsbYS5Iy6sW3TXQ,,130419755,816,218000
UCMNtwSEcPqtYNzILkq0puMw,きしたかし🤬凱旋門賞を生で観たい,https://www.youtube.com/channel/UCMNtwSEcPqtYNzILkq0puMw,Sport,282165,196,2670
UCP9G6sYYefA4mFMbwp2a-tg,へりゅうむ,https://www.youtube.com/channel/UCP9G6sYYefA4mFMbwp2a-tg,Entertainment,78476338,365,100000
UCkkxn2ldlFUMupTlXU8meAw,たっくーTVれいでぃお,https://www.youtube.com/channel/UCkkxn2ldlFUMupTlXU8meAw,Entertainment,3358833952,2859,3200000
UCXBeJIudcnZSWU4FeY3yePw,シュンズ TV,https://www.youtube.com/channel/UCXBeJIudcnZSWU4FeY3yePw,Tourism,3243048,6,292000
UCl9Crt8sifSX_J2IZTb1pyA,ナオさんTV ういんどなお,https://www.youtube.com/channel/UCl9Crt8sifSX_J2IZTb1pyA,Hobby,10362413,778,22700
UC3i3znps2Q62tM9tKKHh8Sg,[HIPPY] YouTubeチャンネル[ひぴ動],https://www.youtube.com/channel/UC3i3znps2Q62tM9tKKHh8Sg,Pop music,131656343,1652,124000
UCozx5csNhCx1wsVq3SZVkBQ,holoAN room (ホロアナ),https://www.youtube.com/channel/UCozx5csNhCx1wsVq3SZVkBQ,Entertainment,8725813,129,214000
UC7fk0CB07ly8oSl0aqKkqFg,Nakiri Ayame Ch. 百鬼あやめ,https://www.youtube.com/channel/UC7fk0CB07ly8oSl0aqKkqFg,Action game,194619022,493,1710000
UCdn5BQ06XqgXoAxIhbqw5Rg,フブキCh。白上フブキ,https://www.youtube.com/channel/UCdn5BQ06XqgXoAxIhbqw5Rg,Action game,772180050,3180,2650000
UCp-5t9SrOQwXMU7iIjQfARg,Mio Channel 大神ミオ,https://www.youtube.com/channel/UCp-5t9SrOQwXMU7iIjQfARg,Music,335552397,1578,1340000
UCENwRMx5Yh42zWpzURebzTw,Laplus ch. ラプラス・ダークネス - holoX -,https://www.youtube.com/channel/UCENwRMx5Yh42zWpzURebzTw,Video game culture,466241003,962,1560000
UCIBY1ollUsauvVi4hW4cumw,Chloe ch. 沙花叉クロヱ - holoX -,https://www.youtube.com/channel/UCIBY1ollUsauvVi4hW4cumw,Music,217024477,649,1310000
UCK9V2B22uJYu3N7eR_BT9QA,Polka Ch. 尾丸ポルカ,https://www.youtube.com/channel/UCK9V2B22uJYu3N7eR_BT9QA,Entertainment,366781630,2401,1360000
UCdXAk5MpyLD8594lm_OvtGQ,Raden Ch. 儒烏風亭らでん ‐ ReGLOSS,https://www.youtube.com/channel/UCdXAk5MpyLD8594lm_OvtGQ,Video game culture,206772396,849,1240000
UC0TXe_LYZ4scaW2XMyi5_kw,AZKi Channel,https://www.youtube.com/channel/UC0TXe_LYZ4scaW2XMyi5_kw,Music,309215535,1342,1310000
UCOyYb1c43VlX9rc_lT6NKQw,Ayunda Risu Ch. hololive-ID,https://www.youtube.com/channel/UCOyYb1c43VlX9rc_lT6NKQw,Action-adventure game,94171402,1625,1000000
UCFKOVgVbGmX65RxO3EtH3iw,Lamy Ch. 雪花ラミィ,https://www.youtube.com/channel/UCFKOVgVbGmX65RxO3EtH3iw,Entertainment,355184802,1820,1370000
UC5CwaMl1eIgY8h02uZw7u8A,Suisei Channel,https://www.youtube.com/channel/UC5CwaMl1eIgY8h02uZw7u8A,Music,1710794532,1132,2880000
UCAWSyEs_Io8MtpY3m-zqILA,Nene Ch.桃鈴ねね,https://www.youtube.com/channel/UCAWSyEs_Io8MtpY3m-zqILA,Music,239130423,1359,1320000
UCvInZx9h3jC2JzsIzoOebWg,Flare Ch. 不知火フレア,https://www.youtube.com/channel/UCvInZx9h3jC2JzsIzoOebWg,Music,234907983,1824,1150000
UC1uv2Oq6kNxgATlCiez59hw,Towa Ch.Tokoyami Towa,https://www.youtube.com/channel/UC1uv2Oq6kNxgATlCiez59hw,Action game,501426170,1837,1570000
UCvaTdHTWBGv3MKj3KVqJVCw,Okayu Ch. 猫又おかゆ,https://www.youtube.com/channel/UCvaTdHTWBGv3MKj3KVqJVCw,Role-playing video game,731626632,1798,2120000
UCllKI7VjyANuS1RXatizfLQ,山神 カルタ / Karuta Yamagami,https://www.youtube.com/channel/UCllKI7VjyANuS1RXatizfLQ,Entertainment,72642452,1672,285000
UCwrjITPwG4q71HzihV2C7Nw,フミ/にじさんじ,https://www.youtube.com/channel/UCwrjITPwG4q71HzihV2C7Nw,Video game culture,77535661,2210,273000
UCPcsJUA8PhOy3c4y1Q1eu3g,ikoi momoaCh.憩居ももあ,https://www.youtube.com/channel/UCPcsJUA8PhOy3c4y1Q1eu3g,Video game culture,4433645,947,41400
UC1CfXB_kRs3C-zaeTG3oGyg,HAACHAMA Ch 赤井はあと,https://www.youtube.com/channel/UC1CfXB_kRs3C-zaeTG3oGyg,Entertainment,280624176,1707,1580000
UCo2N7C-Z91waaR6lF3LL_jw,甲斐田 晴 / Kaida Haru【にじさんじ】,https://www.youtube.com/channel/UCo2N7C-Z91waaR6lF3LL_jw,Role-playing video game,314618216,2284,733000
UCD-miitqNY3nyukJ4Fnf4_A,月ノ美兎,https://www.youtube.com/channel/UCD-miitqNY3nyukJ4Fnf4_A,Video game culture,691222991,1085,1510000
UCZ1xuCK1kNmn5RzPYIZop3w,リゼ・ヘルエスタ -Lize Helesta-,https://www.youtube.com/channel/UCZ1xuCK1kNmn5RzPYIZop3w,Action game,387095832,1204,1020000
UC_4tXjqecqox5Uc05ncxpxg,椎名唯華 / Shiina Yuika,https://www.youtube.com/channel/UC_4tXjqecqox5Uc05ncxpxg,Video game culture,413608502,2731,891000
UCgIfLpQvelloDi8I0Ycbwpg,壱百満天原サロメ / Hyakumantenbara Salome,https://www.youtube.com/channel/UCgIfLpQvelloDi8I0Ycbwpg,Role-playing video game,367076389,1200,1800000
UCO_aKKYxn4tvrqPjcTzZ6EQ,Ceres Fauna Ch. hololive-EN,https://www.youtube.com/channel/UCO_aKKYxn4tvrqPjcTzZ6EQ,Video game culture,158993692,736,989000
UCXTpFs_3PqI41qX2d9tL2Rw,Shion Ch. 紫咲シオン,https://www.youtube.com/channel/UCXTpFs_3PqI41qX2d9tL2Rw,Action game,255191847,685,1300000
UCgHKqsY-9qQnVW6atVVwVcw,twinkledisc [Dios/シグナルP] 公式チャンネル,https://www.youtube.com/channel/UCgHKqsY-9qQnVW6atVVwVcw,Pop music,18877090,37,30000
UCUXsAnSwGqc1uEvlOBz2GBA,Mocca,https://www.youtube.com/channel/UCUXsAnSwGqc1uEvlOBz2GBA,Music of Asia,21626542,294,102000
UCkT1u65YS49ca_LsFwcTakw,Gamma Ch. 緋崎ガンマ - UPROAR!! -,https://www.youtube.com/channel/UCkT1u65YS49ca_LsFwcTakw,Role-playing video game,0,0,147000
UC4GXMHCwmONp6XFRB5SayAg,なとり / natori,https://www.youtube.com/channel/UC4GXMHCwmONp6XFRB5SayAg,Music of Asia,960578730,11,1400000
UCA9JBQtcEcEykbMsSund7jQ,StarBe Official,https://www.youtube.com/channel/UCA9JBQtcEcEykbMsSund7jQ,Lifestyle (sociology),27811881,644,292000
UCKKKYE55BVswHgKihx5YXew,Porter Robinson,https://www.youtube.com/channel/UCKKKYE55BVswHgKihx5YXew,Independent music,522557875,128,1350000
UCFRbBdmVBHA7PeAuctRx1rQ,いちなるといっしょ! ボンボンアカデミー,https://www.youtube.com/channel/UCFRbBdmVBHA7PeAuctRx1rQ,Lifestyle (sociology),354802424,2251,619000
UCQM1cEQpq2_593GHCPZGo-Q,りっちゃんの酒と餃子チャンネル,https://www.youtube.com/channel/UCQM1cEQpq2_593GHCPZGo-Q,Food,5348465,58,50800
UCWmUvVK2xxIK5VMToCDq9_A,Japanese Horror Binchu,https://www.youtube.com/channel/UCWmUvVK2xxIK5VMToCDq9_A,Lifestyle (sociology),137660415,806,268000
UCMmA7uk0Eq_6nbUqyvuBpZw,桐木 【暗夜-ANNYA-】,https://www.youtube.com/channel/UCMmA7uk0Eq_6nbUqyvuBpZw,Lifestyle (sociology),2890687,7,60300
UCL6F7R0unHipZwsXJ3hVHzg,占いTV Love Me Do ラブちゃん,https://www.youtube.com/channel/UCL6F7R0unHipZwsXJ3hVHzg,,154812852,2085,347000
UCJI0Zz7WomTTAx6lQw-HC_Q,秘密結社コヤミナティ,https://www.youtube.com/channel/UCJI0Zz7WomTTAx6lQw-HC_Q,Entertainment,250406318,1219,545000
UCmjOmXcwVXN3SOnW7tCO3vQ,コヤッキースタジオ,https://www.youtube.com/channel/UCmjOmXcwVXN3SOnW7tCO3vQ,,1049368678,2504,1610000
UCzMn-N7XpaTixkmhPQHz0LQ,火葬場談義(旧下駄のチャンネル),https://www.youtube.com/channel/UCzMn-N7XpaTixkmhPQHz0LQ,Lifestyle (sociology),32364638,1144,113000
UCJFVWPOHG4D4Ec2ftDf0TuQ,ウルリカbase,https://www.youtube.com/channel/UCJFVWPOHG4D4Ec2ftDf0TuQ,Action game,11199,273,134
UCT4WMFyjaLxZU544fOl8p1g,心桜音-Mion-,https://www.youtube.com/channel/UCT4WMFyjaLxZU544fOl8p1g,Video game culture,19583,250,258
UCUcM7FCAQkBlGc6avyrepVQ,鹿角 / Kazuno,https://www.youtube.com/channel/UCUcM7FCAQkBlGc6avyrepVQ,Action game,8007,255,100
UCx7WEPB77cE5XhpQcIRNrdg,Princess Kairi's Gaming Castle,https://www.youtube.com/channel/UCx7WEPB77cE5XhpQcIRNrdg,Video game culture,168388,704,962
UCL_Cr1eJBgDsf2PCmOTAjPQ,MinoRoll Studio | Music,https://www.youtube.com/channel/UCL_Cr1eJBgDsf2PCmOTAjPQ,Music,21896,89,174
UC4izfesVPG06aEnfvATCCmw,夜猫,https://www.youtube.com/channel/UC4izfesVPG06aEnfvATCCmw,Hobby,6491,22,18
UC6bCWqIlUT2iC4N9AhajrmA,海金砂ロコメ【Kanikusa Locome】,https://www.youtube.com/channel/UC6bCWqIlUT2iC4N9AhajrmA,Lifestyle (sociology),92962,583,1680
UCYXHQVa_Ykv05wQG_aiKDmQ,水波うに,https://www.youtube.com/channel/UCYXHQVa_Ykv05wQG_aiKDmQ,Video game culture,17459,49,230
UCX35JkgOjZAZwZ2sgccZS4w,朔炭パリカParica Ch.,https://www.youtube.com/channel/UCX35JkgOjZAZwZ2sgccZS4w,Music,1201436,253,14600
UCgY_iyl1wbXzUK7qrs3RkHg,包身カケル / Tsutsumi Kakeru,https://www.youtube.com/channel/UCgY_iyl1wbXzUK7qrs3RkHg,Role-playing video game,277557,696,3110
UCD6DI0GaY8v60mh9HfzGZMQ,Expo2025 大阪・関西万博,https://www.youtube.com/channel/UCD6DI0GaY8v60mh9HfzGZMQ,Society,18176218,875,92300
UC34OxQ8r0onNMiz84Wta5lA,長月みるく‐Miruku Nagatsuki‐,https://www.youtube.com/channel/UC34OxQ8r0onNMiz84Wta5lA,Entertainment,184017,536,1480
UC6JKjNboT5184EQAUUbLkQQ,亞久真果-Aku Manaka🕳👿,https://www.youtube.com/channel/UC6JKjNboT5184EQAUUbLkQQ,Role-playing video game,92332,358,1100
UC7jCX2Ji1U7o9RAXxtg8Q5w,やそ / Yaso,https://www.youtube.com/channel/UC7jCX2Ji1U7o9RAXxtg8Q5w,Music,131996,518,1310
UCI1P0gWwQW_xuYHB8UDlF-A,うたドン!,https://www.youtube.com/channel/UCI1P0gWwQW_xuYHB8UDlF-A,Music of Asia,29514448,779,43700
UCqYcTSZf45Qo1EntwaTqp2A,Immersive Deep Trance Project,https://www.youtube.com/channel/UCqYcTSZf45Qo1EntwaTqp2A,Music,27051,51,240
UC1JB3fcLuXw50hyKvJNFXwg,乃木 なこ🐾⟡.·,https://www.youtube.com/channel/UC1JB3fcLuXw50hyKvJNFXwg,Hobby,27541,22,91
UCD6mLQXIUY3WAA7gnxzVomA,花鶏あずさ,https://www.youtube.com/channel/UCD6mLQXIUY3WAA7gnxzVomA,Video game culture,16023,172,205
UC5HD7OmnMz3pZQkjQZk0QaQ,Yobu ☁︎,https://www.youtube.com/channel/UC5HD7OmnMz3pZQkjQZk0QaQ,Music of Asia,23435,11,427
UCgP3GbgbuVzAhlctGU5yuPA,キタニタツヤ / Tatsuya Kitani,https://www.youtube.com/channel/UCgP3GbgbuVzAhlctGU5yuPA,Music of Asia,981367630,263,980000
UCFSQva-mi5Oo8Q3aynyA_dw,Vortex Music,https://www.youtube.com/channel/UCFSQva-mi5Oo8Q3aynyA_dw,Electronic music,443428,22,483
UCHQJD3IW74R509k0nbTKr_w,JINX,https://www.youtube.com/channel/UCHQJD3IW74R509k0nbTKr_w,Music of Asia,45785,53,386
UCQn1FqrR2OCjSe6Nl4GlVHw,Raon,https://www.youtube.com/channel/UCQn1FqrR2OCjSe6Nl4GlVHw,Pop music,1443212607,639,4520000
UCUEvXLdpCtbzzDkcMI96llg,DAZBEE official,https://www.youtube.com/channel/UCUEvXLdpCtbzzDkcMI96llg,Pop music,989601927,344,1510000
UCkvBsBQ9EFxe3NnQdABDj1A,Ryl O.o,https://www.youtube.com/channel/UCkvBsBQ9EFxe3NnQdABDj1A,,0,0,18
UCpTsZ0CuqLF643wr1vNHAFw,Hinami,https://www.youtube.com/channel/UCpTsZ0CuqLF643wr1vNHAFw,,8,1,1
UC2t5bjwHdUX4vM2g8TRDq5g,League of Legends,https://www.youtube.com/channel/UC2t5bjwHdUX4vM2g8TRDq5g,Action game,9645067802,1746,16000000
UCatXx9LPplqgFVSIuLy6XPw,JUNi [VERBLUE🌊],https://www.youtube.com/channel/UCatXx9LPplqgFVSIuLy6XPw,Video game culture,1168,10,549
UCIk6z4gxI5ADYK7HmNiJvNg,Sing2Piano | Piano Karaoke Instrumentals,https://www.youtube.com/channel/UCIk6z4gxI5ADYK7HmNiJvNg,Music,1401655532,2788,1890000
UCMaXJGJLXsTi8Td0WNfJFpA,LivToEdit,https://www.youtube.com/channel/UCMaXJGJLXsTi8Td0WNfJFpA,Film,198574,33,372
UCgMvjHTX7jn4iIKNHjIUJiw,PianoDeuss,https://www.youtube.com/channel/UCgMvjHTX7jn4iIKNHjIUJiw,Music of Asia,260257768,650,696000
UCSOfUqPoqpp5aWDDnAyv94g,JVKE,https://www.youtube.com/channel/UCSOfUqPoqpp5aWDDnAyv94g,Film,4773930229,907,13700000
UCkksVnsKY9FF0X6JHsFdehA,Shayne Orok,https://www.youtube.com/channel/UCkksVnsKY9FF0X6JHsFdehA,Music,174053731,178,1330000
UCrkImHu9Jbtn6QmZ5aCPDdw,J-Lyrics by tokyocabin オリジナル歌詞♪と超訳♬,https://www.youtube.com/channel/UCrkImHu9Jbtn6QmZ5aCPDdw,Music of Asia,385806,248,1620
UCvayv7u6HrpENlleXekJ2fg,Jorge Rivera-Herrans,https://www.youtube.com/channel/UCvayv7u6HrpENlleXekJ2fg,Lifestyle (sociology),1035536239,827,1420000
UCDzT2ahM07g4np7Rf6fDa7A,RemiiNe,https://www.youtube.com/channel/UCDzT2ahM07g4np7Rf6fDa7A,Pop music,694746,62,6050
UCV79VEHYpq5XcOHMIfB-WIQ,koemi♡,https://www.youtube.com/channel/UCV79VEHYpq5XcOHMIfB-WIQ,Music,2356,3,183
UCaFN8e9NM0sXAyNEZ9SN9XQ,meru;,https://www.youtube.com/channel/UCaFN8e9NM0sXAyNEZ9SN9XQ,Music,40096,2,1230
UCqubyXLVaeAiVGzdWNQa7Lg,Karii Ch,https://www.youtube.com/channel/UCqubyXLVaeAiVGzdWNQa7Lg,Pop music,66769,19,958
UCrxEEPKIg4FGDZ-bo6UtrYw,Amanda Serey,https://www.youtube.com/channel/UCrxEEPKIg4FGDZ-bo6UtrYw,Music of Asia,7567880,82,29000
UChBIx2gHW3l4sJ_wbUumkwA,AtariX,https://www.youtube.com/channel/UChBIx2gHW3l4sJ_wbUumkwA,Video game culture,1161266775,1497,1420000
UCvnxCUF9IkmN_9R4TUFhCEA,Coso Dubs,https://www.youtube.com/channel/UCvnxCUF9IkmN_9R4TUFhCEA,Film,607168,51,6630
UCDRq9rLd6BDjNZ_Q3UZmhxA,Elii-Elyne!,https://www.youtube.com/channel/UCDRq9rLd6BDjNZ_Q3UZmhxA,Music of Asia,6089696,214,21500
UCzdfCkKHKWhs7t0s9oIja_w,Poryh~,https://www.youtube.com/channel/UCzdfCkKHKWhs7t0s9oIja_w,Music of Asia,179581,28,1810
UCO4buxhvsew095L9P-JkA4A,BrianYSI,https://www.youtube.com/channel/UCO4buxhvsew095L9P-JkA4A,Entertainment,2654878,179,5510
UCs_JXkJSday559nNwXrhD-A,iSmollux,https://www.youtube.com/channel/UCs_JXkJSday559nNwXrhD-A,Electronic music,395056,51,2240
UCES0OcYuXbNOB9fG5SWGFoA,Ra-Music!,https://www.youtube.com/channel/UCES0OcYuXbNOB9fG5SWGFoA,Music of Asia,104842,77,518
UC_8oZk4nysRwc1VJoJ99R5w,Luigi From Mario,https://www.youtube.com/channel/UC_8oZk4nysRwc1VJoJ99R5w,,0,0,55
UC9UHK5vqT0aZZDADyFWteyQ,Vicky Dubs,https://www.youtube.com/channel/UC9UHK5vqT0aZZDADyFWteyQ,Role-playing video game,101834,62,4800
UCaNMWnRubJEaglefIO3gRnQ,Kazue Mika,https://www.youtube.com/channel/UCaNMWnRubJEaglefIO3gRnQ,Pop music,2779773,163,16700
UCdRN7VtwbDseJNdem3Yi7QQ,ElychuTheLettuce,https://www.youtube.com/channel/UCdRN7VtwbDseJNdem3Yi7QQ,Pop music,720621,57,9960
UCU_hpPDJbuzCy0agOi6lJXA,さんうさぎ,https://www.youtube.com/channel/UCU_hpPDJbuzCy0agOi6lJXA,Music of Asia,8054870,265,51700
UCtXpSO4eP7exGA4-8NUEw7A,UtaKara Code,https://www.youtube.com/channel/UCtXpSO4eP7exGA4-8NUEw7A,Music of Asia,1076,3,3
UCeUmhcwM4II1T0ap06N_lFA,紅月桜來VTuber@Alleato,https://www.youtube.com/channel/UCeUmhcwM4II1T0ap06N_lFA,Action game,49864,602,492
UCCrprKtyLjZ5IjGWmpPtRCw,海老根マヨ,https://www.youtube.com/channel/UCCrprKtyLjZ5IjGWmpPtRCw,Action game,397611,408,2310
UCBKbtnP9_d_cVqX4lGCYjRw,ゆるっと信州 yrfwCH,https://www.youtube.com/channel/UCBKbtnP9_d_cVqX4lGCYjRw,Entertainment,5568,12,130
UCP6zY82r5KApiCtRa5OkgdA,今野隼史 KONNO Takashi,https://www.youtube.com/channel/UCP6zY82r5KApiCtRa5OkgdA,Lifestyle (sociology),5640,13,222
UCZPjfBwompsEmIHoMRT90Rw,詠狼アルヴァ♦VTuber準備中,https://www.youtube.com/channel/UCZPjfBwompsEmIHoMRT90Rw,Music,1391,5,131
UCbaUi8R6P1JGFkQJRGu-O_g,浅間　椎(あさま　しい)新人回線クソ雑魚vtuber,https://www.youtube.com/channel/UCbaUi8R6P1JGFkQJRGu-O_g,Role-playing video game,548653,290,1340
UC1VWwzt3YnmchnNR_lHH6aA,ねは,https://www.youtube.com/channel/UC1VWwzt3YnmchnNR_lHH6aA,Action game,671886,2294,2970
UCgSUllu5lFYvn3ztHe8_HBA,桜月 海夜-ohtsuki miya-,https://www.youtube.com/channel/UCgSUllu5lFYvn3ztHe8_HBA,Action game,46576,691,566
UCHennDqJKgCKCaUhQg9kvTg,永〜ei,https://www.youtube.com/channel/UCHennDqJKgCKCaUhQg9kvTg,,0,0,0
UClMUyVtehvhiRiEHb_MN5cQ,エイ・クロウ,https://www.youtube.com/channel/UClMUyVtehvhiRiEHb_MN5cQ,Action game,85426,638,796
UC7SWvZ-izqdaYnY3pSbDZkw,杏仁すもも - ani sumomo -,https://www.youtube.com/channel/UC7SWvZ-izqdaYnY3pSbDZkw,Role-playing video game,66643,96,1850
UCQePT4_gTnCeNDKCIQ8aEqg,-ch KuroseLopi / 黒瀬ろぴ,https://www.youtube.com/channel/UCQePT4_gTnCeNDKCIQ8aEqg,Music of Asia,7132,8,177
UC_bGCUlgaYAOiMHG627_fIQ,Nashilo Ch. 東雲那代,https://www.youtube.com/channel/UC_bGCUlgaYAOiMHG627_fIQ,Action-adventure game,21913,730,246
UCj49ry9LwMFt_EYv5YakoQw,緑雨めてゅ,https://www.youtube.com/channel/UCj49ry9LwMFt_EYv5YakoQw,Music of Asia,1208,7,11
UCXmaDQRCgEeiZw9ql86Lumg,かわうそ子 kawausoko,https://www.youtube.com/channel/UCXmaDQRCgEeiZw9ql86Lumg,Video game culture,52746,80,816
UCFXj9neAswGS-ExDTrv2xKg,バーチャルアカペラグループ twenty-four seven,https://www.youtube.com/channel/UCFXj9neAswGS-ExDTrv2xKg,Music of Asia,1916744,76,3630
UCc3wu2W3nGfS4pe0NmtvCRw,ムシサナダ,https://www.youtube.com/channel/UCc3wu2W3nGfS4pe0NmtvCRw,Action-adventure game,3485,83,107
UCTcMUeSJpoHWXEbCsvBDrlg,水月やまと(Mizuki Yamato),https://www.youtube.com/channel/UCTcMUeSJpoHWXEbCsvBDrlg,Music,1334150,158,2660
UCahV0qNpelNnUJ13aMYDJFg,ろーと - ch,https://www.youtube.com/channel/UCahV0qNpelNnUJ13aMYDJFg,Action-adventure game,29096,108,633
UCQeAfXPfpL5Q3tI27Ysc0qw,暁天イナ-アマツキ,https://www.youtube.com/channel/UCQeAfXPfpL5Q3tI27Ysc0qw,Action game,111141,801,1700
UCLKRVZ_80ZZyL7G1NbvpzkQ,Yonaga Channel,https://www.youtube.com/channel/UCLKRVZ_80ZZyL7G1NbvpzkQ,Action game,554511,1305,3000
UCEukkRcukrmAcp1h_Xnjf1Q,涼海レイキ -Suzumi Reiki-,https://www.youtube.com/channel/UCEukkRcukrmAcp1h_Xnjf1Q,Video game culture,1726482,940,1990
UCraXgSbyAxXGSIV-BU7KlGg,兎仲小恋叶ちゃんねる,https://www.youtube.com/channel/UCraXgSbyAxXGSIV-BU7KlGg,Video game culture,76183,466,1010
UC8BJe-dOawC1nvvcVabK8PQ,LIHJ,https://www.youtube.com/channel/UC8BJe-dOawC1nvvcVabK8PQ,,0,0,1260
UCL9_9Az2HB1mU9sSUL8zVoQ,ホンコワ,https://www.youtube.com/channel/UCL9_9Az2HB1mU9sSUL8zVoQ,Society,30756332,1730,112000
UCX3PvjGUu8WaU-CiP8wKzww,IEOIの休日,https://www.youtube.com/channel/UCX3PvjGUu8WaU-CiP8wKzww,Video game culture,84922,209,739
UCeaFgoabsZ9Iev8MrrtjguA,こんおぐれ【毎日20時シチュボ投稿】,https://www.youtube.com/channel/UCeaFgoabsZ9Iev8MrrtjguA,,13581827,2022,12600
UC3pTz4JgYIQx0DvCZgyOb0Q,なかつ都叶 -tsukana-,https://www.youtube.com/channel/UC3pTz4JgYIQx0DvCZgyOb0Q,Role-playing video game,60739,306,808
UCPwbaViL5sRJ6yMSEAI5jrg,イデア Voice channel,https://www.youtube.com/channel/UCPwbaViL5sRJ6yMSEAI5jrg,Entertainment,2577586,531,12500
UC8C1LLhBhf_E2IBPLSDJXlQ,健屋花那【にじさんじ】KanaSukoya,https://www.youtube.com/channel/UC8C1LLhBhf_E2IBPLSDJXlQ,Action-adventure game,139791218,1900,644000
UCmI1ZpKkY3i7tXAQhnXSJvg,Niwadu - にわづ,https://www.youtube.com/channel/UCmI1ZpKkY3i7tXAQhnXSJvg,Pop music,75213,39,1080
UCVohQZCIVC08-V0LWCSQgAQ,【ほぼ毎日21時配信】エフロンくん / Efron,https://www.youtube.com/channel/UCVohQZCIVC08-V0LWCSQgAQ,Action game,7980287,643,68900
UCpbu18sbRQlFSo1PtixzktQ,中町兄妹,https://www.youtube.com/channel/UCpbu18sbRQlFSo1PtixzktQ,Food,673888970,903,1610000
UCwQxakTsXvRoPlIb1YEL1fg,彼氏・旦那・パパをマジイケメンにしたいわ‼︎チャンネル,https://www.youtube.com/channel/UCwQxakTsXvRoPlIb1YEL1fg,Lifestyle (sociology),50827,10,1040
UCUHKXV102zeGsUo56BSzQJw,GINTA-official-,https://www.youtube.com/channel/UCUHKXV102zeGsUo56BSzQJw,Pop music,47659112,52,281000
UCXsfgk_k3eeRBQ4qKmTu3lw,ノイコ noyco,https://www.youtube.com/channel/UCXsfgk_k3eeRBQ4qKmTu3lw,Pop music,129373,28,942
UCu84IrpgLbmEelD7E_755QA,Singer Nanao【Anime & Tokusatsu Song Cover】,https://www.youtube.com/channel/UCu84IrpgLbmEelD7E_755QA,Music,33739007,1016,103000
UCP8Ly9PUyiAfc4GJxKnXyNw,聖秋流チャンネル,https://www.youtube.com/channel/UCP8Ly9PUyiAfc4GJxKnXyNw,Lifestyle (sociology),16341861,204,125000
UCdgfRnpHeNFcJ_jtWFs4ydQ,momohaha,https://www.youtube.com/channel/UCdgfRnpHeNFcJ_jtWFs4ydQ,Lifestyle (sociology),640159850,1388,722000
UCkFQY9E8yMlLtqGnu82mnkA,JESSICA,https://www.youtube.com/channel/UCkFQY9E8yMlLtqGnu82mnkA,Lifestyle (sociology),84491742,186,83400
UCpkC1h5SgR4YeGaFIwH2S4g,脇腹が痛い大内,https://www.youtube.com/channel/UCpkC1h5SgR4YeGaFIwH2S4g,,0,0,6750
UCh6eUVqErIE0B38vbIRzUqQ,かの/カノックスター,https://www.youtube.com/channel/UCh6eUVqErIE0B38vbIRzUqQ,Food,1297486704,1474,2210000
UCjl8UBoqlulhOn6OR8fpiUg,あみちゃんねる / 菊地亜美,https://www.youtube.com/channel/UCjl8UBoqlulhOn6OR8fpiUg,Lifestyle (sociology),105435887,553,258000
UCs3rdrQv6WCeOIVSvL8jQrw,レヴィア・L・マクロバーツ,https://www.youtube.com/channel/UCs3rdrQv6WCeOIVSvL8jQrw,Video game culture,22136915,1378,10600
UC-hM6YJuNYVAmUWxeIr9FeA,Miko Ch. さくらみこ,https://www.youtube.com/channel/UC-hM6YJuNYVAmUWxeIr9FeA,Music,1010374348,2257,2430000
UCJ6IsDg6y8jFdyHvfXV6aNQ,Z3N,https://www.youtube.com/channel/UCJ6IsDg6y8jFdyHvfXV6aNQ,Pop music,140005,182,1610
UCZeWkiM4W_jx2ppjvRlsaIA,クロミKuromi †,https://www.youtube.com/channel/UCZeWkiM4W_jx2ppjvRlsaIA,Music of Asia,55527,85,533
UC1gIWcMPg7f9dTCm-z5NeqQ,Aoi Sumire Chan,https://www.youtube.com/channel/UC1gIWcMPg7f9dTCm-z5NeqQ,Pop music,107512,357,534
UCaDUoaxT9-lNYrB65Drs22Q,stariss ★ 夜中,https://www.youtube.com/channel/UCaDUoaxT9-lNYrB65Drs22Q,Pop music,23739,32,1850
UC9iIFj6J_tkSmmcVq5LhK2w,fleurdechant,https://www.youtube.com/channel/UC9iIFj6J_tkSmmcVq5LhK2w,Music of Asia,77466,66,2280
UCCrRrZ42klvWtDjJtxYWUZw,TAMAneko,https://www.youtube.com/channel/UCCrRrZ42klvWtDjJtxYWUZw,Music of Asia,27295,34,411
UCHXqm6im50_Gr4oKL15XN1A,Kai✮,https://www.youtube.com/channel/UCHXqm6im50_Gr4oKL15XN1A,Pop music,653259,378,2610
UCEPz7qJRNuQ8EL-lggJXZpQ,ShiSakun,https://www.youtube.com/channel/UCEPz7qJRNuQ8EL-lggJXZpQ,Pop music,215360,75,2510
UCdIIkWHFR9Esvt5sVLsLq1A,Riko's flower garden,https://www.youtube.com/channel/UCdIIkWHFR9Esvt5sVLsLq1A,Pop music,388093,35,2980
UCihu5ygkTXm8CeFhD1Tx3eg,Sayri,https://www.youtube.com/channel/UCihu5ygkTXm8CeFhD1Tx3eg,Music of Asia,893629,52,7360
UCxu54sFcSKCrOwN4zjKrp_Q,you-TV,https://www.youtube.com/channel/UCxu54sFcSKCrOwN4zjKrp_Q,Music,138607,43,289
UCH3rKVI8cDtjWbOIq9cQRDA,Mochi,https://www.youtube.com/channel/UCH3rKVI8cDtjWbOIq9cQRDA,Pop music,4256,6,37
UCqcfi3b72kU9PafMtw1Wbow,VENDANIE CDB,https://www.youtube.com/channel/UCqcfi3b72kU9PafMtw1Wbow,Action game,129112,194,5500
UCCFALw4YEYRmpOieyBh0daA,Mayli Abigail,https://www.youtube.com/channel/UCCFALw4YEYRmpOieyBh0daA,Action-adventure game,717965,142,17800
UC0GPIyhex_7H9msCOTOu_Jw,Nanas Laviola,https://www.youtube.com/channel/UC0GPIyhex_7H9msCOTOu_Jw,Role-playing video game,64419,53,2770
UCMi8t45l3oEqolXgDjonJzQ,Paus William,https://www.youtube.com/channel/UCMi8t45l3oEqolXgDjonJzQ,Pop music,3057,3,140
UC_mBznabzUwBhYekmcbMsOA,DNZL,https://www.youtube.com/channel/UC_mBznabzUwBhYekmcbMsOA,Pop music,0,0,2240
UCgO8kYJBkm5jvUJkV9H9mIw,nahmier,https://www.youtube.com/channel/UCgO8kYJBkm5jvUJkV9H9mIw,Action-adventure game,7167165,1295,38100
UCF4nVNEKxi8r4SHrVp0COKw,Lilee,https://www.youtube.com/channel/UCF4nVNEKxi8r4SHrVp0COKw,Action game,106859,13,3870
UCQ1n_PUxgvTn9nZISqHpylw,aufy!,https://www.youtube.com/channel/UCQ1n_PUxgvTn9nZISqHpylw,Action-adventure game,106296,113,2620
UCiQqoLW9mk4h5rtAoaxfC1A,Kayylis,https://www.youtube.com/channel/UCiQqoLW9mk4h5rtAoaxfC1A,,1678,1,36
UCx36vZi37hlI49AlPyk9srw,Gery Manoy,https://www.youtube.com/channel/UCx36vZi37hlI49AlPyk9srw,Independent music,1502754,14,9460
UC-_FWBTlrg9yMgAdym2s0TA,SOUND CREATIVE GENERATION,https://www.youtube.com/channel/UC-_FWBTlrg9yMgAdym2s0TA,Electronic music,3646,6,130
UCS1YAxiFyZ6bF8ubfwRBXxw,Evocative Official,https://www.youtube.com/channel/UCS1YAxiFyZ6bF8ubfwRBXxw,Electronic music,8914,5,249
UCwwhJVHR2fQsQPnSo0_qYfA,IGO MARGILANO,https://www.youtube.com/channel/UCwwhJVHR2fQsQPnSo0_qYfA,Music of Asia,3932732,108,24800
UCBS-WyNCcLBA97WCYXlOJLQ,3xcy,https://www.youtube.com/channel/UCBS-WyNCcLBA97WCYXlOJLQ,Action-adventure game,208386,73,3460
UCN9Cj0xmL0lDoAsb4d6m5gA,FADHLIFAY,https://www.youtube.com/channel/UCN9Cj0xmL0lDoAsb4d6m5gA,Role-playing video game,87464,608,1380
UCrNI1eJO_1oThZTac-LJiUQ,yujenk,https://www.youtube.com/channel/UCrNI1eJO_1oThZTac-LJiUQ,Hip hop music,371420,46,3090
UC1OWKjC2Cdu41WT3y69jd0w,El Fuego,https://www.youtube.com/channel/UC1OWKjC2Cdu41WT3y69jd0w,Action-adventure game,168914,258,3390
UCB5T6jlj4wB52h4oxuhikeA,Albie,https://www.youtube.com/channel/UCB5T6jlj4wB52h4oxuhikeA,Rhythm and blues,77906,20,1320
UCTrrKFc3lUcnHOSmt1OoeNA,ClipMean,https://www.youtube.com/channel/UCTrrKFc3lUcnHOSmt1OoeNA,Entertainment,3335,0,1740
UCcdgtlcIai9P73w-X3pNqLA,GRAKHIEL,https://www.youtube.com/channel/UCcdgtlcIai9P73w-X3pNqLA,Role-playing video game,4007475,306,65700
UCGLcxAEJlYzEaLdJcd2bB1Q,Ayya Zerachiel,https://www.youtube.com/channel/UCGLcxAEJlYzEaLdJcd2bB1Q,,0,0,1270
UCAZ_PZkpYvF6gg_hAu1nQ_A,Dismiazs,https://www.youtube.com/channel/UCAZ_PZkpYvF6gg_hAu1nQ_A,Pop music,13697,69,485
UCGVF0Hm89Vg8LfsjSqi_Hzw,Noroi Alanera,https://www.youtube.com/channel/UCGVF0Hm89Vg8LfsjSqi_Hzw,Music of Asia,17689,29,1460
UCoKQhFQUtg6H09u6fHFN1AA,Enji NC,https://www.youtube.com/channel/UCoKQhFQUtg6H09u6fHFN1AA,Action game,127317,292,11700
UCaQod6Hl4_3OBWsvSHaRVMQ,Rania Chiwawa,https://www.youtube.com/channel/UCaQod6Hl4_3OBWsvSHaRVMQ,,0,0,32100
UCA7tDob1IQiKWXnGktjPKQA,Noemi Hestia,https://www.youtube.com/channel/UCA7tDob1IQiKWXnGktjPKQA,Entertainment,8642436,673,74300
UCD-76VP2pJuTnyY4AnvXVDg,Igni Redmond Ch.,https://www.youtube.com/channel/UCD-76VP2pJuTnyY4AnvXVDg,Action-adventure game,172924,232,6780
UCb-cLXWVOGVJHfkIfHt8Dfg,Fiona Clearesta Ch.,https://www.youtube.com/channel/UCb-cLXWVOGVJHfkIfHt8Dfg,Role-playing video game,472440,326,18100
UCPC3SoyFJq1uwvaqt1k5JbA,fladieska,https://www.youtube.com/channel/UCPC3SoyFJq1uwvaqt1k5JbA,Music,574541893,1344,533000
UCdABU1aPgGIIIUwItPmiSOg,flodieska,https://www.youtube.com/channel/UCdABU1aPgGIIIUwItPmiSOg,Lifestyle (sociology),362273727,1422,369000
UC_bYGVAaAWnvTR-KgaFuExQ,わらび,https://www.youtube.com/channel/UC_bYGVAaAWnvTR-KgaFuExQ,Hobby,569024,159,708
UCufmDRojSBjZkU_kJENNP7A,輝三毛　Mike Kagayaki,https://www.youtube.com/channel/UCufmDRojSBjZkU_kJENNP7A,Action-adventure game,167864,306,450
UC5TjZZKMcuzvEFlrh4eL98g,十冬STOLAS,https://www.youtube.com/channel/UC5TjZZKMcuzvEFlrh4eL98g,Video game culture,20985,62,2620
UCTKLqxkaBwwaVs4Ds3bSCsA,珂賽特 Cosette,https://www.youtube.com/channel/UCTKLqxkaBwwaVs4Ds3bSCsA,,1165767,568,14600
UCwdBK5HWvhrjkKRmPRgyXBQ,好冷又好爽 ch.,https://www.youtube.com/channel/UCwdBK5HWvhrjkKRmPRgyXBQ,Action game,187291,503,2120
UCx7GU8C3cr7vqp_SbS-8P-w,ReLive_灰妲 DaDa,https://www.youtube.com/channel/UCx7GU8C3cr7vqp_SbS-8P-w,Video game culture,6114514,1736,52300
UCBISmsjpeOHFCLVmQXigeMw,Keep Running kênh Việtnam,https://www.youtube.com/channel/UCBISmsjpeOHFCLVmQXigeMw,Entertainment,129406424,2212,266000
UCWoYn-EFLE1AtRFQp0Jfs3w,Keep Running ประเทศไทย,https://www.youtube.com/channel/UCWoYn-EFLE1AtRFQp0Jfs3w,Television program,13017293,718,51100
UCa1Tgj7qikpdI-juBZ0HRug,Keep Running Malaysia,https://www.youtube.com/channel/UCa1Tgj7qikpdI-juBZ0HRug,Entertainment,191110869,3336,112000
UCHTnX0CSX_KObo5I9WuZ64g,YuNi - official channel -,https://www.youtube.com/channel/UCHTnX0CSX_KObo5I9WuZ64g,Music of Asia,148680016,637,382000
UC0UKL0fIkNUANaGAgqFERbg,irucaice / いるかアイス,https://www.youtube.com/channel/UC0UKL0fIkNUANaGAgqFERbg,Music video game,11358682,209,46200
UC9AYHlE2OLcMlZJo3MBlfkQ,cosMo@bousouP Official Channel,https://www.youtube.com/channel/UC9AYHlE2OLcMlZJo3MBlfkQ,Music of Asia,205332470,109,569000
UCcXakhq6f5aLOloAvC-GclQ,Sotomogi,https://www.youtube.com/channel/UCcXakhq6f5aLOloAvC-GclQ,Music of Asia,1646036,97,30700
UCm_1n9F3A6pz-Ms2NP93tBA,音楽的同位体 可不・星界・裏命・狐子・羽累 Musical Isotope,https://www.youtube.com/channel/UCm_1n9F3A6pz-Ms2NP93tBA,Music of Asia,9575468,115,111000
UCG5X0VE9kGhT3Hluuw1PcUg,マホトア豆腐店,https://www.youtube.com/channel/UCG5X0VE9kGhT3Hluuw1PcUg,Electronic music,180133,23,1210
UCOr0o1qvib-TDaCUEdrbtPA,kitanoyus,https://www.youtube.com/channel/UCOr0o1qvib-TDaCUEdrbtPA,Film,216926,46,1310
UChl7kAxzdXCUQDQzk5Qm30g,wotaku,https://www.youtube.com/channel/UChl7kAxzdXCUQDQzk5Qm30g,Music of Asia,150982393,134,412000
UCz-IailvAsZZK9_By6ZAnfA,どーぱみん,https://www.youtube.com/channel/UCz-IailvAsZZK9_By6ZAnfA,Music of Asia,7610234,82,34000
UCggV1GgBVYxT4NGpt2VYyMQ,namigroove,https://www.youtube.com/channel/UCggV1GgBVYxT4NGpt2VYyMQ,Music,39799887,238,103000
UClryHGaP83tejN3oGqvRZFA,夏山よつぎ,https://www.youtube.com/channel/UClryHGaP83tejN3oGqvRZFA,Film,23799316,142,68400
UCwl_hcsJW11pZiteJsajxEw,只野 楓 / A4。,https://www.youtube.com/channel/UCwl_hcsJW11pZiteJsajxEw,Pop music,12694603,73,44700
UCfakqZayQe_kTH6IPD6kXKg,LouieZongVEVO,https://www.youtube.com/channel/UCfakqZayQe_kTH6IPD6kXKg,Music,3780,1,3
UCDsaRDKTCsGBJMUKx-KtukA,Jamie Paige / JamieP,https://www.youtube.com/channel/UCDsaRDKTCsGBJMUKx-KtukA,Music of Asia,110644943,17,314000
UCNm885IMpFM5k-7ICGdMs7w,Vane Lily,https://www.youtube.com/channel/UCNm885IMpFM5k-7ICGdMs7w,Electronic music,139481316,43,307000
UCo68uWcA0lTpPlvVTm3nojQ,ricedeity,https://www.youtube.com/channel/UCo68uWcA0lTpPlvVTm3nojQ,Pop music,9499755,43,45100
UCcI0OYCT-mRuf_3cURyDJzA,khee chuu,https://www.youtube.com/channel/UCcI0OYCT-mRuf_3cURyDJzA,Action-adventure game,8248109,278,59500
UCBFgXkSMHi7v0fbETq68zow,CheezItsAreYummy,https://www.youtube.com/channel/UCBFgXkSMHi7v0fbETq68zow,Electronic music,10645633,187,39900
UCLJ2yAEt9pzOqJnchW9Q8dA,Edlinklover,https://www.youtube.com/channel/UCLJ2yAEt9pzOqJnchW9Q8dA,Video game culture,26478,10,750
UCoR82EwAPKf0D7DZhr-QYdQ,friendxp,https://www.youtube.com/channel/UCoR82EwAPKf0D7DZhr-QYdQ,Music of Asia,430569,24,2850
UC43WomfrHDRB6ETeKnNQfUg,ivylare,https://www.youtube.com/channel/UC43WomfrHDRB6ETeKnNQfUg,Pop music,97524,54,1200
UCpToE5VBKZOPYev0llwFvOw,suzie,https://www.youtube.com/channel/UCpToE5VBKZOPYev0llwFvOw,Music of Asia,37542431,77,151000
UCbqqGrk6R24GUb9aPTqvqVw,VocaCircus,https://www.youtube.com/channel/UCbqqGrk6R24GUb9aPTqvqVw,Electronic music,151641886,135,329000
UCLiIT1BzIwxLYKvVJXyvgBQ,enid ch.,https://www.youtube.com/channel/UCLiIT1BzIwxLYKvVJXyvgBQ,Action game,3072,18,317
UCnOBaBYMfILK_IV8W22g_XQ,Mikan Project,https://www.youtube.com/channel/UCnOBaBYMfILK_IV8W22g_XQ,Entertainment,6832,9,345
UCyUK_5nPZV5nbPMTSQ9bF0g,Yerevanhousecommunity,https://www.youtube.com/channel/UCyUK_5nPZV5nbPMTSQ9bF0g,,1786,1,21
UC8Ib-XXYNYJTycmQ3jeH1Ug,HUNCHO JOSHI,https://www.youtube.com/channel/UC8Ib-XXYNYJTycmQ3jeH1Ug,Film,464171,333,3010
UCCwUeT5NSf0nwWGlAchZPoQ,JustDan Beats,https://www.youtube.com/channel/UCCwUeT5NSf0nwWGlAchZPoQ,Music,90292533,745,216000
UCEAmxa7oCprEFEwiP-dc0sg,SanchoWest Fortnite,https://www.youtube.com/channel/UCEAmxa7oCprEFEwiP-dc0sg,Role-playing video game,48581465,2737,75900
UCHaI3nApNygH9pFy3Q025ng,Zenn,https://www.youtube.com/channel/UCHaI3nApNygH9pFy3Q025ng,Action game,13528316,70,208000
UCQJeE0OumzhvzFBJBtzdM5w,npen,https://www.youtube.com/channel/UCQJeE0OumzhvzFBJBtzdM5w,Action-adventure game,16845289,702,62800
UCrkczetjm8_lbYKlCD4E1fw,LEGIQN,https://www.youtube.com/channel/UCrkczetjm8_lbYKlCD4E1fw,Role-playing video game,126977396,1385,863000
UCQmE9qgzRd2eGqJ1Z2ACl5A,Alienware,https://www.youtube.com/channel/UCQmE9qgzRd2eGqJ1Z2ACl5A,Technology,8310807,204,237000
UCGQwodjaym11y-y3IyKZAiQ,SavageMike,https://www.youtube.com/channel/UCGQwodjaym11y-y3IyKZAiQ,Role-playing video game,390229007,2317,534000
UCtXXTHvX5FyQkduUTxvOZzw,Aid,https://www.youtube.com/channel/UCtXXTHvX5FyQkduUTxvOZzw,Action game,2504710245,1531,1840000
UCVDYbtRWurLxFk4lsqI3W4g,CouRage Shorts,https://www.youtube.com/channel/UCVDYbtRWurLxFk4lsqI3W4g,Action game,378351587,205,767000
UCd8NFPdgSZcQth4fcQZulEQ,Symfuhny,https://www.youtube.com/channel/UCd8NFPdgSZcQth4fcQZulEQ,Role-playing video game,93651562,1111,1010000
UCDogdKl7t7NHzQ95aEwkdMw,Sidemen,https://www.youtube.com/channel/UCDogdKl7t7NHzQ95aEwkdMw,Sport,7837834431,488,23300000
UCVtFOytbRpEvzLjvqGG5gxQ,KSI Music,https://www.youtube.com/channel/UCVtFOytbRpEvzLjvqGG5gxQ,Electronic music,6038154138,1250,24800000
UCPbGiUt4Yu8EsaFM-KAmgjg,Grizzy,https://www.youtube.com/channel/UCPbGiUt4Yu8EsaFM-KAmgjg,Role-playing video game,574820179,922,2240000
UCctNbNYKhhzSKXH60vB7x4A,Cloakzy,https://www.youtube.com/channel/UCctNbNYKhhzSKXH60vB7x4A,Role-playing video game,137370084,1704,1320000
UCCsj3Uk-cuVQejdoX-Pc_Lg,MagicofRahat,https://www.youtube.com/channel/UCCsj3Uk-cuVQejdoX-Pc_Lg,Film,1563839655,279,7320000
UCagoz5xdDQtz4HLtNOuMkUw,Justin Willman,https://www.youtube.com/channel/UCagoz5xdDQtz4HLtNOuMkUw,Film,118548830,570,170000
UCnyxus3H0_-F8Q6gQTkg41g,Danny Mullen,https://www.youtube.com/channel/UCnyxus3H0_-F8Q6gQTkg41g,Entertainment,167217109,414,884000
UCytgnJE6TrzTTq19GYCOyTg,Tyler Blanchard,https://www.youtube.com/channel/UCytgnJE6TrzTTq19GYCOyTg,Entertainment,3342168222,247,4740000
UCC3QcELzK0ioPW2sBJXAHEw,Splashway Waterpark & Campgrounds,https://www.youtube.com/channel/UCC3QcELzK0ioPW2sBJXAHEw,Lifestyle (sociology),1312010470,530,2200000
UCZcKjBfT0e4gpm1DdmwQKsw,Hope LaVine,https://www.youtube.com/channel/UCZcKjBfT0e4gpm1DdmwQKsw,Lifestyle (sociology),132218545,271,90700
UCTevXUV9L6_hgvFlLDMmf1w,FaZe,https://www.youtube.com/channel/UCTevXUV9L6_hgvFlLDMmf1w,Lifestyle (sociology),73785655,52,665000
UCb9iyrxkhvfG2mLUuI_1eUQ,Rakai Live,https://www.youtube.com/channel/UCb9iyrxkhvfG2mLUuI_1eUQ,Lifestyle (sociology),247139903,1162,1100000
UCey-eDTR5J6xU6pZ2f4guoA,Adin Live,https://www.youtube.com/channel/UCey-eDTR5J6xU6pZ2f4guoA,Mixed martial arts,1692070486,2975,4620000
UCsiqlKIUDHZJVG4smMvhF4w,N3ON,https://www.youtube.com/channel/UCsiqlKIUDHZJVG4smMvhF4w,Lifestyle (sociology),359715871,2319,1110000
UCGgJAPk89HEfrPDPhbxHFSA,Sam Fernandez,https://www.youtube.com/channel/UCGgJAPk89HEfrPDPhbxHFSA,Lifestyle (sociology),4113097,46,19800
UCnmgJmPEGl32RGkOL8nhWJA,Brocky,https://www.youtube.com/channel/UCnmgJmPEGl32RGkOL8nhWJA,Strategy video game,789558,18,20200
UCXT06hjHOF6ERJ5Zydr4e-A,SnuffyFluffy,https://www.youtube.com/channel/UCXT06hjHOF6ERJ5Zydr4e-A,Role-playing video game,146074,22,21100
UC3xvVkOrs3HV567JY4ERKjw,Washed,https://www.youtube.com/channel/UC3xvVkOrs3HV567JY4ERKjw,Action game,493137,6,120000
UC5KQq8QVBOLAMwUNnjpXwbw,Kira,https://www.youtube.com/channel/UC5KQq8QVBOLAMwUNnjpXwbw,Action-adventure game,767665,59,23400
UCgON8HBBSs1YzkqS_M6o4AA,Wally1k,https://www.youtube.com/channel/UCgON8HBBSs1YzkqS_M6o4AA,Action game,59962347,336,480000
UCFMv8zxmt6bc4lVKyT2PniQ,Konfuzion,https://www.youtube.com/channel/UCFMv8zxmt6bc4lVKyT2PniQ,Strategy video game,56729509,106,443000
UCVCe4uqy-3f8Ee7dFvZllug,hJune,https://www.youtube.com/channel/UCVCe4uqy-3f8Ee7dFvZllug,Action-adventure game,69769336,363,591000
UCj-wTLj0p0YvTkS-9-ACm0A,Blooprint,https://www.youtube.com/channel/UCj-wTLj0p0YvTkS-9-ACm0A,Role-playing video game,528492545,290,2490000
UCzOfLNkiScJp3U_h_QlvHHg,Willjum,https://www.youtube.com/channel/UCzOfLNkiScJp3U_h_QlvHHg,Strategy video game,423614715,424,1940000
UC4eLhoPOULG6g66v_w-irXQ,Miloš,https://www.youtube.com/channel/UC4eLhoPOULG6g66v_w-irXQ,Action-adventure game,11269,6,158
UCYLykz0SL1BiAzRoKPyuxMw,ReeceR,https://www.youtube.com/channel/UCYLykz0SL1BiAzRoKPyuxMw,Action-adventure game,8022,11,131
UCgivJUSEde-VsQGFWYFN0NQ,Cam,https://www.youtube.com/channel/UCgivJUSEde-VsQGFWYFN0NQ,Role-playing video game,6214670,85,55400
UCGSN_cIgIcBYZhumot7LXhg,LolaIndigoVEVO,https://www.youtube.com/channel/UCGSN_cIgIcBYZhumot7LXhg,Electronic music,1121313616,71,208000
UC7DIEFF46WmrUNhUK_ZmV5g,SDMofficielVEVO,https://www.youtube.com/channel/UC7DIEFF46WmrUNhUK_ZmV5g,Rhythm and blues,30854795,5,234
UC5M-zwNtSM_M2-J-wyRgl4g,TIAKOLA,https://www.youtube.com/channel/UC5M-zwNtSM_M2-J-wyRgl4g,Pop music,797756343,65,1650000
UCLkNcN2ort4Rf5VcL1cfx0A,Bassoonify,https://www.youtube.com/channel/UCLkNcN2ort4Rf5VcL1cfx0A,Music,1345615,47,8660
UCVzglaKuLai2OwCOyG7AOiA,Medllix,https://www.youtube.com/channel/UCVzglaKuLai2OwCOyG7AOiA,Classical music,441054,35,4530
UCAnb4PnS1cc4k3L_rouYSxw,zingerz,https://www.youtube.com/channel/UCAnb4PnS1cc4k3L_rouYSxw,Jazz,914143,43,14600
UCfgFnHXoUvMiWxVB8ALnX5g,dystopian tanuki,https://www.youtube.com/channel/UCfgFnHXoUvMiWxVB8ALnX5g,Music,859457,137,10100
UC6D6iPcrcPhAb6970f7LCcw,IvanB,https://www.youtube.com/channel/UC6D6iPcrcPhAb6970f7LCcw,Technology,280920,26,1660
UCe5DHZEhaPnxFX6wriSiu5g,MAGGIERAPS,https://www.youtube.com/channel/UCe5DHZEhaPnxFX6wriSiu5g,Hip hop music,1037,3,39
UCb1gWOLQPCgUl_WY-zSvL7A,SixteenInMono,https://www.youtube.com/channel/UCb1gWOLQPCgUl_WY-zSvL7A,Rock music,5139858,145,26700
UCAz5JW1_oryewk0eR-eP7Bw,Tubbo,https://www.youtube.com/channel/UCAz5JW1_oryewk0eR-eP7Bw,Lifestyle (sociology),78277870,63,2690000
UCmkTBtGbf0gSPnHN_slNrOQ,Caleb Hyles,https://www.youtube.com/channel/UCmkTBtGbf0gSPnHN_slNrOQ,Rock music,797800923,1142,1830000
UCmuobr4DmrmLI1BaGZD3p5w,annapantsu,https://www.youtube.com/channel/UCmuobr4DmrmLI1BaGZD3p5w,Music,942925724,387,1850000
UC7TCBDOEA3rkyi1DceRx2eQ,Ryan Lafford,https://www.youtube.com/channel/UC7TCBDOEA3rkyi1DceRx2eQ,Video game culture,702041,48,6400
UC-9jtC-fuSz0Qs08YCZVzeg,Tre Watson,https://www.youtube.com/channel/UC-9jtC-fuSz0Qs08YCZVzeg,Rock music,3922315,205,40300
UCYYry2Bwe6SfJ-kqUfhQbfQ,Silva Hound,https://www.youtube.com/channel/UCYYry2Bwe6SfJ-kqUfhQbfQ,Electronic music,53268830,135,155000
UC4yb1fKSvCkKes6Kw41wRag,TheOneWhoEdits,https://www.youtube.com/channel/UC4yb1fKSvCkKes6Kw41wRag,Music,34071666,77,290000
UCCZ_iU8loe5ds25r4iHsrgQ,McGwire,https://www.youtube.com/channel/UCCZ_iU8loe5ds25r4iHsrgQ,Video game culture,26238177,333,53300
UCIFgOdb3qF5RUHwORP_XFgA,Thrizzy,https://www.youtube.com/channel/UCIFgOdb3qF5RUHwORP_XFgA,Independent music,353228,7,2020
UCZucaR26EKPH_U4HW2djLzQ,Glitch Whisper,https://www.youtube.com/channel/UCZucaR26EKPH_U4HW2djLzQ,Action game,13485723,117,38500
UCqwowzhSTaRdGqZ80Gb0GBQ,GameboyJones,https://www.youtube.com/channel/UCqwowzhSTaRdGqZ80Gb0GBQ,Music,150586241,542,454000
UCFbfFv3bjWctmO2IQoHLiHg,HalaCG,https://www.youtube.com/channel/UCFbfFv3bjWctmO2IQoHLiHg,Electronic music,118550677,176,233000
UCPBxxpnijSZhPvxb1RyJP1w,DenDen5_sculpts,https://www.youtube.com/channel/UCPBxxpnijSZhPvxb1RyJP1w,Film,185497,11,1050
UCmSzil13YD_XmADLT9PBBBg,Breeton Boi,https://www.youtube.com/channel/UCmSzil13YD_XmADLT9PBBBg,Hip hop music,28374434,281,63900
UCGYhSRkssfQRwgzkvD97qNg,Callon B,https://www.youtube.com/channel/UCGYhSRkssfQRwgzkvD97qNg,Music,591539,540,3330
UCQKBhMmTXoZW5NSUNKIR3bg,Wülf Boi,https://www.youtube.com/channel/UCQKBhMmTXoZW5NSUNKIR3bg,Electronic music,310069,164,3520
UCjsUCGBofGpdxtwVURGzR2A,Callie Mae,https://www.youtube.com/channel/UCjsUCGBofGpdxtwVURGzR2A,Electronic music,5411100,229,17900
UC6_L7fnczNalFZyBthUE9oA,Jakeneutron,https://www.youtube.com/channel/UC6_L7fnczNalFZyBthUE9oA,Pop music,662648942,995,1860000
UCWSZlJFcfm4TsQtjZBMbg4g,SCARY KID STUDIOS,https://www.youtube.com/channel/UCWSZlJFcfm4TsQtjZBMbg4g,Action-adventure game,523014,57,5710
UCFYMDSW-BzeYZKFSxROw3Rg,The Living Tombstone,https://www.youtube.com/channel/UCFYMDSW-BzeYZKFSxROw3Rg,Video game culture,4224379302,317,9120000
UC48fXF20iLbWnKMOYx248Eg,Deputy Rust,https://www.youtube.com/channel/UC48fXF20iLbWnKMOYx248Eg,Entertainment,317389,99,12400
UC8dXwMlwVotPmzCgvN7EkyQ,KHtheKARTOONiST,https://www.youtube.com/channel/UC8dXwMlwVotPmzCgvN7EkyQ,Entertainment,4774414,155,25900
UClE8c2-Q9rYwOApdf3OuTAA,zayJax,https://www.youtube.com/channel/UClE8c2-Q9rYwOApdf3OuTAA,Film,2091298,24,10100
UCpG_tPlsIkdPJJ77c9tIfWQ,is0kenny,https://www.youtube.com/channel/UCpG_tPlsIkdPJJ77c9tIfWQ,Music,244677694,1172,1000000
UCHyWlppyelhTaxf9BC8H8PA,MrMeta Stats,https://www.youtube.com/channel/UCHyWlppyelhTaxf9BC8H8PA,,683250,277,2610
UCTXjlJy0yfMgDdPEaV1NWpg,Staterested,https://www.youtube.com/channel/UCTXjlJy0yfMgDdPEaV1NWpg,Knowledge,2125516,1115,10700
UClwIEnjZz02c4CBe_1UNIDg,Trey Yates,https://www.youtube.com/channel/UClwIEnjZz02c4CBe_1UNIDg,Action-adventure game,814631,300,12400
UCr1kbyiJzl-x5YYDxhYJuPw,MoreCaseOh,https://www.youtube.com/channel/UCr1kbyiJzl-x5YYDxhYJuPw,Action game,581209220,2066,2470000
UC4DP6Lra7Pi0sM0cpKw5MOw,ИГОРЬ ЛИПСИЦ,https://www.youtube.com/channel/UC4DP6Lra7Pi0sM0cpKw5MOw,Society,71783127,1307,307000
UCB9WOAf7gaCLiFnB2R46TIw,Роман Цимбалюк,https://www.youtube.com/channel/UCB9WOAf7gaCLiFnB2R46TIw,Politics,1102778256,7236,1440000
UCLvLAifAoZQUhlYO4t_TQ2A,ВОТ ЧТО,https://www.youtube.com/channel/UCLvLAifAoZQUhlYO4t_TQ2A,Society,689608502,3008,867000
UCcJqlQ6QiejqMJjVg-K56vQ,Александр Демченко,https://www.youtube.com/channel/UCcJqlQ6QiejqMJjVg-K56vQ,Society,54518200,557,179000
UC8Wptjp2-WD6ZFBX_39FVSQ,Justin Hughes,https://www.youtube.com/channel/UC8Wptjp2-WD6ZFBX_39FVSQ,Hip hop music,11421,25,1320
UCU_qXbSw1BIWiwWrNwek_Ew,Affax,https://www.youtube.com/channel/UCU_qXbSw1BIWiwWrNwek_Ew,Video game culture,99176,3,1480
UCvBE52PK51yJTLMT4QzcTTQ,Dorbellprod,https://www.youtube.com/channel/UCvBE52PK51yJTLMT4QzcTTQ,Puzzle video game,14581,5,2050
UCIabPXjvT5BVTxRDPCBBOOQ,Dani,https://www.youtube.com/channel/UCIabPXjvT5BVTxRDPCBBOOQ,Role-playing video game,297561874,68,3570000
UC_p_9arduPuxM8DHTGIuSOg,Jonas Tyroller,https://www.youtube.com/channel/UC_p_9arduPuxM8DHTGIuSOg,Strategy video game,22958481,294,231000
UCl7dSJloxuCa9IBFml7sakw,PolyMarsDev,https://www.youtube.com/channel/UCl7dSJloxuCa9IBFml7sakw,Action game,22133111,26,273000
UCbxiFqbJKcGPXNJw9EeV90w,Elijah Law,https://www.youtube.com/channel/UCbxiFqbJKcGPXNJw9EeV90w,Music,982,1,3960
UCUmLRMERmJrmUtgnbFfknAg,randy,https://www.youtube.com/channel/UCUmLRMERmJrmUtgnbFfknAg,Action-adventure game,9038537,133,278000
UChl_NKOs1qqh_x7yJfaDpDw,Tantan,https://www.youtube.com/channel/UChl_NKOs1qqh_x7yJfaDpDw,Role-playing video game,3371350,76,47300
UCjal8aQDDOFLEot_W2tG84g,undisclosed channel name,https://www.youtube.com/channel/UCjal8aQDDOFLEot_W2tG84g,Role-playing video game,0,0,240
UCaYNVIORCDQ30YKHlCbFkCQ,supershigi,https://www.youtube.com/channel/UCaYNVIORCDQ30YKHlCbFkCQ,Strategy video game,409751787,289,1500000
UCklk666oOZN25cRyV5f85Bw,Shay Cook (K9 Shay),https://www.youtube.com/channel/UCklk666oOZN25cRyV5f85Bw,Pet,7527,63,136
UCEq2PYMnBNWNzrG69Lm9oXQ,Custom Aquariums,https://www.youtube.com/channel/UCEq2PYMnBNWNzrG69Lm9oXQ,Lifestyle (sociology),3763414,212,13300
UCs_H7Ry5XKs4wjYhYGI8rzw,Ponder,https://www.youtube.com/channel/UCs_H7Ry5XKs4wjYhYGI8rzw,Electronic music,732184,116,2300
UCJWjiXxsH7Nb2354JHI4q0Q,T-Mobile,https://www.youtube.com/channel/UCJWjiXxsH7Nb2354JHI4q0Q,Technology,274451316,973,610000
UCafxR2HWJRmMfSdyZXvZMTw,LOOK MUM NO COMPUTER,https://www.youtube.com/channel/UCafxR2HWJRmMfSdyZXvZMTw,Technology,96148958,774,739000
UCkjiScisYL0Kws0Zsk2YTVQ,m4x,https://www.youtube.com/channel/UCkjiScisYL0Kws0Zsk2YTVQ,Entertainment,20902054,610,14600
UC5UoBrrpfUDOzb4n6Cwtoww,Reminisce.,https://www.youtube.com/channel/UC5UoBrrpfUDOzb4n6Cwtoww,Strategy video game,21909,31,128
UC6wAOXWeHqXFlhOpuyOcUCA,Talovarts - TLO (Main),https://www.youtube.com/channel/UC6wAOXWeHqXFlhOpuyOcUCA,Lifestyle (sociology),265,4,8
UCfPgvpTVkGhY05Y3Gg6CbDw,worldofxtra,https://www.youtube.com/channel/UCfPgvpTVkGhY05Y3Gg6CbDw,Food,178256208,514,1060000
UCzjMLq5pbcpAMCCYW92yJbQ,Rowan Steyn 3D,https://www.youtube.com/channel/UCzjMLq5pbcpAMCCYW92yJbQ,Lifestyle (sociology),122352,459,1490
UCJB5HVP851yu1DYpnesm0hg,Alexandros T,https://www.youtube.com/channel/UCJB5HVP851yu1DYpnesm0hg,Music,2987,2,36
UCpbY17JlE2OTi-4aO7b1FmA,Motorcycle Dreams,https://www.youtube.com/channel/UCpbY17JlE2OTi-4aO7b1FmA,Vehicle,363290,47,1530
UCWBjfiypvusK44o9AC9T49g,Besso0,https://www.youtube.com/channel/UCWBjfiypvusK44o9AC9T49g,Music,534013,1,1280
UCxMvBVO4oPM7V0nQU3DwU-g,Tanoshi,https://www.youtube.com/channel/UCxMvBVO4oPM7V0nQU3DwU-g,Action game,2177065,1188,4390
UCerc0TvJ33bhEjtKyauXWpQ,DustyGogoat,https://www.youtube.com/channel/UCerc0TvJ33bhEjtKyauXWpQ,Action-adventure game,10843824,216,30100
UCiOMGzGS-mK1vyPQ4h_kt5g,SoulSilverArt,https://www.youtube.com/channel/UCiOMGzGS-mK1vyPQ4h_kt5g,Action-adventure game,59065,105,2140
UComJjpEGvbavdpH7zpNZRxg,Lore Keeper Toby,https://www.youtube.com/channel/UComJjpEGvbavdpH7zpNZRxg,Action game,12471958,110,298000
UCugriktWCA3YRLx7RHvQCFg,HoopsandHipHop,https://www.youtube.com/channel/UCugriktWCA3YRLx7RHvQCFg,Video game culture,166138716,1629,429000
UCw0FZbUEuTz5biFJ7XzoYSQ,CharicificValleyT,https://www.youtube.com/channel/UCw0FZbUEuTz5biFJ7XzoYSQ,Action-adventure game,87794,371,984
UCYhq_V9OLCI7aastE0G8zBA,あおいちゃん,https://www.youtube.com/channel/UCYhq_V9OLCI7aastE0G8zBA,Role-playing video game,40444741,162,127000
UCN7PqlXD9c5owpmZtrspVsw,EigHt,https://www.youtube.com/channel/UCN7PqlXD9c5owpmZtrspVsw,Electronic music,15049314,74,51500
UCrApZGe8ZlRy1T1Ud4KQwFQ,PokeRemixStudio,https://www.youtube.com/channel/UCrApZGe8ZlRy1T1Ud4KQwFQ,Role-playing video game,43961519,101,73500
UCt9_oveY1S0tOaFtbtPMeWg,nons works,https://www.youtube.com/channel/UCt9_oveY1S0tOaFtbtPMeWg,Music,13656458,179,37300
UC3lnJuLsHSZnlcivMjZFmZQ,へろー//,https://www.youtube.com/channel/UC3lnJuLsHSZnlcivMjZFmZQ,Video game culture,13779481,2686,36300
UCDtcTrnmDBLAmDfH8BCMVVg,りどのチャンネル,https://www.youtube.com/channel/UCDtcTrnmDBLAmDfH8BCMVVg,Action game,4247554,386,20800
UCpeS9wqRVa7NkKheBb-jJQA,タナのぶろぐ - YouTube速報,https://www.youtube.com/channel/UCpeS9wqRVa7NkKheBb-jJQA,,0,0,59
UCV8ASQ3pgshhYzsXThkaUvA,こうや,https://www.youtube.com/channel/UCV8ASQ3pgshhYzsXThkaUvA,Action game,62908,112,368
UCPPllaNj9i1jKlvK3HmEFuw,ベルンbern,https://www.youtube.com/channel/UCPPllaNj9i1jKlvK3HmEFuw,Action game,21747912,1195,20000
UCAxZg_u4S5QN9c6FG1Znxbg,グリンカッツの研究所,https://www.youtube.com/channel/UCAxZg_u4S5QN9c6FG1Znxbg,Action game,262066,178,2270
UCaEfwwGDuM44x7YhMmpfyAg,きみゆめ【公式】,https://www.youtube.com/channel/UCaEfwwGDuM44x7YhMmpfyAg,Entertainment,57837645,188,134000
UC1Tlje8tyV0fejlnbNdrvsA,サムライ翔,https://www.youtube.com/channel/UC1Tlje8tyV0fejlnbNdrvsA,Film,576863707,235,1040000
UChsqu8g9SRU9GDvw4EExTyQ,KAITOストーリー,https://www.youtube.com/channel/UChsqu8g9SRU9GDvw4EExTyQ,Film,707495386,1032,962000
UCe7MlnaxzpUZve253jOXJoQ,りあんじゃないyo.,https://www.youtube.com/channel/UCe7MlnaxzpUZve253jOXJoQ,Lifestyle (sociology),30843281,288,91600
UCAY8JQWE18AxhvSMTTs9bIQ,らいふがーど,https://www.youtube.com/channel/UCAY8JQWE18AxhvSMTTs9bIQ,Action-adventure game,64748320,704,183000
UCD0gkJpb0PBY-Nh_mH48tfQ,Polsポルス,https://www.youtube.com/channel/UCD0gkJpb0PBY-Nh_mH48tfQ,Action-adventure game,175267010,3766,208000
UCtQ74RU_J-VhQZX255-WLYw,くらら,https://www.youtube.com/channel/UCtQ74RU_J-VhQZX255-WLYw,Action game,208205534,1757,272000
UCIePNTYsCYSd3o13zXKLOrg,アニソンカラオケ制作室:野田工房,https://www.youtube.com/channel/UCIePNTYsCYSd3o13zXKLOrg,Music,18407069,246,46200
UCMb3GM82bJL7JW1t9e6UEvQ,さんしあ【びじぱと】,https://www.youtube.com/channel/UCMb3GM82bJL7JW1t9e6UEvQ,Action game,43615550,780,87500
UCks-DAfflbJtUwy01rwJaGQ,しろせんせー,https://www.youtube.com/channel/UCks-DAfflbJtUwy01rwJaGQ,Video game culture,130359452,209,391000
UCNwP0ghb6J-xRSTqM3sXVXA,WHITEBOX,https://www.youtube.com/channel/UCNwP0ghb6J-xRSTqM3sXVXA,Music,608879371,1841,621000
UCNhplGFoeT_ylmw0MNP_LqA,NIJIIRO ZAMURAI,https://www.youtube.com/channel/UCNhplGFoeT_ylmw0MNP_LqA,Pop music,720052296,975,1820000
UCZwXiIKBc9ok5QsOqXk5kiw,川崎鷹也【公式】,https://www.youtube.com/channel/UCZwXiIKBc9ok5QsOqXk5kiw,Music,342613940,473,651000
UC9eX-yFQNy_puCqa-QIKD0Q,高瀬統也 - Takase Toya,https://www.youtube.com/channel/UC9eX-yFQNy_puCqa-QIKD0Q,Pop music,91699200,211,118000
UCJB1hgmiAD4ysg0Ao7uS8Rw,Hanon,https://www.youtube.com/channel/UCJB1hgmiAD4ysg0Ao7uS8Rw,Music of Asia,139166366,341,332000
UCYRSuz5cmJeSNnGB7jedITg,MARUMOCHI from HoneyWorks,https://www.youtube.com/channel/UCYRSuz5cmJeSNnGB7jedITg,Music of Asia,64276849,232,193000
UCTi_rzf5QIkXjhJjkbcAdTg,緑仙の遊び場,https://www.youtube.com/channel/UCTi_rzf5QIkXjhJjkbcAdTg,Role-playing video game,4151070,94,92800
UC4l9gz3q65lTBFfFtW5LLeA,渡会雲雀 / Watarai Hibari,https://www.youtube.com/channel/UC4l9gz3q65lTBFfFtW5LLeA,Video game culture,240132541,980,637000
UCE6y9y5aDYL6ZMziu3CnSBw,Re:Re:Re:TUNE,https://www.youtube.com/channel/UCE6y9y5aDYL6ZMziu3CnSBw,Pop music,69495048,335,1880000
UCNTf7ZKptL1prA2AfUMuFIw,くにくんOfficial,https://www.youtube.com/channel/UCNTf7ZKptL1prA2AfUMuFIw,Film,8910299,207,81700
UCSAFgtALLOrJ7P5yJh7YbPw,うるみや,https://www.youtube.com/channel/UCSAFgtALLOrJ7P5yJh7YbPw,Music of Asia,2490342,39,27200
UCkevX8TzdLiIS12WPwKTS7A,If Voice Channel,https://www.youtube.com/channel/UCkevX8TzdLiIS12WPwKTS7A,Music of Asia,186374893,909,234000
UCqEmTmyRamfTHxCVYR_gluA,Yusuke ch.悠佑,https://www.youtube.com/channel/UCqEmTmyRamfTHxCVYR_gluA,Music of Asia,58446284,435,168000
UC8mw-7p1VCpW1PvE3WZvmLQ,bellflare,https://www.youtube.com/channel/UC8mw-7p1VCpW1PvE3WZvmLQ,Pop music,16464791,77,54400
UCRo9X4fi28EBGc4ABdSW_kg,青木葉,https://www.youtube.com/channel/UCRo9X4fi28EBGc4ABdSW_kg,Pop music,26497275,243,85700
UCKZRL75vTjqbgd0WVdqF3Qg,天月-あまつき-YouTube Official Channel,https://www.youtube.com/channel/UCKZRL75vTjqbgd0WVdqF3Qg,Music of Asia,1271977324,413,2020000
UCUw-A6ukSFra1ksrxO5sBag,Relu,https://www.youtube.com/channel/UCUw-A6ukSFra1ksrxO5sBag,Music,30817981,253,116000
UCJxIK02Po3xa46jG9RtbGYA,しの,https://www.youtube.com/channel/UCJxIK02Po3xa46jG9RtbGYA,Music of Asia,1473073,30,32600
UCaIknTQMyeA4rNtUPTZPZAA,Coe.,https://www.youtube.com/channel/UCaIknTQMyeA4rNtUPTZPZAA,Music of Asia,46230261,341,137000
UCRDBQBV4msi1L7Zu7p-eLpQ,もえあずの白子,https://www.youtube.com/channel/UCRDBQBV4msi1L7Zu7p-eLpQ,Lifestyle (sociology),907482,33,11600
UCDvZpvrjCMfNDMasZEmkFuQ,TOLAND VLOG,https://www.youtube.com/channel/UCDvZpvrjCMfNDMasZEmkFuQ,Knowledge,248351106,601,973000
UCIYs6nBtvkXWjTNZWNRtD-g,ナナフシギ【公式】,https://www.youtube.com/channel/UCIYs6nBtvkXWjTNZWNRtD-g,Entertainment,367938227,4025,551000
UCliZ4UHWUq2Y3rWdjqekxsQ,ミルクティー飲みたい,https://www.youtube.com/channel/UCliZ4UHWUq2Y3rWdjqekxsQ,Society,149835848,428,643000
UCvral4FSI9dOOUV-yRloawA,ウマヅラビデオ,https://www.youtube.com/channel/UCvral4FSI9dOOUV-yRloawA,Society,1064793537,3101,1440000
UC642pLj4GXSj-0Ybdx3ytmA,Japanese Ninja Kajisac TV,https://www.youtube.com/channel/UC642pLj4GXSj-0Ybdx3ytmA,Food,2544905655,2404,2440000
UCgEJWJ9sqkgzBuzZd5vjOow,ペット用品専門店くりぃむ,https://www.youtube.com/channel/UCgEJWJ9sqkgzBuzZd5vjOow,Lifestyle (sociology),186449,226,736
UCmms2EE02mK4zdECwrHBpaA,hololive OFFICIAL CARD GAME【公式】,https://www.youtube.com/channel/UCmms2EE02mK4zdECwrHBpaA,Video game culture,2141134,88,32900
UCawGfU44CZxd2ZVf_VGijbA,hololive Dreams ホロライブドリームス,https://www.youtube.com/channel/UCawGfU44CZxd2ZVf_VGijbA,Video game culture,5420111,84,60100
UCfpWrWvbA34LmrZ9h4Lbwag,Holoearth,https://www.youtube.com/channel/UCfpWrWvbA34LmrZ9h4Lbwag,Video game culture,1586738,31,44700
UCp6993wxpyDPHUpavwDFqgg,SoraCh. ときのそらチャンネル,https://www.youtube.com/channel/UCp6993wxpyDPHUpavwDFqgg,Music,289645604,1862,1330000
UChAnqc_AY5_I3Px5dig3X1Q,Korone Ch. 戌神ころね,https://www.youtube.com/channel/UChAnqc_AY5_I3Px5dig3X1Q,Role-playing video game,500642477,1470,2280000
UCs9_O1tRPMQTHQ-N_L6FU2g,Lui ch. 鷹嶺ルイ - holoX -,https://www.youtube.com/channel/UCs9_O1tRPMQTHQ-N_L6FU2g,Music,458385208,2269,1110000
UCZRY9uGGJ4S4JpXT-PXki2g,儒烏風亭らでんの楽屋裏(毎日切り抜き),https://www.youtube.com/channel/UCZRY9uGGJ4S4JpXT-PXki2g,Lifestyle (sociology),625176,15,4010
UC1iA6_NT4mtAcIII6ygrvCw,Hajime Ch. 轟はじめ ‐ ReGLOSS,https://www.youtube.com/channel/UC1iA6_NT4mtAcIII6ygrvCw,Entertainment,503124534,1030,1210000
UC31Q_uUwjOQhZMcovbK6igQ,きら子 / KirakoCh,https://www.youtube.com/channel/UC31Q_uUwjOQhZMcovbK6igQ,Entertainment,701902,493,18600
UCEoAD_2jSLoYQd2MJZxWuxQ,北白川かかぽ / Kakapo Kitashirakawa,https://www.youtube.com/channel/UCEoAD_2jSLoYQd2MJZxWuxQ,Entertainment,2622859,315,43200
UCWQtYtq9EOB4-I5P-3fh8lA,Kanade Ch. 音乃瀬奏 ‐ ReGLOSS,https://www.youtube.com/channel/UCWQtYtq9EOB4-I5P-3fh8lA,Role-playing video game,213483321,905,807000
UCtyWhCj3AqKh2dXctLkDtng,Ririka Ch. 一条莉々華 ‐ ReGLOSS,https://www.youtube.com/channel/UCtyWhCj3AqKh2dXctLkDtng,Action game,118647353,1218,729000
UC6eWCld0KwmyHFbAqK3V-Rw,Koyori ch. 博衣こより - holoX -,https://www.youtube.com/channel/UC6eWCld0KwmyHFbAqK3V-Rw,Music,712758768,3261,1350000
UCWV9E1l5YItrPEAWHoNmieQ,赤見かるび / Karubi Akami,https://www.youtube.com/channel/UCWV9E1l5YItrPEAWHoNmieQ,Action game,247688209,1601,473000
UC_vMYWcDjmfdpH6r4TTn1MQ,Iroha ch. 風真いろは - holoX -,https://www.youtube.com/channel/UC_vMYWcDjmfdpH6r4TTn1MQ,Role-playing video game,300239173,1208,1140000
UC5g0kkbZtBX6_rwRcDSqZBQ,AZKi,https://www.youtube.com/channel/UC5g0kkbZtBX6_rwRcDSqZBQ,Music of Asia,19447277,24,704000
UCUummegUoc-w7EDdk8Ps7BQ,Zen Gunawan【MAHA5】,https://www.youtube.com/channel/UCUummegUoc-w7EDdk8Ps7BQ,Role-playing video game,0,0,211000
UCSFCh5NL4qXrAy9u-u2lX3g,Kuzuha Channel,https://www.youtube.com/channel/UCSFCh5NL4qXrAy9u-u2lX3g,Action game,1682235731,3248,2180000
UCvDIxerLblmV6RgVnW_z7Yw,Kanauru,https://www.youtube.com/channel/UCvDIxerLblmV6RgVnW_z7Yw,Film,114910079,531,395000
UCdyqAaZDKHXg4Ahi7VENThQ,Noel Ch. 白銀ノエル,https://www.youtube.com/channel/UCdyqAaZDKHXg4Ahi7VENThQ,Role-playing video game,445396912,1720,2040000
UCUKD-uaobj9jiqB-VXt71mA,Botan Ch.獅白ぼたん,https://www.youtube.com/channel/UCUKD-uaobj9jiqB-VXt71mA,Role-playing video game,323013574,1624,1580000
UCSvGHPOeL9uBwzNRrj0IWyw,amagumomegane FREE BGM,https://www.youtube.com/channel/UCSvGHPOeL9uBwzNRrj0IWyw,Music,167017,101,995
UCaAm-3HxY1gqxvBX3odjT1g,FUJINEQo Music,https://www.youtube.com/channel/UCaAm-3HxY1gqxvBX3odjT1g,Music,3188385,157,17800
UCir67pOSMAaswHt5dj47KDA,柊 羽音Hiiragi Hanon,https://www.youtube.com/channel/UCir67pOSMAaswHt5dj47KDA,Music of Asia,5501575,169,26400
UCebT4Aq-3XWb5je1S1FvR_A,東堂コハク/ Todo Kohaku [にじさんじ],https://www.youtube.com/channel/UCebT4Aq-3XWb5je1S1FvR_A,Entertainment,60708694,740,200000
UCXW4MqCQn-jCaxlX-nn-BYg,長尾 景 / Nagao Kei【にじさんじ】,https://www.youtube.com/channel/UCXW4MqCQn-jCaxlX-nn-BYg,Video game culture,283266737,2869,542000
UC5dJFf4m-mEcoyJRfhBljoA,セラフ・ダズルガーデン / Seraph Dazzlegarden,https://www.youtube.com/channel/UC5dJFf4m-mEcoyJRfhBljoA,Action game,130801487,978,407000
UCRm6lqtdxs_Qo6HeL-SRQ-w,レイン・パターソン／Lain Paterson【にじさんじ】,https://www.youtube.com/channel/UCRm6lqtdxs_Qo6HeL-SRQ-w,Entertainment,134160507,1886,457000
UC_tyNJ7N8Sz0m58SwivD1Kg,GONZO / タンバリンマスターゴンゾー,https://www.youtube.com/channel/UC_tyNJ7N8Sz0m58SwivD1Kg,Food,11129986,358,45800
UCGw7lrT-rVZCWHfdG9Frcgg,弦月 藤士郎 / Genzuki Tojiro【にじさんじ】,https://www.youtube.com/channel/UCGw7lrT-rVZCWHfdG9Frcgg,Entertainment,103776284,1321,393000
UCBiqkFJljoxAj10SoP2w2Cg,文野環【にじさんじの野良猫】ふみのたまき,https://www.youtube.com/channel/UCBiqkFJljoxAj10SoP2w2Cg,Lifestyle (sociology),70230525,968,434000
UCe22Bcwd_GCpTjLxn83zl7A,先斗寧 / Ponto Nei 【にじさんじ】,https://www.youtube.com/channel/UCe22Bcwd_GCpTjLxn83zl7A,Action game,72382058,1126,310000
UCDqI2jOz0weumE8s7paEk6g,Roboco Ch. - ロボ子,https://www.youtube.com/channel/UCDqI2jOz0weumE8s7paEk6g,Video game culture,168429733,2110,1160000
UCivwPlOp0ojnMPZj5pNOPPA,ソフィア・ヴァレンタイン / Sophia Valentine【にじさんじ】,https://www.youtube.com/channel/UCivwPlOp0ojnMPZj5pNOPPA,Action game,91674845,1284,394000
UCWcek7k9UWt_FyrpWxTgjmw,ItimatuSuzuka,https://www.youtube.com/channel/UCWcek7k9UWt_FyrpWxTgjmw,Music,51209584,486,219000
UC0YCzDj9HuC97mr2BzlaSBg,マサラダ,https://www.youtube.com/channel/UC0YCzDj9HuC97mr2BzlaSBg,Music of Asia,90935358,11,205000
UCL34fAoFim9oHLbVzMKFavQ,夜見れな/yorumi rena【にじさんじ所属】,https://www.youtube.com/channel/UCL34fAoFim9oHLbVzMKFavQ,Role-playing video game,186907327,2275,602000
UCsFn_ueskBkMCEyzCEqAOvg,花畑チャイカ,https://www.youtube.com/channel/UCsFn_ueskBkMCEyzCEqAOvg,Action game,131541073,1411,566000
UCHFXCNcbybDtlnxI7VzKdUA,れもんさわー,https://www.youtube.com/channel/UCHFXCNcbybDtlnxI7VzKdUA,Role-playing video game,539598,6,1550
UCGYAYLDE7TZiiC8U6teciDQ,葉加瀬 冬雪 / Hakase Fuyuki,https://www.youtube.com/channel/UCGYAYLDE7TZiiC8U6teciDQ,Role-playing video game,160115359,2106,475000
UCeLzT-7b2PBcunJplmWtoDg,Patra Channel / 周防パトラ,https://www.youtube.com/channel/UCeLzT-7b2PBcunJplmWtoDg,Role-playing video game,436031274,2893,936000
UCHVXbQzkl3rDfsXWo8xi2qw,アンジュ・カトリーナ - Ange Katrina -,https://www.youtube.com/channel/UCHVXbQzkl3rDfsXWo8xi2qw,Video game culture,332047497,1174,1020000
UCJubINhCcFXlsBwnHp0wl_g,舞元啓介,https://www.youtube.com/channel/UCJubINhCcFXlsBwnHp0wl_g,Role-playing video game,133286161,1025,464000
UCspv01oxUFf_MTSipURRhkA,Kanae Channel,https://www.youtube.com/channel/UCspv01oxUFf_MTSipURRhkA,Video game culture,949633639,4785,1600000
UCZN_yTZNc3IsZaoRUoav2jA,ものch.,https://www.youtube.com/channel/UCZN_yTZNc3IsZaoRUoav2jA,Film,96658673,194,174000
UCdpUojq0KWZCN9bxXnZwz5w,アルス・アルマル -ars almal- 【にじさんじ】,https://www.youtube.com/channel/UCdpUojq0KWZCN9bxXnZwz5w,Action game,284038805,2165,872000
UCXRlIK3Cw_TJIQC5kSJJQMg,戌亥とこ -Inui Toko-,https://www.youtube.com/channel/UCXRlIK3Cw_TJIQC5kSJJQMg,Role-playing video game,344016518,1303,1010000
UCmovZ2th3Sqpd00F5RdeigQ,加賀美 ハヤト/Hayato Kagami,https://www.youtube.com/channel/UCmovZ2th3Sqpd00F5RdeigQ,Music,383356747,1659,948000
UCIdEIHpS0TdkqRkHL5OkLtA,さなちゃんねる,https://www.youtube.com/channel/UCIdEIHpS0TdkqRkHL5OkLtA,Video game culture,88139262,937,416000
UCkyKFiCLAsZL-TLk7psDggQ,月乃 / Tsukino Channel,https://www.youtube.com/channel/UCkyKFiCLAsZL-TLk7psDggQ,Music of Asia,27333735,228,88900
UCC0zLuvujaZRFqR3aNql3Sg,なとり / natori,https://www.youtube.com/channel/UCC0zLuvujaZRFqR3aNql3Sg,Independent music,271842736,29,41700
UCaCiBKglFZkSYXmlWZBDLgw,ボンボンアカデミー,https://www.youtube.com/channel/UCaCiBKglFZkSYXmlWZBDLgw,Music,2685392681,2421,1230000
UC9O_36oN1ceFVETQV9E0SbQ,チャン・エドモンド,https://www.youtube.com/channel/UC9O_36oN1ceFVETQV9E0SbQ,Sport,36719486,87,22600
UC_IwcGjLRPp9-XfR4rIRPdg,【woowa】しろっこ,https://www.youtube.com/channel/UC_IwcGjLRPp9-XfR4rIRPdg,Action game,22178242,1379,42300
UC30dvUxVhlN-kadV_8jfO3g,のすけの万物アカデミー,https://www.youtube.com/channel/UC30dvUxVhlN-kadV_8jfO3g,Entertainment,68042,27,5530
UC4dGJ7kHjMFq8-3DLfgthbQ,Another Blue 【3代目ワンピース知識王】,https://www.youtube.com/channel/UC4dGJ7kHjMFq8-3DLfgthbQ,Entertainment,83244067,1586,134000
UC9UxIohMyQRbNSkKdM54inA,つたろう,https://www.youtube.com/channel/UC9UxIohMyQRbNSkKdM54inA,Action-adventure game,43511,792,231
UCUb1UEv8npuvbzXJZNYEl7Q,てしゅ-Taesu,https://www.youtube.com/channel/UCUb1UEv8npuvbzXJZNYEl7Q,Music,2086254,607,12100
UCoxKk042uJeE_LM1DjJ8-uQ,オカロカ,https://www.youtube.com/channel/UCoxKk042uJeE_LM1DjJ8-uQ,Action-adventure game,7102,53,115
UCmr-_a2O7s096czLR3macxA,Hiroyuuuu,https://www.youtube.com/channel/UCmr-_a2O7s096czLR3macxA,Lifestyle (sociology),12763309,160,41100
UCdy0B3fk0VO8PDzpeHbwCjw,TZ Sound Works,https://www.youtube.com/channel/UCdy0B3fk0VO8PDzpeHbwCjw,Rock music,2999522,19,9580
UCqdlVTLOc97IJR-UDg5bPdQ,Kougeru,https://www.youtube.com/channel/UCqdlVTLOc97IJR-UDg5bPdQ,Action-adventure game,1698232,520,2380
UCFOT_MHIn21HBheJRSV4-ng,燦冴シシロメ,https://www.youtube.com/channel/UCFOT_MHIn21HBheJRSV4-ng,Action game,20904,175,497
UCV9U4NEAvdOs3ATxrVDgeDA,葵 癒月,https://www.youtube.com/channel/UCV9U4NEAvdOs3ATxrVDgeDA,Action-adventure game,4209,19,223
UCyJO3YN5ObsY6lvc9UylxKA,小鳥遊すず Takanashi Suzu Ch.,https://www.youtube.com/channel/UCyJO3YN5ObsY6lvc9UylxKA,Music of Asia,61213,136,1310
UCFXkDxCa_XVcNC7oOEw7U5g,Hiiragi Magnetite,https://www.youtube.com/channel/UCFXkDxCa_XVcNC7oOEw7U5g,Music,289532450,36,541000
UCPKbVouzvWhHeVvy0UbsRCQ,傘村トータ,https://www.youtube.com/channel/UCPKbVouzvWhHeVvy0UbsRCQ,Music of Asia,144671108,130,424000
UCmtacQZQsysmsHpJKE6VW9g,しゅんしゅんP,https://www.youtube.com/channel/UCmtacQZQsysmsHpJKE6VW9g,Music of Asia,89924,50,442
UCJ36P6CyQWr03Z-EhXNvr1w,空位_ch,https://www.youtube.com/channel/UCJ36P6CyQWr03Z-EhXNvr1w,Action-adventure game,10290,53,330
UCKuG9aLmm7S02EoM0zBdThA,Hack U / はくゆ,https://www.youtube.com/channel/UCKuG9aLmm7S02EoM0zBdThA,Music of Asia,400178,914,3460
UC97VMXlXgMReYKCCTeDZdDw,アキラヒカリ ch.,https://www.youtube.com/channel/UC97VMXlXgMReYKCCTeDZdDw,Action game,3466,82,87
UCtwSCTpftyPm4-TBf9S6kfQ,r-906,https://www.youtube.com/channel/UCtwSCTpftyPm4-TBf9S6kfQ,Electronic music,105017105,47,216000
UCWtIDgXZgEPyBBEf_LX2i3g,yumel,https://www.youtube.com/channel/UCWtIDgXZgEPyBBEf_LX2i3g,Music of Asia,21219,26,299
UCd99ANH8kytbMFpe2ksAqKA,綾咲いちか,https://www.youtube.com/channel/UCd99ANH8kytbMFpe2ksAqKA,Entertainment,14793,22,298
UCKnNI21YMI65yxc9pzuuMOA,相須ゆりむ,https://www.youtube.com/channel/UCKnNI21YMI65yxc9pzuuMOA,Video game culture,11829,80,705
UCGGY3oTOQ9g9FCu9hLFJsqw,*Luna,https://www.youtube.com/channel/UCGGY3oTOQ9g9FCu9hLFJsqw,Electronic music,151259121,233,422000
UCYqiQ49HXTf2b9MkmtL5FHQ,atelierFIVE,https://www.youtube.com/channel/UCYqiQ49HXTf2b9MkmtL5FHQ,Music of Asia,326619,71,2320
UC5u0K5MNm_P5jmK3ByM0lpw,UndreamedPanic,https://www.youtube.com/channel/UC5u0K5MNm_P5jmK3ByM0lpw,Action-adventure game,7544136,246,58600
UCFZ0tXYzXG41QB4ybPBHUgw,Lunarveil,https://www.youtube.com/channel/UCFZ0tXYzXG41QB4ybPBHUgw,Pop music,666097,156,3270
UCJgP5bbwnEFz_TCpdWZil7Q,ᴏ ᴄ ᴛ ᴏ ʙ ᴇ ʀ,https://www.youtube.com/channel/UCJgP5bbwnEFz_TCpdWZil7Q,,0,0,42
UCEcyopSb6SUXlb3dXOvwrSA,Ayumi / yumii,https://www.youtube.com/channel/UCEcyopSb6SUXlb3dXOvwrSA,Music of Asia,141349,63,2260
UCxIzG0XIBe1XMh5dz-qUkVg,‌,https://www.youtube.com/channel/UCxIzG0XIBe1XMh5dz-qUkVg,Music of Asia,91691059,23,1250000
UCvpZ68qaNKPZUg6adIJ5MeA,theMCA,https://www.youtube.com/channel/UCvpZ68qaNKPZUg6adIJ5MeA,Film,0,0,2710
UC9xgd6py76kKuzIRDB60-1Q,kinue the clown,https://www.youtube.com/channel/UC9xgd6py76kKuzIRDB60-1Q,Music of Asia,11149,37,218
UC3TzNHUkiHP1UOTVn9T39pw,Frolka,https://www.youtube.com/channel/UC3TzNHUkiHP1UOTVn9T39pw,Music of Asia,315934,60,2830
UCJv03-9nKDpob-tRS0tigVw,Keuy,https://www.youtube.com/channel/UCJv03-9nKDpob-tRS0tigVw,,0,0,732
UChLkLtpGI5bMPDfP-0s9KjA,クロモリ,https://www.youtube.com/channel/UChLkLtpGI5bMPDfP-0s9KjA,Pop music,2872,12,68
UCpXIjrzLXGUf8lVEeeryKLg,Hoshikawa Amane ☄️💎,https://www.youtube.com/channel/UCpXIjrzLXGUf8lVEeeryKLg,Action game,17381,61,334
UC4FUAMK0X0YZWniTV-e5kSg,leizi.,https://www.youtube.com/channel/UC4FUAMK0X0YZWniTV-e5kSg,Independent music,34449,13,727
UCor-edFGuH9Ok7PNW2Y-ULg,Rango Channel,https://www.youtube.com/channel/UCor-edFGuH9Ok7PNW2Y-ULg,Pop music,111242,149,869
UCAXySEVWZ1esIAFl2IWmcJA,Shirota Yamamura,https://www.youtube.com/channel/UCAXySEVWZ1esIAFl2IWmcJA,Pop music,15227,77,63
UCRcAwbCAwGh7nw3hwvaNVwg,biz,https://www.youtube.com/channel/UCRcAwbCAwGh7nw3hwvaNVwg,Entertainment,92630401,50,287000
UCsqKKx2Thc4TT5043IsHPLQ,EllaSap,https://www.youtube.com/channel/UCsqKKx2Thc4TT5043IsHPLQ,Music of Asia,9146,7,111
UC2E-MAJV0UK0Z_we3dbwukA,u10_5il 🍽,https://www.youtube.com/channel/UC2E-MAJV0UK0Z_we3dbwukA,Music of Asia,106450,86,559
UC5bE1g942G6Dby4UXvvoejg,FreyR,https://www.youtube.com/channel/UC5bE1g942G6Dby4UXvvoejg,Pop music,8946,13,95
UCFl9UaCi5Jik3hikU0H8QaQ,Lacrima,https://www.youtube.com/channel/UCFl9UaCi5Jik3hikU0H8QaQ,,616,1,67
UCbvR0Z1RmdhuDyyrdVMCdgw,gelli。,https://www.youtube.com/channel/UCbvR0Z1RmdhuDyyrdVMCdgw,Pop music,4099,11,169
UCo8b-0nKwdFMHg1x8hHTOEQ,YUJA 유자,https://www.youtube.com/channel/UCo8b-0nKwdFMHg1x8hHTOEQ,Pop music,5963,11,131
UC3VnSrtlL_9_jjKKT7okHdg,RYL & JINX,https://www.youtube.com/channel/UC3VnSrtlL_9_jjKKT7okHdg,,410,1,17
UCfGgCaFjLXd5-uHOhgQgj_w,RamataWrites,https://www.youtube.com/channel/UCfGgCaFjLXd5-uHOhgQgj_w,Hobby,110,2,11
UCHXy48aYSYeRaBuMOedwxAQ,Anyma,https://www.youtube.com/channel/UCHXy48aYSYeRaBuMOedwxAQ,Music,572264856,225,1140000
UCsLWG2t7n9LFsvH0wR2rtpw,GEM鄧紫棋,https://www.youtube.com/channel/UCsLWG2t7n9LFsvH0wR2rtpw,Music of Asia,2845630930,177,2920000
UCBB6ivhZ4VhGpo2I1lP0N6A,teya,https://www.youtube.com/channel/UCBB6ivhZ4VhGpo2I1lP0N6A,Lifestyle (sociology),11055177,28,15900
UCvqRdlKsE5Q8mf8YXbdIJLw,LoL Esports,https://www.youtube.com/channel/UCvqRdlKsE5Q8mf8YXbdIJLw,Strategy video game,1582913213,12621,3910000
UCD2ypMeKcZUECvJzJpBlb9w,STUDIO FIRST SNOW,https://www.youtube.com/channel/UCD2ypMeKcZUECvJzJpBlb9w,Music,39023,9,760
UCFOcxt77M_pebCbSxBsrwZA,Aoi Shiro Ch.,https://www.youtube.com/channel/UCFOcxt77M_pebCbSxBsrwZA,Pop music,264032,65,3310
UCJS8RkCXgYHSrYPO6UaUP0Q,Zaoshen,https://www.youtube.com/channel/UCJS8RkCXgYHSrYPO6UaUP0Q,Music of Asia,111962,36,1750
UCaCuoeoD67g8wWzI_bsvWKw,Bruuudelllll,https://www.youtube.com/channel/UCaCuoeoD67g8wWzI_bsvWKw,Music of Asia,4433,10,190
UCnbip8cn_uACSX_ADT0CflA,Bodokun,https://www.youtube.com/channel/UCnbip8cn_uACSX_ADT0CflA,Music of Asia,3000356,153,18900
UCAdCvOnZBMwVwrDzQoHlsNA,AnimeFightAMVs,https://www.youtube.com/channel/UCAdCvOnZBMwVwrDzQoHlsNA,Hip hop music,1258737,609,91000
UC5ON8_f3vM3DuYkQAQK7fPQ,voordeel,https://www.youtube.com/channel/UC5ON8_f3vM3DuYkQAQK7fPQ,Entertainment,46178406,108,150000
UCd4HQrjrZNSuW6-Ue51Lkaw,守武者-夢翔 官方頻道Dream Guardian Official Channel,https://www.youtube.com/channel/UCd4HQrjrZNSuW6-Ue51Lkaw,Entertainment,230379,83,6100
UCSQd6segDRc1Sj_k-zvca2Q,LIYU /リユ ch。,https://www.youtube.com/channel/UCSQd6segDRc1Sj_k-zvca2Q,Music of Asia,141963,90,4800
UCdpN_SlX2Ulz19C7BbBbM7w,Stream Cafe,https://www.youtube.com/channel/UCdpN_SlX2Ulz19C7BbBbM7w,Electronic music,11164351,59,75500
UCw4oC8BM2zK5KRKMnJ5IfIw,Curse,https://www.youtube.com/channel/UCw4oC8BM2zK5KRKMnJ5IfIw,Music of Asia,2160758,335,21800
UCxWKH_N5Iw0_4MuWmeC1a6g,Yuuko Sings,https://www.youtube.com/channel/UCxWKH_N5Iw0_4MuWmeC1a6g,Hip hop music,373912,191,2550
UCwERN11OkbSLr5jb9nLw0yw,Ali Orok,https://www.youtube.com/channel/UCwERN11OkbSLr5jb9nLw0yw,Independent music,268900,3,36700
UCm6jEiJbsblxReW1kLh45hQ,Lambchopper (Ari),https://www.youtube.com/channel/UCm6jEiJbsblxReW1kLh45hQ,Electronic music,2529459,78,12100
UCC8aHmAbXyB1rTfiSVTTq4A,Sokei,https://www.youtube.com/channel/UCC8aHmAbXyB1rTfiSVTTq4A,Music of Asia,425895,78,3930
UCuRjblLY45sDLdpzZOPaNeQ,vivi ᵔᵜᵔ,https://www.youtube.com/channel/UCuRjblLY45sDLdpzZOPaNeQ,Pop music,1728275,30,8920
UCrlcGMMCVLq69M0RZo6PGOA,immanuelbear,https://www.youtube.com/channel/UCrlcGMMCVLq69M0RZo6PGOA,Pop music,1768643,141,30400
UCMrrA4mjaYpt2FH6QnEP8nw,JohnMichaelHowell,https://www.youtube.com/channel/UCMrrA4mjaYpt2FH6QnEP8nw,Independent music,587241169,658,1630000
UCA9T9gGToIod7Q1fNNb1Q4g,ZVC,https://www.youtube.com/channel/UCA9T9gGToIod7Q1fNNb1Q4g,Music,232772,5,1630000
UCq6m0VAIJQYf5iFjharyiDQ,Alam Sk,https://www.youtube.com/channel/UCq6m0VAIJQYf5iFjharyiDQ,Pop music,1653,4,293
UCMfqMhCChLRvdg39J-YbfMw,Nemuneko【MAD】,https://www.youtube.com/channel/UCMfqMhCChLRvdg39J-YbfMw,Music of Asia,71201996,370,66400
UCzA0s7UPiLgjHsP2dUTRa5A,DiakiNiko,https://www.youtube.com/channel/UCzA0s7UPiLgjHsP2dUTRa5A,Music of Asia,189328,32,5420
UCns07oxj-Lo4Oo-dN1e8CKA,NerViSon,https://www.youtube.com/channel/UCns07oxj-Lo4Oo-dN1e8CKA,Pop music,3158685,71,6260
UCZfl3VUKKGhO1pTyKD88q-A,KittenSneeze,https://www.youtube.com/channel/UCZfl3VUKKGhO1pTyKD88q-A,Music,386881671,341,1240000
UCYi97rWysHQHsIgTRmi0Phg,Aki Chan,https://www.youtube.com/channel/UCYi97rWysHQHsIgTRmi0Phg,Pop music,86083349,250,470000
UC2btfGWRrDc8N_nDvG91vrg,amaia rodriguez,https://www.youtube.com/channel/UC2btfGWRrDc8N_nDvG91vrg,Music of Asia,30445353,200,107000
UCyfTZv0BO-12O0t-vfLliXg,Hereson,https://www.youtube.com/channel/UCyfTZv0BO-12O0t-vfLliXg,Music of Asia,2580395,90,13400
UC2QQ8NYbWkQqS-KlmNzOqXA,MegaMat,https://www.youtube.com/channel/UC2QQ8NYbWkQqS-KlmNzOqXA,Film,7668862,395,36900
UCLam0VF0cRczAQZKZxwg7ZA,Mili Camisay,https://www.youtube.com/channel/UCLam0VF0cRczAQZKZxwg7ZA,Music of Asia,295246,46,4050
UCD6gRf04IeY7JInEAD1wRHA,HanashiiMusic,https://www.youtube.com/channel/UCD6gRf04IeY7JInEAD1wRHA,Pop music,41729,90,573
UCSAiKB2l3xVfe6n8eO6VvhQ,LushoLive,https://www.youtube.com/channel/UCSAiKB2l3xVfe6n8eO6VvhQ,Pop music,1013564,114,7090
UC2yTh7Leliw3dzN7r_RuUnw,Zenn,https://www.youtube.com/channel/UC2yTh7Leliw3dzN7r_RuUnw,Pop music,5962,9,318
UC47rNmkDcNgbOcM-2BwzJTQ,Millie Parfait【NIJISANJI EN】,https://www.youtube.com/channel/UC47rNmkDcNgbOcM-2BwzJTQ,Role-playing video game,62527182,1140,487000
UCRLB3xanJ0-RLL2OttwvSjw,Cherry Hoshi,https://www.youtube.com/channel/UCRLB3xanJ0-RLL2OttwvSjw,Music of Asia,1870,2,464
UCkkCjOolP8j0msk0RCxMSLA,Iro ~,https://www.youtube.com/channel/UCkkCjOolP8j0msk0RCxMSLA,Music of Asia,361794,26,7950
UCs0-pPllX1LRo1Uu5X00z9A,ChemyNoSurfea - Spanish Anime covers,https://www.youtube.com/channel/UCs0-pPllX1LRo1Uu5X00z9A,Role-playing video game,11579446,405,31400
UCJlLdDxkFHtxY9IhVWJuK-w,Aizaack,https://www.youtube.com/channel/UCJlLdDxkFHtxY9IhVWJuK-w,Pop music,499806,92,3060
UCdUeCfLZu5sEM_9QCRDjm4A,Velo “S” S,https://www.youtube.com/channel/UCdUeCfLZu5sEM_9QCRDjm4A,Pop music,204090,132,903
UChgIczA16Y0Z6-7va5g_55g,ABriV,https://www.youtube.com/channel/UChgIczA16Y0Z6-7va5g_55g,Pop music,2664674,180,11000
UCaemRfCnd8w4TkFwi_rmCMw,Shirou_z,https://www.youtube.com/channel/UCaemRfCnd8w4TkFwi_rmCMw,Film,0,0,1060
UCk3FjyIa_T5bonkDrG4giWA,Moon • Tsuki,https://www.youtube.com/channel/UCk3FjyIa_T5bonkDrG4giWA,Pop music,18029441,343,60900
UCRsAsv_dOl_VVs2e_-Z07Ow,Hawks Ammón,https://www.youtube.com/channel/UCRsAsv_dOl_VVs2e_-Z07Ow,Music of Asia,1918072,125,15300
UCmhxr4Ky20hRZQGcBnjm8yg,LaLuki,https://www.youtube.com/channel/UCmhxr4Ky20hRZQGcBnjm8yg,Action-adventure game,110987,6,2370
UCv7dAeDF-Z9bNwUI6wIRNiQ,tonie ⭑｡°‧,https://www.youtube.com/channel/UCv7dAeDF-Z9bNwUI6wIRNiQ,,0,0,6230
UCImjuO4LYMLZlv6kIoDQJsA,Pepineda,https://www.youtube.com/channel/UCImjuO4LYMLZlv6kIoDQJsA,Entertainment,52430,45,585
UCEESKp-1lLJLOSsz-gfpHnw,MorongaDubs,https://www.youtube.com/channel/UCEESKp-1lLJLOSsz-gfpHnw,Video game culture,36743,13,464
UCal7UeYHpoeLMKW06Z8UMbQ,The Senshi,https://www.youtube.com/channel/UCal7UeYHpoeLMKW06Z8UMbQ,Film,808814,89,7030
UCCdH3zfATBwcXk-JRTzIkUw,AleDubs,https://www.youtube.com/channel/UCCdH3zfATBwcXk-JRTzIkUw,Video game culture,1767442,44,7310
UCNdPi8bq8lsASQKGVnn6K9w,Nerlax Sloth,https://www.youtube.com/channel/UCNdPi8bq8lsASQKGVnn6K9w,Lifestyle (sociology),114408,32,1050
UCrUS5RSX8DXSA17_TInQ7Vw,UKD Recording Studio,https://www.youtube.com/channel/UCrUS5RSX8DXSA17_TInQ7Vw,Entertainment,238629,12,1090
UCmMGaRtBqqcmMj1WotyL6sA,「Alex Fandubs」,https://www.youtube.com/channel/UCmMGaRtBqqcmMj1WotyL6sA,Action game,5348799,93,62600
UCuwXBMETP_ah1mrKFPfTFuQ,MerryRain15,https://www.youtube.com/channel/UCuwXBMETP_ah1mrKFPfTFuQ,Video game culture,13671491,157,56600
UCkJ2rD1YFB6DceMNwrGeX-A,Yuun M,https://www.youtube.com/channel/UCkJ2rD1YFB6DceMNwrGeX-A,Music of Asia,144737,49,1910
UCUCeZaZeJbEYAAzvMgrKOPQ,Kenshi Yonezu  米津玄師,https://www.youtube.com/channel/UCUCeZaZeJbEYAAzvMgrKOPQ,Music,8799720522,373,8650000
UCrnX-RrSu3jK-auhcDGpvAw,R3 Music Box,https://www.youtube.com/channel/UCrnX-RrSu3jK-auhcDGpvAw,Music,196582414,27068,454000
UCUjrjmN9IyqaXS48mLVzNDA,リン * リン /Lin,https://www.youtube.com/channel/UCUjrjmN9IyqaXS48mLVzNDA,Music of Asia,31041245,250,160000
UCQ9WCTYKyfuS_uXmfsK5Yuw,xAllOnex,https://www.youtube.com/channel/UCQ9WCTYKyfuS_uXmfsK5Yuw,,0,0,62
UCOODaB6wSX0UYO9W7jwlLbA,Alis Moon,https://www.youtube.com/channel/UCOODaB6wSX0UYO9W7jwlLbA,Music,19020217,654,43600
UCyWgKIhhM24GeaudeWtME5g,Rainner,https://www.youtube.com/channel/UCyWgKIhhM24GeaudeWtME5g,,1480,1,491
UC-5MT-BUxTzkPTWMediyV0w,Crunchyroll in Spanish,https://www.youtube.com/channel/UC-5MT-BUxTzkPTWMediyV0w,Entertainment,735731333,4443,2910000
UC9yqlTFEki692RTzQrtOPvw,Branch,https://www.youtube.com/channel/UC9yqlTFEki692RTzQrtOPvw,,0,0,15
UColg0c5OtmPZ2uGuJaQhI7w,Rama030,https://www.youtube.com/channel/UColg0c5OtmPZ2uGuJaQhI7w,Film,815118,222,3130
UCvk9eMiPc347J31zk6aRG4A,The Vanished People,https://www.youtube.com/channel/UCvk9eMiPc347J31zk6aRG4A,Rock music,34562795,67,114000
UCJ28AWXjdblypBGX5G-kd0A,Nadia Yoop,https://www.youtube.com/channel/UCJ28AWXjdblypBGX5G-kd0A,Pop music,93458,23,1700
UCfYdp-zYm8NiavuWaDy0-PQ,MICO,https://www.youtube.com/channel/UCfYdp-zYm8NiavuWaDy0-PQ,Music,49635033,164,171000
UCMiO2HMKFPz5aHCZGlgUAEQ,StarArtwork,https://www.youtube.com/channel/UCMiO2HMKFPz5aHCZGlgUAEQ,Music,1397,7,81
UCSjyOwGqx_BK2Cd9ZsPZkiA,F.A.P Bros,https://www.youtube.com/channel/UCSjyOwGqx_BK2Cd9ZsPZkiA,Entertainment,106101503,740,371000
UCbQ2WBPvmZxiaKCfNiBrvuA,AMARILLITA DAIRA,https://www.youtube.com/channel/UCbQ2WBPvmZxiaKCfNiBrvuA,Music,19826,21,5660
UCY0Zb2Bcz81hO1RndNOj6Mw,Schweise,https://www.youtube.com/channel/UCY0Zb2Bcz81hO1RndNOj6Mw,Music of Asia,1858316,9,62700
UCY30JRSgfhYXA6i6xX1erWg,Smosh,https://www.youtube.com/channel/UCY30JRSgfhYXA6i6xX1erWg,Film,11371797020,2280,27100000
UCM6lVJqV-EYcFRXtFm3KaDg,Ken Asakura,https://www.youtube.com/channel/UCM6lVJqV-EYcFRXtFm3KaDg,Film,3728782,39,10900
UCVfdOit3UXH_LLLFW03yQDA,Murasaki Audiovisual,https://www.youtube.com/channel/UCVfdOit3UXH_LLLFW03yQDA,Film,71136,23,2950
UCKsD7Yt1Tn8rf5UdNLL4tPQ,FeduCorleone,https://www.youtube.com/channel/UCKsD7Yt1Tn8rf5UdNLL4tPQ,Pop music,25958,12,233
UCpgxgkifUGSKg9dNFE5Vo7Q,milet Official YouTube Channel,https://www.youtube.com/channel/UCpgxgkifUGSKg9dNFE5Vo7Q,Pop music,658496608,292,880000
UCchlf66z1NueAv8xY117Lmw,EGOIST Official YouTube Channel,https://www.youtube.com/channel/UCchlf66z1NueAv8xY117Lmw,Electronic music,258285752,28,571000
UC5CzljoHLwvb6VDSTEaEgzw,Maya San :3,https://www.youtube.com/channel/UC5CzljoHLwvb6VDSTEaEgzw,Pop music,593284,34,4170
UC9zurqZbII_zuEEYBaO3QzQ,Anneka Music,https://www.youtube.com/channel/UC9zurqZbII_zuEEYBaO3QzQ,Music of Asia,720656,389,6410
UCgRgH7nHGEV7q0QrtIuWoUA,MAISONdes -メゾン・デ-,https://www.youtube.com/channel/UCgRgH7nHGEV7q0QrtIuWoUA,Pop music,248151538,56,326000
UCep27mxUiDB2XBOYeUma8dA,Mick,https://www.youtube.com/channel/UCep27mxUiDB2XBOYeUma8dA,Entertainment,7274862,297,16400
UCbXXdwEVbVbXhosYKn0am6A,猫雷にゃる-NecoraNyaru-,https://www.youtube.com/channel/UCbXXdwEVbVbXhosYKn0am6A,Action game,1754035,380,28100
UC34c3K7lidpzj6i1PVfsiAA,UtaKara 2nd,https://www.youtube.com/channel/UC34c3K7lidpzj6i1PVfsiAA,Music of Asia,991779,26,1620
UCYPLPIUCOK3fbMr9ZI2hnbw,白雪ほたる@VRegion富山担当,https://www.youtube.com/channel/UCYPLPIUCOK3fbMr9ZI2hnbw,,898753,453,1880
UCxoKA2D8rwbKK7qNpnpUkDQ,つまみ ぐい🧸🛼,https://www.youtube.com/channel/UCxoKA2D8rwbKK7qNpnpUkDQ,Action game,130385,655,971
UClUi27n4orZIZb4RR5k4fuA,蒼翠ボム-sousui_bomu,https://www.youtube.com/channel/UClUi27n4orZIZb4RR5k4fuA,Action game,492580,967,515
UCq8ZJhr7LVB6kIP6g_y2mDw,Kanoe.Ch卯睡カノヱ,https://www.youtube.com/channel/UCq8ZJhr7LVB6kIP6g_y2mDw,Role-playing video game,68672,588,768
UCzrwvapp587lhoRkmjKPDiA,西園寺まりりん,https://www.youtube.com/channel/UCzrwvapp587lhoRkmjKPDiA,Puzzle video game,29236,305,1850
UC2Oi_Pfzk-G3HyhnbP5vJLA,LeftLily / レフトリリー,https://www.youtube.com/channel/UC2Oi_Pfzk-G3HyhnbP5vJLA,Role-playing video game,566594,141,5030
UC4K0BPhoZW1MzEHnpk_jhHw,心病愛希ーManaki Shinbyoー,https://www.youtube.com/channel/UC4K0BPhoZW1MzEHnpk_jhHw,Music video game,319054,1086,5190
UCRX5DWtpP2slMfvoiDWW0Rw,自白シロ,https://www.youtube.com/channel/UCRX5DWtpP2slMfvoiDWW0Rw,Action-adventure game,21976,501,223
UC6ZQt8cygRUiuIuNUdV70xg,umari*,https://www.youtube.com/channel/UC6ZQt8cygRUiuIuNUdV70xg,,457,3,36
UCi7ld2mR9pvA40qAsw266rg,碓氷葵心‐Airu Usui‐,https://www.youtube.com/channel/UCi7ld2mR9pvA40qAsw266rg,Role-playing video game,104387,1033,1060
UCGWVehdunJpe8gJwUX4j_yQ,風波ハヤテ,https://www.youtube.com/channel/UCGWVehdunJpe8gJwUX4j_yQ,Action-adventure game,358669,728,9400
UCeF_nhj1NsOx9ACqh358lcA,🛸星宙うみ🛸 [宇宙人Vtuber],https://www.youtube.com/channel/UCeF_nhj1NsOx9ACqh358lcA,Video game culture,170087,866,714
UC8EuKyUwgP7Ek3Ygow4S8NA,Northgaze music,https://www.youtube.com/channel/UC8EuKyUwgP7Ek3Ygow4S8NA,Electronic music,5803,23,417
UCgLEceZtHtnlvDvMIcATXhg,澄音緒まる-sumineomaru-,https://www.youtube.com/channel/UCgLEceZtHtnlvDvMIcATXhg,Video game culture,1325019,494,32100
UCd503g4luWdzSsBNKEh1MXQ,羽衣石アキラ,https://www.youtube.com/channel/UCd503g4luWdzSsBNKEh1MXQ,Action-adventure game,574758,261,15000
UC5SAacRKyV_m533D4W_tKCg,Shirataki(SRTK),https://www.youtube.com/channel/UC5SAacRKyV_m533D4W_tKCg,Music of Asia,179,6,13
UCBPt2rEhll3CksbZi-e_iug,雀沢ジョージ,https://www.youtube.com/channel/UCBPt2rEhll3CksbZi-e_iug,Music,8971,49,166
UCLJiPfQloc2HWiRI02yFxYA,OKADA HORIZON,https://www.youtube.com/channel/UCLJiPfQloc2HWiRI02yFxYA,Music of Asia,230591,156,1210
UCRY0lbY0pNJLYGvf_pA7FHw,Nanoha。channel,https://www.youtube.com/channel/UCRY0lbY0pNJLYGvf_pA7FHw,Entertainment,1223166,1291,14500
UCUTyHaFnRVkksIWM6ar5gJA,マオの聴くシネマ,https://www.youtube.com/channel/UCUTyHaFnRVkksIWM6ar5gJA,Entertainment,66810,9,368
UCeqrW5MAQOpPnhtx3d4Jq-g,ほしいもヴァイオリン,https://www.youtube.com/channel/UCeqrW5MAQOpPnhtx3d4Jq-g,Classical music,942096,364,3790
UChSKK9Pfl1ZLnLuAYd3v2dQ,幸野綺華Yukino Ayaka,https://www.youtube.com/channel/UChSKK9Pfl1ZLnLuAYd3v2dQ,Music of Asia,17493,31,67
UCYGb8eLAkV5_PPA5FrIQq0g,April/チェシャ猫P,https://www.youtube.com/channel/UCYGb8eLAkV5_PPA5FrIQq0g,Music,26635,4,343
UCc3w5ICxoMI1-Ei0llA9QNA,いるふぁな,https://www.youtube.com/channel/UCc3w5ICxoMI1-Ei0llA9QNA,Music,292297,9,5470
UCqVDInNe0qLzDn4dwEALT-g,胡桃もよ,https://www.youtube.com/channel/UCqVDInNe0qLzDn4dwEALT-g,Video game culture,122705,226,1930
UCKTA_n4VCxX8W3FcC4c70yQ,伊鞠七ツ海 / Imari Natsumi,https://www.youtube.com/channel/UCKTA_n4VCxX8W3FcC4c70yQ,Role-playing video game,964782,524,10500
UCCLHy8wcmkA-XydMLIJekPg,シャハラム - Vtuber-,https://www.youtube.com/channel/UCCLHy8wcmkA-XydMLIJekPg,Action game,63691,653,509
UC-N8JOegmwj9H2bghzTG0GQ,霜降 幸-そうこう さち-,https://www.youtube.com/channel/UC-N8JOegmwj9H2bghzTG0GQ,Entertainment,18849,51,181
UCj1dD19IqM7YuuwcoIrykww,cocoro,https://www.youtube.com/channel/UCj1dD19IqM7YuuwcoIrykww,Entertainment,5773,15,51
UC_ldsPJ4AvCzNH4vk6Lx-uA,イデア Live channel,https://www.youtube.com/channel/UC_ldsPJ4AvCzNH4vk6Lx-uA,Role-playing video game,4638,18,583
UC_cSAAXCVIw5xNJf5Yby90w,Uki,https://www.youtube.com/channel/UC_cSAAXCVIw5xNJf5Yby90w,Music of Asia,44051,23,730
UC6PuiZi9ICsXT4bIXnwPqKQ,Channel TAK-Z,https://www.youtube.com/channel/UC6PuiZi9ICsXT4bIXnwPqKQ,Hip hop music,39694973,421,43600
UCbltu9xinfGdsf5U-BrsRFA,【YouTube Liveアーカイブ】Nanao,https://www.youtube.com/channel/UCbltu9xinfGdsf5U-BrsRFA,Music of Asia,25614,140,398
UC0XQFH6lXpEJMJW_NfvO_tg,maho,https://www.youtube.com/channel/UC0XQFH6lXpEJMJW_NfvO_tg,Music of Asia,10166593,741,14400
UCjo-udZqf126Mxp9LCxSNMQ,スプスプちゃんねる,https://www.youtube.com/channel/UCjo-udZqf126Mxp9LCxSNMQ,Lifestyle (sociology),26823587,449,211000
UCyeh3wnN52YJ7emqgCzk4UQ,ani haha,https://www.youtube.com/channel/UCyeh3wnN52YJ7emqgCzk4UQ,Lifestyle (sociology),59066,15,4660
UCndOUEEJsZf1gwIjegcd1bw,きぬちゃんねる,https://www.youtube.com/channel/UCndOUEEJsZf1gwIjegcd1bw,Lifestyle (sociology),122168169,621,666000
UCupOQ6YCLqiGYRaojRIIw7g,カノックのお部屋,https://www.youtube.com/channel/UCupOQ6YCLqiGYRaojRIIw7g,Food,7786786,121,111000
UC_HMXU_4cq-GOHZA3gDBBOQ,うお一番,https://www.youtube.com/channel/UC_HMXU_4cq-GOHZA3gDBBOQ,Pet,71589464,196,77600
UCaak9sggUeIBPOd8iK_BXcQ,Kimagure Cook,https://www.youtube.com/channel/UCaak9sggUeIBPOd8iK_BXcQ,Food,3703587358,1196,15300000
UCAzItoTqkXzroYBY8mxMijg,東京大学恋愛学部,https://www.youtube.com/channel/UCAzItoTqkXzroYBY8mxMijg,Entertainment,23773356,652,32000
UCGygfWDb5Vo3NLBb2Z2RAGQ,いちろー / よりそいチャンネル,https://www.youtube.com/channel/UCGygfWDb5Vo3NLBb2Z2RAGQ,Lifestyle (sociology),25710244,101,214000
UCa9Y57gfeY0Zro_noHRVrnw,Luna Ch. 姫森ルーナ,https://www.youtube.com/channel/UCa9Y57gfeY0Zro_noHRVrnw,Role-playing video game,193312602,1601,1150000
UCvy_1uRgNNu-h3JJCJOGfpw,キノシタ/kinoshita,https://www.youtube.com/channel/UCvy_1uRgNNu-h3JJCJOGfpw,Entertainment,74085278,58,231000
UCGfViBcBEYb2v9P33LALiwQ,Shinzi,https://www.youtube.com/channel/UCGfViBcBEYb2v9P33LALiwQ,Music,1183,3,91
UCRG_RR8R2mdmQTHVdrvDpAw,coryncidence,https://www.youtube.com/channel/UCRG_RR8R2mdmQTHVdrvDpAw,Music of Asia,10166,13,476
UCV2h8gmsQDhJ7dWUFTP9wTA,青月 / aotsuki,https://www.youtube.com/channel/UCV2h8gmsQDhJ7dWUFTP9wTA,Pop music,24616,29,545
UC5akOhxdDIU3gZTJSmv_Wgg,megarice,https://www.youtube.com/channel/UC5akOhxdDIU3gZTJSmv_Wgg,Music of Asia,52447,47,529
UC8saOtRMr4bMetYYAWVdBCw,nikipanz,https://www.youtube.com/channel/UC8saOtRMr4bMetYYAWVdBCw,Music of Asia,136647,63,1460
UCTQWfX7UKw7f6bI5Fpczwxg,HOTMILQS,https://www.youtube.com/channel/UCTQWfX7UKw7f6bI5Fpczwxg,Pop music,8837,18,193
UCV4XZYBPE70Xog1OjZnpqgg,pomu,https://www.youtube.com/channel/UCV4XZYBPE70Xog1OjZnpqgg,Music of Asia,685,4,44
UCfeYI_o9NTv1Jsi18ta0qKw,Kiwi Nuggets,https://www.youtube.com/channel/UCfeYI_o9NTv1Jsi18ta0qKw,Music of Asia,39915,61,370
UCMKVARdOQoEcHrUfOihpTxQ,fei038,https://www.youtube.com/channel/UCMKVARdOQoEcHrUfOihpTxQ,Music of Asia,402175,131,2510
UCo9jC3agot625b0btY4AZ1Q,Reiyla,https://www.youtube.com/channel/UCo9jC3agot625b0btY4AZ1Q,Music of Asia,13418,59,218
UCLeIuICd4O8-4PnB0o4l99g,Aji,https://www.youtube.com/channel/UCLeIuICd4O8-4PnB0o4l99g,Music of Asia,42584,26,1220
UCDUE-URH7fIA62B6kLprSlA,maytriggercrew,https://www.youtube.com/channel/UCDUE-URH7fIA62B6kLprSlA,Film,362992,214,1010
UCOyV-l0XgKg3objHmzLOAKQ,Yan,https://www.youtube.com/channel/UCOyV-l0XgKg3objHmzLOAKQ,Music of Asia,4431864,75,14100
UC_MFOIMRgOs7_CT82mr-eIA,Rei Kamiko,https://www.youtube.com/channel/UC_MFOIMRgOs7_CT82mr-eIA,Music of Asia,3563,13,108
UCkrP4jIbdp5VaL0GCLKdluQ,StrawberrySana,https://www.youtube.com/channel/UCkrP4jIbdp5VaL0GCLKdluQ,Music,72937363,1325,194000
UCMsNS10PzxzEayT7UHS4p6g,JubyPhonic,https://www.youtube.com/channel/UCMsNS10PzxzEayT7UHS4p6g,Music of Asia,646032182,329,1260000
UCWLoej7Wx1hoEPVxhufZQfw,Junky // Clover lab.,https://www.youtube.com/channel/UCWLoej7Wx1hoEPVxhufZQfw,Music of Asia,56202999,14,99200
UCKYdlncC-QcSUwPfQiJF5xQ,miiru ミイル,https://www.youtube.com/channel/UCKYdlncC-QcSUwPfQiJF5xQ,Music of Asia,36086,39,539
UC2lz4sG7IOnJ4HyfCiMLIOA,三秋楓,https://www.youtube.com/channel/UC2lz4sG7IOnJ4HyfCiMLIOA,Music of Asia,30786,15,367
UCQhDb4DdDIyVocU6WwvAAEA,Marshu,https://www.youtube.com/channel/UCQhDb4DdDIyVocU6WwvAAEA,Music of Asia,203729,97,2040
UC3JXYNKe44W5qMih4AvbKMg,Gio,https://www.youtube.com/channel/UC3JXYNKe44W5qMih4AvbKMg,Music of Asia,113433,126,2320
UC-_GZog9Qz6eqtg4QLnOmlw,Suni (サニー),https://www.youtube.com/channel/UC-_GZog9Qz6eqtg4QLnOmlw,Pop music,18509,35,335
UCJFjLQYtIHAQymfDcL7wmMw,Mintie,https://www.youtube.com/channel/UCJFjLQYtIHAQymfDcL7wmMw,Music of Asia,354405,52,2120
UCkacoqLjkBOB0YInB1jpUXA,Amecule,https://www.youtube.com/channel/UCkacoqLjkBOB0YInB1jpUXA,Pop music,12286,55,240
UClsK7joBrIf4CuBnPZvFn2g,nemu *,https://www.youtube.com/channel/UClsK7joBrIf4CuBnPZvFn2g,Pop music,570651,107,5520
UCy3XqyXzywNL3tBGFkmtppw,Tin,https://www.youtube.com/channel/UCy3XqyXzywNL3tBGFkmtppw,Music of Asia,6688,12,363
UCkZ1QrqHwxnrW56YNf2GNaA,another_shiro,https://www.youtube.com/channel/UCkZ1QrqHwxnrW56YNf2GNaA,Music of Asia,239804,53,2090
UCiM6B6wtZsl2PXhTRhXRXvA,Mei Mitsune,https://www.youtube.com/channel/UCiM6B6wtZsl2PXhTRhXRXvA,Music of Asia,19451,47,265
UCkTAEZf9o48XueSubJJ1qLg,Reina,https://www.youtube.com/channel/UCkTAEZf9o48XueSubJJ1qLg,Pop music,11266,19,2160
UC1Rk0sEJKThLZU0DfH2ekew,riguruma,https://www.youtube.com/channel/UC1Rk0sEJKThLZU0DfH2ekew,Pop music,12128599,272,40800
UCX5IyHO4ky6t-Ve9KZCsGbg,Ceres Lenoir,https://www.youtube.com/channel/UCX5IyHO4ky6t-Ve9KZCsGbg,Music of Asia,104896,214,285
UCmDLGnsdQ8nI0RtMtQjUPCQ,ROACH BC//RokkuRintasu,https://www.youtube.com/channel/UCmDLGnsdQ8nI0RtMtQjUPCQ,,7093,1,98
UCx-EPHR2ZoVGBMBSIOUo2pg,RaelaFromAsia,https://www.youtube.com/channel/UCx-EPHR2ZoVGBMBSIOUo2pg,Pop music,222324,80,1060
UCUW7KG8cx8JrS0OWelLPyYg,After the Rain Official Channel,https://www.youtube.com/channel/UCUW7KG8cx8JrS0OWelLPyYg,Music of Asia,10412975,3,103000
UCS5M-k1_OBVQwyDX5yCMW8g,ami 🌸,https://www.youtube.com/channel/UCS5M-k1_OBVQwyDX5yCMW8g,Music of Asia,9898126,73,40800
UC9AiKsRJBOpjH8n2YgcHnrw,Anii🦇Angepal,https://www.youtube.com/channel/UC9AiKsRJBOpjH8n2YgcHnrw,Pop music,21011,47,172
UCmgqVkG7vJHXnr4Q8PfDsQg,kanalia,https://www.youtube.com/channel/UCmgqVkG7vJHXnr4Q8PfDsQg,Electronic music,4680729,123,15100
UCPp3q-IAFpfquV77qRgJmdQ,メルRyosuke Izumo,https://www.youtube.com/channel/UCPp3q-IAFpfquV77qRgJmdQ,Pop music,7804347,22,34600
UCaWVCqpIfWFXUHSKANMjVQA,Picon / ピコン OFFICIAL CHANNEL,https://www.youtube.com/channel/UCaWVCqpIfWFXUHSKANMjVQA,Electronic music,26890207,28,148000
UC6ne5WddiNBywDDwpCQb1Nw,reirei れいれい Ch.,https://www.youtube.com/channel/UC6ne5WddiNBywDDwpCQb1Nw,Music,6610593,205,40800
UCIdsh1JntIOhTRDEylOGHtg,the samiel,https://www.youtube.com/channel/UCIdsh1JntIOhTRDEylOGHtg,Pop music,2003,8,240
UCSNOIKGaKvvJEzQSlpjjB-Q,Nyaorisu「𝙽𝚢𝚊𝚘」,https://www.youtube.com/channel/UCSNOIKGaKvvJEzQSlpjjB-Q,Music of Asia,149158,40,1070
UCh-AKYWui2rGr8F6tpGsNqA,Karegami,https://www.youtube.com/channel/UCh-AKYWui2rGr8F6tpGsNqA,Pop music,53364,47,513
UC8gpTt86zIxmgGnqXs0mw8w,AzungKalye,https://www.youtube.com/channel/UC8gpTt86zIxmgGnqXs0mw8w,Lifestyle (sociology),1293,21,88
UCGBARla_yqFuvqC1_yvU-Cw,hayayumi,https://www.youtube.com/channel/UCGBARla_yqFuvqC1_yvU-Cw,Rock music,4091,10,294
UCO1p5G53s2W_lCmCnwKsbXQ,Shemz,https://www.youtube.com/channel/UCO1p5G53s2W_lCmCnwKsbXQ,Pop music,72404,101,1460
UCDmjEzKYeHDJyGIHoAb8Xvg,Ru ch.,https://www.youtube.com/channel/UCDmjEzKYeHDJyGIHoAb8Xvg,Music,524,2,12
UChXXQczYk7dxynrAypgvsUQ,Renarin Ch. [ レナリン ],https://www.youtube.com/channel/UChXXQczYk7dxynrAypgvsUQ,Pop music,334688,110,3350
UCGso3fqefRJBfJEU67KfFXA,baquu,https://www.youtube.com/channel/UCGso3fqefRJBfJEU67KfFXA,Music of Asia,1095526,106,7580
UCrCy-tDKPGMwKLno_S5ny6Q,ER_이알,https://www.youtube.com/channel/UCrCy-tDKPGMwKLno_S5ny6Q,Pop music,0,0,845
UCHxCNynuC4MxG6etS35wWkg,a11KO,https://www.youtube.com/channel/UCHxCNynuC4MxG6etS35wWkg,Pop music,99492,82,679
UCS3JjH2kAT6XANy7kjpyQVg,milk,https://www.youtube.com/channel/UCS3JjH2kAT6XANy7kjpyQVg,Music of Asia,1144,4,305
UCXfykXB6FMSY7Jnbr1aM5KQ,Ricecake,https://www.youtube.com/channel/UCXfykXB6FMSY7Jnbr1aM5KQ,Music of Asia,889,3,104
UC6B6N7-2yNGDZtLhAeTj6mA,Tiara Andini,https://www.youtube.com/channel/UC6B6N7-2yNGDZtLhAeTj6mA,Lifestyle (sociology),1301115728,762,2680000
UCegZUI2nhyazkE3Jr1gw2wQ,Brianers,https://www.youtube.com/channel/UCegZUI2nhyazkE3Jr1gw2wQ,Role-playing video game,221,8,14
UCH4SbLzzcJD73JGCxvCwvlg,YokaMusic,https://www.youtube.com/channel/UCH4SbLzzcJD73JGCxvCwvlg,Music,2530574,86,11700
UCSS1NGJlBsnGwntFy1AREAQ,Lilee - Topic,https://www.youtube.com/channel/UCSS1NGJlBsnGwntFy1AREAQ,Independent music,90332,15,36
UCA0B7x_M1_JKrFU4z02R-Ng,ADNAN GUFRONA - Topic,https://www.youtube.com/channel/UCA0B7x_M1_JKrFU4z02R-Ng,Pop music,12828016,11,28
UCmuhkbAcJZHqzCs6u5JtbPA,lostcage,https://www.youtube.com/channel/UCmuhkbAcJZHqzCs6u5JtbPA,Music,586280,89,3210
UCBuBTkcgN_7Sxta2SXalfdA,Vor!ne,https://www.youtube.com/channel/UCBuBTkcgN_7Sxta2SXalfdA,Pop music,3235,26,67
UC2Vg1LnYEVqmpjLF2Ws67yA,Cathedral Club,https://www.youtube.com/channel/UC2Vg1LnYEVqmpjLF2Ws67yA,Hip hop music,3451,39,68
UCKtzhKtZ6A71G0iOZhaIqqQ,Dim4eyez,https://www.youtube.com/channel/UCKtzhKtZ6A71G0iOZhaIqqQ,Hip hop music,27110,32,1390
UCOUk9bwgpOryObHhsFnlp7Q,GaneKey,https://www.youtube.com/channel/UCOUk9bwgpOryObHhsFnlp7Q,Role-playing video game,5146758,846,93200
UCOFvtauYh2RqSy-bFmhIDUA,followingchesterpathh,https://www.youtube.com/channel/UCOFvtauYh2RqSy-bFmhIDUA,Action-adventure game,108269,206,2610
UCYFNiUNpJ_r624tSU12w9aA,PilosopiL,https://www.youtube.com/channel/UCYFNiUNpJ_r624tSU12w9aA,Action-adventure game,1489070,576,29600
UCx9D32C8ZFaz1kPkBASSAzQ,Kyne,https://www.youtube.com/channel/UCx9D32C8ZFaz1kPkBASSAzQ,Action-adventure game,107869,70,2120
UCS-lQAki28XjjSDalcWsHCw,TBN PLUG EXECUTIVE,https://www.youtube.com/channel/UCS-lQAki28XjjSDalcWsHCw,Role-playing video game,6434,3,222
UCkmXYtBjhilwv8P2jZPfHMQ,Jipen,https://www.youtube.com/channel/UCkmXYtBjhilwv8P2jZPfHMQ,Action game,186181,355,3670
UCjhMe3wMMbmcTb0Qmo8Rvow,Kokoo,https://www.youtube.com/channel/UCjhMe3wMMbmcTb0Qmo8Rvow,Role-playing video game,14146,24,1840
UCEvlfz79QPW37xGKkN-4sHA,Ramorant,https://www.youtube.com/channel/UCEvlfz79QPW37xGKkN-4sHA,Action-adventure game,199795,55,9490
UCEL-pqrBJa7IGcRDlR8FZPQ,GrimDior,https://www.youtube.com/channel/UCEL-pqrBJa7IGcRDlR8FZPQ,Electronic music,1394434,129,5530
UCQE4g7pyl0CSYqKjbXplgUA,YOPI,https://www.youtube.com/channel/UCQE4g7pyl0CSYqKjbXplgUA,Music,9051212,222,33000
UC34L4iz1stvSp-75j5JnqTA,Zalfa,https://www.youtube.com/channel/UC34L4iz1stvSp-75j5JnqTA,,54387,1,2370
UC3iSBXqd2P_IfAHnGtXiiAA,Tomi Sitorus,https://www.youtube.com/channel/UC3iSBXqd2P_IfAHnGtXiiAA,Action-adventure game,5479537,1008,22700
UCJtYY44znndp-xw41hHOeig,SHOWBOYZ,https://www.youtube.com/channel/UCJtYY44znndp-xw41hHOeig,Music,1795022,141,17900
UC3McQe8tUdOw-yu5KGptLaw,nrd,https://www.youtube.com/channel/UC3McQe8tUdOw-yu5KGptLaw,Action-adventure game,44105,72,1990
UCOSHl09WkxT2fXsjN438fqA,MD XXL,https://www.youtube.com/channel/UCOSHl09WkxT2fXsjN438fqA,Soul music,4044113,832,14800
UCr5TXblXrz1h4925hZc3JvA,Sky EXP Collective,https://www.youtube.com/channel/UCr5TXblXrz1h4925hZc3JvA,,0,0,13000
UC0MqD5vOWuS6bkCeIBnnzHw,TylianMTB,https://www.youtube.com/channel/UC0MqD5vOWuS6bkCeIBnnzHw,Music,124507194,1298,253000
UC1tDJ5pl2Q8zHX9b2ct0RCw,jalenrekt,https://www.youtube.com/channel/UC1tDJ5pl2Q8zHX9b2ct0RCw,Pop music,112510989,343,212000
UC-CnJoC3l9SSKi6HXS44CNA,Natanael A.【ナタン】,https://www.youtube.com/channel/UC-CnJoC3l9SSKi6HXS44CNA,Music,3703453,224,12300
UCFn6QNMs31x6hv0CIEyAYiw,keeno official,https://www.youtube.com/channel/UCFn6QNMs31x6hv0CIEyAYiw,Music of Asia,1463105,3,25100
UCQBLCpXNxjU-0lljsXsMakg,Nem,https://www.youtube.com/channel/UCQBLCpXNxjU-0lljsXsMakg,Music of Asia,12625853,48,39900
UCedUncFff0R2SbOTxkJUPow,LOTI,https://www.youtube.com/channel/UCedUncFff0R2SbOTxkJUPow,Hip hop music,22288722,134,22700
UCuZPtWDsczOuztPMUr0mmpw,CORPSE,https://www.youtube.com/channel/UCuZPtWDsczOuztPMUr0mmpw,Hip hop music,439957978,19,2860000
UCP0AYLjqoVV959vZx2XJmAg,yonkey official,https://www.youtube.com/channel/UCP0AYLjqoVV959vZx2XJmAg,Independent music,306868,12,2740
UChthsNDWnGTCsAJSY-yGSyg,足立佳奈,https://www.youtube.com/channel/UChthsNDWnGTCsAJSY-yGSyg,Music of Asia,47603636,140,136000
UCln9P4Qm3-EAY4aiEPmRwEA,Ado,https://www.youtube.com/channel/UCln9P4Qm3-EAY4aiEPmRwEA,Music of Asia,5424276825,713,9290000
UC10BM9XdLdrvB8japwmRUvA,Kanaria,https://www.youtube.com/channel/UC10BM9XdLdrvB8japwmRUvA,Music of Asia,609397215,69,1490000
UC7FdBI7zW5FM8R7s57EZySw,Selfregret,https://www.youtube.com/channel/UC7FdBI7zW5FM8R7s57EZySw,Music of Asia,11453,9,71
UCNKU7EjcHbK36gGUL7BaP4w,Lazyan_dbored,https://www.youtube.com/channel/UCNKU7EjcHbK36gGUL7BaP4w,Music,16496,8,58
UCkKhLYOjRXiNHsV0c8dmI_g,Nana Megumi ch.,https://www.youtube.com/channel/UCkKhLYOjRXiNHsV0c8dmI_g,,218924,244,7110
UCvpHZYWHqry787AVncZDDKQ,Wibu Sableng Commission,https://www.youtube.com/channel/UCvpHZYWHqry787AVncZDDKQ,Action game,4748,7,48
UCK4lZqiWNuOf-CTyX3Qbj1w,Gabriel Abyssia,https://www.youtube.com/channel/UCK4lZqiWNuOf-CTyX3Qbj1w,Action-adventure game,6284039,1113,53600
UCcdBPXzeUZMvkcyby45eNfQ,Sandi Wirayudha,https://www.youtube.com/channel/UCcdBPXzeUZMvkcyby45eNfQ,Pop music,208588,109,920
UCXp26d9RQqUnCeRwaulXZgA,Eray Ryuki【VERSA】,https://www.youtube.com/channel/UCXp26d9RQqUnCeRwaulXZgA,Action-adventure game,663974,277,26200
UCTX1udX1s_n4OFt5MlxEmiw,Y.A.P Official,https://www.youtube.com/channel/UCTX1udX1s_n4OFt5MlxEmiw,Electronic music,11672,36,2140
UCGhCsFMqLK25ntddKGoPQSg,Alenka Inventra | DigiKagi,https://www.youtube.com/channel/UCGhCsFMqLK25ntddKGoPQSg,Action game,39708338,733,325000
UCmpdlff7cyIRI-WRkOwbBfQ,Livy Addalyn Ch. 【ASPIRA Project】,https://www.youtube.com/channel/UCmpdlff7cyIRI-WRkOwbBfQ,,1840,1,4220
UC9L0rdQoBOUPwiwl4VgDqYw,Quaela Ivanna Ch.,https://www.youtube.com/channel/UC9L0rdQoBOUPwiwl4VgDqYw,Music,1072,2,122
UCyxWSWSyWkGL8cklraOQcvA,fahr,https://www.youtube.com/channel/UCyxWSWSyWkGL8cklraOQcvA,Electronic music,4294,10,59
UCXdqM01i5loJv2b45KNzoLw,zukisuzuki BGM,https://www.youtube.com/channel/UCXdqM01i5loJv2b45KNzoLw,Hip hop music,22536447,575,105000
UCoPUMQH-DiKlaJu1E_Sloqw,雨衣Official,https://www.youtube.com/channel/UCoPUMQH-DiKlaJu1E_Sloqw,Music of Asia,4383082,27,104000
UCCxVDnuUc9FtjUXUzTd0LJA,ソナーレ BGM channel,https://www.youtube.com/channel/UCCxVDnuUc9FtjUXUzTd0LJA,Music of Asia,152351,22,1400
UCeBuESc6vN_IiFR3je4NYTg,雨良 Amala,https://www.youtube.com/channel/UCeBuESc6vN_IiFR3je4NYTg,Entertainment,207179205,279,628000
UCo8YLMpsKZYTfVaQyh0XyoQ,nm free music,https://www.youtube.com/channel/UCo8YLMpsKZYTfVaQyh0XyoQ,Music of Asia,1099919,238,6190
UCAZPERjpsQIx3nPOVAx_y4g,MUKU,https://www.youtube.com/channel/UCAZPERjpsQIx3nPOVAx_y4g,Role-playing video game,63757,632,1010
UCtcYuWVYV2XJOunU_vlXGBg,秋森海里,https://www.youtube.com/channel/UCtcYuWVYV2XJOunU_vlXGBg,Action game,67033,151,335
UCuajCUqONzGf-fT9T7av1iQ,Nyalpaca BGM Workshop,https://www.youtube.com/channel/UCuajCUqONzGf-fT9T7av1iQ,Music,8061533,88,61200
UC3_tcjJS_a1NpDpYaCCTwcw,Kyatto,https://www.youtube.com/channel/UC3_tcjJS_a1NpDpYaCCTwcw,Music of Asia,16305355,81,87600
UCdaEnOrG9JoPvp4QN0vZrnw,えだまめ88,https://www.youtube.com/channel/UCdaEnOrG9JoPvp4QN0vZrnw,Music,3534404,138,17400
UCzNXpqpdvlibmNc1JpM1o4g,ルンルン / Lunlun【にじさんじ】,https://www.youtube.com/channel/UCzNXpqpdvlibmNc1JpM1o4g,Video game culture,139506202,619,903000
UCKdj49SxPcZChockGr4XKGg,katabami_2322,https://www.youtube.com/channel/UCKdj49SxPcZChockGr4XKGg,,0,0,0
UCJS5R13nmDI_Npmx-zneRtQ,かがみ もち,https://www.youtube.com/channel/UCJS5R13nmDI_Npmx-zneRtQ,Entertainment,433913,257,770
UCNIdLqe9wWUaaNFvNMi8lKA,北兎エト,https://www.youtube.com/channel/UCNIdLqe9wWUaaNFvNMi8lKA,,513,5,34
UC0bzut01UZEf9hBLAOlGxJA,七肯chik,https://www.youtube.com/channel/UC0bzut01UZEf9hBLAOlGxJA,Role-playing video game,77978,689,1290
UC2HejkTaAD5O0VrRXjdpXxw,UFO醬【麻糬山丘 MochiHill Ch.】,https://www.youtube.com/channel/UC2HejkTaAD5O0VrRXjdpXxw,,408186,745,8150
UC73zug1oyUSpyVCK6hrhRSg,藤堂幸助,https://www.youtube.com/channel/UC73zug1oyUSpyVCK6hrhRSg,Video game culture,152843,570,1760
UCu8Q3UbGlmIOH82PAgPV9Yw,虛擬鮪魚 Virtual Tuna Ch.,https://www.youtube.com/channel/UCu8Q3UbGlmIOH82PAgPV9Yw,,742,1,699
UCIluhwUtoEKl_PrYbPR3eKw,砂糖楓梨 Sato Furi Ch.,https://www.youtube.com/channel/UCIluhwUtoEKl_PrYbPR3eKw,,1063150,571,25500
UCRs9zyFN4vI1yKo08y0tLRQ,影縫英,https://www.youtube.com/channel/UCRs9zyFN4vI1yKo08y0tLRQ,Pop music,10155450,22,38600
UCah4_WVjmr8XA7i5aigwV-Q,ヰ世界情緒 -Isekaijoucho-,https://www.youtube.com/channel/UCah4_WVjmr8XA7i5aigwV-Q,Music of Asia,206638395,468,512000
UC8fC0rjHhH7-HyyrKUmiZVA,Tanchiky,https://www.youtube.com/channel/UC8fC0rjHhH7-HyyrKUmiZVA,Music of Asia,12165548,149,27400
UCO8dQsjFAV_n4OpRQFFU_4w,すずしろ / すずみしろ,https://www.youtube.com/channel/UCO8dQsjFAV_n4OpRQFFU_4w,Entertainment,2040312,100,18600
UC_fYA9QRK-aJnFTgvR_4zug,ななひら / Nanahira,https://www.youtube.com/channel/UC_fYA9QRK-aJnFTgvR_4zug,Music of Asia,68159863,215,251000
UCoupL81t75_Z4XRKzOSHLbg,ちょこ,https://www.youtube.com/channel/UCoupL81t75_Z4XRKzOSHLbg,Music,4491068,432,24900
UC7Gow-kNHq21oejSIDg9PAg,幸祜 - KOKO -,https://www.youtube.com/channel/UC7Gow-kNHq21oejSIDg9PAg,Pop music,102181853,318,341000
UCE7gtjLeZKNXLp5YURzYYeg,春猿火 / Harusaruhi,https://www.youtube.com/channel/UCE7gtjLeZKNXLp5YURzYYeg,Pop music,128664498,288,344000
UCJIJNGZ9a53bqBdcjII4cgA,シャノン / Shannon Official,https://www.youtube.com/channel/UCJIJNGZ9a53bqBdcjII4cgA,Music of Asia,14777002,110,125000
UCQ1U65-CQdIoZ2_NA4Z4F7A,KAF,https://www.youtube.com/channel/UCQ1U65-CQdIoZ2_NA4Z4F7A,Music of Asia,428070406,900,1080000
UCRu9LBf2hAp7saEYYQZFFTQ,なみぐる - namigroove,https://www.youtube.com/channel/UCRu9LBf2hAp7saEYYQZFFTQ,Electronic music,31052167,249,6620
UCDzdRLILLWlHxXnj3HhXW0A,Caitlin Myers,https://www.youtube.com/channel/UCDzdRLILLWlHxXnj3HhXW0A,Music of Asia,59852799,53,261000
UCHf9og9JlOD7YNYezW_tVew,#ERROR!,https://www.youtube.com/channel/UCHf9og9JlOD7YNYezW_tVew,Pop music,741599,24,9060
UCLSVmJdBOcoPEXZFXV5kBuA,Pumpkin Head,https://www.youtube.com/channel/UCLSVmJdBOcoPEXZFXV5kBuA,Independent music,942857,54,5960
UCPdZOrR0I5DGNcl3C6RnWhg,R.I.P / RIProducer,https://www.youtube.com/channel/UCPdZOrR0I5DGNcl3C6RnWhg,Electronic music,45454171,25,95000
UCJ5k-jf-8fzMGnpEy27X4DQ,GHOST,https://www.youtube.com/channel/UCJ5k-jf-8fzMGnpEy27X4DQ,Independent music,210676781,74,498000
UCruawUHjUtIaYRqXqElyZqA,ponkansoup,https://www.youtube.com/channel/UCruawUHjUtIaYRqXqElyZqA,Electronic music,2012799,17,11400
UCrq2qxXTl7u-YKeSqIJ5xZA,SATURDAY ⌾ MOURNING,https://www.youtube.com/channel/UCrq2qxXTl7u-YKeSqIJ5xZA,Film,2373259,68,5800
UCH4Okh3kaBIs6yjukOdCvRQ,GIN,https://www.youtube.com/channel/UCH4Okh3kaBIs6yjukOdCvRQ,Electronic music,311230,90,2220
UCoPZGwLBlAj6OsmR-jSifPg,11vein,https://www.youtube.com/channel/UCoPZGwLBlAj6OsmR-jSifPg,Pop music,1905289,9,12600
UC5p3u7zr79oFMSxWTMtVp3Q,사기,https://www.youtube.com/channel/UC5p3u7zr79oFMSxWTMtVp3Q,Music of Asia,432726,32,8560
UChIsLLz4UvdJVT0yBku1qOw,Rumskii ch,https://www.youtube.com/channel/UChIsLLz4UvdJVT0yBku1qOw,Electronic music,335102,193,4760
UCpLKk1TqiGRqLWcR9_ZcNaA,ツミキ / NOMELON NOLEMON,https://www.youtube.com/channel/UCpLKk1TqiGRqLWcR9_ZcNaA,Pop music,164883659,108,324000
UCdBFH0GhWvlntZaVoWBceXA,Anahit Vardanyan,https://www.youtube.com/channel/UCdBFH0GhWvlntZaVoWBceXA,Electronic music,425282,70,3740
UCYNbTyu6pb1XsMHIWLAyuYQ,The Selchies,https://www.youtube.com/channel/UCYNbTyu6pb1XsMHIWLAyuYQ,Humour,52861009,638,107000
UCywhnhPP3dAw7huG_y0hdEg,Brandon Rogers,https://www.youtube.com/channel/UCywhnhPP3dAw7huG_y0hdEg,Entertainment,1644010101,383,7260000
UC71YOe3AUHZ4ep_ATiYGZjw,Bloody Bunny (Official Channel),https://www.youtube.com/channel/UC71YOe3AUHZ4ep_ATiYGZjw,Entertainment,16978873,19,163000
UC87PQkY3dDS-FastDm97emA,Kero Kero Bonito,https://www.youtube.com/channel/UC87PQkY3dDS-FastDm97emA,Independent music,182414700,96,624000
UCoOJyqvSBVWbcxCiQfz74Ew,Zzz.,https://www.youtube.com/channel/UCoOJyqvSBVWbcxCiQfz74Ew,Pop music,11080192,94,55400
UCobJseYd3Z4Kd9igg8PWXpQ,Matt Watson,https://www.youtube.com/channel/UCobJseYd3Z4Kd9igg8PWXpQ,Hip hop music,13741487,21,167000
UCWLeX1gPvS5ooyyytGRufLg,Avocado Animations,https://www.youtube.com/channel/UCWLeX1gPvS5ooyyytGRufLg,Film,434133557,77,2910000
UCaQgdQV-LkpZPDzCogWkWFg,Syphrus,https://www.youtube.com/channel/UCaQgdQV-LkpZPDzCogWkWFg,Action-adventure game,22565035,683,106000
UCh0mYnolR2jJ4rjQa8upK8Q,Kylie Noels,https://www.youtube.com/channel/UCh0mYnolR2jJ4rjQa8upK8Q,Entertainment,5607437,189,4320
UCQU7IcK9uo9k5bVoJm8GM4A,Sommerset,https://www.youtube.com/channel/UCQU7IcK9uo9k5bVoJm8GM4A,Action game,54517881,703,472000
UCl7uP8M7BH-sScwPokp7U4w,its dwolf,https://www.youtube.com/channel/UCl7uP8M7BH-sScwPokp7U4w,Action-adventure game,278809,138,4370
UCUqg5urMmozEucr5xAKTa5g,OBSBOT,https://www.youtube.com/channel/UCUqg5urMmozEucr5xAKTa5g,Technology,6833950,280,21300
UClRhBEk6jWCU1Fyj_sjQ8kw,Rodey,https://www.youtube.com/channel/UClRhBEk6jWCU1Fyj_sjQ8kw,Role-playing video game,127348372,363,783000
UCTl3QQTvqHFjurroKxexy2Q,Olympics,https://www.youtube.com/channel/UCTl3QQTvqHFjurroKxexy2Q,Sport,12704664519,20980,16600000
UCIKGhmu-KdHCG5vZvOuNaww,Zach Justice,https://www.youtube.com/channel/UCIKGhmu-KdHCG5vZvOuNaww,Entertainment,1232094790,1751,1530000
UCQNWIrUCkl0VIr6y2FOrWeA,GrizzyVODS,https://www.youtube.com/channel/UCQNWIrUCkl0VIr6y2FOrWeA,Action game,36059015,81,212000
UCRuNOupskvYyQITuirXvmCQ,MoreGrizzy,https://www.youtube.com/channel/UCRuNOupskvYyQITuirXvmCQ,Action-adventure game,34114328,82,399000
UCVyga8l4ARgDIqs8h76QzHw,Clooless Podcast,https://www.youtube.com/channel/UCVyga8l4ARgDIqs8h76QzHw,Humour,31666978,117,350000
UCg7YVrx6Xim2zOMb3OpRtBg,GrizzyTV,https://www.youtube.com/channel/UCg7YVrx6Xim2zOMb3OpRtBg,Entertainment,229236986,184,971000
UCmdCl2LVcr19NQ-wDO4q_Gg,Grizzy Beats,https://www.youtube.com/channel/UCmdCl2LVcr19NQ-wDO4q_Gg,Electronic music,0,0,65000
UCMNEVbszv8ZyvSXoTn3yhpQ,TheBurntPeanut,https://www.youtube.com/channel/UCMNEVbszv8ZyvSXoTn3yhpQ,Role-playing video game,481549788,1252,1890000
UCrKtE31-9nGxqIPK1Og0NDQ,The Leo & Danny Show,https://www.youtube.com/channel/UCrKtE31-9nGxqIPK1Og0NDQ,Film,12088959,374,61700
UC0xxXOouv4ueyG5pfIAWlhA,CJ Clark,https://www.youtube.com/channel/UC0xxXOouv4ueyG5pfIAWlhA,Entertainment,617715,60,1290
UCAH5YrOwdOrqif4H4VbLN5w,Willee Johnston,https://www.youtube.com/channel/UCAH5YrOwdOrqif4H4VbLN5w,,0,0,1250
UCLHcr2Yg1AYyHmMKW7r7lMw,Chris Hampton,https://www.youtube.com/channel/UCLHcr2Yg1AYyHmMKW7r7lMw,Entertainment,332263,33,748
UCwY28xcOJxY_hrDhlzer6Kg,Tylor T,https://www.youtube.com/channel/UCwY28xcOJxY_hrDhlzer6Kg,Lifestyle (sociology),985,2,499
UC6nJLzpsncQW4d88YrpZAsg,Legendary Shots,https://www.youtube.com/channel/UC6nJLzpsncQW4d88YrpZAsg,Lifestyle (sociology),4332529991,1296,4720000
UCgtBfURWQHUiImS7StRTkhA,Challenge arena,https://www.youtube.com/channel/UCgtBfURWQHUiImS7StRTkhA,,1314608,18,21100
UCyBtqQsXh0Wq0gZLDljzNvA,Red Bwoy TV ANIMALS,https://www.youtube.com/channel/UCyBtqQsXh0Wq0gZLDljzNvA,Pet,1170509,130,4000
UCWOA1ZGywLbqmigxE4Qlvuw,Netflix,https://www.youtube.com/channel/UCWOA1ZGywLbqmigxE4Qlvuw,Television program,11231403087,9102,33300000
UCObk_g1hQBy0RKKriVX_zOQ,Netflix Is A Joke,https://www.youtube.com/channel/UCObk_g1hQBy0RKKriVX_zOQ,Television program,2881267690,4483,4570000
UC5bqgtz_UodNhxQolE0spTQ,FaZe Live,https://www.youtube.com/channel/UC5bqgtz_UodNhxQolE0spTQ,Entertainment,223714,86,2840
UCe_FhoPnvWiyrJdkoDbTRQw,Adin Clips,https://www.youtube.com/channel/UCe_FhoPnvWiyrJdkoDbTRQw,Film,34009930,576,65800
UCpq0Ou2ObQr-LbTB6hsl8BA,Adin Ross,https://www.youtube.com/channel/UCpq0Ou2ObQr-LbTB6hsl8BA,,5560358,2,885000
UCs1rnF_c_VSg74M5CQ-HKWg,OSRSBeatz,https://www.youtube.com/channel/UCs1rnF_c_VSg74M5CQ-HKWg,Video game culture,32804342,262,53900
UCnAKuzfWjjWQoGJS4ORJXag,aloneintokyo,https://www.youtube.com/channel/UCnAKuzfWjjWQoGJS4ORJXag,Role-playing video game,101363844,644,549000
UCROnD_BAmmF05jLqJ1jbpEA,Hardstuck,https://www.youtube.com/channel/UCROnD_BAmmF05jLqJ1jbpEA,Role-playing video game,2843281,261,20500
UCvzFjzp1IOLyeTW6B7aop-Q,Picco,https://www.youtube.com/channel/UCvzFjzp1IOLyeTW6B7aop-Q,Action-adventure game,412292,129,7740
UCGmkSbQQ5dxwQNNP5ju9H8Q,LoneEgg,https://www.youtube.com/channel/UCGmkSbQQ5dxwQNNP5ju9H8Q,,0,0,3120
UCeSEutT90M258eWTYCILvzA,Shacky,https://www.youtube.com/channel/UCeSEutT90M258eWTYCILvzA,Role-playing video game,33781535,365,205000
UCW_iyt349eJC3NN-a3gLG6g,K02,https://www.youtube.com/channel/UCW_iyt349eJC3NN-a3gLG6g,Action-adventure game,6996,33,222
UCkwvr9omfO9WXsjAa9LR15w,Lost,https://www.youtube.com/channel/UCkwvr9omfO9WXsjAa9LR15w,Action game,404532,8,15900
UCzenbf_-ZJLUKTOy-D4dinA,LEDOO,https://www.youtube.com/channel/UCzenbf_-ZJLUKTOy-D4dinA,Role-playing video game,213889,31,2210
UCcUszRpgRDBbZNLygszTYSA,worse,https://www.youtube.com/channel/UCcUszRpgRDBbZNLygszTYSA,Role-playing video game,57637,45,3550
UCcmCDlPtOv9RsAQM4aSC83A,OBIE,https://www.youtube.com/channel/UCcmCDlPtOv9RsAQM4aSC83A,Action game,27476200,180,177000
UCX-EhyoNi5sm7sijOg8TA_g,emkay,https://www.youtube.com/channel/UCX-EhyoNi5sm7sijOg8TA_g,Action game,1112209,63,15500
UCXPGIxSgugR_rqYr2Bb2LIA,Ultra,https://www.youtube.com/channel/UCXPGIxSgugR_rqYr2Bb2LIA,Role-playing video game,9633660,309,48900
UCIKCOBJoceaflvVLgTIM82A,luckyllama,https://www.youtube.com/channel/UCIKCOBJoceaflvVLgTIM82A,Strategy video game,4548496,43,124000
UCbvwGzSKXa31P6yDRyoNJnA,FancyOrb,https://www.youtube.com/channel/UCbvwGzSKXa31P6yDRyoNJnA,Role-playing video game,128874308,231,930000
UCkKby3SmV9XGW_U_u1RsyCg,Blazed,https://www.youtube.com/channel/UCkKby3SmV9XGW_U_u1RsyCg,Action game,104477372,367,376000
UCxhofOoSmF_RQgSpi48JkMg,Koala,https://www.youtube.com/channel/UCxhofOoSmF_RQgSpi48JkMg,Action game,158069,12,4600
UCetuPjY6ia4FAEFWBjhmv1w,- DB007 -,https://www.youtube.com/channel/UCetuPjY6ia4FAEFWBjhmv1w,Strategy video game,17131,23,299
UCOEt6Go0JO_fC4Uuh_J1IEA,Mr.Dealer,https://www.youtube.com/channel/UCOEt6Go0JO_fC4Uuh_J1IEA,Action game,107825,27,659
UCEJ28Q8fpjyjsqpISMwvrvg,SebbyK,https://www.youtube.com/channel/UCEJ28Q8fpjyjsqpISMwvrvg,Role-playing video game,129890492,598,458000
UC_RTgfzw-lHCxCoDCnXDbtg,Brollow,https://www.youtube.com/channel/UC_RTgfzw-lHCxCoDCnXDbtg,Action game,3046153,22,56400
UCmQA44-0bETSJS9D1oyWy3g,Swift Coyote,https://www.youtube.com/channel/UCmQA44-0bETSJS9D1oyWy3g,Action game,26918,27,1580
UChLgZFcCFw1ktfvyoLGiRTQ,Iced,https://www.youtube.com/channel/UChLgZFcCFw1ktfvyoLGiRTQ,Action-adventure game,51421,10,2090
UC8SHCHvApI1aPlX8jagFZ9Q,Disfigure,https://www.youtube.com/channel/UC8SHCHvApI1aPlX8jagFZ9Q,Role-playing video game,21974297,241,218000
UC0h91OxHExPxenGmUENhuLw,NAZ,https://www.youtube.com/channel/UC0h91OxHExPxenGmUENhuLw,Action-adventure game,1384632,140,17500
UCAYOMpSQugVgFe4wnqZCCKQ,Coma,https://www.youtube.com/channel/UCAYOMpSQugVgFe4wnqZCCKQ,Strategy video game,16694928,246,155000
UCCo6EC0MOfJSnHbD3LI6iFA,spoonkid2,https://www.youtube.com/channel/UCCo6EC0MOfJSnHbD3LI6iFA,Role-playing video game,508316757,599,1100000
UCW3TWRg3EIrtGWHF-Mg6bbw,Gorliac,https://www.youtube.com/channel/UCW3TWRg3EIrtGWHF-Mg6bbw,Action-adventure game,14233470,52,180000
UClMuosUutVxH7hTGVyUzppA,Blooprint's Vault,https://www.youtube.com/channel/UClMuosUutVxH7hTGVyUzppA,Strategy video game,1125189,106,34500
UCgYBxwW1sqqKMb4KjfvDZgQ,Willyum,https://www.youtube.com/channel/UCgYBxwW1sqqKMb4KjfvDZgQ,Action-adventure game,1625216,40,81100
UCiqcn4M1ONHkQCJNl4XXfuA,Hidden Design,https://www.youtube.com/channel/UCiqcn4M1ONHkQCJNl4XXfuA,Role-playing video game,1029175,52,5150
UCNAePsTyyXAMV0wCmJW0JCg,alpacasita,https://www.youtube.com/channel/UCNAePsTyyXAMV0wCmJW0JCg,Action game,341283,41,2610
UC4FTyM4MesUnFNwuw9S1XRw,qaixx,https://www.youtube.com/channel/UC4FTyM4MesUnFNwuw9S1XRw,Strategy video game,6230886,50,105000
UCnd5gkf-ODpm5Qo9TEJKUrw,Albin,https://www.youtube.com/channel/UCnd5gkf-ODpm5Qo9TEJKUrw,Simulation video game,1163833,74,15400
UCisv_Rgs-q5a7ziVFhgnrgQ,Farmerlucas,https://www.youtube.com/channel/UCisv_Rgs-q5a7ziVFhgnrgQ,Role-playing video game,1977677,264,1950
UCo9ecSGBMStWG5uDZv3dgIw,r00t9r Rust,https://www.youtube.com/channel/UCo9ecSGBMStWG5uDZv3dgIw,Action-adventure game,65029,31,6090
UCha7Gw9Ubs8ucjqqzKE0D_Q,Spencer,https://www.youtube.com/channel/UCha7Gw9Ubs8ucjqqzKE0D_Q,Video game culture,387414497,716,2140000
UCPLMPHT-d8GZOqL_AHJFdQQ,Parrot,https://www.youtube.com/channel/UCPLMPHT-d8GZOqL_AHJFdQQ,Action-adventure game,410657665,106,3870000
UCfmjemnU0R2XgfAncXrMSlg,Soren Stavnicky,https://www.youtube.com/channel/UCfmjemnU0R2XgfAncXrMSlg,Classical music,7772,29,114
UC-EBRkXpG5dFHV-zaqDonrg,MM,https://www.youtube.com/channel/UC-EBRkXpG5dFHV-zaqDonrg,Music of Asia,14521,11,171
UCA-8abzeuoKeSfcaysVlT8Q,Volumetrique / VTQ,https://www.youtube.com/channel/UCA-8abzeuoKeSfcaysVlT8Q,Music,39705,106,441
UChPsCwzLIghlUKodG5zijfA,Elegant Sister (ES),https://www.youtube.com/channel/UChPsCwzLIghlUKodG5zijfA,Electronic music,117709401,604,223000
UChicEtffabIKdVJThpPwqhQ,KodamaSoft / KodamaSounds,https://www.youtube.com/channel/UChicEtffabIKdVJThpPwqhQ,Music,34516,47,618
UCzDxWU19jeXdIaRMyWyDVJA,SpiralFlip,https://www.youtube.com/channel/UCzDxWU19jeXdIaRMyWyDVJA,Music of Asia,804794,38,6950
UCMIFZlIm3E7fxattsuRoqgA,Billy Qvarnström,https://www.youtube.com/channel/UCMIFZlIm3E7fxattsuRoqgA,Music,1383821,230,7050
UC4SY1zf6VswIzD6vGku2NwA,Travis Orbin,https://www.youtube.com/channel/UC4SY1zf6VswIzD6vGku2NwA,Independent music,6851744,427,28700
UCXBpBWML1asnSekXn43UoJg,LlamaNeck,https://www.youtube.com/channel/UCXBpBWML1asnSekXn43UoJg,,2231,1,3240
UCRzNmYGvKNRHEwAfs1yLHWA,Tubb,https://www.youtube.com/channel/UCRzNmYGvKNRHEwAfs1yLHWA,Action game,36094,2,10900
UC9fL3wCScZUbAln6hvsqsuQ,The Let's Play Channel,https://www.youtube.com/channel/UC9fL3wCScZUbAln6hvsqsuQ,Action-adventure game,2705303,7,300000
UC5p_l5ZeB_wGjO_yDXwiqvw,TommyInnit,https://www.youtube.com/channel/UC5p_l5ZeB_wGjO_yDXwiqvw,Lifestyle (sociology),2650518901,552,15000000
UCVhZyGllAVd-Wl6kNufV0uA,JackManifoldTV,https://www.youtube.com/channel/UCVhZyGllAVd-Wl6kNufV0uA,Film,94357791,42,1820000
UCA2tt9GSU2sl8rAqjlLR3mQ,GeorgeNotFound,https://www.youtube.com/channel/UCA2tt9GSU2sl8rAqjlLR3mQ,Action game,745312498,92,9820000
UC_bjOaM7jR8lmPoAmaRPPnQ,Niki Nihachu,https://www.youtube.com/channel/UC_bjOaM7jR8lmPoAmaRPPnQ,Lifestyle (sociology),38301842,75,1250000
UC1hkAIJnb2CSmm7SPJaPR-A,Dan Bull,https://www.youtube.com/channel/UC1hkAIJnb2CSmm7SPJaPR-A,Hip hop music,1275816417,674,3370000
UCljOs0NF73lGWMMrNWtw5Ig,Karsten Belt,https://www.youtube.com/channel/UCljOs0NF73lGWMMrNWtw5Ig,Jazz,22640341,69,148000
UC8XRMXF47NXg_IPhZ3G8NKg,Jeysun,https://www.youtube.com/channel/UC8XRMXF47NXg_IPhZ3G8NKg,Electronic music,136128,18,1250
UCgyLY7lLmtU2G7BXXosL89g,Sonhos,https://www.youtube.com/channel/UCgyLY7lLmtU2G7BXXosL89g,Hobby,5306,9,366
UCPM1bCbT-dVAHAEIpUUpVLQ,RichaadEB,https://www.youtube.com/channel/UCPM1bCbT-dVAHAEIpUUpVLQ,Music,449777139,474,756000
UCxjzRL0zDkypQKZjSgEk3bw,Peace Love and Gaming,https://www.youtube.com/channel/UCxjzRL0zDkypQKZjSgEk3bw,Action-adventure game,75270,25,15700
UCN2SmGmFSkjrh2DciCptwwA,NotRachelable,https://www.youtube.com/channel/UCN2SmGmFSkjrh2DciCptwwA,Entertainment,4511282,7,6460
UCkRByFN6eWfRjUH0MajJhBw,LittleVMills,https://www.youtube.com/channel/UCkRByFN6eWfRjUH0MajJhBw,Rock music,381680694,809,1170000
UCSSMzAWtQ-iJYemInv6_pRw,farpras,https://www.youtube.com/channel/UCSSMzAWtQ-iJYemInv6_pRw,Pop music,1367104,66,6110
UCxY9Rkil9PtqcHpOVb3aAKQ,Brandon McInnis,https://www.youtube.com/channel/UCxY9Rkil9PtqcHpOVb3aAKQ,Music of Asia,2665596,51,22500
UC40gs0opj389ohjLnJIAJzA,Jonathan Young,https://www.youtube.com/channel/UC40gs0opj389ohjLnJIAJzA,Pop music,1112794097,653,2320000
UCyqEcHPKLH7KVzzqHN1n3vw,Shirotani,https://www.youtube.com/channel/UCyqEcHPKLH7KVzzqHN1n3vw,Entertainment,6227379,22,44800
UCmSlt58ydJnsKRrA81CWiKw,Judge & Jury,https://www.youtube.com/channel/UCmSlt58ydJnsKRrA81CWiKw,Pop music,1955749,239,42200
UCxzod11aqeU2H2cp7JQNB8A,adelitasway,https://www.youtube.com/channel/UCxzod11aqeU2H2cp7JQNB8A,Rock music,64292871,214,93100
UCdy2LP0rec6sRxFhkqItEXQ,Hikari Lumi,https://www.youtube.com/channel/UCdy2LP0rec6sRxFhkqItEXQ,,519,1,19
UChgPVLjqugDQpRLWvC7zzig,ironmouse,https://www.youtube.com/channel/UChgPVLjqugDQpRLWvC7zzig,Video game culture,394626770,1811,1700000
UC60w8W3VrDJ_nuocfeOwgsg,Logan Van Adams,https://www.youtube.com/channel/UC60w8W3VrDJ_nuocfeOwgsg,Pop music,105770,51,869
UCrG-uAJHiLBnhO4YFMDyVDA,LadyIgiko,https://www.youtube.com/channel/UCrG-uAJHiLBnhO4YFMDyVDA,Pop music,2183646,73,7780
UCZFRimDdCFhUFWNCmfz39mg,Teddy Oliver,https://www.youtube.com/channel/UCZFRimDdCFhUFWNCmfz39mg,Hip hop music,1237230,168,4170
UC_yh_EYy8lNVtsuzdecz9oA,Techneko,https://www.youtube.com/channel/UC_yh_EYy8lNVtsuzdecz9oA,,0,0,2
UCT15Whb1wFyd4g4qrQ_3s6Q,BSlick,https://www.youtube.com/channel/UCT15Whb1wFyd4g4qrQ_3s6Q,Music,78710577,1346,143000
UCmgdsC5YUNml15FgkOU0q5g,Silva Hound,https://www.youtube.com/channel/UCmgdsC5YUNml15FgkOU0q5g,Electronic music,29727744,50,9570
UCrqVceyjP4PtqRsiQNOZqjg,Sylver Stripe,https://www.youtube.com/channel/UCrqVceyjP4PtqRsiQNOZqjg,Music,3380,3,451
UCbKEKu3wkx_f97vKL_Og8pw,alleyy,https://www.youtube.com/channel/UCbKEKu3wkx_f97vKL_Og8pw,Electronic music,185751,14,2390
UCYnehH2tHxmTRqjTiuzzA8w,METAROOM,https://www.youtube.com/channel/UCYnehH2tHxmTRqjTiuzzA8w,Electronic music,31724334,61,100000
UClFPqygSZ026JV5Az1el2rg,akmaliciouz,https://www.youtube.com/channel/UClFPqygSZ026JV5Az1el2rg,Action game,17849,6,4050
UC2mP7il3YV7TxM_3m6U0bwA,jschlattLIVE,https://www.youtube.com/channel/UC2mP7il3YV7TxM_3m6U0bwA,Entertainment,703463010,160,4620000
UCNpcQ002WElJqT9r--R-Xfg,YuB,https://www.youtube.com/channel/UCNpcQ002WElJqT9r--R-Xfg,Action game,731038908,3184,1760000
UCvM9kVL4Xz-3xumOJ0Fvb3g,Couch Surfing with Coy,https://www.youtube.com/channel/UCvM9kVL4Xz-3xumOJ0Fvb3g,Entertainment,1281124,24,120000
UC5QPjg_HP9sioUNXiCy80xw,Sebsomeone,https://www.youtube.com/channel/UC5QPjg_HP9sioUNXiCy80xw,Entertainment,0,0,7310
UC5UHdMOwhHWxY9AQraqve4A,Poiuy,https://www.youtube.com/channel/UC5UHdMOwhHWxY9AQraqve4A,Electronic music,36186,22,1300
UC6XqKiKQGKyVtNJ4_SAMWTg,3meraldz,https://www.youtube.com/channel/UC6XqKiKQGKyVtNJ4_SAMWTg,Action-adventure game,3934,2,628
UCDhka7XkllGxop0_abgGfdA,[CK9C] ChaoticCanineCulture,https://www.youtube.com/channel/UCDhka7XkllGxop0_abgGfdA,Video game culture,826062897,181,1480000
UC6hcqdVx4yYJDu7gPrQKP9w,Athomic Beats,https://www.youtube.com/channel/UC6hcqdVx4yYJDu7gPrQKP9w,Hip hop music,660497,342,2620
UCXQuTtJ70B_mVqlYJNoyNxQ,HazTik,https://www.youtube.com/channel/UCXQuTtJ70B_mVqlYJNoyNxQ,Action game,1271046,165,4130
UCcEIg59v68mXkwmjrUovLWQ,Swoodeasu,https://www.youtube.com/channel/UCcEIg59v68mXkwmjrUovLWQ,Electronic music,2093177,54,7910
UC3Vx3Zh7V7EG3PytRWuYXag,Drip$tick,https://www.youtube.com/channel/UC3Vx3Zh7V7EG3PytRWuYXag,Entertainment,2000759,259,8090
UC4DHi-wM1wYL-soN_ilJjEQ,producerX,https://www.youtube.com/channel/UC4DHi-wM1wYL-soN_ilJjEQ,Electronic music,28523602,250,166000
UCA82Wt6_sjmTqwx48qr2fOA,Steezy Mode,https://www.youtube.com/channel/UCA82Wt6_sjmTqwx48qr2fOA,Music,148,2,62
UCKffbsBoqqgAhyJbnkFuGHg,ASTRSK*,https://www.youtube.com/channel/UCKffbsBoqqgAhyJbnkFuGHg,Electronic music,45926,20,1970
UCpeiIo13MsqPgp25vU0a7vQ,HoldUpAnti,https://www.youtube.com/channel/UCpeiIo13MsqPgp25vU0a7vQ,Electronic music,1301986,367,3530
UCv4c5_S6aj0SQWOOep9fd4A,bloomgums,https://www.youtube.com/channel/UCv4c5_S6aj0SQWOOep9fd4A,Hip hop music,171058,80,1840
UC_Tcm94cJjq6JwpUdB_N4lA,Ashtin Larold,https://www.youtube.com/channel/UC_Tcm94cJjq6JwpUdB_N4lA,Music,36636542,176,205000
UCaAqNrRBRO4Le2j9veyZiLw,Oricadia,https://www.youtube.com/channel/UCaAqNrRBRO4Le2j9veyZiLw,Hip hop music,17776973,102,33900
UC0JAMz2KJxCqFs1arYy_E1g,Jay Eazy,https://www.youtube.com/channel/UC0JAMz2KJxCqFs1arYy_E1g,Hip hop music,46137463,436,74300
UCf-upvfcuXI6anpYOkC80RQ,Aerrew,https://www.youtube.com/channel/UCf-upvfcuXI6anpYOkC80RQ,Action-adventure game,139101,80,760
UCEcsDOzFZg7DughFiIeYBiQ,Matthew May,https://www.youtube.com/channel/UCEcsDOzFZg7DughFiIeYBiQ,Pop music,52098880,988,173000
UCdZRs1GmZt5W5OSeS4QHtXQ,Theocles,https://www.youtube.com/channel/UCdZRs1GmZt5W5OSeS4QHtXQ,Rock music,5243,30,465
UCnBOcUE_Bv6Pdvj89Y4ITVg,Morgan,https://www.youtube.com/channel/UCnBOcUE_Bv6Pdvj89Y4ITVg,Hip hop music,7152164,436,26900
UCBTvRep6wXqyhgW0KO2qVQg,OhMyGon!,https://www.youtube.com/channel/UCBTvRep6wXqyhgW0KO2qVQg,Electronic music,7372863,1488,25600
UCg7qoKyPByllqELez2p6iRg,Johnald,https://www.youtube.com/channel/UCg7qoKyPByllqELez2p6iRg,Hip hop music,23769977,38,46400
UCmzE7kjCEDDurkvzWkoCyhQ,Zerado,https://www.youtube.com/channel/UCmzE7kjCEDDurkvzWkoCyhQ,,0,0,2980
UCoRq5guLwavXVti96Ek1VDA,tunnA Beatz,https://www.youtube.com/channel/UCoRq5guLwavXVti96Ek1VDA,Pop music,11137311,124,100000
UCsHkOlyMrHPwH7kR8BLQBcg,Mir Blackwell,https://www.youtube.com/channel/UCsHkOlyMrHPwH7kR8BLQBcg,Film,2892672,268,10900
UC28nW7PGgNxf7ez7z31kv9A,Mix Williams,https://www.youtube.com/channel/UC28nW7PGgNxf7ez7z31kv9A,Music,959439,22,8430
UCkqhSJuZLdsUTYWNWuuIQKA,theskybeats,https://www.youtube.com/channel/UCkqhSJuZLdsUTYWNWuuIQKA,Electronic music,83996367,679,222000
UCzZCT-7IkupbxpLn9BcjwXA,JHBBOSS,https://www.youtube.com/channel/UCzZCT-7IkupbxpLn9BcjwXA,Hip hop music,173244,24,3110
UCxBxCs3FxgYY_VvMgr9Dx2w,Blax,https://www.youtube.com/channel/UCxBxCs3FxgYY_VvMgr9Dx2w,Music,55392,71,963
UC-Re3P-t9Kop1kLSLYBUHHg,Dakuto AMV,https://www.youtube.com/channel/UC-Re3P-t9Kop1kLSLYBUHHg,Pop music,1715381,95,3530
UCLiWTvbalVNSttpfqQKijFw,Axii,https://www.youtube.com/channel/UCLiWTvbalVNSttpfqQKijFw,Music,988,2,423
UC-UCkx1U8UhjGWqIqakkaLg,JMorreArt,https://www.youtube.com/channel/UC-UCkx1U8UhjGWqIqakkaLg,Entertainment,8914,27,379
UC9flAu2neZbbKs2E4J7wDNQ,OtterBoyVA,https://www.youtube.com/channel/UC9flAu2neZbbKs2E4J7wDNQ,Music,612534,82,15000
UCCS-KM4AQYjQ6R8OPHuwpoQ,Keetheweeb,https://www.youtube.com/channel/UCCS-KM4AQYjQ6R8OPHuwpoQ,Music of Asia,991911,33,10900
UCnDpPoH39FnN65iafaAD5sA,Reece Lett,https://www.youtube.com/channel/UCnDpPoH39FnN65iafaAD5sA,Film,2571254,208,7560
UC8h6_iA5lhinUut3YJ1kM2A,Evanimas,https://www.youtube.com/channel/UC8h6_iA5lhinUut3YJ1kM2A,Entertainment,91286607,44,628000
UC_zHTrjvfa7xifSqneAL31Q,Ghostlike,https://www.youtube.com/channel/UC_zHTrjvfa7xifSqneAL31Q,Music,2925062,504,13200
UCTODYF5-i-ndt9QdUWwzsjQ,shirobeats,https://www.youtube.com/channel/UCTODYF5-i-ndt9QdUWwzsjQ,Hip hop music,4669472,103,29200
UCJ1t1GZGEnE0Okiww_jtX3Q,prodbychira,https://www.youtube.com/channel/UCJ1t1GZGEnE0Okiww_jtX3Q,Music,1828,16,1330
UCD_oolOCW-KckgB-G1jgucA,Glokum,https://www.youtube.com/channel/UCD_oolOCW-KckgB-G1jgucA,Film,2206156,247,8700
UCBOLkKr86qP9S-2Blc0ANbg,TayoLoxs,https://www.youtube.com/channel/UCBOLkKr86qP9S-2Blc0ANbg,Electronic music,1746671,341,8550
UC87bvudGUQ12Jeage8VIsig,saint urya,https://www.youtube.com/channel/UC87bvudGUQ12Jeage8VIsig,Hip hop music,5349655,1324,11900
UCV70Ibtck3aQUFEmYfLzEKw,wtfbennie,https://www.youtube.com/channel/UCV70Ibtck3aQUFEmYfLzEKw,Hip hop music,3664015,717,11300
UC6bRN3rZWosqO3BmoEvb_aw,inuyasha,https://www.youtube.com/channel/UC6bRN3rZWosqO3BmoEvb_aw,Electronic music,1355533,701,7690
UCgDPMGUOzErYPL0Sx4WlyQw,Billie Calvinn,https://www.youtube.com/channel/UCgDPMGUOzErYPL0Sx4WlyQw,Electronic music,59721,62,937
UCk07Frlwca8ZSCg2N7VNOXg,K2,https://www.youtube.com/channel/UCk07Frlwca8ZSCg2N7VNOXg,Hip hop music,7274,9,380
UCOKxuxxW6r0JT8DT6pZ_JuQ,V!CE,https://www.youtube.com/channel/UCOKxuxxW6r0JT8DT6pZ_JuQ,Film,531076,169,6890
UCw7REb2fzLigMTJL4D65Aig,Moon Doggie,https://www.youtube.com/channel/UCw7REb2fzLigMTJL4D65Aig,Entertainment,693803,13,40700
UC2g7xkk7QdlnkUDargFczwg,frostriku,https://www.youtube.com/channel/UC2g7xkk7QdlnkUDargFczwg,Entertainment,41616,15,114
UCHZUXF7WclTrpteIu2yA9Kg,Jamar Rose,https://www.youtube.com/channel/UCHZUXF7WclTrpteIu2yA9Kg,Pop music,6369148,240,24300
UCR244Tsgbk1oZ8JNJtDV9_Q,757shai,https://www.youtube.com/channel/UCR244Tsgbk1oZ8JNJtDV9_Q,Hip hop music,2177861,532,3310
UCzBBR4MBBKN0aMRo1oo2_Ug,calvin franchi,https://www.youtube.com/channel/UCzBBR4MBBKN0aMRo1oo2_Ug,Action game,214,6,26
UC-hHjDbMTWrM0_Hpf_tkBEg,Sheepy,https://www.youtube.com/channel/UC-hHjDbMTWrM0_Hpf_tkBEg,Hobby,41784,139,1110
UCkC4G7crNXA-6njT6wD07zA,marmal8,https://www.youtube.com/channel/UCkC4G7crNXA-6njT6wD07zA,Music of Latin America,10427,15,539
UC9Pibc4PVsCsEJFqakaHkOA,FreeSoul,https://www.youtube.com/channel/UC9Pibc4PVsCsEJFqakaHkOA,Entertainment,7052962,469,13100
UCVz-NJ8lHEYmHgqPgTnBzOQ,PESO PETE,https://www.youtube.com/channel/UCVz-NJ8lHEYmHgqPgTnBzOQ,Music,36520515,322,47600
UCXHh9s6OJz_c7z9JZD0Rhvw,Blvk Divmonds,https://www.youtube.com/channel/UCXHh9s6OJz_c7z9JZD0Rhvw,Hip hop music,3326005,268,8540
UCFyIpPcsQvQ1-VqQRpFEmkA,Yung Nab,https://www.youtube.com/channel/UCFyIpPcsQvQ1-VqQRpFEmkA,Hip hop music,1049288,1950,7660
UCmq_ATsVYLMZlwSJK7I8I7w,Delta Deez,https://www.youtube.com/channel/UCmq_ATsVYLMZlwSJK7I8I7w,Hip hop music,3438214,156,8970
UCmr_4QqfR9vFeyEqQ42nUjQ,Espi,https://www.youtube.com/channel/UCmr_4QqfR9vFeyEqQ42nUjQ,Action-adventure game,22153,15,16
UCZ54-1MNL2foufu8hBomzBw,Shwabadi,https://www.youtube.com/channel/UCZ54-1MNL2foufu8hBomzBw,Hip hop music,88494069,245,198000
UC-8yNcBtKG6d8RPTTf86YSg,Aaron KAMi,https://www.youtube.com/channel/UC-8yNcBtKG6d8RPTTf86YSg,Pop music,118565,303,303
UCOqfOsy9mt0UkjpJta5pP7Q,ABSXLUTEXERØ,https://www.youtube.com/channel/UCOqfOsy9mt0UkjpJta5pP7Q,Entertainment,11429,8,596
UC2v2rpKd070T_opILBWx-FQ,PFV,https://www.youtube.com/channel/UC2v2rpKd070T_opILBWx-FQ,Hip hop music,10807109,432,67200
UC5i2NHIT1NQ4Aqya12syNmA,PlushiePup,https://www.youtube.com/channel/UC5i2NHIT1NQ4Aqya12syNmA,Electronic music,4830759,42,6970
UCBVxTuCSo3OTvHElb_AjXxA,Encore,https://www.youtube.com/channel/UCBVxTuCSo3OTvHElb_AjXxA,Hip hop music,36991080,565,129000
UC7eV_DKDWeE6VgvI8KaFWHw,𝕄ildly 𝔸musing,https://www.youtube.com/channel/UC7eV_DKDWeE6VgvI8KaFWHw,Entertainment,13377,83,235
UC5c4K_XhBKBUeAlPKq5-iMw,Ash Impact,https://www.youtube.com/channel/UC5c4K_XhBKBUeAlPKq5-iMw,Electronic music,0,0,264
UCfvhiiGAUoDiKAIOFAxvNww,Zach B,https://www.youtube.com/channel/UCfvhiiGAUoDiKAIOFAxvNww,Video game culture,44590575,123,200000
UCutZpUm5pGMD6ltY9IMoQxA,Memeologist,https://www.youtube.com/channel/UCutZpUm5pGMD6ltY9IMoQxA,Pop music,982025,469,3110
UCC6QkEx-RZwB-CFTfctFzcA,strella,https://www.youtube.com/channel/UCC6QkEx-RZwB-CFTfctFzcA,Music of Latin America,102555,58,1590
UC_Ww4JXElWHNunQ0hoT4STQ,Nekaira,https://www.youtube.com/channel/UC_Ww4JXElWHNunQ0hoT4STQ,Action game,177793,57,1610
UCT8iW11Pk6HLELCH_mcaQNA,Rockit Music,https://www.youtube.com/channel/UCT8iW11Pk6HLELCH_mcaQNA,Music,709189561,1184,1460000
UCEhK6YuibQ4OL_vIg6DhFNg,Novacore Drums,https://www.youtube.com/channel/UCEhK6YuibQ4OL_vIg6DhFNg,Rock music,529660,227,6130
UCnAj1s3VZ3EbJRvMm5lRg_A,ChazbillYT,https://www.youtube.com/channel/UCnAj1s3VZ3EbJRvMm5lRg_A,Music video game,235464,101,1180
UCrqY8mTp7kk2Hyv21rLLtYg,JC_WTF,https://www.youtube.com/channel/UCrqY8mTp7kk2Hyv21rLLtYg,Pop music,65638,83,693
UCUHebud9XYkKzwuKhp6hiRA,Rhyce Records,https://www.youtube.com/channel/UCUHebud9XYkKzwuKhp6hiRA,Independent music,1916421,120,5380
UCbEMJBSwIBx-k7Ayrr1tt9Q,Vesper,https://www.youtube.com/channel/UCbEMJBSwIBx-k7Ayrr1tt9Q,,0,0,50
UCGvtln8uec0veqSIeCYdWeQ,TSUYO,https://www.youtube.com/channel/UCGvtln8uec0veqSIeCYdWeQ,Electronic music,4585022,94,10900
UCAeWbcsNkTkVIjv9-8Bus-A,CLOUDSAVE,https://www.youtube.com/channel/UCAeWbcsNkTkVIjv9-8Bus-A,Music,40344,26,27200
UCUooRPXedqC-hilDQA5dnCQ,Antic Games,https://www.youtube.com/channel/UCUooRPXedqC-hilDQA5dnCQ,,0,0,923
UCGBI4plRDLTJPBu24nBJ6oA,GMaster36,https://www.youtube.com/channel/UCGBI4plRDLTJPBu24nBJ6oA,Entertainment,250626,68,4540
UCRijo3ddMTht_IHyNSNXpNQ,Dude Perfect,https://www.youtube.com/channel/UCRijo3ddMTht_IHyNSNXpNQ,Lifestyle (sociology),20859599540,578,62300000
UCKYb5XBe-5OSEgLijLSoDtw,UnspeakableReacts,https://www.youtube.com/channel/UCKYb5XBe-5OSEgLijLSoDtw,Humour,5609620646,3028,11600000
UC5H_KXkPbEsGs0tFt8R35mA,Martin Garrix,https://www.youtube.com/channel/UC5H_KXkPbEsGs0tFt8R35mA,Electronic music,7383297032,524,15200000
UCOaMOXfe8EWH1GJyhqhXrAA,Denis,https://www.youtube.com/channel/UCOaMOXfe8EWH1GJyhqhXrAA,Action-adventure game,4069853471,2803,9280000
UCEWHPFNilsT0IfQfutVzsag,Porta dos Fundos,https://www.youtube.com/channel/UCEWHPFNilsT0IfQfutVzsag,Film,9391167187,3611,19100000
UCyWqModMQlbIo8274Wh_ZsQ,Cyprien,https://www.youtube.com/channel/UCyWqModMQlbIo8274Wh_ZsQ,Film,3326627043,300,14500000
UCH24v1ept6lGkMaTkxvkUNw,Europe Ball and Stats,https://www.youtube.com/channel/UCH24v1ept6lGkMaTkxvkUNw,,426176,179,832
UC2_u8z29dETjWYYc61Zba7g,TheRealDj,https://www.youtube.com/channel/UC2_u8z29dETjWYYc61Zba7g,,0,0,21
UCo1D6QXPYxlreDFS8FtAc4Q,Ayder Muzhdabaev,https://www.youtube.com/channel/UCo1D6QXPYxlreDFS8FtAc4Q,Politics,67415124,3459,195000
UCn7E5qFz-BML6o7XnjtlytA,DanisTutorials,https://www.youtube.com/channel/UCn7E5qFz-BML6o7XnjtlytA,Video game culture,2144056,2,182000
UCD7su0UF7u8qApkLJEO-Iqw,Badduck,https://www.youtube.com/channel/UCD7su0UF7u8qApkLJEO-Iqw,Music,102975,48,938
UCGTiQy1L8rsutN-COhaQizg,JellyJam,https://www.youtube.com/channel/UCGTiQy1L8rsutN-COhaQizg,Role-playing video game,232659,35,2600
UC6Z3OKpeKAgCNyj75PHA3PA,joba288,https://www.youtube.com/channel/UC6Z3OKpeKAgCNyj75PHA3PA,Puzzle video game,0,0,148
UCOzBszcE-YbtX7AcUB6Q3wg,Joey Nato Music,https://www.youtube.com/channel/UCOzBszcE-YbtX7AcUB6Q3wg,Pop music,1310240,128,16300
UCTxxF_8ioj3G_1toRL-v_hQ,hydration,https://www.youtube.com/channel/UCTxxF_8ioj3G_1toRL-v_hQ,Pop music,765,5,77
UCLyVUwlB_Hahir_VsKkGPIA,Mix and Jam,https://www.youtube.com/channel/UCLyVUwlB_Hahir_VsKkGPIA,Sports game,4784838,58,163000
UCXXjwIWjg7ad6ecJ0tdq1Dg,Klara Dream Art,https://www.youtube.com/channel/UCXXjwIWjg7ad6ecJ0tdq1Dg,Film,128772,97,628
UC0szxwii-u4CZkJIt2iu4_A,Two Star,https://www.youtube.com/channel/UC0szxwii-u4CZkJIt2iu4_A,Role-playing video game,70270412,109,528000
UCTod_-Lbwz4cy0hi0GIRHBA,Scientia Ludos,https://www.youtube.com/channel/UCTod_-Lbwz4cy0hi0GIRHBA,Video game culture,339411,19,14500
UCalc80nzzbREWYmRkERy5JA,Johan Grönvall - Zapray Games,https://www.youtube.com/channel/UCalc80nzzbREWYmRkERy5JA,Action-adventure game,206518334,30,473000
UCuCs6DrARMBP0oJ_p4GzBjQ,Custom Cages,https://www.youtube.com/channel/UCuCs6DrARMBP0oJ_p4GzBjQ,Pet,766598,191,7120
UCFiswEI_awoQBRQ1JK6v0cA,Ryder Cup,https://www.youtube.com/channel/UCFiswEI_awoQBRQ1JK6v0cA,Lifestyle (sociology),156756967,2119,216000
UCGwyQM5eQOTxoeHOZaMwzSg,Track Star*,https://www.youtube.com/channel/UCGwyQM5eQOTxoeHOZaMwzSg,Rock music,61968251,502,286000
UCsqWal94GlykVNOfz7XZ3SQ,Jack Coyne,https://www.youtube.com/channel/UCsqWal94GlykVNOfz7XZ3SQ,Tourism,5147000,73,156000
UCWDVNw6mZgbi4aUnoesvXtw,Grovegroup Media,https://www.youtube.com/channel/UCWDVNw6mZgbi4aUnoesvXtw,,292,3,3
UCeckCFiSw5JN5q5koJUVXPQ,Museo del Synth Marchigiano,https://www.youtube.com/channel/UCeckCFiSw5JN5q5koJUVXPQ,Electronic music,5556,11,548
UCeovElJP0n0i8ADaPsRSd8g,HAINBACH,https://www.youtube.com/channel/UCeovElJP0n0i8ADaPsRSd8g,Lifestyle (sociology),27080976,841,229000
UC0-QuVLhCc4hmJaiLSCMwcw,THIS MUSEUM IS (NOT) OBSOLETE,https://www.youtube.com/channel/UC0-QuVLhCc4hmJaiLSCMwcw,Technology,2993585,257,61100
UCfs2QrfWJ2x4ozPg7aF70XQ,Erica Synths,https://www.youtube.com/channel/UCfs2QrfWJ2x4ozPg7aF70XQ,Lifestyle (sociology),5347069,314,28600
UCIW-MBQUZ05Wz1DFIprlFcw,STEWIE,https://www.youtube.com/channel/UCIW-MBQUZ05Wz1DFIprlFcw,Entertainment,1836356,32,65800
UCTMmBTMYOoa1_nr1JG13GzQ,mer,https://www.youtube.com/channel/UCTMmBTMYOoa1_nr1JG13GzQ,Pop music,1908112,43,38800
UChUyrHNkU49k9rnQfPqxnDg,Macks,https://www.youtube.com/channel/UChUyrHNkU49k9rnQfPqxnDg,Role-playing video game,857302,19,6020
UCJR9t8QCsyoMusay3Osix1A,dustyTOPIC,https://www.youtube.com/channel/UCJR9t8QCsyoMusay3Osix1A,Role-playing video game,471546,150,2820
UCkOP0sU6tBfQ170Hogk8xxg,Professor Kauri,https://www.youtube.com/channel/UCkOP0sU6tBfQ170Hogk8xxg,Action game,180845,26,2460
UC9v0__KCSdofI-exPshnLuw,Cuppa Phee,https://www.youtube.com/channel/UC9v0__KCSdofI-exPshnLuw,Role-playing video game,1742970,120,31900
UCfwBt8Kr8EeEV_Jft9L4TYA,Truegreen7,https://www.youtube.com/channel/UCfwBt8Kr8EeEV_Jft9L4TYA,Role-playing video game,275172875,659,1050000
UCweSVT6HVb3SxJBFfkw3D7w,PragMagik,https://www.youtube.com/channel/UCweSVT6HVb3SxJBFfkw3D7w,Video game culture,285852982,489,624000
UC45FGxp-I8D98Zemy81WBqQ,Lewis Harrowing,https://www.youtube.com/channel/UC45FGxp-I8D98Zemy81WBqQ,,5886,3,18
UC24vciyRYZfaYnFOhKrSKyQ,Serebii,https://www.youtube.com/channel/UC24vciyRYZfaYnFOhKrSKyQ,Role-playing video game,11485319,171,64200
UC6HHrxInpfWdXlsv2Rkb2qw,HeroVoltsy,https://www.youtube.com/channel/UC6HHrxInpfWdXlsv2Rkb2qw,Action-adventure game,259370402,10080,475000
UCbEsOqFZBTJ8q_FTS5lM8Qw,Mixeli,https://www.youtube.com/channel/UCbEsOqFZBTJ8q_FTS5lM8Qw,Action-adventure game,378652564,2010,919000
UCfAPTv1LgeEWevG8X_6PUOQ,GameXplain,https://www.youtube.com/channel/UCfAPTv1LgeEWevG8X_6PUOQ,Action-adventure game,1421523263,12851,1440000
UCCCMGWpbgh42gtCYr06ovIw,Braxton Burks - Topic,https://www.youtube.com/channel/UCCCMGWpbgh42gtCYr06ovIw,Classical music,11032861,188,15400
UC61K1rlTcu3whbzjlHIa2dA,さんど。【よろずや】,https://www.youtube.com/channel/UC61K1rlTcu3whbzjlHIa2dA,Role-playing video game,316992414,1357,502000
UCt_y4m1SeaOgJ-vpsQKlG3A,ナナシのゴシック!,https://www.youtube.com/channel/UCt_y4m1SeaOgJ-vpsQKlG3A,Music,331620,157,3390
UCDTdcAqZRWubUiDFUzmdNeA,のっき,https://www.youtube.com/channel/UCDTdcAqZRWubUiDFUzmdNeA,Music of Asia,211214294,410,521000
UC_ZHdtpRZiYr6PbLUW3j-9w,かもめくらぶ　-鴎蟹-,https://www.youtube.com/channel/UC_ZHdtpRZiYr6PbLUW3j-9w,Video game culture,1713153,85,11000
UC1CTpswOmqaxN5NXKVD1dUg,サムライ翔の部屋,https://www.youtube.com/channel/UC1CTpswOmqaxN5NXKVD1dUg,Action game,5087917,15,87400
UCSI-MJZCm1cW9sAX40qru6A,ふざけたい2人。,https://www.youtube.com/channel/UCSI-MJZCm1cW9sAX40qru6A,Video game culture,279737,6,11100
UC3YUjC9f7GMRWzOKYgibk3A,All About Fortnite,https://www.youtube.com/channel/UC3YUjC9f7GMRWzOKYgibk3A,Role-playing video game,42369397,207,41900
UCVXRSAEw9hgqw1Ew6iv4acQ,ゼンマール,https://www.youtube.com/channel/UCVXRSAEw9hgqw1Ew6iv4acQ,Action game,468931,137,15400
UCPQ8YQtPYOQq8UzitdSmRcw,にそだべ,https://www.youtube.com/channel/UCPQ8YQtPYOQq8UzitdSmRcw,Action-adventure game,81578,82,1200
UCCWF6OqaHQDioXmjgGtXtHg,wickesy /うぃっけしー,https://www.youtube.com/channel/UCCWF6OqaHQDioXmjgGtXtHg,Action-adventure game,11837153,461,52900
UCMFzkc3RujclrXuvm59afPA,ぶゅりる,https://www.youtube.com/channel/UCMFzkc3RujclrXuvm59afPA,Action-adventure game,314309921,2597,438000
UCei5QXhI1ZMprw88O9Fmd_Q,はるきよ / Harukiyo,https://www.youtube.com/channel/UCei5QXhI1ZMprw88O9Fmd_Q,Action-adventure game,60788664,1271,123000
UCA58ULi3cMi5K3mcliFWysA,あるべどAlbedo,https://www.youtube.com/channel/UCA58ULi3cMi5K3mcliFWysA,Role-playing video game,5577370,303,42900
UCTBpvLs79mE03BeD6PVsWHg,A,https://www.youtube.com/channel/UCTBpvLs79mE03BeD6PVsWHg,Action game,1468471,137,31500
UC5S-LQHxIU9ha-tAjGuGeAQ,きゅーちゃん,https://www.youtube.com/channel/UC5S-LQHxIU9ha-tAjGuGeAQ,Action game,28524529,658,73000
UCiFqXmTwHyqd6Of_H0YOh1w,Macyfishy / めいしー,https://www.youtube.com/channel/UCiFqXmTwHyqd6Of_H0YOh1w,Action game,90203276,1206,184000
UCxghAnYqBmcDCMILs3LqVmg,しんく!,https://www.youtube.com/channel/UCxghAnYqBmcDCMILs3LqVmg,Action game,111928604,835,253000
UC1p2e-h0zIrvKvm_IPOv9Kg,WHITEBOX,https://www.youtube.com/channel/UC1p2e-h0zIrvKvm_IPOv9Kg,Lifestyle (sociology),192580,3,47
UC9VrCA3SVAQxV1LJuXO_aVQ,Leo's Fanart Lab.,https://www.youtube.com/channel/UC9VrCA3SVAQxV1LJuXO_aVQ,Hobby,229650,107,710
UCyjlxPcoYAbpwlr5wjUA_5g,ばんえい十勝 【公式】,https://www.youtube.com/channel/UCyjlxPcoYAbpwlr5wjUA_5g,Pet,36385578,4444,42800
UCBmY_77ZQUUGH34TXT36HNw,Yudai Takenaka 竹中雄大,https://www.youtube.com/channel/UCBmY_77ZQUUGH34TXT36HNw,Music of Asia,354557293,473,855000
UCY2HO97JW-iWSrIUOUh5cIA,TENSONG,https://www.youtube.com/channel/UCY2HO97JW-iWSrIUOUh5cIA,Music of Asia,92047541,586,357000
UCAaGaynFpku5cAx6OOSrW-w,HoneyWorks OFFICIAL,https://www.youtube.com/channel/UCAaGaynFpku5cAx6OOSrW-w,Pop music,1678900972,563,2880000
UCCv2mDzPFrmsIQrWTC17j9w,StellaPhizz,https://www.youtube.com/channel/UCCv2mDzPFrmsIQrWTC17j9w,Pop music,136028,19,3510
UCpB2SrsRs7rGp3wzdRX1l2Q,AiceClass (あいすくらす) - OFFICIAL,https://www.youtube.com/channel/UCpB2SrsRs7rGp3wzdRX1l2Q,Music of Asia,565555,46,13000
UC3ql_EU4JnaE3Rh3cqbHu6g,Kotoha,https://www.youtube.com/channel/UC3ql_EU4JnaE3Rh3cqbHu6g,Music of Asia,305413672,413,561000
UCb5JxV6vKlYVknoJB8TnyYg,黛 灰 / Kai Mayuzumi【にじさんじ】,https://www.youtube.com/channel/UCb5JxV6vKlYVknoJB8TnyYg,Action-adventure game,123075566,603,703000
UChK8kgGU767nKTxp4f4GD6g,NayutalieN Official / Nayutan Seijin,https://www.youtube.com/channel/UChK8kgGU767nKTxp4f4GD6g,Music of Asia,166786060,41,453000
UCgmFrRcyH7d1zR9sIVQhFow,ローレン・イロアス / Lauren Iroas【にじさんじ】,https://www.youtube.com/channel/UCgmFrRcyH7d1zR9sIVQhFow,Action game,461734852,1193,1030000
UC5jnkxwILkgNePRe1FacHzw,山崎まさよし,https://www.youtube.com/channel/UC5jnkxwILkgNePRe1FacHzw,Hobby,112803726,179,123000
UCl2aT0nRejTCQO_LHZAftBw,UNIVERSAL MUSIC JAPAN,https://www.youtube.com/channel/UCl2aT0nRejTCQO_LHZAftBw,Pop music,3971686699,7900,4750000
UCCPkJMeZHhxKck-EptqQbBA,スキマスイッチ / SUKIMASWITCH,https://www.youtube.com/channel/UCCPkJMeZHhxKck-EptqQbBA,Music of Asia,695375862,754,451000
UCo7M2--Qb0DTFezpyKeCLOw,長澤知之,https://www.youtube.com/channel/UCo7M2--Qb0DTFezpyKeCLOw,Music of Asia,1698412,253,4430
UClQG3SoBUoX1J6e5WR7Xj-g,akasamuraiattack,https://www.youtube.com/channel/UClQG3SoBUoX1J6e5WR7Xj-g,Rock music,3775334,90,7420
UCN-bFIdJM0gQlgX7h6LKcZA,BanG Dream Channel☆,https://www.youtube.com/channel/UCN-bFIdJM0gQlgX7h6LKcZA,Video game culture,555473448,3616,882000
UCrWC59UUMETuCp9IYUdjVbg,Ave Mujica,https://www.youtube.com/channel/UCrWC59UUMETuCp9IYUdjVbg,Music of Asia,66910451,37,173000
UCjQbxfB4R0mEVvd86LNETdQ,Soala Channel,https://www.youtube.com/channel/UCjQbxfB4R0mEVvd86LNETdQ,Lifestyle (sociology),96124110,223,128000
UCPMp2UuxV8Tz8GzcABKPsCA,クロノヴァ【Chrono▷◀Reverse】,https://www.youtube.com/channel/UCPMp2UuxV8Tz8GzcABKPsCA,Entertainment,106570574,723,306000
UCRBKNfQGGTREOpQG34NB_eQ,이재현,https://www.youtube.com/channel/UCRBKNfQGGTREOpQG34NB_eQ,,0,0,1
UCt09C9DPSuOGpHoitbcyCIQ,ゼンレスゾーンゼロ-ZZZ-公式,https://www.youtube.com/channel/UCt09C9DPSuOGpHoitbcyCIQ,Role-playing video game,328666934,582,871000
UCrALFGPubY9rNwVOOJUYu4g,そらる / soraru,https://www.youtube.com/channel/UCrALFGPubY9rNwVOOJUYu4g,Music of Asia,455688024,323,1230000
UC2nNjwGJYczaeSfyO1MA01w,NOIZE,https://www.youtube.com/channel/UC2nNjwGJYczaeSfyO1MA01w,Hip hop music,804815,660,2600
UCA-Eor5NomlN_BwwoXtofIg,Sarah L-ee Official,https://www.youtube.com/channel/UCA-Eor5NomlN_BwwoXtofIg,Music of Asia,995768,194,6420
UC2aadeZ6f8hpymlYiLuY99A,kokorobeats,https://www.youtube.com/channel/UC2aadeZ6f8hpymlYiLuY99A,Electronic music,18061627,976,180000
UCiTjDptKRqDXM-iod7xM1vA,TOPHAMHAT-KYO (トップハムハット狂),https://www.youtube.com/channel/UCiTjDptKRqDXM-iod7xM1vA,Pop music,124499549,140,519000
UCzUae-ACn_k5xAWprIb6U1w,雨天決行,https://www.youtube.com/channel/UCzUae-ACn_k5xAWprIb6U1w,Music,3088229,120,22100
UCVFaA17XwUjvE-pyERKmhIQ,DYES IWASAKI (from FAKE TYPE.),https://www.youtube.com/channel/UCVFaA17XwUjvE-pyERKmhIQ,Music of Asia,27140815,317,82100
UC-SUuB6sRvLajVPpYGEb9SQ,ありまついんだはうす,https://www.youtube.com/channel/UC-SUuB6sRvLajVPpYGEb9SQ,Music of Asia,1097361,85,6680
UCNXJbjuxghHLKFtg-8nc8EQ,라히텐의 작업공간,https://www.youtube.com/channel/UCNXJbjuxghHLKFtg-8nc8EQ,Electronic music,160816,8,331
UC8mvsWqEWLRwKYepgqceDAg,ぜくろ,https://www.youtube.com/channel/UC8mvsWqEWLRwKYepgqceDAg,Pop music,7334302,102,36000
UCs81POPvKXMnHxaoUKGbzww,みっちゃん / michan,https://www.youtube.com/channel/UCs81POPvKXMnHxaoUKGbzww,Music of Asia,1213534,183,11000
UC-eqIaDajkyGO02KgZZwWTw,雪見,https://www.youtube.com/channel/UC-eqIaDajkyGO02KgZZwWTw,Music of Asia,21172836,270,91400
UCQMZpnnl9SCmplHGGVau-0w,ふぉるて,https://www.youtube.com/channel/UCQMZpnnl9SCmplHGGVau-0w,Pop music,46074300,308,127000
UCY_10f4ef0e1T2skAbHBQTg,天月のやりたい放題ちゃんねる。,https://www.youtube.com/channel/UCY_10f4ef0e1T2skAbHBQTg,Role-playing video game,49461512,1488,289000
UC5dhDlvz7Cu_livPLOjmZQg,すたぽら【公式】,https://www.youtube.com/channel/UC5dhDlvz7Cu_livPLOjmZQg,Music of Asia,317391856,1339,653000
UCA6XK10V6LK4V-KOP2ubmlg,You Kisaragi,https://www.youtube.com/channel/UCA6XK10V6LK4V-KOP2ubmlg,Music of Asia,13844373,287,82500
UCWLaEpflX3UZW2kYJCr98qQ,こったろ,https://www.youtube.com/channel/UCWLaEpflX3UZW2kYJCr98qQ,Music of Asia,30726600,280,93400
UCFgDfnoYhWM48p072kjJ8zQ,Corbucci Eats,https://www.youtube.com/channel/UCFgDfnoYhWM48p072kjJ8zQ,Food,1556565895,1252,5090000
UC1uHbAbleaXjfegbmFV9TVQ,ウマヅラのお茶の間,https://www.youtube.com/channel/UC1uHbAbleaXjfegbmFV9TVQ,Society,143099677,814,464000
UCELkU9QDaeb46TX-5m40BqQ,TOLANDの小部屋,https://www.youtube.com/channel/UCELkU9QDaeb46TX-5m40BqQ,Knowledge,5270306,249,85300
UCIIm28HWOIqCeqhCGJ1zMKw,TOLAND documentary,https://www.youtube.com/channel/UCIIm28HWOIqCeqhCGJ1zMKw,Lifestyle (sociology),6174249,94,71200
UCsQc6fSakJ2ptE8ba9MX-MQ,トゥラクエ TOLAND QUEST,https://www.youtube.com/channel/UCsQc6fSakJ2ptE8ba9MX-MQ,Knowledge,4348339,64,62400
UCimdxu6aHTiB8O_rY1QEiBQ,深夜のミルクティー,https://www.youtube.com/channel/UCimdxu6aHTiB8O_rY1QEiBQ,Hobby,62897,8,6380
UC37so-pB6Lhmertb39NulOQ,世界はたまにバグってる,https://www.youtube.com/channel/UC37so-pB6Lhmertb39NulOQ,Entertainment,475359,32,16500
UCB7Fd1xNEnSw4zYvCz1CE2g,【2ch・洒落怖】ナナフシギ作業用アーカイブ【怪談】,https://www.youtube.com/channel/UCB7Fd1xNEnSw4zYvCz1CE2g,Society,8206071,894,28900
UCM8ItM1fZ7VuhL7m2ypwrTw,超カワイイ三銃士,https://www.youtube.com/channel/UCM8ItM1fZ7VuhL7m2ypwrTw,Television program,34313125,1009,57700
UCeJp8OAlTw1DUYDT3vxQSrA,フシギミステリー倶楽部,https://www.youtube.com/channel/UCeJp8OAlTw1DUYDT3vxQSrA,,82510126,1849,197000
UCL9KXuGkAt5qCfUlMrJayMQ,石川典行チャンネル,https://www.youtube.com/channel/UCL9KXuGkAt5qCfUlMrJayMQ,Entertainment,2048688365,3514,879000
UCAW6oRUDItNDGBnbW6d0y8g,BTTPのタイムトラベルや不思議な話,https://www.youtube.com/channel/UCAW6oRUDItNDGBnbW6d0y8g,,8733422,308,46300
UC9R1Lkqwhzjf7-uu2iXusqA,カジサックが切り抜く部屋,https://www.youtube.com/channel/UC9R1Lkqwhzjf7-uu2iXusqA,Entertainment,29930038,860,71500
UCaweVLFU1fA7C3HQwmQNLDA,カジサックのゲーム部屋,https://www.youtube.com/channel/UCaweVLFU1fA7C3HQwmQNLDA,Action-adventure game,36091969,658,112000
UCdEpbrlHoqnUGMRy2LICtRw,カジサックの小部屋,https://www.youtube.com/channel/UCdEpbrlHoqnUGMRy2LICtRw,Food,363426398,1371,569000
UCwoMkWY2z_-i2egjuzTXYrQ,梶原雄太の部屋,https://www.youtube.com/channel/UCwoMkWY2z_-i2egjuzTXYrQ,Lifestyle (sociology),175571071,992,241000
UCJBcP0_cg3PB9KObAVBhA5A,シン・むとパンchannel,https://www.youtube.com/channel/UCJBcP0_cg3PB9KObAVBhA5A,Film,1095973,373,2300
UCblYfXF_9LSpYgf2eZmmGKQ,サントリーサンバーズ大阪 / SUNTORY SUNBIRDS OSAKA,https://www.youtube.com/channel/UCblYfXF_9LSpYgf2eZmmGKQ,Lifestyle (sociology),4492228,281,27300
UC3G2QylAJ8NN3_ZzrPV6vzg,ときのそら,https://www.youtube.com/channel/UC3G2QylAJ8NN3_ZzrPV6vzg,Music of Asia,17877731,38,1050
UC9DsUroR0zageG7qFxHT68Q,赤ティン,https://www.youtube.com/channel/UC9DsUroR0zageG7qFxHT68Q,Music of Asia,4882727,342,78700
UCMGfV7TVTmHhEErVJg1oHBQ,Ao Ch. 火威青 ‐ ReGLOSS,https://www.youtube.com/channel/UCMGfV7TVTmHhEErVJg1oHBQ,Entertainment,117368141,585,725000
UCgmPnx-EEeOrZSg5Tiw7ZRQ,Hakos Baelz Ch. hololive-EN,https://www.youtube.com/channel/UCgmPnx-EEeOrZSg5Tiw7ZRQ,Action game,256771461,1286,1170000
UC3Ruo_5doyu514PesWGvCAg,Aoi ch.,https://www.youtube.com/channel/UC3Ruo_5doyu514PesWGvCAg,Music,189555281,1426,468000
UCT1AQFit-Eaj_YQMsfV0RhQ,銀河アリスの地球侵略ch.,https://www.youtube.com/channel/UCT1AQFit-Eaj_YQMsfV0RhQ,Entertainment,17438088,632,90200
UCKu59gTZ_rdEmerdx5rV4Yg,Ren Zotto 【NIJISANJI EN】,https://www.youtube.com/channel/UCKu59gTZ_rdEmerdx5rV4Yg,Role-playing video game,54893138,572,544000
UCmpsvoDaDcn9EuwngrYKRkw,ウツボの巣穴 [四国三郎ウツボ丸],https://www.youtube.com/channel/UCmpsvoDaDcn9EuwngrYKRkw,Video game culture,43810,270,420
UCVggjBr4w5tZ95FCYhc4SAw,骨淵ファング,https://www.youtube.com/channel/UCVggjBr4w5tZ95FCYhc4SAw,Action game,1076781,855,15400
UCYlUpdkyLYrC4puebEeP_YA,マインクラフトのんびり実況　核融合とエネルギーのNow(いま)とFuture(これから),https://www.youtube.com/channel/UCYlUpdkyLYrC4puebEeP_YA,Knowledge,50281,56,825
UC40s5z5yrd02Ngy8nQZXE5w,高遠_頼 生命科学Channel,https://www.youtube.com/channel/UC40s5z5yrd02Ngy8nQZXE5w,Knowledge,161430,237,4320
UCt30jJgChL8qeT9VPadidSw,しぐれうい,https://www.youtube.com/channel/UCt30jJgChL8qeT9VPadidSw,Film,527666056,448,2290000
UCZYyhgoV314CM14zBD6vd4A,バーチャル債務者youtuber天開司,https://www.youtube.com/channel/UCZYyhgoV314CM14zBD6vd4A,Role-playing video game,176161119,3489,362000
UC8rcEBzJSleTkf_-agPM20g,IRyS Ch. hololive-EN,https://www.youtube.com/channel/UC8rcEBzJSleTkf_-agPM20g,Music,162738502,794,1130000
UCDHABijvPBnJm7F-KlNME3w,Gigi Murin Ch. hololive-EN,https://www.youtube.com/channel/UCDHABijvPBnJm7F-KlNME3w,Role-playing video game,57096603,482,575000
UCL_qhgtOy0dy1Agp8vkySQg,Mori Calliope Ch. hololive-EN,https://www.youtube.com/channel/UCL_qhgtOy0dy1Agp8vkySQg,Role-playing video game,891138715,1840,2610000
UC9p_lqQ0FEDz327Vgf5JwqA,Koseki Bijou Ch. hololive-EN,https://www.youtube.com/channel/UC9p_lqQ0FEDz327Vgf5JwqA,Action-adventure game,129223183,851,960000
UCmbs8T6MWqUHP1tIQvSgKrg,Ouro Kronii Ch. hololive-EN,https://www.youtube.com/channel/UCmbs8T6MWqUHP1tIQvSgKrg,Action-adventure game,121705465,739,1140000
UC3n5uGu18FoCy23ggWWp8tA,Nanashi Mumei Ch. hololive-EN,https://www.youtube.com/channel/UC3n5uGu18FoCy23ggWWp8tA,Action game,121832740,530,1160000
UCl69AEx4MdqMZH7Jtsm7Tig,Raora Panthera Ch. hololive-EN,https://www.youtube.com/channel/UCl69AEx4MdqMZH7Jtsm7Tig,Role-playing video game,58883572,494,658000
UC9H5tuwHqu9TnZbI26hD02Q,荷物餅,https://www.youtube.com/channel/UC9H5tuwHqu9TnZbI26hD02Q,Music of Asia,272225,125,1130
UCNvA1JanA__nJrwcTEpz5zQ,Studio アステロイド,https://www.youtube.com/channel/UCNvA1JanA__nJrwcTEpz5zQ,Music of Asia,423098,103,2220
UCqm3BQLlJfvkTsX_hvm0UmA,Watame Ch. 角巻わため,https://www.youtube.com/channel/UCqm3BQLlJfvkTsX_hvm0UmA,Video game culture,684580048,3355,1700000
UCA3k-GCjCBKrqc8xigdi3_w,テタホ【5期生専門】,https://www.youtube.com/channel/UCA3k-GCjCBKrqc8xigdi3_w,Entertainment,9042068,95,68200
UC70gUNj4giONxsM--NxujlA,Kei Morimoto,https://www.youtube.com/channel/UC70gUNj4giONxsM--NxujlA,Electronic music,1730000,183,11200
UC24epYNaMXwtMCLDChmtUkQ,音獅子 - Music Lion -,https://www.youtube.com/channel/UC24epYNaMXwtMCLDChmtUkQ,Music,546832,75,2870
UCL_O_HXgLJx3Auteer0n0pA,周央 サンゴ / Suo Sango【にじさんじ】,https://www.youtube.com/channel/UCL_O_HXgLJx3Auteer0n0pA,Video game culture,126822909,1440,666000
UC1zFJrfEKvCixhsjNSb1toQ,シスター・クレア -SisterClaire-,https://www.youtube.com/channel/UC1zFJrfEKvCixhsjNSb1toQ,Video game culture,156708941,3069,627000
UCSCmu_VjL4RR7rBjrvSAwSg,字ぴろぱる / AZANA PIROPARU,https://www.youtube.com/channel/UCSCmu_VjL4RR7rBjrvSAwSg,Action game,247710954,678,202000
UC48jH1ul-6HOrcSSfoR02fQ,Yuhi Riri Official,https://www.youtube.com/channel/UC48jH1ul-6HOrcSSfoR02fQ,Role-playing video game,99969843,1574,407000
UCAQDFeCTVdx90GtwohwjHzQ,天ヶ瀬 むゆ / Amagase Muyu 【にじさんじ】,https://www.youtube.com/channel/UCAQDFeCTVdx90GtwohwjHzQ,Video game culture,11202679,304,139000
UCIVqvhyo8ttjYOmMJuhq_YQ,RADWIMPS,https://www.youtube.com/channel/UCIVqvhyo8ttjYOmMJuhq_YQ,Pop music,3384648213,613,3550000
UCV5ZZlLjk5MKGg3L0n0vbzw,鷹宮リオン / Rion Takamiya,https://www.youtube.com/channel/UCV5ZZlLjk5MKGg3L0n0vbzw,Role-playing video game,182632013,3097,555000
UCuep1JCrMvSxOGgGhBfJuYw,フレン・E・ルスタリオ,https://www.youtube.com/channel/UCuep1JCrMvSxOGgGhBfJuYw,Action game,333138976,1679,823000
UCXU7YYxy_iQd3ulXyO-zC2w,伏見ガク【にじさんじ所属】,https://www.youtube.com/channel/UCXU7YYxy_iQd3ulXyO-zC2w,Video game culture,67617399,1269,360000
UCnRQYHTnRLSF0cLJwMnedCg,相羽ういは〖Aiba Uiha〗にじさんじ所属,https://www.youtube.com/channel/UCnRQYHTnRLSF0cLJwMnedCg,Music of Asia,81418448,681,380000
UCN2XDalhsXg8OdXJBIeyBJA,柴凛太郎@歌う忍犬🐾,https://www.youtube.com/channel/UCN2XDalhsXg8OdXJBIeyBJA,Music,1618140,365,5990
UCtHY-tP0dyykhTRMmnfPs_g,海妹四葉 / Umise Yotsuha 【にじさんじ】,https://www.youtube.com/channel/UCtHY-tP0dyykhTRMmnfPs_g,Action game,54448691,803,268000
UCuvk5PilcvDECU7dDZhQiEw,白雪 巴/Shirayuki Tomoe,https://www.youtube.com/channel/UCuvk5PilcvDECU7dDZhQiEw,Role-playing video game,103489824,1496,458000
UCw_VMnV67muXs-uZr-xyADA,フィンダーおじさん,https://www.youtube.com/channel/UCw_VMnV67muXs-uZr-xyADA,Film,10292783,337,45400
UCQAdXyrF2fYcqdXUUW3YxUg,てにをは,https://www.youtube.com/channel/UCQAdXyrF2fYcqdXUUW3YxUg,Music of Asia,105255492,80,271000
UCiA-trSZfB0i92V_-dyDqBw,倉持めると / Kuramochi Meruto【にじさんじ】,https://www.youtube.com/channel/UCiA-trSZfB0i92V_-dyDqBw,Role-playing video game,99786300,1008,281000
UCD5Aep8Bviw8eVBZ3LruLIA,ItimatuSuzuka - Topic,https://www.youtube.com/channel/UCD5Aep8Bviw8eVBZ3LruLIA,Pop music,11591878,116,5270
UCKMYISTJAQ8xTplUPHiABlA,社築,https://www.youtube.com/channel/UCKMYISTJAQ8xTplUPHiABlA,Action game,355553582,1804,913000
UChUJbHiTVeGrSkTdBzVfNCQ,ジョー・力一 Joe Rikiichi,https://www.youtube.com/channel/UChUJbHiTVeGrSkTdBzVfNCQ,Music,263226695,1171,631000
UCks41vQN-hN-1KHmpZyPY3A,名伽尾アズマ☀️,https://www.youtube.com/channel/UCks41vQN-hN-1KHmpZyPY3A,,0,0,43800
UCTIE7LM5X15NVugV7Krp9Hw,夢追翔のJUKE BOX,https://www.youtube.com/channel/UCTIE7LM5X15NVugV7Krp9Hw,Role-playing video game,156625290,1498,381000
UCX7YkU9nEeaoZbkVLVajcMg,にじさんじ,https://www.youtube.com/channel/UCX7YkU9nEeaoZbkVLVajcMg,Music,1270307283,3186,1980000
UCQqLRLxlzkZuf7LGQwSAikQ,甘音ましろ-Mashiro Amane-,https://www.youtube.com/channel/UCQqLRLxlzkZuf7LGQwSAikQ,Action game,498176,468,3660
UCTBsKJaXFmK8rj1OuboNesw,古神子まる-Maru Kokago-,https://www.youtube.com/channel/UCTBsKJaXFmK8rj1OuboNesw,Action game,465037,860,4880
UCabr_YRuRIixVeQy8BMsMPg,Yozakura Kurotsuki / 黒月夜桜,https://www.youtube.com/channel/UCabr_YRuRIixVeQy8BMsMPg,Action game,10712520,1084,52300
UCskh11uxbzX3GQTzHMOJZSQ,ミリ･ミラー / Mili Mirror,https://www.youtube.com/channel/UCskh11uxbzX3GQTzHMOJZSQ,Role-playing video game,2453179,862,16700
UCwoMZOFegv8DAW0tyccukPg,咲良むむ:*) mumu Ch,https://www.youtube.com/channel/UCwoMZOFegv8DAW0tyccukPg,Video game culture,126701,415,1140
UC2qxMP86cqdqftwJdEe1ABg,【vtuber】えがきぐりこちゃんねる,https://www.youtube.com/channel/UC2qxMP86cqdqftwJdEe1ABg,Entertainment,141904,73,3240
UCGkrmvTw66Lo8feYb0IqtPw,古川本舗,https://www.youtube.com/channel/UCGkrmvTw66Lo8feYb0IqtPw,Pop music,12295463,34,38100
UC2hc-00y-MSR6eYA4eQ4tjQ,龍ヶ崎リン / Rene Ryugasaki【ななしいんく】,https://www.youtube.com/channel/UC2hc-00y-MSR6eYA4eQ4tjQ,Music of Asia,73471668,1818,247000
UCDh2bWI5EDu7PavqwICkVpA,堰代ミコ / Mico Channel【ななしいんく】,https://www.youtube.com/channel/UCDh2bWI5EDu7PavqwICkVpA,Role-playing video game,13157225,1728,112000
UCXp7sNC0F_qkjickvlYkg-Q,風見くく /  Kuku Channel 【ななしいんく】,https://www.youtube.com/channel/UCXp7sNC0F_qkjickvlYkg-Q,Action game,15535141,1571,128000
UCYTz3uIgwVY3ZU-IQJS8r3A,島村シャルロット / Charlotte Channel【ななしいんく】,https://www.youtube.com/channel/UCYTz3uIgwVY3ZU-IQJS8r3A,Role-playing video game,18311196,2386,97200
UCwePpiw1ocZRSNSkpKvVISw,西園寺メアリ / Mary Channel【ななしいんく】,https://www.youtube.com/channel/UCwePpiw1ocZRSNSkpKvVISw,Video game culture,64904847,2521,276000
UC0WwEfE-jOM2rzjpdfhTzZA,愛園 愛美/Aizono Manami,https://www.youtube.com/channel/UC0WwEfE-jOM2rzjpdfhTzZA,Action game,15249096,718,181000
UCUc8GZfFxtmk7ZwSO7ccQ0g,ニュイ・ソシエール //[Nui Sociere],https://www.youtube.com/channel/UCUc8GZfFxtmk7ZwSO7ccQ0g,Role-playing video game,264870449,2093,695000
UCWMwHoGz5QhhRDc3K8SQ6cw,うさます-藤ますチャンネル-,https://www.youtube.com/channel/UCWMwHoGz5QhhRDc3K8SQ6cw,Role-playing video game,749348,322,25300
UC_iQgxZYNLOt8KUbKTQv8Rw,Syamo.G-しゃもじ-,https://www.youtube.com/channel/UC_iQgxZYNLOt8KUbKTQv8Rw,Film,5083,5,209
UCo_nZN5yB0rmfoPBVjYRMmw,全力回避フラグちゃん! / Flag Chan!,https://www.youtube.com/channel/UCo_nZN5yB0rmfoPBVjYRMmw,Entertainment,3403279029,2649,2420000
UCt3rABhjmM6O_YIEgbf4zCQ,Johngarabushiじょんがら武士,https://www.youtube.com/channel/UCt3rABhjmM6O_YIEgbf4zCQ,Lifestyle (sociology),1248817,57,5520
UCvsjE1LW3lVVF0O0fPDnO7w,FAKE TYPE. (TOPHAMHAT-KYO & DYES IWASAKI),https://www.youtube.com/channel/UCvsjE1LW3lVVF0O0fPDnO7w,Music,249935048,297,580000
UCq15_9MvmxT1r2-LLjtkokg,DOVA-SYNDROME YouTube Official,https://www.youtube.com/channel/UCq15_9MvmxT1r2-LLjtkokg,Music,793252679,21160,660000
UC_VFb6Q52lbZJwTuE8Rb5AA,ふらんしすこ- CR -,https://www.youtube.com/channel/UC_VFb6Q52lbZJwTuE8Rb5AA,Action game,89281448,1708,222000
UCo7TRj3cS-f_1D9ZDmuTsjw,町田ちま【にじさんじ】,https://www.youtube.com/channel/UCo7TRj3cS-f_1D9ZDmuTsjw,Music,354116472,1268,896000
UCw3baysP2Ufu6aAdgyl0Fcw,打打だいず (D-D-Dice) Official,https://www.youtube.com/channel/UCw3baysP2Ufu6aAdgyl0Fcw,Music of Asia,16951698,107,41800
UCUCLhQyvJ6daYdfKkv_0Cbg,涼白ゆう / Suzushiro Yuu,https://www.youtube.com/channel/UCUCLhQyvJ6daYdfKkv_0Cbg,Music of Asia,146463,39,1850
UCvP4TQTpBxm4AjFQOSKRrdA,みはね / Mihane,https://www.youtube.com/channel/UCvP4TQTpBxm4AjFQOSKRrdA,Music of Asia,78995,34,954
UC9W9ef-fndKfImqbPUilhFQ,るるの郵便屋さん,https://www.youtube.com/channel/UC9W9ef-fndKfImqbPUilhFQ,Pop music,4058748,89,21300
UCMGMFLZlNZXwvKCHoA91ASA,薄明生徒会,https://www.youtube.com/channel/UCMGMFLZlNZXwvKCHoA91ASA,Music,322165,17,4200
UCNe668-4r9j7h2mXtGt0maw,つぐ,https://www.youtube.com/channel/UCNe668-4r9j7h2mXtGt0maw,Pop music,5409218,77,41900
UCmhtmUBjkXOAetnaDq-XJ1g,nayuta,https://www.youtube.com/channel/UCmhtmUBjkXOAetnaDq-XJ1g,Music of Asia,30355724,331,181000
UCQHCHIoeu0FRJTJNMG2_Ezw,藍月なくる / Aitsuki Nakuru,https://www.youtube.com/channel/UCQHCHIoeu0FRJTJNMG2_Ezw,Music of Asia,114870404,259,269000
UCjalTisWDx3D3n317R1AObw,KatsuraNK(桂尚子),https://www.youtube.com/channel/UCjalTisWDx3D3n317R1AObw,Music,13903205,111,27500
UCEXCEsV_t1X_d4gSirFLgvA,狂武蔵たくちゃんねる,https://www.youtube.com/channel/UCEXCEsV_t1X_d4gSirFLgvA,Lifestyle (sociology),214212744,702,516000
UCl2XCgm2Nb4LHzpmUDK6iaw,舞杞維沙耶 まきいざや,https://www.youtube.com/channel/UCl2XCgm2Nb4LHzpmUDK6iaw,Food,9911966,260,13400
UCYeSQzTDi4kpflF3ozwoLog,Planet CHILD Music,https://www.youtube.com/channel/UCYeSQzTDi4kpflF3ozwoLog,Rock music,5680311,283,9810
UCoq1U0ZXHpZjBis5ru8tX9Q,さだはるTV,https://www.youtube.com/channel/UCoq1U0ZXHpZjBis5ru8tX9Q,Lifestyle (sociology),21980039,2723,79100
UC7RAC2rOqNUOrE9u70nqYRA,俺たちはいい人ではない,https://www.youtube.com/channel/UC7RAC2rOqNUOrE9u70nqYRA,Lifestyle (sociology),918355,37,2340
UCZMRuagdTBKmmrFtSMN48Xw,牛沢,https://www.youtube.com/channel/UCZMRuagdTBKmmrFtSMN48Xw,Role-playing video game,2835414171,3886,1840000
UCcAGc7BqTIyEjeXZM6QhGiQ,towacoチャンネル,https://www.youtube.com/channel/UCcAGc7BqTIyEjeXZM6QhGiQ,Action game,256042026,2360,266000
UCZrm6tHpAvD5BwjNyTsYY9g,湯毛の会,https://www.youtube.com/channel/UCZrm6tHpAvD5BwjNyTsYY9g,Role-playing video game,11053515,2254,37500
UCv_jreWfYg70AcUQHrdJwNQ,フルコンチャンネル,https://www.youtube.com/channel/UCv_jreWfYg70AcUQHrdJwNQ,Action-adventure game,275529906,5625,242000
UCnukdQmLBjW-mGRUXTLtGFA,麗溟ひよりch,https://www.youtube.com/channel/UCnukdQmLBjW-mGRUXTLtGFA,Action game,406250,412,5300
UCdMGYXL38w6htx6Yf9YJa-w,プロジェクトセカイ カラフルステージ! feat. 初音ミク,https://www.youtube.com/channel/UCdMGYXL38w6htx6Yf9YJa-w,Music,2270921365,2103,2140000
UCVaF0JK21BWNs2XQBjav2Gw,潮成実,https://www.youtube.com/channel/UCVaF0JK21BWNs2XQBjav2Gw,Music of Asia,644483,329,8570
UCft5HulDeuKloukyShxyOZA,Chinozo,https://www.youtube.com/channel/UCft5HulDeuKloukyShxyOZA,Pop music,322811129,135,600000
UC1laSZHo_6VBXU9FmfGNwFA,こっちのけんと,https://www.youtube.com/channel/UC1laSZHo_6VBXU9FmfGNwFA,Performing arts,729525685,711,1010000
UCOfESRUR5duQ2hMnTQ4oqhA,BUMP OF CHICKEN,https://www.youtube.com/channel/UCOfESRUR5duQ2hMnTQ4oqhA,Music of Asia,1814267512,180,1670000
UCZo9YdkaghMLh08GauwS44Q,花咲 雨理 -hanasaki ameri-,https://www.youtube.com/channel/UCZo9YdkaghMLh08GauwS44Q,Pop music,33354,68,194
UCvhyNM7DgVGKWXf0mhtJFog,ぐりはまT / Vocaloid Producer,https://www.youtube.com/channel/UCvhyNM7DgVGKWXf0mhtJFog,Music of Asia,150412,31,1950
UC1EB8moGYdkoZQfWHjh7Ivw,ぽんぽこちゃんねる,https://www.youtube.com/channel/UC1EB8moGYdkoZQfWHjh7Ivw,Entertainment,530391987,1566,728000
UCmgWMQkenFc72QnYkdxdoKA,ピーナッツくん!オシャレになりたい!,https://www.youtube.com/channel/UCmgWMQkenFc72QnYkdxdoKA,Music of Asia,167715402,361,521000
UCURoC-bsNMU3VF0iBb8z95A,壱星ふわ Ichise Fuwa / 雑談・ゲームetc,https://www.youtube.com/channel/UCURoC-bsNMU3VF0iBb8z95A,,160479,432,3340
UC79FQTDzf416-h6fh85RmNA,鋏鉄ルイ／Rui Kyotetsu,https://www.youtube.com/channel/UC79FQTDzf416-h6fh85RmNA,Role-playing video game,2072,16,100
UCoVfdd-BGgwCInk08Rwv7xw,瀬那七季-SENANANAKI ch-,https://www.youtube.com/channel/UCoVfdd-BGgwCInk08Rwv7xw,Music,65300,186,2180
UCnXG8TFIJsJYRFeFamsE9sg,弦音オウリのアコギLab. -Ouri Tsurune-,https://www.youtube.com/channel/UCnXG8TFIJsJYRFeFamsE9sg,Music,187702,255,1820
UCuo15K2zRA5rp1D1MHNaHaQ,あめりぃの倉庫,https://www.youtube.com/channel/UCuo15K2zRA5rp1D1MHNaHaQ,Video game culture,7990,242,53
UC5TiZw3uothFedw8bJCAPdQ,甘牙みさき,https://www.youtube.com/channel/UC5TiZw3uothFedw8bJCAPdQ,,0,0,85
UC91isbh786JTse-fiLXvi6A,シン・デアフライハイト-Shinn-,https://www.youtube.com/channel/UC91isbh786JTse-fiLXvi6A,Role-playing video game,131775,431,669
UCHkkl4TnOzfOb3iPxnkl0vA,デニール,https://www.youtube.com/channel/UCHkkl4TnOzfOb3iPxnkl0vA,Role-playing video game,17956,175,219
UCLlt_KBDnbpZHNu2f_V0RLg,希助-Kisuke-,https://www.youtube.com/channel/UCLlt_KBDnbpZHNu2f_V0RLg,Action game,52508534,841,32300
UCAUbLLlam6ayzmWVhG_qzmQ,tepe,https://www.youtube.com/channel/UCAUbLLlam6ayzmWVhG_qzmQ,Music,8600247,121,51600
UCrpam9cHUuF7qfXJC084Tcg,*Luna×音はつき,https://www.youtube.com/channel/UCrpam9cHUuF7qfXJC084Tcg,Pop music,899410,12,34
UCk7S76uQrkOoFnSesUtt_jg,Limonletta,https://www.youtube.com/channel/UCk7S76uQrkOoFnSesUtt_jg,Pop music,121142,53,1220
UC8iFHqWjzEIgZnvqpH-wUsQ,9Low,https://www.youtube.com/channel/UC8iFHqWjzEIgZnvqpH-wUsQ,Music of Asia,35730,28,306
UCYuzSfHn3E22B2gUOkSqGAQ,SailorHades,https://www.youtube.com/channel/UCYuzSfHn3E22B2gUOkSqGAQ,Music of Asia,64810,25,422
UCdiLRf3RW-CezWRUuVSCwgg,Bubble,https://www.youtube.com/channel/UCdiLRf3RW-CezWRUuVSCwgg,Pop music,323542,32,3470
UC6kGlpZg2tcemPrqwkpuCUQ,Hz | Hertz,https://www.youtube.com/channel/UC6kGlpZg2tcemPrqwkpuCUQ,Pop music,51716,16,652
UC8PM-52zOsBq6xb_HWCZWUQ,Vio,https://www.youtube.com/channel/UC8PM-52zOsBq6xb_HWCZWUQ,Music of Asia,16113,23,249
UCHV60B-ox9Ra-jo9V3tz-jQ,c.a.l.,https://www.youtube.com/channel/UCHV60B-ox9Ra-jo9V3tz-jQ,Pop music,93046,64,1430
UCjF7PDcaUKCtMhJnLNnTpNA,【eggu】・eggutamaplz,https://www.youtube.com/channel/UCjF7PDcaUKCtMhJnLNnTpNA,Video game culture,113090,40,1010
UCtquWoOcTIDVHv5dj6Z1Wxg,the kobemaster,https://www.youtube.com/channel/UCtquWoOcTIDVHv5dj6Z1Wxg,Music of Asia,1760865,93,3980
UC2X643A7Hu0sqeet_wcJ-0g,Yumemi Caelestis,https://www.youtube.com/channel/UC2X643A7Hu0sqeet_wcJ-0g,Music,27528,10,1180
UCoDeGl8J4Yon316NM7I89-A,Wooly,https://www.youtube.com/channel/UCoDeGl8J4Yon316NM7I89-A,Electronic music,11794,22,358
UC0NJU1K-_S1EKYzTHFb0_dg,Yuri,https://www.youtube.com/channel/UC0NJU1K-_S1EKYzTHFb0_dg,Pop music,553708,90,5800
UCnF90orO3D1vBRzkO9H2hxQ,Kohaku,https://www.youtube.com/channel/UCnF90orO3D1vBRzkO9H2hxQ,Pop music,45158,32,909
UChuDlRrbn5Ri-v6Gi0bPfXg,Gezeus Quiryst,https://www.youtube.com/channel/UChuDlRrbn5Ri-v6Gi0bPfXg,Pop music,1847260,53,23900
UCFURJLN9L-9Z5nJrICG8b2g,Claudia Katsumoto [GRADUATED],https://www.youtube.com/channel/UCFURJLN9L-9Z5nJrICG8b2g,Action game,25936,161,425
UCsgxccKEyaQxcB3ZMEm8xfg,Dahlia Wintra (Graduated) ★ TomoPulse,https://www.youtube.com/channel/UCsgxccKEyaQxcB3ZMEm8xfg,Action-adventure game,13190,189,371
UChG97vxBXd3hVUF-Mnqowtg,Era,https://www.youtube.com/channel/UChG97vxBXd3hVUF-Mnqowtg,Music of Asia,55289,154,648
UC3skl9MGuEiKVIxrueBHTIg,hyun,https://www.youtube.com/channel/UC3skl9MGuEiKVIxrueBHTIg,,0,0,8
UCSEOEvtbZNGzA4uR9m26SIA,Ruyune,https://www.youtube.com/channel/UCSEOEvtbZNGzA4uR9m26SIA,Music of Asia,10781,3,2760
UCWUSh-fqEDi_-JBALWfH3yA,BluKrab,https://www.youtube.com/channel/UCWUSh-fqEDi_-JBALWfH3yA,Action game,146,7,12
UC5H_wBYA0rtyTvZBqw6fN7A,Katrin,https://www.youtube.com/channel/UC5H_wBYA0rtyTvZBqw6fN7A,Music,8578,8,212
UCV_2a6mNwcTjVnEXWjtho6g,Krovi,https://www.youtube.com/channel/UCV_2a6mNwcTjVnEXWjtho6g,Role-playing video game,62342,87,744
UCc5BWE93Gpyol7XVZPZTddg,珍珠 ch,https://www.youtube.com/channel/UCc5BWE93Gpyol7XVZPZTddg,Music of Asia,647,2,47
UCwGFqo2u8eIJ5qZmkyg7eDQ,HeavenWraith,https://www.youtube.com/channel/UCwGFqo2u8eIJ5qZmkyg7eDQ,Music of Asia,576015,16,8410
UCOTR1tcOAhjgi6YukrPpZxg,まふまふちゃんねる,https://www.youtube.com/channel/UCOTR1tcOAhjgi6YukrPpZxg,Pop music,2567776196,532,3620000
UC-NWTh87VIIEd6B5iNNFQMw,Tohru0chan,https://www.youtube.com/channel/UC-NWTh87VIIEd6B5iNNFQMw,Pop music,14762,8,1480
UCrO7ERk6BdGg5kaoU0odhZw,Gomi-sama ゴミ様,https://www.youtube.com/channel/UCrO7ERk6BdGg5kaoU0odhZw,,0,0,2
UCFStNGUbRmUSkZarLFQu4mA,Amane VOD,https://www.youtube.com/channel/UCFStNGUbRmUSkZarLFQu4mA,Action-adventure game,737,75,14
UC-U3uWhd70NPh-OoGYu3T1g,kururinpa,https://www.youtube.com/channel/UC-U3uWhd70NPh-OoGYu3T1g,Music of Asia,28665,37,388
UCN2vYj_GQp3xaPkaLbmprHw,¿?,https://www.youtube.com/channel/UCN2vYj_GQp3xaPkaLbmprHw,Music of Asia,62322994,60,334000
UCpmSwekVKXnObCY7hpdHXdQ,七海うらら*歌channel,https://www.youtube.com/channel/UCpmSwekVKXnObCY7hpdHXdQ,Music,169999546,809,504000
UC1l7wYrva1qCH-wgqcHaaRg,David Guetta,https://www.youtube.com/channel/UC1l7wYrva1qCH-wgqcHaaRg,Pop music,23318474176,1072,27800000
UCRQX-dpFt_osBpH71ItuuvA,椎名林檎,https://www.youtube.com/channel/UCRQX-dpFt_osBpH71ItuuvA,Pop music,1134873451,167,1380000
UCYdKnt8tOEyz23NaNGXdF5Q,Noon,https://www.youtube.com/channel/UCYdKnt8tOEyz23NaNGXdF5Q,Pop music,11478,6,314
UCeb6GxmcUBoyfNVmWzfIXSQ,Kurosu+,https://www.youtube.com/channel/UCeb6GxmcUBoyfNVmWzfIXSQ,Pop music,175443,19,1190
UCkMSWaP9sXMfZos43gugikg,Elyxian,https://www.youtube.com/channel/UCkMSWaP9sXMfZos43gugikg,Music of Asia,102569,11,801
UCpRtBdw2Ka5PhqtBVsD3RXg,mork,https://www.youtube.com/channel/UCpRtBdw2Ka5PhqtBVsD3RXg,Pop music,22838,21,2910
UCxm87ETj1m1rEeixlAgrEhQ,basin,https://www.youtube.com/channel/UCxm87ETj1m1rEeixlAgrEhQ,,473,1,23
UCux_dQh8898bsMOPVUieuGw,soarer Ch.,https://www.youtube.com/channel/UCux_dQh8898bsMOPVUieuGw,Action-adventure game,323253,274,4120
UCGnqFQAc4yOM-2iLPqIihQg,K10KU,https://www.youtube.com/channel/UCGnqFQAc4yOM-2iLPqIihQg,Music of Asia,10610,25,165
UCDvaGLWIBM57kQDktDizJIw,taestycvke,https://www.youtube.com/channel/UCDvaGLWIBM57kQDktDizJIw,Pop music,3445,17,129
UCb4yp2vETNvqhwl4WnNwEfA,quu-zie,https://www.youtube.com/channel/UCb4yp2vETNvqhwl4WnNwEfA,Pop music,16440,14,643
UC1O-4nUrEeslr94pxCBNpmA,lala ☽,https://www.youtube.com/channel/UC1O-4nUrEeslr94pxCBNpmA,Music of Asia,2769,12,113
UCHGKS3VDKxu3N1u9naM0XYA,すりぃ,https://www.youtube.com/channel/UCHGKS3VDKxu3N1u9naM0XYA,Entertainment,448500366,175,768000
UC7iIwmiLHXUQy88PTYpRtAA,nine • ix,https://www.youtube.com/channel/UC7iIwmiLHXUQy88PTYpRtAA,Electronic music,147300,35,629
UCi-q7y_Y_ivk5krWhk4MX5Q,hongmika,https://www.youtube.com/channel/UCi-q7y_Y_ivk5krWhk4MX5Q,Music of Asia,417462,7,6590
UCmAYx8Wy4IXxBwNZAcc-3Fg,yejin,https://www.youtube.com/channel/UCmAYx8Wy4IXxBwNZAcc-3Fg,Music of Asia,2803,7,229
UC-3qYQ5ESEYs-7qz-nhL__g,KUSATAMAMA,https://www.youtube.com/channel/UC-3qYQ5ESEYs-7qz-nhL__g,Pop music,28069,37,238
UChGJl-rLmEonGgIwxJgSRgA,hebiscus 'n' honey,https://www.youtube.com/channel/UChGJl-rLmEonGgIwxJgSRgA,Pop music,41207,26,322
UCGsz7IyhbV8RwmVzHqv-1pw,Chace,https://www.youtube.com/channel/UCGsz7IyhbV8RwmVzHqv-1pw,Music of Asia,34884,26,783
UCp1hnfE3mv95pl0R6XHwUGQ,kaguP,https://www.youtube.com/channel/UCp1hnfE3mv95pl0R6XHwUGQ,Video game culture,41117,56,1210
UCDWOGiHxu_kOe2IsKV7kF0g,Gomi,https://www.youtube.com/channel/UCDWOGiHxu_kOe2IsKV7kF0g,,186,1,19
UCgVyGvdtFy06VdoFHWFSA4g,dani,https://www.youtube.com/channel/UCgVyGvdtFy06VdoFHWFSA4g,Music of Asia,14556,15,274
UCYfwqXM_RH9o1b5eDlqDA9w,AnymaVEVO,https://www.youtube.com/channel/UCYfwqXM_RH9o1b5eDlqDA9w,Electronic music,54468444,16,8770
UC_S_Dho26-L_V5B-gKirM-g,070 Shake,https://www.youtube.com/channel/UC_S_Dho26-L_V5B-gKirM-g,Independent music,102920102,71,323000
UCx1IRonk2K6dv9awmxWVlfQ,MAGNUS,https://www.youtube.com/channel/UCx1IRonk2K6dv9awmxWVlfQ,Pop music,57493,8,2040
UCRXaOr2-9CJTMqQH5A5GYZQ,Grimes,https://www.youtube.com/channel/UCRXaOr2-9CJTMqQH5A5GYZQ,Pop music,848412803,56,1390000
UCyacMWc-JhzX6iq2PCF-4jw,Empire Of The Sun,https://www.youtube.com/channel/UCyacMWc-JhzX6iq2PCF-4jw,Independent music,1211593152,177,987000
UC6gzgtR4PnwrA7O4dPWV2QQ,Hangar,https://www.youtube.com/channel/UC6gzgtR4PnwrA7O4dPWV2QQ,Electronic music,1187383,25,5960
UC32Qa2vczFNupEFfr02mTeQ,HATSUYUKI*,https://www.youtube.com/channel/UC32Qa2vczFNupEFfr02mTeQ,Music of Asia,434416,104,1790
UCuBOZcsAsD71qt-cIU07wKw,aima (Aima),https://www.youtube.com/channel/UCuBOZcsAsD71qt-cIU07wKw,Pop music,1543,7,78
UCz67JGLSLjT7IlI6Hw7J2NQ,IANMS,https://www.youtube.com/channel/UCz67JGLSLjT7IlI6Hw7J2NQ,Independent music,29885,7,779
UC01zPOisyi57EmRaci9CBAg,STARGAZER Studio,https://www.youtube.com/channel/UC01zPOisyi57EmRaci9CBAg,,74,3,17
UCT7u_4qwBmIjr5mhhgdpB9A,もさを。,https://www.youtube.com/channel/UCT7u_4qwBmIjr5mhhgdpB9A,Entertainment,303229888,115,647000
UCYwwzX5CMc46DpMq1yHPy3Q,Sani Ch.,https://www.youtube.com/channel/UCYwwzX5CMc46DpMq1yHPy3Q,Music,516812,63,5990
UCdul1KtejTwOIYevouD2wSg,Shiro-Haku,https://www.youtube.com/channel/UCdul1KtejTwOIYevouD2wSg,,0,0,9
UC25MbIGo_hLcyFCI8UbVbsA,issey,https://www.youtube.com/channel/UC25MbIGo_hLcyFCI8UbVbsA,Pop music,187874819,73,344000
UCh8ohZaTRfvQpn1ZWlvdSyg,れん,https://www.youtube.com/channel/UCh8ohZaTRfvQpn1ZWlvdSyg,Music of Asia,64962557,478,229000
UCdWvmX1WinPz98UKKT2nIxg,aradechu,https://www.youtube.com/channel/UCdWvmX1WinPz98UKKT2nIxg,Pop music,37838,68,2110
UCfdFNsR_tvF8bwp0KhMaJZQ,TOKOTOKO / 西沢さんP / zawaso Official,https://www.youtube.com/channel/UCfdFNsR_tvF8bwp0KhMaJZQ,Music of Asia,53467877,94,171000
UCCK072ns5Bt1nYqX1CoaZ-g,Mythia Batford,https://www.youtube.com/channel/UCCK072ns5Bt1nYqX1CoaZ-g,,92052466,1224,1120000
UCaw0rNYSe89OPzix05flcsg,Ai Higuchi,https://www.youtube.com/channel/UCaw0rNYSe89OPzix05flcsg,Music of Asia,355335858,332,305000
UC6pM_fjt__KO-KS61goPlGQ,HOYO-MiX,https://www.youtube.com/channel/UC6pM_fjt__KO-KS61goPlGQ,Electronic music,642229563,29,554000
UCdTnJMrLiC_PTVjNWMQ7vrg,Anthony Lynch,https://www.youtube.com/channel/UCdTnJMrLiC_PTVjNWMQ7vrg,Pop music,898723,16,10200
UC2PeMPA8PAOp-bynLoCeMLA,Honkai: Star Rail,https://www.youtube.com/channel/UC2PeMPA8PAOp-bynLoCeMLA,Action game,763433307,770,2760000
UCiS882YPwZt1NfaM0gR0D9Q,Genshin Impact,https://www.youtube.com/channel/UCiS882YPwZt1NfaM0gR0D9Q,Role-playing video game,2241671478,2085,8210000
UC5WWwx-zHWs0TQZMU-wF02g,Lord Dullahan,https://www.youtube.com/channel/UC5WWwx-zHWs0TQZMU-wF02g,Music of Asia,104756,157,296
UCf946EqWivpr4ei3CYWkP8Q,SunTammy,https://www.youtube.com/channel/UCf946EqWivpr4ei3CYWkP8Q,Entertainment,712976,135,3970
UCkB8HnJSDSJ2hkLQFUc-YrQ,King Gnu official YouTube channel,https://www.youtube.com/channel/UCkB8HnJSDSJ2hkLQFUc-YrQ,Music of Asia,2871190699,140,2970000
UCemWUaSsUwgeYpGfkbvSQjg,Jake Miller,https://www.youtube.com/channel/UCemWUaSsUwgeYpGfkbvSQjg,Lifestyle (sociology),269593545,310,708000
UCOQye-L7SZ4-NHrJBp6YAkA,Hakumei,https://www.youtube.com/channel/UCOQye-L7SZ4-NHrJBp6YAkA,Entertainment,1567108,410,7520
UCYonnZSZPYSSJ1zwDRSj3Uw,chevy,https://www.youtube.com/channel/UCYonnZSZPYSSJ1zwDRSj3Uw,Pop music,48108326,140,435000
UCKppxpSfuXRWMmGbFN2ZUEQ,Adhiew,https://www.youtube.com/channel/UCKppxpSfuXRWMmGbFN2ZUEQ,Pop music,339248,135,3140
UCdIA3_m9b1gEsjPr211lS7A,CHIMERAZ(キメラズ) CHANNEL,https://www.youtube.com/channel/UCdIA3_m9b1gEsjPr211lS7A,Pop music,21357397,23,40100
UCdt9QfUqyRhovK2W68-xktg,Ikkun.,https://www.youtube.com/channel/UCdt9QfUqyRhovK2W68-xktg,Entertainment,41147,63,307
UC65YjvB_xdnzvaQEOoVjHNg,Binou SZ / ビノウ,https://www.youtube.com/channel/UC65YjvB_xdnzvaQEOoVjHNg,Music,194703,2,4790
UC8UGx8xLoQ-w8PmrRDIUu3g,Azareel,https://www.youtube.com/channel/UC8UGx8xLoQ-w8PmrRDIUu3g,Music of Asia,5889,12,1670
UCrcuTVIDYfOeY8_EBz99gpQ,MDATripleStar ☆,https://www.youtube.com/channel/UCrcuTVIDYfOeY8_EBz99gpQ,Music,1598728,441,5580
UCEc1YzMOSKKtJD7H-q71HgQ,Creepy Nuts,https://www.youtube.com/channel/UCEc1YzMOSKKtJD7H-q71HgQ,Music,1821402715,157,2440000
UChdXqecYJK9a8g4XI1wuxjA,Domi_,https://www.youtube.com/channel/UChdXqecYJK9a8g4XI1wuxjA,Film,1253434,17,2260
UCTx_ayciDLzGiFN1PuEuc4g,KenForce,https://www.youtube.com/channel/UCTx_ayciDLzGiFN1PuEuc4g,Music of Asia,278392,38,5580
UCoJWOIuyOqHA2_hlGAb97DQ,Momochan Ch.,https://www.youtube.com/channel/UCoJWOIuyOqHA2_hlGAb97DQ,Entertainment,1427652,357,24700
UCbJM_Y06iuUOl3hVPqYcvng,澤野弘之 / SawanoHiroyuki[nZk],https://www.youtube.com/channel/UCbJM_Y06iuUOl3hVPqYcvng,Music of Asia,1608363743,295,1260000
UCPNz1U9erM08PMmpa8eT71g,Takatsuki 【たかち】 “Shiba”,https://www.youtube.com/channel/UCPNz1U9erM08PMmpa8eT71g,,0,0,157
UCch9Dmg5Juwp8MZGvAmAp4Q,VIVINOS,https://www.youtube.com/channel/UCch9Dmg5Juwp8MZGvAmAp4Q,Electronic music,448397920,54,3030000
UCDdW5GYI5OUphOvfy7An_ew,Almeida Evans,https://www.youtube.com/channel/UCDdW5GYI5OUphOvfy7An_ew,Pop music,35846,13,490
UCLxt0pm5sFwh2K-Qs0W-qrg,Foudeqush,https://www.youtube.com/channel/UCLxt0pm5sFwh2K-Qs0W-qrg,Electronic music,27154718,15,30600
UCSgY4JSNSZek4GYyaNabZew,nani,https://www.youtube.com/channel/UCSgY4JSNSZek4GYyaNabZew,Pop music,220772,165,1350
UC7r2M7OWT6wojP7EgGGB8_g,Mateo,https://www.youtube.com/channel/UC7r2M7OWT6wojP7EgGGB8_g,Music of Asia,98221,9,642
UCDV5PZep5Wk4JL5XFTU8wNg,メドミア,https://www.youtube.com/channel/UCDV5PZep5Wk4JL5XFTU8wNg,Music of Asia,65955966,47,148000
UCR3mFffKgJKKY6Byf7GKU0g,Fritz❀,https://www.youtube.com/channel/UCR3mFffKgJKKY6Byf7GKU0g,Pop music,280857,32,1740
UCpNGw0hSa6BdZfPtsre5hvQ,Bin Onirique 👻💚 ビン・ オニリク,https://www.youtube.com/channel/UCpNGw0hSa6BdZfPtsre5hvQ,Pop music,4232,5,203
UCucP-ebgl1AmfKT5xL29U3Q,Zeta_x,https://www.youtube.com/channel/UCucP-ebgl1AmfKT5xL29U3Q,Pop music,4488,14,115
UC7By-GvQxKNakmNkKQsQABA,NamiTsujiru,https://www.youtube.com/channel/UC7By-GvQxKNakmNkKQsQABA,Pop music,69041,103,997
UCZX96EI7UOhGAUiZYuCs1Lw,FABO,https://www.youtube.com/channel/UCZX96EI7UOhGAUiZYuCs1Lw,Music of Asia,10134,23,178
UCuNlrb3G0BLLDbwhz7EqF8w,Azari,https://www.youtube.com/channel/UCuNlrb3G0BLLDbwhz7EqF8w,Electronic music,117906128,12,777000
UCbTZMuPZmULogYao8mHevYw,Topper Music,https://www.youtube.com/channel/UCbTZMuPZmULogYao8mHevYw,Music,181779,23,374
UC6L5nMDS15ReWfyrAPqr-VQ,H.E.1.C.H.U,https://www.youtube.com/channel/UC6L5nMDS15ReWfyrAPqr-VQ,,39,1,733
UCVT7E4zdyUwyKiIrUgQ07DA,OrenjiTheOrange,https://www.youtube.com/channel/UCVT7E4zdyUwyKiIrUgQ07DA,,0,0,255000
UCyDQKOgEjuIiuPXctcuQKlg,Mike Geno,https://www.youtube.com/channel/UCyDQKOgEjuIiuPXctcuQKlg,Electronic music,150640829,433,311000
UC1wY7eZbkt38PeLLQ5CpIOw,bbyamm,https://www.youtube.com/channel/UC1wY7eZbkt38PeLLQ5CpIOw,,804,1,3090
UC_iTwYnjVJvJURFPURA8dQA,Fresco Gray,https://www.youtube.com/channel/UC_iTwYnjVJvJURFPURA8dQA,Lifestyle (sociology),567874,127,2370
UCqeHbI0rfexnHhhEgrg8Exg,The Musical Ghost,https://www.youtube.com/channel/UCqeHbI0rfexnHhhEgrg8Exg,Video game culture,113913268,167,378000
UCuUWyJYmhWrriJTAbO1P6Bg,GreenyPika,https://www.youtube.com/channel/UCuUWyJYmhWrriJTAbO1P6Bg,Music of Asia,5177605,64,28100
UCVMmBsIBWUKxkqpmAMEZPlw,VocalOutburst,https://www.youtube.com/channel/UCVMmBsIBWUKxkqpmAMEZPlw,,0,0,5
UCFgYlgzh0nQXbMICgpDaKig,ThunderScott,https://www.youtube.com/channel/UCFgYlgzh0nQXbMICgpDaKig,Video game culture,2007743,61,13100
UCoEYJF9EZ01ev077gyZmrOg,Michael Kovach,https://www.youtube.com/channel/UCoEYJF9EZ01ev077gyZmrOg,Entertainment,1026272,4,152000
UCwUsZ3K6ZJPqRKceUU8YZ3Q,Danger James Music,https://www.youtube.com/channel/UCwUsZ3K6ZJPqRKceUU8YZ3Q,Rock music,3295,4,30100
UCpRLi63Nu9KZuEFvHvdGprQ,CosmicKeyframe Productions,https://www.youtube.com/channel/UCpRLi63Nu9KZuEFvHvdGprQ,Action-adventure game,923439,178,38000
UCfguohQ13Uez5UWqJbZA5Qg,Cam Steady,https://www.youtube.com/channel/UCfguohQ13Uez5UWqJbZA5Qg,Role-playing video game,299248974,251,745000
UCg19N_xEATl7XPmTgvchbFA,ToodlesClown,https://www.youtube.com/channel/UCg19N_xEATl7XPmTgvchbFA,Role-playing video game,2022728,13,80300
UCdhSDqyhifxMpuMprX2fmeg,Jay-F,https://www.youtube.com/channel/UCdhSDqyhifxMpuMprX2fmeg,Hip hop music,525880915,185,1610000
UCfqX6XvqeKIzJLxc-8s2pCg,Omar Cabán -YuriFoX-,https://www.youtube.com/channel/UCfqX6XvqeKIzJLxc-8s2pCg,Music of Asia,108204879,358,467000
UCFrhNDuIwI46cxoiWmvuJBQ,Doble Cero,https://www.youtube.com/channel/UCFrhNDuIwI46cxoiWmvuJBQ,Entertainment,1185118883,677,2980000
UCPqlWiyJqCSS5qWD50GBfgA,Cr0vT,https://www.youtube.com/channel/UCPqlWiyJqCSS5qWD50GBfgA,Video game culture,103914,14,1870
UC_Kgd2nzUMetFxEHdH3x8KA,Misezao,https://www.youtube.com/channel/UC_Kgd2nzUMetFxEHdH3x8KA,Music of Asia,5509699,188,19800
UCqCPrll5YYAARUFBKZTnVqw,saichiopy,https://www.youtube.com/channel/UCqCPrll5YYAARUFBKZTnVqw,Music of Asia,233164,118,3780
UCt-7kUDKZODDnYcb6HW8ajw,EnmaDS - EnmanuelDSite,https://www.youtube.com/channel/UCt-7kUDKZODDnYcb6HW8ajw,Music of Asia,19383427,280,79300
UCNlGnS9rcKfQG_5h1V6TfJQ,LULLABY YATO ★♡,https://www.youtube.com/channel/UCNlGnS9rcKfQG_5h1V6TfJQ,Music of Asia,809171,73,8730
UCLeD7cJ5M-c9y5-rPw2EsVQ,MegaMatVT,https://www.youtube.com/channel/UCLeD7cJ5M-c9y5-rPw2EsVQ,,173938,189,1630
UCTr0VOWDDZAR1ij4CjkD0VA,soren,https://www.youtube.com/channel/UCTr0VOWDDZAR1ij4CjkD0VA,Electronic music,51897221,566,221000
UCSPDcFvsoIVx2uJ0QKY6TDQ,Mapi Ortega,https://www.youtube.com/channel/UCSPDcFvsoIVx2uJ0QKY6TDQ,Pop music,7470691,148,47600
UCe1GhX-KqmGFcWkFgkyMwRw,Tricker,https://www.youtube.com/channel/UCe1GhX-KqmGFcWkFgkyMwRw,Pop music,167065659,250,503000
UClN12dGsP5V-rU8xiWxISHA,Ana González,https://www.youtube.com/channel/UClN12dGsP5V-rU8xiWxISHA,Pop music,4516880,117,36400
UCA4SLuLx18m0eZuOvm_wlwQ,angiesalazarr,https://www.youtube.com/channel/UCA4SLuLx18m0eZuOvm_wlwQ,Music of Latin America,34966061,127,258000
UCBwXLkk3ic69gqiJz8HktIw,MRIR,https://www.youtube.com/channel/UCBwXLkk3ic69gqiJz8HktIw,Music of Asia,19414693,225,88800
UCuuUbLYqL2Z2DPQuibBIixA,YellowZui,https://www.youtube.com/channel/UCuuUbLYqL2Z2DPQuibBIixA,Pop music,269441,73,1730
UCMDrBcWP7r-fXX3XOy06Smw,"Akari Yukimura ""Yuki""",https://www.youtube.com/channel/UCMDrBcWP7r-fXX3XOy06Smw,Film,2998,19,29
UCUUzzC6n3fEIqgrDrvolnuQ,Anime Music Latam,https://www.youtube.com/channel/UCUUzzC6n3fEIqgrDrvolnuQ,Music of Asia,3815,5,15
UCgrtbLQsox2EYtF0iVclZjA,あたらよ - Atarayo,https://www.youtube.com/channel/UCgrtbLQsox2EYtF0iVclZjA,Pop music,250058777,209,318000
UCxXu4WI6AcROBT_zO0DgWEw,KAMITO HD,https://www.youtube.com/channel/UCxXu4WI6AcROBT_zO0DgWEw,Music of Asia,199437,91,626
UC-Oo8aK68a9_L3lxxqSr2TQ,🎶zerko music🎶,https://www.youtube.com/channel/UC-Oo8aK68a9_L3lxxqSr2TQ,Pop music,19150,16,236
UCMfvOfKDSIeUvKkhCtgPWoQ,ZamphonyVT,https://www.youtube.com/channel/UCMfvOfKDSIeUvKkhCtgPWoQ,Pop music,25773,48,236
UCXockhlMY9idwbFm_mPNQAA,VALUX ♡,https://www.youtube.com/channel/UCXockhlMY9idwbFm_mPNQAA,Pop music,243828,42,1490
UCY47aDuWPpH18NJlidLg04A,コレサワ,https://www.youtube.com/channel/UCY47aDuWPpH18NJlidLg04A,Music,323698443,349,572000
UCfoUhBr5ysUpl9kqlfoIhlQ,ANDY,https://www.youtube.com/channel/UCfoUhBr5ysUpl9kqlfoIhlQ,Music,5772,3,342
UCf55YniOM5IU4aazqftUMuA,TheWhiteSam,https://www.youtube.com/channel/UCf55YniOM5IU4aazqftUMuA,Film,371418,281,1090
UCUXfRsEIJ9xO1DT7TbEWksw,Eve,https://www.youtube.com/channel/UCUXfRsEIJ9xO1DT7TbEWksw,Film,3475080982,208,5590000
UCs5knpjw12MTr7diL56ayDw,SINAY PAOHLA •ω•,https://www.youtube.com/channel/UCs5knpjw12MTr7diL56ayDw,Pop music,17525122,411,49200
UCxkYm_7hqaUHTJzS35syn7A,shoffel,https://www.youtube.com/channel/UCxkYm_7hqaUHTJzS35syn7A,Pop music,49108,16,884
UCkhxfhPabJqOjfF-mfJdf1g,Pancloud,https://www.youtube.com/channel/UCkhxfhPabJqOjfF-mfJdf1g,Pop music,768120,39,18100
UCkX_6yy5bWHFpzX7ayO6E7Q,DarkHole,https://www.youtube.com/channel/UCkX_6yy5bWHFpzX7ayO6E7Q,Music of Asia,3370105,162,20400
UC4KZqxRMS3RWG-OPx8n5MMA,Marcus Skeen,https://www.youtube.com/channel/UC4KZqxRMS3RWG-OPx8n5MMA,Independent music,2472527,41,6890
UCWZN7dgS2Ny-6sZk4IEARVw,Gera,https://www.youtube.com/channel/UCWZN7dgS2Ny-6sZk4IEARVw,Electronic music,724801,86,3850
UCaq_YAt-87Of9TwZTTGJyyg,Mayu!!,https://www.youtube.com/channel/UCaq_YAt-87Of9TwZTTGJyyg,Pop music,89519,37,1380
UCH_22DnGxDLIu5fnQR6MeHw,Justin Ly,https://www.youtube.com/channel/UCH_22DnGxDLIu5fnQR6MeHw,Pop music,9701148,73,39700
UCYMByU25Sq9TzS2FAGR8jhQ,Ares Silvers,https://www.youtube.com/channel/UCYMByU25Sq9TzS2FAGR8jhQ,Film,0,0,1490
UC36Hhx1OYYdOFqMhgv8i5xQ,Greenstar,https://www.youtube.com/channel/UC36Hhx1OYYdOFqMhgv8i5xQ,Music,154173,13,279
UCcUtds473jpSlrM3XTgaO9w,AgusGoya,https://www.youtube.com/channel/UCcUtds473jpSlrM3XTgaO9w,Music of Latin America,7938162,115,175000
UCwMJFtRyZtDPupoqIYwn95g,OSTER projectテスロ&ロゼット,https://www.youtube.com/channel/UCwMJFtRyZtDPupoqIYwn95g,Music of Asia,21030711,376,96200
UCGhqxhovNfaPBpxfCruy9EA,Fulgur Ovid 【NIJISANJI EN】,https://www.youtube.com/channel/UCGhqxhovNfaPBpxfCruy9EA,Action game,31930846,627,459000
UCIeSUTOTkF9Hs7q3SGcO-Ow,Elira Pendora 【NIJISANJI EN】,https://www.youtube.com/channel/UCIeSUTOTkF9Hs7q3SGcO-Ow,Action-adventure game,59741613,1160,516000
UCR6qhsLpn62WVxCBK1dkLow,Enna Alouette【NIJISANJI EN】,https://www.youtube.com/channel/UCR6qhsLpn62WVxCBK1dkLow,Action-adventure game,82254534,803,646000
UCBURM8S4LH7cRZ0Clea9RDA,Reimu Endou【NIJISANJI EN】,https://www.youtube.com/channel/UCBURM8S4LH7cRZ0Clea9RDA,Action-adventure game,23320042,1064,400000
UCkieJGn3pgJikVW8gmMXE2w,Nina Kosaka【NIJISANJI EN】,https://www.youtube.com/channel/UCkieJGn3pgJikVW8gmMXE2w,Action game,46268058,557,524000
UC3Bjw_Ek1FTbhEKZsh9uo1w,SudaKeina Balloon,https://www.youtube.com/channel/UC3Bjw_Ek1FTbhEKZsh9uo1w,Music of Asia,630901810,413,890000
UCEs9OSGJ5zTId6b3SLvpgYQ,Andres Ajo,https://www.youtube.com/channel/UCEs9OSGJ5zTId6b3SLvpgYQ,Pop music,435460,86,2810
UCyhjGn46dsnjNjM8RN-5PAA,アンダーグラフ,https://www.youtube.com/channel/UCyhjGn46dsnjNjM8RN-5PAA,Pop music,25771484,272,41500
UCC-mxKzoZBBys475oah1EbQ,Jin,https://www.youtube.com/channel/UCC-mxKzoZBBys475oah1EbQ,Electronic music,21507,13,197
UCm0qsuAG6RN2FYKZ_r1nPyg,Hitsujibungaku,https://www.youtube.com/channel/UCm0qsuAG6RN2FYKZ_r1nPyg,Music of Asia,345076619,140,450000
UC7MvTslTWkE1HKNYkXiGv1Q,優里ちゃんねる【公式】,https://www.youtube.com/channel/UC7MvTslTWkE1HKNYkXiGv1Q,Music of Asia,1478863554,2336,2500000
UCmlWvlqqOrRxaA6WecNIwew,Cris Fuentes,https://www.youtube.com/channel/UCmlWvlqqOrRxaA6WecNIwew,Music of Asia,4741411,110,30600
UCq_BVlZHqL5UdUwJOWnnAgw,Miki Rika,https://www.youtube.com/channel/UCq_BVlZHqL5UdUwJOWnnAgw,Pop music,51639,21,1560
UCjuV2sAsfqhm5tjwxKSsDvw,Jonatan King,https://www.youtube.com/channel/UCjuV2sAsfqhm5tjwxKSsDvw,Pop music,3476058,387,15400
UC2tN8yIRVdZ8-Ig2REhPPWg,ano official channel,https://www.youtube.com/channel/UC2tN8yIRVdZ8-Ig2REhPPWg,Music of Asia,267020665,233,660000
UC4F1I7876Yur9E63Ha1etxA,ShiouxAC,https://www.youtube.com/channel/UC4F1I7876Yur9E63Ha1etxA,Music of Asia,1002813,19,15500
UC72rDSyfRYW5JXCULXZX4HA,LordM,https://www.youtube.com/channel/UC72rDSyfRYW5JXCULXZX4HA,Music of Asia,12580611,171,63800
UC9w_u-Cxz-MCCmql1KdiADA,Ivy Pintos ♪,https://www.youtube.com/channel/UC9w_u-Cxz-MCCmql1KdiADA,Pop music,1500998,33,7960
UCcd-GOvl9DdyPVHQxy58bOw,ずっと真夜中でいいのに。ZUTOMAYO,https://www.youtube.com/channel/UCcd-GOvl9DdyPVHQxy58bOw,Music of Asia,11363169,69,3280000
UC1FQWQ3y3-e8l1pCtWhJt5A,Vaundy,https://www.youtube.com/channel/UC1FQWQ3y3-e8l1pCtWhJt5A,Pop music,2668313882,316,2520000
UC3OvESMThc9sA0MzZwkpmhg,Streetwise Rhapsody,https://www.youtube.com/channel/UC3OvESMThc9sA0MzZwkpmhg,Role-playing video game,124547977,3996,145000
UCxSWEVq2kKxjD_LoMWnDuow,ROLENGINE,https://www.youtube.com/channel/UCxSWEVq2kKxjD_LoMWnDuow,Film,0,0,2120
UCxe7RhBKw1EImE6BIPVLOxg,FUGATOON,https://www.youtube.com/channel/UCxe7RhBKw1EImE6BIPVLOxg,Music of Asia,15965045,123,74400
UCzqCZPhNYYlD8g0cnwSltvw,Zack RK • DJ,https://www.youtube.com/channel/UCzqCZPhNYYlD8g0cnwSltvw,Pop music,780337,7,2630
UCtAsQsszdzzJiOeFKV4FBDQ,Luxe KO,https://www.youtube.com/channel/UCtAsQsszdzzJiOeFKV4FBDQ,Music of Asia,8711518,92,40900
UCRjyTlScusVFHlErqL79WYg,Neo Strife,https://www.youtube.com/channel/UCRjyTlScusVFHlErqL79WYg,Action game,156354104,481,634000
UC10viXnr5P30UrEb36Y984g,MAXIMUM THE HORMONE - Topic,https://www.youtube.com/channel/UC10viXnr5P30UrEb36Y984g,Pop music,61371523,62,4650
UCUGEEv7QagDC0FmONTpaA-Q,Natzithu n.n,https://www.youtube.com/channel/UCUGEEv7QagDC0FmONTpaA-Q,Music of Asia,1222127,68,6520
UC8ONW-_GDBpgD2meRi1N4Ug,JIRAFA,https://www.youtube.com/channel/UC8ONW-_GDBpgD2meRi1N4Ug,Pop music,4405533,122,27000
UCT9P5oI7LeznS4PI3Nv9C7w,Mayrim Romero :3,https://www.youtube.com/channel/UCT9P5oI7LeznS4PI3Nv9C7w,Music of Asia,32373,45,522
UC5S8dDswLqbnm9fuZ8Z2ntQ,TWIN ENGINE,https://www.youtube.com/channel/UC5S8dDswLqbnm9fuZ8Z2ntQ,Film,661985270,1402,366000
UCN_5t-VZqgCU7uboRN8PxGA,Yukisei,https://www.youtube.com/channel/UCN_5t-VZqgCU7uboRN8PxGA,Film,22742574,59,56700
UCPn4XA6Gb2u8y_FXXtrHW7w,Chiai Fujikawa,https://www.youtube.com/channel/UCPn4XA6Gb2u8y_FXXtrHW7w,Pop music,106656769,227,160000
UC_bHMlx2jKz-jxbtza2rpUQ,【KizuMii Dubみ】,https://www.youtube.com/channel/UC_bHMlx2jKz-jxbtza2rpUQ,Lifestyle (sociology),10881,5,175
UCMiL4aomAhQl1wdT2YlVQ8Q,halca Official YouTube Channel,https://www.youtube.com/channel/UCMiL4aomAhQl1wdT2YlVQ8Q,Food,30939910,341,54200
UCqyHhV5cShagWx_com7PqVg,Hiro,https://www.youtube.com/channel/UCqyHhV5cShagWx_com7PqVg,Music of Asia,85138,56,581
UCzxi489cHlVIqxE3UaGg06g,kokonatsu09,https://www.youtube.com/channel/UCzxi489cHlVIqxE3UaGg06g,,0,0,2
UCO7fzGXvr5N5r-vBUswROHw,MrpoopJPG,https://www.youtube.com/channel/UCO7fzGXvr5N5r-vBUswROHw,Action game,7035328,509,18200
UC7_4_yN3XSM8HtUISo50xWA,ALINCO,https://www.youtube.com/channel/UC7_4_yN3XSM8HtUISo50xWA,Music of Asia,39237270,47,39800
UCbWspdwILvsczpsA5mKxoGw,Ao Clover,https://www.youtube.com/channel/UCbWspdwILvsczpsA5mKxoGw,Pop music,142526,31,4690
UCq2PM2OyL9pVi1RqRAeXO5Q,Mart Ryz,https://www.youtube.com/channel/UCq2PM2OyL9pVi1RqRAeXO5Q,Pop music,2524069,95,15000
UCT6tRaY8R1RYbXc9kmQKPGA,Daedry,https://www.youtube.com/channel/UCT6tRaY8R1RYbXc9kmQKPGA,Role-playing video game,1654689,142,10500
UCcZFynFCtorTlVwSCIwuV5A,CherriEli,https://www.youtube.com/channel/UCcZFynFCtorTlVwSCIwuV5A,Film,143397,83,2650
UCsOItkqquh8bWwgy6-gqXqg,TheGraberFD,https://www.youtube.com/channel/UCsOItkqquh8bWwgy6-gqXqg,Entertainment,198102336,280,699000
UCYEt19P3rd3n3MsjyOOna5A,Miree,https://www.youtube.com/channel/UCYEt19P3rd3n3MsjyOOna5A,Pop music,511089742,1249,2030000
UCcV1EjpBgmIKkQRTO2g529g,Phizzy,https://www.youtube.com/channel/UCcV1EjpBgmIKkQRTO2g529g,Music,141617673,1343,164000
UC5H-Xbrs-XU3wwmM-Rca6xQ,Fenvalur,https://www.youtube.com/channel/UC5H-Xbrs-XU3wwmM-Rca6xQ,Music,4550671,224,10300
UCAVR6Q0YgYa8xwz8rdg9Mrg,原神-Genshin-公式,https://www.youtube.com/channel/UCAVR6Q0YgYa8xwz8rdg9Mrg,Action game,893903236,2346,2140000
UCAxpft94XKyjF693VWUu9UQ,Tomoyo Power,https://www.youtube.com/channel/UCAxpft94XKyjF693VWUu9UQ,Film,137369,75,392
UCKIwVSIReKq8WMLu50JprHA,Lightning Flame,https://www.youtube.com/channel/UCKIwVSIReKq8WMLu50JprHA,Film,363053,95,4360
UCvAFXn_iVsY_lWvABN1t8VA,Fish Ez8 Dubs,https://www.youtube.com/channel/UCvAFXn_iVsY_lWvABN1t8VA,Film,6665,29,115
UCf09reR3uK5w0A1NPF4H7fA,Mugen,https://www.youtube.com/channel/UCf09reR3uK5w0A1NPF4H7fA,Film,348,3,50
UCS4Znj5nwOP4zJDe8e2cGdw,O k i,https://www.youtube.com/channel/UCS4Znj5nwOP4zJDe8e2cGdw,Role-playing video game,116476,22,1160
UCxKkUjVXNmsdZEY9o-z42Bg,El_SaNsY,https://www.youtube.com/channel/UCxKkUjVXNmsdZEY9o-z42Bg,Film,79368,16,752
UCJrR8L-zkHdfQH1g6aSN4oQ,FANNYLU ALEXANDRA,https://www.youtube.com/channel/UCJrR8L-zkHdfQH1g6aSN4oQ,Video game culture,1673059,62,13500
UCWzPYdgxqYWP3FDoooVPRvw,El Mapas,https://www.youtube.com/channel/UCWzPYdgxqYWP3FDoooVPRvw,Role-playing video game,3810,4,201
UCocWj_WkY5pPUlgI3kSlx5Q,Semilla Maligna,https://www.youtube.com/channel/UCocWj_WkY5pPUlgI3kSlx5Q,Lifestyle (sociology),2498783,225,16500
UCwGRChorezCL3eUlDqBSIwg,ClowCR,https://www.youtube.com/channel/UCwGRChorezCL3eUlDqBSIwg,Film,2611528,82,24900
UCV9onMclRfe9TJ4YqovuG5Q,Lizko0,https://www.youtube.com/channel/UCV9onMclRfe9TJ4YqovuG5Q,Pop music,2429473,74,22500
UCVlf2l5a8nlk-X2xK4nDN4Q,Coso Draws,https://www.youtube.com/channel/UCVlf2l5a8nlk-X2xK4nDN4Q,Lifestyle (sociology),24083073,222,108000
UCRiYXhkG8V12vs3zXKey16w,Upesito,https://www.youtube.com/channel/UCRiYXhkG8V12vs3zXKey16w,Role-playing video game,250209,86,3380
UCgN13pHPmLEnYm9HTMPhwuA,SeaBlaze,https://www.youtube.com/channel/UCgN13pHPmLEnYm9HTMPhwuA,Entertainment,419735,76,7430
UC2Nmu3BWIaLtGTXj7QeMSVg,DeimontTW,https://www.youtube.com/channel/UC2Nmu3BWIaLtGTXj7QeMSVg,Lifestyle (sociology),6265301,55,33600
UCDw9TqFPGGJrgS9P8sFSsKQ,Contriteorb4 GP,https://www.youtube.com/channel/UCDw9TqFPGGJrgS9P8sFSsKQ,Video game culture,12015161,836,58700
UCoDgKDeg0lNey5IZMtw-kUA,FluffyDubs,https://www.youtube.com/channel/UCoDgKDeg0lNey5IZMtw-kUA,Lifestyle (sociology),274051,18,17400
UClebuZtCLJYupmmQPwfwxhA,Angel&Mechok,https://www.youtube.com/channel/UClebuZtCLJYupmmQPwfwxhA,Film,77434817,331,309000
UC8H0nNZJfP4zYpuvdl_4AeA,RetroSpecter,https://www.youtube.com/channel/UC8H0nNZJfP4zYpuvdl_4AeA,Video game culture,262549523,759,640000
UCBerShjSgkZjxLqY-3f__tQ,I'm Blue,https://www.youtube.com/channel/UCBerShjSgkZjxLqY-3f__tQ,Film,14422905,109,93800
UCvHF-5L9u-NQpC6OaeGTOCA,Mezzaluce,https://www.youtube.com/channel/UCvHF-5L9u-NQpC6OaeGTOCA,Action-adventure game,4693347,121,3870
UCBLuQL1L53dWs4J79cJoAew,AroFD,https://www.youtube.com/channel/UCBLuQL1L53dWs4J79cJoAew,Pop music,331762,14,1620
UCWRvWFWfjqbmWVVcv8Bty-Q,LUEN,https://www.youtube.com/channel/UCWRvWFWfjqbmWVVcv8Bty-Q,Music of Asia,503604,78,4160
UCde_xnXu2lPBmRgAp_nq29A,comfi beats,https://www.youtube.com/channel/UCde_xnXu2lPBmRgAp_nq29A,Music of Asia,47574170,41,453000
UCoC84YiNw3uoy5d1ADr0v3w,esshi,https://www.youtube.com/channel/UCoC84YiNw3uoy5d1ADr0v3w,,0,0,201
UCJLpN_R6dPuqxkisDVD6VJA,Seba Dentis,https://www.youtube.com/channel/UCJLpN_R6dPuqxkisDVD6VJA,,14362,1,717
UCzfyYtgvkx5mLy8nlLlayYg,Vivziepop,https://www.youtube.com/channel/UCzfyYtgvkx5mLy8nlLlayYg,Film,1878367987,371,11100000
UCoLTK4ymgaaGJa5Vam3e7Nw,Ms. Ice Cream,https://www.youtube.com/channel/UCoLTK4ymgaaGJa5Vam3e7Nw,Music,79525822,295,189000
UCpghmVlEn7BW-wxFY6F7jVw,SilvaDub,https://www.youtube.com/channel/UCpghmVlEn7BW-wxFY6F7jVw,Role-playing video game,11869,65,164
UCaXzGcgJPYsf_DD0gEVBcEA,LaxerPE,https://www.youtube.com/channel/UCaXzGcgJPYsf_DD0gEVBcEA,Entertainment,419811,67,6840
UCOYgkPC5p2kHAnkwLZWzu2Q,Los Chales de Jorge,https://www.youtube.com/channel/UCOYgkPC5p2kHAnkwLZWzu2Q,Action game,147499,30,879
UC8FuoZqp0Pe3cYY5cbJZ9yQ,HedoSeto,https://www.youtube.com/channel/UC8FuoZqp0Pe3cYY5cbJZ9yQ,Lifestyle (sociology),343776,22,19100
UCu9O54-tWRJP7OoZJ0W_ahw,Asteria Chō,https://www.youtube.com/channel/UCu9O54-tWRJP7OoZJ0W_ahw,Music,1183642,63,17600
UC3Lmytq3AlvcJ-34If_jDyw,Jehtt,https://www.youtube.com/channel/UC3Lmytq3AlvcJ-34If_jDyw,Action game,305861813,199,750000
UC-JSzG6WQuRPdjf7MhLMhSw,M1 Killer,https://www.youtube.com/channel/UC-JSzG6WQuRPdjf7MhLMhSw,Film,291511,55,2080
UCVlSTq9J1qHvi-XHyo6R9fA,Julio di esto,https://www.youtube.com/channel/UCVlSTq9J1qHvi-XHyo6R9fA,Film,140866140,301,393000
UCam_LqRk1eHNbc93nLQMLeQ,TheVoxStone,https://www.youtube.com/channel/UCam_LqRk1eHNbc93nLQMLeQ,Entertainment,1872690,117,20500
UCPRsGb2UL4wpURr14zV7k1w,El Tio Axel,https://www.youtube.com/channel/UCPRsGb2UL4wpURr14zV7k1w,Action-adventure game,1872885,1021,6790
UClzpoRto1BJXaRGe9OkkGLQ,beatMARIO / COOL&CREATE,https://www.youtube.com/channel/UClzpoRto1BJXaRGe9OkkGLQ,Video game culture,250149425,847,492000
UCafLS1a5E_AhHS6ioY8ZO3A,Keyto,https://www.youtube.com/channel/UCafLS1a5E_AhHS6ioY8ZO3A,Entertainment,84997579,220,288000
UCraC7460yGQF4GDmSjCecpQ,syudou,https://www.youtube.com/channel/UCraC7460yGQF4GDmSjCecpQ,Music of Asia,487560925,488,938000
UCDqAfApvFE4FWmkJa8Dypkg,Kenn,https://www.youtube.com/channel/UCDqAfApvFE4FWmkJa8Dypkg,Electronic music,3721471,54,20000
UC8lTmCqzt-UQ1NkxtWMWKnA,ゆよゆっぺ,https://www.youtube.com/channel/UC8lTmCqzt-UQ1NkxtWMWKnA,Music of Asia,8205630,12,57500
UCBPU7THJcxHHWT_arzolBYw,Lin R,https://www.youtube.com/channel/UCBPU7THJcxHHWT_arzolBYw,Entertainment,4573429,218,50700
UCNrXB2PwFzRso2azlMJvAjw,Lin Lin ★,https://www.youtube.com/channel/UCNrXB2PwFzRso2azlMJvAjw,Action-adventure game,13505265,366,105000
UCXxI8AIWEfiifqzQc__g2Dw,Naxion,https://www.youtube.com/channel/UCXxI8AIWEfiifqzQc__g2Dw,Music of Asia,17344,4,509
UCjWL5Uwn5IQ_yYYas9uTZhA,TheTrester,https://www.youtube.com/channel/UCjWL5Uwn5IQ_yYYas9uTZhA,Role-playing video game,1115735,62,2730
UCT-q47zstiMkygJRRd5D1-g,darkbluecat,https://www.youtube.com/channel/UCT-q47zstiMkygJRRd5D1-g,Music of Asia,1695737,41,6430
UCXNC5U4bf_bEFmsEiLbHGOA,CATTS,https://www.youtube.com/channel/UCXNC5U4bf_bEFmsEiLbHGOA,Music of Asia,1066242,74,7820
UCyCi2h6AOWf6_vbBeTtNeGQ,Zerovolt0V,https://www.youtube.com/channel/UCyCi2h6AOWf6_vbBeTtNeGQ,Music of Asia,174548,10,4170
UCzHc24jnG7LlDqXYSV2Nftg,Keiken Endou,https://www.youtube.com/channel/UCzHc24jnG7LlDqXYSV2Nftg,Music of Asia,406634,107,5690
UC5vZBYbRsGdGcd2SpTW_F4Q,Elizza Covers,https://www.youtube.com/channel/UC5vZBYbRsGdGcd2SpTW_F4Q,Pop music,49782,24,661
UC83CtLoDN68qWLpPwUfyuhA,ArnoldPaal,https://www.youtube.com/channel/UC83CtLoDN68qWLpPwUfyuhA,Pop music,18228,31,206
UCf4oloCRTyk__Zy_nJTsqnw,Dötti,https://www.youtube.com/channel/UCf4oloCRTyk__Zy_nJTsqnw,,180,1,523
UCGePVMoue7JEnCWKSiRHP-A,Espada Productions,https://www.youtube.com/channel/UCGePVMoue7JEnCWKSiRHP-A,Action-adventure game,3780,6,121
UCLKDqkMoX5fAqKkN9ZE6fKA,Darangel_Dubs,https://www.youtube.com/channel/UCLKDqkMoX5fAqKkN9ZE6fKA,Entertainment,5200,8,74
UCLsdFkAiFIyyRCwXtXeAv-w,JoseMa Zapata,https://www.youtube.com/channel/UCLsdFkAiFIyyRCwXtXeAv-w,Music,54906,25,260
UC9F27IQpsz5KUoB0Czr2rfw,HOHYUN,https://www.youtube.com/channel/UC9F27IQpsz5KUoB0Czr2rfw,Independent music,2659474,51,12800
UCN__WaXwbGdDV5KYcyIcJeA,ShaoranMD,https://www.youtube.com/channel/UCN__WaXwbGdDV5KYcyIcJeA,Music,30334,40,426
UCCdifwELqO-9dsH0R6KRhoQ,RetrasaDubs,https://www.youtube.com/channel/UCCdifwELqO-9dsH0R6KRhoQ,Film,2242,5,65
UCMbvXzKGQFpOmQbBFQ7G5UA,LaYuui 8D,https://www.youtube.com/channel/UCMbvXzKGQFpOmQbBFQ7G5UA,,300,1,367
UCaDIdaF38TG-F-SS2UUYtOg,DahooDays,https://www.youtube.com/channel/UCaDIdaF38TG-F-SS2UUYtOg,,0,0,18
UCRrBKTsbb9FEbcx01jvoJtg,Hakkuen,https://www.youtube.com/channel/UCRrBKTsbb9FEbcx01jvoJtg,Music of Asia,78034,13,1110
UCcX6LBbJuVVCtNfZZbSsjkw,CHiRO,https://www.youtube.com/channel/UCcX6LBbJuVVCtNfZZbSsjkw,Pop music,567471,38,52300
UCYwyrkyMUd9y9LPlZEQE4uQ,naro_kuro,https://www.youtube.com/channel/UCYwyrkyMUd9y9LPlZEQE4uQ,Film,22787,6,2960
UCkegbjQl0CYPoBIjLfy95qg,MICOVEVO,https://www.youtube.com/channel/UCkegbjQl0CYPoBIjLfy95qg,Independent music,8198767,20,277
UCIW8uHlBQ8ZOaxuo3PzpTig,Ejsu Multimedia,https://www.youtube.com/channel/UCIW8uHlBQ8ZOaxuo3PzpTig,Electronic music,25279583,35,125000
UCGG7xUO8dSzYjfg0qG4DJsA,awawawa,https://www.youtube.com/channel/UCGG7xUO8dSzYjfg0qG4DJsA,,0,0,581
UCjzhNIfdon34FPGw3YznrYg,ToonGabo,https://www.youtube.com/channel/UCjzhNIfdon34FPGw3YznrYg,Action-adventure game,35502,39,2020
UCSiTc7yxGRccwSw9ZLr7Uyw,Gapaland Animations,https://www.youtube.com/channel/UCSiTc7yxGRccwSw9ZLr7Uyw,Film,407505,6,17200
UC2uEeBS6BFnpVlEjLz4P5QQ,Cuki Kuin,https://www.youtube.com/channel/UC2uEeBS6BFnpVlEjLz4P5QQ,Entertainment,26175522,208,281000
UCdfWDmyOXClWqOCfRCqAuiw,Drarkusss0,https://www.youtube.com/channel/UCdfWDmyOXClWqOCfRCqAuiw,Rock music,42020,13,688
UCKAXnsTLFJ11sd9jOvqDHQQ,AnimatedMau,https://www.youtube.com/channel/UCKAXnsTLFJ11sd9jOvqDHQQ,Entertainment,27148970,70,208000
UCZBvW1OV-gv3T4MdyWaSKJg,RochaGLZ,https://www.youtube.com/channel/UCZBvW1OV-gv3T4MdyWaSKJg,,0,0,146
UCZNI7ipAygPHZEiw67auyag,La Wea Astral,https://www.youtube.com/channel/UCZNI7ipAygPHZEiw67auyag,Music,88721070,279,488000
UCs82QD2JKasM9ILM9N-A2IA,Fasty Dubs,https://www.youtube.com/channel/UCs82QD2JKasM9ILM9N-A2IA,Lifestyle (sociology),285415887,146,2980000
UCyYftHwhnF3CijVN6mwQyUA,Discreta,https://www.youtube.com/channel/UCyYftHwhnF3CijVN6mwQyUA,Entertainment,110,2,148
UCCFVYozQjMVOjkSTbBVK_3Q,MacDoesIt,https://www.youtube.com/channel/UCCFVYozQjMVOjkSTbBVK_3Q,Action-adventure game,409517780,952,2600000
UCgQxsZL5tQBNtWFlmd4Wl0w,The Lasercorn Channel,https://www.youtube.com/channel/UCgQxsZL5tQBNtWFlmd4Wl0w,Action game,67701209,510,692000
UCsgL1ZB_AN9xzYOw9GOVe1w,Ren Mustang,https://www.youtube.com/channel/UCsgL1ZB_AN9xzYOw9GOVe1w,Film,2351030,42,8830
UCT7Q67jGtPHJJThx-LAYkKA,Mar Smaae,https://www.youtube.com/channel/UCT7Q67jGtPHJJThx-LAYkKA,Music of Latin America,9995,10,1390
UCJKG39VkxPNn4qxWErspjMw,Anibiskus,https://www.youtube.com/channel/UCJKG39VkxPNn4qxWErspjMw,Music of Asia,723132,139,4340
UCKVcnQ7ZebvYNbA_9T_AnXA,Nanadaime,https://www.youtube.com/channel/UCKVcnQ7ZebvYNbA_9T_AnXA,Lifestyle (sociology),20087749,83,338000
UCpigppElgGIA79vFRvLpAjQ,dualkeyx,https://www.youtube.com/channel/UCpigppElgGIA79vFRvLpAjQ,Music of Asia,20493023,249,130000
UC6bY6SibSK8j2UzT82EUKWA,Laury Aravena,https://www.youtube.com/channel/UC6bY6SibSK8j2UzT82EUKWA,Film,240515,84,2090
UCZeseZDL_lAGF7ekWVITdbw,Survive Said The Prophet,https://www.youtube.com/channel/UCZeseZDL_lAGF7ekWVITdbw,Music,126306101,191,222000
UCWYODUHcJbtt1NK0px4grYg,女王蜂 / QUEEN BEE official YouTube channel,https://www.youtube.com/channel/UCWYODUHcJbtt1NK0px4grYg,Music of Asia,380674991,141,739000
UC2Kaq_xADsJSi97iWbttPlQ,MAISONdes -メゾン・デ- / 日曜日のメゾンデ,https://www.youtube.com/channel/UC2Kaq_xADsJSi97iWbttPlQ,Film,410067809,142,418000
UChOLEjvPbQYG5a-Un3vMRIQ,XALEX Blood Covers,https://www.youtube.com/channel/UChOLEjvPbQYG5a-Un3vMRIQ,Action-adventure game,675446,264,3230
UCMxOIjazSukPrY0FRlFC0Zg,レナ / Lena,https://www.youtube.com/channel/UCMxOIjazSukPrY0FRlFC0Zg,,0,0,504
UCkIRrSf9tJxNHif62LT8ZkQ,Atiium,https://www.youtube.com/channel/UCkIRrSf9tJxNHif62LT8ZkQ,Electronic music,803912,44,7340
UCn06qtcbxlXVEJ_JXLqJhLw,AK A,https://www.youtube.com/channel/UCn06qtcbxlXVEJ_JXLqJhLw,Electronic music,4526879,82,5950
UCKADMSo9vWJOyfVmsewcOtg,ssk acoustic,https://www.youtube.com/channel/UCKADMSo9vWJOyfVmsewcOtg,Music,954980,31,4160
UC2JzylaIF8qeowc7-5VwwmA,Minami,https://www.youtube.com/channel/UC2JzylaIF8qeowc7-5VwwmA,Pop music,600825908,14,1510000
UCpZTZIYr4W-PiyZnTUHgKqA,生命ぜろ / lifezero,https://www.youtube.com/channel/UCpZTZIYr4W-PiyZnTUHgKqA,Music of Asia,12504,8,516
UCY_xMbqXtYc7drnKHlylglg,Asuka Hiwatari / 火渡飛鳥,https://www.youtube.com/channel/UCY_xMbqXtYc7drnKHlylglg,Music,150662,408,1390
UCahdEeZyYHnOWIKC9GHqkoA,鼓乃衛ケイキ,https://www.youtube.com/channel/UCahdEeZyYHnOWIKC9GHqkoA,Role-playing video game,151535,1087,1500
UCzQRgFpdts6cvX0RJJ-KToQ,おひげチャンネル,https://www.youtube.com/channel/UCzQRgFpdts6cvX0RJJ-KToQ,Video game culture,11096031,4156,9950
UCYW6xs-TjodTXuASEAsVEoQ,イマカラ,https://www.youtube.com/channel/UCYW6xs-TjodTXuASEAsVEoQ,Music,377620,29,675
UCe5l9PrFAu0BrlN76f9Nxyg,歌っちゃ王 - Topic,https://www.youtube.com/channel/UCe5l9PrFAu0BrlN76f9Nxyg,Music,38425955,92170,44300
UCmfr4S8C_jFNDsTBqfKhcXA,[JP] BOX Karaoke Studio 📦🎹,https://www.youtube.com/channel/UCmfr4S8C_jFNDsTBqfKhcXA,Music of Asia,17631324,448,48100
UCVYrK_s5cEjc-e0uAi5PjOA,つなしかくし / 十無▢紙,https://www.youtube.com/channel/UCVYrK_s5cEjc-e0uAi5PjOA,Role-playing video game,39051,901,317
UCd5-GqtcC4-DjpqiRZZKSoA,犬宮いゆき,https://www.youtube.com/channel/UCd5-GqtcC4-DjpqiRZZKSoA,Role-playing video game,29062,199,740
UC-BrDsLR17mMdGPEhKeI7Qg,花咲りま,https://www.youtube.com/channel/UC-BrDsLR17mMdGPEhKeI7Qg,Music,26821,104,245
UCXRDHEVhboV0dh2OayWxfFQ,時任リア,https://www.youtube.com/channel/UCXRDHEVhboV0dh2OayWxfFQ,Video game culture,51470,575,705
UCiq3AU63tVOkwZoVYchA_Vg,御便にゃぎ,https://www.youtube.com/channel/UCiq3AU63tVOkwZoVYchA_Vg,Action-adventure game,92473,1982,586
UCuk88zGiVHHVPoWmMD5ARzQ,みそじの遊技場,https://www.youtube.com/channel/UCuk88zGiVHHVPoWmMD5ARzQ,Role-playing video game,2642,68,71
UCY8YH4TNTLc6A-aHy0Td4KQ,雪白リリア,https://www.youtube.com/channel/UCY8YH4TNTLc6A-aHy0Td4KQ,Role-playing video game,118746,644,1010
UC44DZLHQJOW-of5m5XZunLQ,tsurutaro,https://www.youtube.com/channel/UC44DZLHQJOW-of5m5XZunLQ,Sports game,92512716,2207,244000
UCiArRjW3gvtu5Cyq8_UJ6YA,小烏ヤタ-Yata Kogarasu-,https://www.youtube.com/channel/UCiArRjW3gvtu5Cyq8_UJ6YA,Action-adventure game,191383,1148,1170
UC6C83C8GKbIG5G0LEfXJpPA,Takana,https://www.youtube.com/channel/UC6C83C8GKbIG5G0LEfXJpPA,Music of Asia,1507,9,25
UClOS5DLnH-5YKksvqqmTKUw,キャベ椿,https://www.youtube.com/channel/UClOS5DLnH-5YKksvqqmTKUw,Entertainment,279936,307,1910
UCRxQxV6eJeKVOvpVnfUXf7Q,華ノ翔リツ - Kanoto Ritsu,https://www.youtube.com/channel/UCRxQxV6eJeKVOvpVnfUXf7Q,Role-playing video game,192063,480,828
UCZGgd37wVNjK6tEDWxzxInA,おまる,https://www.youtube.com/channel/UCZGgd37wVNjK6tEDWxzxInA,Music of Asia,156000,145,33
UC1gRVHQrIsYiUCCMTroFefA,キタロー,https://www.youtube.com/channel/UC1gRVHQrIsYiUCCMTroFefA,,4035,1,70
UCLjegCJ2Jh9qnsLDBg2NHWA,このはら,https://www.youtube.com/channel/UCLjegCJ2Jh9qnsLDBg2NHWA,Music,358057,202,2590
UC90MMS6XCq7r8LlKZUqqkUg,ぬこゆ,https://www.youtube.com/channel/UC90MMS6XCq7r8LlKZUqqkUg,Music,369587,270,2680
UC_WWW9mrl_k3ixRwruaMjQA,狐島フナ,https://www.youtube.com/channel/UC_WWW9mrl_k3ixRwruaMjQA,Video game culture,93187,190,1720
UC8dGMVP89pb7DYnCP_6jV9g,雨宿 雷光Official,https://www.youtube.com/channel/UC8dGMVP89pb7DYnCP_6jV9g,Pop music,12393,94,125
UCGFteZphdMTdEnlbuRpe5UA,真城由理 / Yuri Mashiro [VTuber],https://www.youtube.com/channel/UCGFteZphdMTdEnlbuRpe5UA,Music,208640,253,5860
UCpA0jes0zRDDyK9nZQJUJew,nico oji,https://www.youtube.com/channel/UCpA0jes0zRDDyK9nZQJUJew,Role-playing video game,1022206,476,3910
UCq9rtIBggT1YnaueXdljc5A,いこらくん,https://www.youtube.com/channel/UCq9rtIBggT1YnaueXdljc5A,Entertainment,1924,8,60
UCNjOay5LF_nxQhQ7ZuNZpvg,テテネロ,https://www.youtube.com/channel/UCNjOay5LF_nxQhQ7ZuNZpvg,Video game culture,4458,60,68
UC8qcoryizcHgr88rqyamFPg,Zuka TRPG Show,https://www.youtube.com/channel/UC8qcoryizcHgr88rqyamFPg,Hobby,181854,153,1690
UCMcm_muuQpl2Ekfx03Inqxw,トキの怪談巡り / Toki's Ghost Story Tour,https://www.youtube.com/channel/UCMcm_muuQpl2Ekfx03Inqxw,Entertainment,4254450,1212,5180
UCWwyvK98l3U3QPBGxII71kQ,Layla.,https://www.youtube.com/channel/UCWwyvK98l3U3QPBGxII71kQ,Pop music,3237795,149,20900
UCorFnu88wHq8ydHXzco4bLQ,生音風高音質カラオケbyめいいん,https://www.youtube.com/channel/UCorFnu88wHq8ydHXzco4bLQ,Music of Asia,6352049,2321,15300
UClMtSsIK8ZQHpqqpp5Lhe-Q,ENA,https://www.youtube.com/channel/UClMtSsIK8ZQHpqqpp5Lhe-Q,Video game culture,44232,214,752
UCUtkLX3O4JhU8eY5Pq3UVmQ,ほしだ,https://www.youtube.com/channel/UCUtkLX3O4JhU8eY5Pq3UVmQ,Entertainment,344,3,21
UCmJqEO1luDcnD1dByuTZWlg,chihiro cover,https://www.youtube.com/channel/UCmJqEO1luDcnD1dByuTZWlg,Pop music,597,12,1
UCCC2xWKIK8GaYRgvv7df3Vw,(ビータナワークス) BEAT AND A WORKS,https://www.youtube.com/channel/UCCC2xWKIK8GaYRgvv7df3Vw,Reggae,70366,102,352
UCCDbrXNB-N9bj4qWtp7IO9w,김습습Double Soup,https://www.youtube.com/channel/UCCDbrXNB-N9bj4qWtp7IO9w,Lifestyle (sociology),33103726,173,668000
UCc9OAcTfTdA57v91THXf8MA,きぬサブ&ゲーム,https://www.youtube.com/channel/UCc9OAcTfTdA57v91THXf8MA,Lifestyle (sociology),1881786,45,51800
UCBtuFiLjcevA5gLfWgeiRzw,Rちゃん,https://www.youtube.com/channel/UCBtuFiLjcevA5gLfWgeiRzw,Lifestyle (sociology),393758272,1404,816000
UC34LwS_QwS9KiGESFdW1b0g,たすく,https://www.youtube.com/channel/UC34LwS_QwS9KiGESFdW1b0g,Entertainment,206343227,614,232000
UCEAvwlv0ZtJrSsgaA2CewOw,きまぐれクックのサボり場,https://www.youtube.com/channel/UCEAvwlv0ZtJrSsgaA2CewOw,Lifestyle (sociology),521386877,560,1480000
UCPm_EVBbmG8LUD1t3AHtTCA,ぷにぷにまかろん,https://www.youtube.com/channel/UCPm_EVBbmG8LUD1t3AHtTCA,Food,691785,44,6810
UCdl1DumtLo0DuKZ_N6Lm51w,らからか　フラットアーサーゆまら〜,https://www.youtube.com/channel/UCdl1DumtLo0DuKZ_N6Lm51w,,1109647,325,3400
UCnv4aUhFFEYX_N_lXDnKkOg,超宇宙意識®育成チャンネル〜隕石マリコ〜,https://www.youtube.com/channel/UCnv4aUhFFEYX_N_lXDnKkOg,Lifestyle (sociology),549484,1010,3130
UCBn41FlxHaINjQuaIfzRZbQ,Mizuno Atsu,https://www.youtube.com/channel/UCBn41FlxHaINjQuaIfzRZbQ,Music,84867828,270,313000
UCzgfM9sCaXwlTiJRm3BaUTw,tigerjolteo,https://www.youtube.com/channel/UCzgfM9sCaXwlTiJRm3BaUTw,Pop music,4098215,99,27100
UCH6Xtt4GpcQXjOq0_PTDhAw,Dan Povenmire,https://www.youtube.com/channel/UCH6Xtt4GpcQXjOq0_PTDhAw,Entertainment,845263090,1584,1760000
UCvphk6AsQeHJO-__nwSIi9w,Olivia Olson,https://www.youtube.com/channel/UCvphk6AsQeHJO-__nwSIi9w,Independent music,5710945,19,82800
UC1r2iaGAdYKNiVRMLSMGfpA,Chansey,https://www.youtube.com/channel/UC1r2iaGAdYKNiVRMLSMGfpA,Music of Asia,732,2,38
UC2OgzdgLQ7vxlANVxF3kgvg,Tsukuyomi / YurryCanon,https://www.youtube.com/channel/UC2OgzdgLQ7vxlANVxF3kgvg,Entertainment,324840766,194,602000
UC-cGs-5HqIutyUrPa8mmDUA,halyosy,https://www.youtube.com/channel/UC-cGs-5HqIutyUrPa8mmDUA,Music of Asia,84069795,50,214000
UC2yHnmipL-UYnn0SlKQQ3jA,hiiro hiide | 秀緋彩,https://www.youtube.com/channel/UC2yHnmipL-UYnn0SlKQQ3jA,Music of Asia,17703,58,423
UCRkCKuxqmRNsrxxzD0YXuWw,Bakaiko-ばかいこCH,https://www.youtube.com/channel/UCRkCKuxqmRNsrxxzD0YXuWw,Role-playing video game,18122,47,340
UCuoWJlFNPXcp0r0m_XgJ4WA,SilverCS / silverlightcs,https://www.youtube.com/channel/UCuoWJlFNPXcp0r0m_XgJ4WA,Pop music,21629,66,441
UC-XjcVfNkDQHe9D3NnSFK5Q,Phaë,https://www.youtube.com/channel/UC-XjcVfNkDQHe9D3NnSFK5Q,Pop music,155632,83,593
UCNqF45HGPzi9kLTXDEL5bJw,S t e l l a / ステラ☆,https://www.youtube.com/channel/UCNqF45HGPzi9kLTXDEL5bJw,Electronic music,131341,70,2040
UCsO7YFCfyZfyfgXkKsDfRdg,KataribeSan,https://www.youtube.com/channel/UCsO7YFCfyZfyfgXkKsDfRdg,Music of Asia,16256,4,443
UCykoazzbsMdR4kvbayBLijg,シナ。ᡣ𐭩,https://www.youtube.com/channel/UCykoazzbsMdR4kvbayBLijg,Pop music,4371,9,60
UCP-QjV3Rn7QHJ4Oi1_9Ykmg,matcha :),https://www.youtube.com/channel/UCP-QjV3Rn7QHJ4Oi1_9Ykmg,Music of Asia,19378,23,393
UCnrO51AgAcJKr8Ui0igW94Q,Ary Show,https://www.youtube.com/channel/UCnrO51AgAcJKr8Ui0igW94Q,Pop music,225212,151,4040
UC5wa0tOg4bZ4YwUhlu5_iDg,enIGma || Ailana,https://www.youtube.com/channel/UC5wa0tOg4bZ4YwUhlu5_iDg,Music of Asia,101241,32,461
UCH96SkPfbmfOO5n70cscVtg,shiku Ch.,https://www.youtube.com/channel/UCH96SkPfbmfOO5n70cscVtg,Music of Asia,19294,22,563
UCjySTKIgbyrtyY4aUhChGEw,ʀuᴇ.,https://www.youtube.com/channel/UCjySTKIgbyrtyY4aUhChGEw,Music of Asia,15965,35,541
UCRjdIz5ngcJVDZ-bjs2mEzg,shiorichan,https://www.youtube.com/channel/UCRjdIz5ngcJVDZ-bjs2mEzg,Entertainment,827374,272,12200
UClLuHHRMJ414gUgM6tmVc1A,NotKatsu,https://www.youtube.com/channel/UClLuHHRMJ414gUgM6tmVc1A,Music of Asia,3503,14,68
UCFBXZw1ZrnWSUtB3eE7ib1g,リリサ,https://www.youtube.com/channel/UCFBXZw1ZrnWSUtB3eE7ib1g,Music of Asia,356039,71,2830
UCVX-nnd_hGWxwWpMPNtUhLw,Xyewii,https://www.youtube.com/channel/UCVX-nnd_hGWxwWpMPNtUhLw,Music of Asia,120969,42,629
UCAPtjSEfQ5jyu4yUvM_wU2Q,shishi,https://www.youtube.com/channel/UCAPtjSEfQ5jyu4yUvM_wU2Q,Pop music,52580,113,922
UCwXNocjaf6w6oASh6lEts2g,Dyalexa,https://www.youtube.com/channel/UCwXNocjaf6w6oASh6lEts2g,Lifestyle (sociology),1505221,96,15500
UCBANN_yhWMdIqzhBoWuCHFA,Sephyre,https://www.youtube.com/channel/UCBANN_yhWMdIqzhBoWuCHFA,Music of Asia,233391,29,1660
UCJrI3JMBC7mYLEs3TGEa9Bg,YUDAS BLACKHEART,https://www.youtube.com/channel/UCJrI3JMBC7mYLEs3TGEa9Bg,Music of Asia,456852,97,8540
UCHsx4Hqa-1ORjQTh9TYDhww,Takanashi Kiara Ch. hololive-EN,https://www.youtube.com/channel/UCHsx4Hqa-1ORjQTh9TYDhww,Action game,325133496,1670,1630000
UCKDxmImKVTAeTIYQVkxPp4A,Auntie Aunty,https://www.youtube.com/channel/UCKDxmImKVTAeTIYQVkxPp4A,Music,145,4,23
UCKuZtzDaq0n5JOB53rrSNPg,Kryko,https://www.youtube.com/channel/UCKuZtzDaq0n5JOB53rrSNPg,Role-playing video game,249383,2035,1830
UChu62njnEBG-QaQ_owcbWcA,RKDM VT,https://www.youtube.com/channel/UChu62njnEBG-QaQ_owcbWcA,Music,1691,3,42
UC0kT8BCVhWg4-mXrVplGpqA,Eina Edenfell,https://www.youtube.com/channel/UC0kT8BCVhWg4-mXrVplGpqA,Music of Asia,2194,6,84
UCwB3Taqr8A3lxRKwqz58xhA,Reno,https://www.youtube.com/channel/UCwB3Taqr8A3lxRKwqz58xhA,Music,6588,5,53
UCVmJgkEvp5EhELLXTNyq-nQ,Riley ᯓ★,https://www.youtube.com/channel/UCVmJgkEvp5EhELLXTNyq-nQ,Music of Asia,115169,27,507
UCh30cqxXK4j5TsWaHp-roUg,Aewith,https://www.youtube.com/channel/UCh30cqxXK4j5TsWaHp-roUg,Action-adventure game,12268,80,466
UCo-n-t_XUp1ob6RlLgr6etQ,♦ Lei ♦,https://www.youtube.com/channel/UCo-n-t_XUp1ob6RlLgr6etQ,Music,1602,19,482
UC3qLl2LioLEkZcjgmdzX2dg,『 S c y l l a 』,https://www.youtube.com/channel/UC3qLl2LioLEkZcjgmdzX2dg,Role-playing video game,61011,61,1430
UCr8xZjrTLG9-6E02Wj862pg,Oktavia,https://www.youtube.com/channel/UCr8xZjrTLG9-6E02Wj862pg,Music of Asia,46095981,64,109000
UC2V0JD1YMbzcbrgQexJ8eNQ,LYNK Ch.,https://www.youtube.com/channel/UC2V0JD1YMbzcbrgQexJ8eNQ,Music,4744,3,950
UC9ZJy-A2wus_MtdFBNRhs-w,NiCO Arius,https://www.youtube.com/channel/UC9ZJy-A2wus_MtdFBNRhs-w,Music of Asia,46497,108,492
UCT4tYSmOOb4sBhNpeu9DHhQ,cecil,https://www.youtube.com/channel/UCT4tYSmOOb4sBhNpeu9DHhQ,Music of Asia,15190,31,111
UCLWLdvs2d63srGgIvYL_3fA,Jon McLaughlin - Topic,https://www.youtube.com/channel/UCLWLdvs2d63srGgIvYL_3fA,Independent music,12251115,236,749
UCCIWRaoG_KjAvlRplZ5gVlg,lemon shark,https://www.youtube.com/channel/UCCIWRaoG_KjAvlRplZ5gVlg,Music of Asia,3668,3,97
UCHu_jjRLY-2v9Ls58S44txQ,MeiMaiMei,https://www.youtube.com/channel/UCHu_jjRLY-2v9Ls58S44txQ,Music of Asia,26914,78,459
UCkslhm6b0k6t9-9oUhxP9Fg,_Zorroro,https://www.youtube.com/channel/UCkslhm6b0k6t9-9oUhxP9Fg,Pop music,8947,30,155
UC4UfxATm4onE119rTrm1wUA,DIA モンド,https://www.youtube.com/channel/UC4UfxATm4onE119rTrm1wUA,Music of Asia,104666,60,729
UCP8M5U8iudsSb-EYu1W0xig,kAT,https://www.youtube.com/channel/UCP8M5U8iudsSb-EYu1W0xig,Music of Asia,142972,75,1690
UCVvSu9bWoMi2k7SqPlVvwNA,Chachamei,https://www.youtube.com/channel/UCVvSu9bWoMi2k7SqPlVvwNA,Pop music,43321,47,517
UCxHri2XYs6w8o3R5XgVG-8Q,Lyrae Litchi,https://www.youtube.com/channel/UCxHri2XYs6w8o3R5XgVG-8Q,Music of Asia,743735,165,3140
UCz0OelasTvZsr7qxFRlKDXQ,Burning Nono 🔥,https://www.youtube.com/channel/UCz0OelasTvZsr7qxFRlKDXQ,Pop music,8263,33,176
UC4AxwFjjPtK6mp6B6ZP4LQg,MomoSetoVA,https://www.youtube.com/channel/UC4AxwFjjPtK6mp6B6ZP4LQg,Music,612,5,20
UC_EDnpWWTys-EOY-t1x3vVg,AjisaiVA,https://www.youtube.com/channel/UC_EDnpWWTys-EOY-t1x3vVg,Role-playing video game,320125,9,4000
UCsRDeciLXDCbDz6Di75a3XA,wintermelon,https://www.youtube.com/channel/UCsRDeciLXDCbDz6Di75a3XA,Film,301026,88,6250
UCzN8gFCJLTd2y7dzXtS0grQ,roari,https://www.youtube.com/channel/UCzN8gFCJLTd2y7dzXtS0grQ,Music of Asia,2487,4,212
UC1z2b-IS7Y27iIro6L9GWEg,Sakura Schwein,https://www.youtube.com/channel/UC1z2b-IS7Y27iIro6L9GWEg,Film,17461,49,497
UC8KD_mCuLBGE00tImNH1jdQ,AnnaVA,https://www.youtube.com/channel/UC8KD_mCuLBGE00tImNH1jdQ,Role-playing video game,82854,55,539
UCmXLrfxWlg7pLBXx5SvVZWQ,Bell Heart,https://www.youtube.com/channel/UCmXLrfxWlg7pLBXx5SvVZWQ,Film,599766,21,3740
UCAp6WC5-JEcmHB7qItB6Jwg,Andy AceVA,https://www.youtube.com/channel/UCAp6WC5-JEcmHB7qItB6Jwg,,507,1,125
UCH_DxQ_lecbpns9q5qKemsA,acemusic,https://www.youtube.com/channel/UCH_DxQ_lecbpns9q5qKemsA,Pop music,24811,16,583
UC-Me9rA03r3fsr1RE9HtE6Q,sage jinja,https://www.youtube.com/channel/UC-Me9rA03r3fsr1RE9HtE6Q,Pop music,1405670,169,10000
UCm6nErZJfIe5jgpgOfxLCOw,silvilla_baby,https://www.youtube.com/channel/UCm6nErZJfIe5jgpgOfxLCOw,Entertainment,1070730,88,6250
UCHTkYvbEapPSdeZanuvla9w,Allen The Ultimate Gamer Reborn,https://www.youtube.com/channel/UCHTkYvbEapPSdeZanuvla9w,Film,572379,156,1520
UCP5k5ger3gm5kwN-krQQFfw,frisken,https://www.youtube.com/channel/UCP5k5ger3gm5kwN-krQQFfw,Casual game,20005,32,703
UCm29B_WY-nd14PaNFwCPWag,hapyr,https://www.youtube.com/channel/UCm29B_WY-nd14PaNFwCPWag,Film,16056009,834,32800
UC-4cVJcCB99oCG0wn3KSB6A,Dancho,https://www.youtube.com/channel/UC-4cVJcCB99oCG0wn3KSB6A,Entertainment,14388829,499,31500
UC1ZJ-3fSZVeZMKlrJ2T1XTg,jas ♡,https://www.youtube.com/channel/UC1ZJ-3fSZVeZMKlrJ2T1XTg,Music of Asia,6744,10,279
UCUm438Xz_NDzqLAifs5hpoQ,Uji,https://www.youtube.com/channel/UCUm438Xz_NDzqLAifs5hpoQ,Film,40819,8,281
UCgh_YWsKXZQOs5y685R6EYw,thedaily_max,https://www.youtube.com/channel/UCgh_YWsKXZQOs5y685R6EYw,Music of Asia,8763,14,135
UCxZvd2-3erIZmy6a3zB3YbQ,Tenko,https://www.youtube.com/channel/UCxZvd2-3erIZmy6a3zB3YbQ,,135,1,12
UC_zzBnfBKpNH1rYfMC98yMg,MonochroMenace,https://www.youtube.com/channel/UC_zzBnfBKpNH1rYfMC98yMg,Pop music,17058096,38,72900
UC2cIg-QwPd4iA2YB3Mf1KmQ,AQUA+VERS,https://www.youtube.com/channel/UC2cIg-QwPd4iA2YB3Mf1KmQ,Music,393665,261,8530
UCrDlMWKQp0RM3_dagdP0lPA,SkyAkame,https://www.youtube.com/channel/UCrDlMWKQp0RM3_dagdP0lPA,Entertainment,124777,51,1020
UCKZToTAQrHRN5TZPSGal9tQ,Kassia,https://www.youtube.com/channel/UCKZToTAQrHRN5TZPSGal9tQ,Electronic music,1714,10,82
UCL0oSfDRZxRYNYGdU0CsQGQ,Esmay,https://www.youtube.com/channel/UCL0oSfDRZxRYNYGdU0CsQGQ,Pop music,66902,88,1350
UCdzZMXTM7SESFL9-wn3kqsw,WATERLILY ❃,https://www.youtube.com/channel/UCdzZMXTM7SESFL9-wn3kqsw,Music of Asia,877693,98,2710
UCmqhctD2NKHC_KE-xOwfqiQ,QUVRTZ,https://www.youtube.com/channel/UCmqhctD2NKHC_KE-xOwfqiQ,Music,316980,279,2420
UCySB_JgrBrcs9c1Jwp7zjMg,lindsey,https://www.youtube.com/channel/UCySB_JgrBrcs9c1Jwp7zjMg,Music of Asia,5090,4,569
UCaRvdQwKWcnfsdBrauFlMNA,MATSU 2,https://www.youtube.com/channel/UCaRvdQwKWcnfsdBrauFlMNA,Music,584337,56,2360
UCp13SxKXbhCS0lb6Ty774iQ,かいりきベア／Kairiki bear,https://www.youtube.com/channel/UCp13SxKXbhCS0lb6Ty774iQ,Music of Asia,465112445,57,949000
UCC0RJ5_JnQepCZo39i5hTog,wiltinglily,https://www.youtube.com/channel/UCC0RJ5_JnQepCZo39i5hTog,Music of Asia,4370,4,1840
UCNZixANYOD3NyepS2lsAArg,Shuka Saito Official YouTube Channel,https://www.youtube.com/channel/UCNZixANYOD3NyepS2lsAArg,Pop music,10864429,79,51100
UCe1GNZ_i2YMf1gK61QbZTtA,Brayan Bros,https://www.youtube.com/channel/UCe1GNZ_i2YMf1gK61QbZTtA,Action game,79730,57,745
UCsyjnt4BUjDO3pOsDhxTFZw,MORO!,https://www.youtube.com/channel/UCsyjnt4BUjDO3pOsDhxTFZw,Pop music,320242,20,9960
UCtsJepH1jysTEWMPV2WDrjA,Clover Cat,https://www.youtube.com/channel/UCtsJepH1jysTEWMPV2WDrjA,Film,1727814,25,4250
UC-143ND7KXdjfcqMXbZH5Ng,Tooruofficial,https://www.youtube.com/channel/UC-143ND7KXdjfcqMXbZH5Ng,Pop music,272974,58,2560
UC7SNN5OIvG5x5Wpxy08Ulqw,センチミリメンタル,https://www.youtube.com/channel/UC7SNN5OIvG5x5Wpxy08Ulqw,Music of Asia,87036958,177,256000
UC_I6Q_W52pbCy_6j8ZuR-_Q,YatoSama88,https://www.youtube.com/channel/UC_I6Q_W52pbCy_6j8ZuR-_Q,Music,553624,149,675
UC1CGaG114jfEiiWzZ2SkyhQ,LOLUET,https://www.youtube.com/channel/UC1CGaG114jfEiiWzZ2SkyhQ,Pop music,41378557,59,159000
UC7UmHj6SucKS4VyjMa_1VpA,ZERA,https://www.youtube.com/channel/UC7UmHj6SucKS4VyjMa_1VpA,Entertainment,514534,16,10300
UCbrpVQoZ3A4X4U-uCaa5oeA,Shu,https://www.youtube.com/channel/UCbrpVQoZ3A4X4U-uCaa5oeA,,284,1,269
UCuEGBLKexaFTyPuCIdT_fvw,Rae,https://www.youtube.com/channel/UCuEGBLKexaFTyPuCIdT_fvw,Music of Asia,668,4,102
UCl-jpKzy0rhKJQXg7JVwNdg,Izanagi Sharron. CH (ID VTUBER),https://www.youtube.com/channel/UCl-jpKzy0rhKJQXg7JVwNdg,Action-adventure game,1091,9,64
UCOTsgQ-J28MZhn8rRczQg-A,Hyuuka,https://www.youtube.com/channel/UCOTsgQ-J28MZhn8rRczQg-A,,0,0,0
UCbhAkLpoSTz1E6WFmH58KKg,ECA / 鏡Cover,https://www.youtube.com/channel/UCbhAkLpoSTz1E6WFmH58KKg,Role-playing video game,8714,94,362
UCwnpsTVOdKTlIT1pVPKyJRw,JCAFE MUSIC,https://www.youtube.com/channel/UCwnpsTVOdKTlIT1pVPKyJRw,Pop music,3555,19,73
UC7d3Y_v5O202eo006uvvPzw,NAKISO,https://www.youtube.com/channel/UC7d3Y_v5O202eo006uvvPzw,Music of Asia,186504370,23,514000
UCH236_Q5DjbeMvs-MRcOpUA,Furi / Eol,https://www.youtube.com/channel/UCH236_Q5DjbeMvs-MRcOpUA,Pop music,94616,38,464
UC2RRy7ijwMiEk-w3kOpp-Yg,SweetyLeia,https://www.youtube.com/channel/UC2RRy7ijwMiEk-w3kOpp-Yg,Music of Asia,25347,5,730
UC4ajGzEO_bBCLYY9LpD3yCg,Hisa!,https://www.youtube.com/channel/UC4ajGzEO_bBCLYY9LpD3yCg,Music of Asia,156547,26,1270
UCizFPWz8f_cCd0dAiHqUtrg,neto,https://www.youtube.com/channel/UCizFPWz8f_cCd0dAiHqUtrg,Film,257672,8,2980
UCsA_90hFaPqRooc_cTvwNJA,Aroma,https://www.youtube.com/channel/UCsA_90hFaPqRooc_cTvwNJA,Music of Asia,44887,22,1120
UCtE3C9Osd_RXiUVx2bcesvw,Seira,https://www.youtube.com/channel/UCtE3C9Osd_RXiUVx2bcesvw,Pop music,36305,18,572
UCDxwFufbvC_8dbreS2aPcpw,Princessemagic,https://www.youtube.com/channel/UCDxwFufbvC_8dbreS2aPcpw,Music of Asia,9131069,208,29000
UCX5aTMDjqpR3nkt-XpuftLg,Mellowcle,https://www.youtube.com/channel/UCX5aTMDjqpR3nkt-XpuftLg,Pop music,12242870,77,76600
UCxUp2BoKQxX31G8puYSCggw,Kartase,https://www.youtube.com/channel/UCxUp2BoKQxX31G8puYSCggw,Entertainment,864474,71,8220
UCIjX_6ni1jk2ZCSSmgy5PEw,Hei,https://www.youtube.com/channel/UCIjX_6ni1jk2ZCSSmgy5PEw,Pop music,30398,57,460
UCZc_X2HULaJeAjdJV8sqoLA,SAWTOWNE,https://www.youtube.com/channel/UCZc_X2HULaJeAjdJV8sqoLA,Video game culture,123524075,19,378000
UCi_OAPUCyGonbhUYsw7GLRA,Rykorio,https://www.youtube.com/channel/UCi_OAPUCyGonbhUYsw7GLRA,Film,11671,8,352
UCE9lS5A3UeOuk1MTuMo1tpA,⚠️ 𝚌𝚘𝚗𝚝𝚊𝚖𝚒𝚗𝚊𝚝𝚎𝚍 ⚠️,https://www.youtube.com/channel/UCE9lS5A3UeOuk1MTuMo1tpA,Electronic music,26462,26,431
UCn1Dh_lXKqyWi54CTTfpXtw,Keo,https://www.youtube.com/channel/UCn1Dh_lXKqyWi54CTTfpXtw,,39,1,3
UCPJdoql5o1jLJ8LD7P68aSA,MICHELLE,https://www.youtube.com/channel/UCPJdoql5o1jLJ8LD7P68aSA,Pop music,33151,12,310
UCT7QZdKntGruY3SafODau-Q,Mashiro Aoi,https://www.youtube.com/channel/UCT7QZdKntGruY3SafODau-Q,Music,4133,3,166
UCz2rGHuxChWIzn81mKzFYKQ,abinato ☆,https://www.youtube.com/channel/UCz2rGHuxChWIzn81mKzFYKQ,Music of Asia,134096,20,1340
UCNjtRqxra6cZ27uUuP5x5HQ,Matahari or Ruugikun,https://www.youtube.com/channel/UCNjtRqxra6cZ27uUuP5x5HQ,Music,2523,16,97
UCZn0Us-CZSzu47b8gKvyUdg,DrewIscariot,https://www.youtube.com/channel/UCZn0Us-CZSzu47b8gKvyUdg,Electronic music,35180102,188,113000
UCyN3VTrzbji-pMnq8MCF1Ow,Kai Caramba,https://www.youtube.com/channel/UCyN3VTrzbji-pMnq8MCF1Ow,Music of Asia,149469,84,1370
UCbkAuGBLC9K_ygj6I3Owtmw,なぎさ － Nagisa_Channel,https://www.youtube.com/channel/UCbkAuGBLC9K_ygj6I3Owtmw,Music of Asia,138459,95,718
UCff8hbaDmue-tMMUmjaRI_Q,david -atsuo-,https://www.youtube.com/channel/UCff8hbaDmue-tMMUmjaRI_Q,Pop music,2783,12,289
UCD_vtdAzKM9SYWL8XPSYAIw,Rieru,https://www.youtube.com/channel/UCD_vtdAzKM9SYWL8XPSYAIw,,223,1,387
UC3rKYQBVgcVDyRxsEnd38Nw,Luna ✪ Chimera,https://www.youtube.com/channel/UC3rKYQBVgcVDyRxsEnd38Nw,Music of Asia,2591,8,167
UCTbe8QpDgmUOW0ynAz4NZAQ,Shinto Tari,https://www.youtube.com/channel/UCTbe8QpDgmUOW0ynAz4NZAQ,Music of Asia,32374,30,269
UCsfmQZ136lod-Cv5PtvXTfw,The Weeabox,https://www.youtube.com/channel/UCsfmQZ136lod-Cv5PtvXTfw,,41,1,7
UC5y4XCYUgKK3oiZvTiUh6bw,nagi,https://www.youtube.com/channel/UC5y4XCYUgKK3oiZvTiUh6bw,Music,964470,70,1810
UC9iF_vwzmu2LfIs-p8ZzSjA,Ega,https://www.youtube.com/channel/UC9iF_vwzmu2LfIs-p8ZzSjA,Pop music,8886,22,654
UCcE4cqtBkfwk8aTuPBi8Rdg,KAIEN,https://www.youtube.com/channel/UCcE4cqtBkfwk8aTuPBi8Rdg,Music of Asia,7437,23,237
UCn1Q-m50BAOK2WIe2SQUWzA,aosuzu channel,https://www.youtube.com/channel/UCn1Q-m50BAOK2WIe2SQUWzA,Music of Asia,25582,27,356
UC8NcW4BKskA4up14nRkNkZg,Корректировщики с Микрофоном,https://www.youtube.com/channel/UC8NcW4BKskA4up14nRkNkZg,,1215,2,43
UCMj13JDDJnASNDtAk5Tpr_g,Katchkina,https://www.youtube.com/channel/UCMj13JDDJnASNDtAk5Tpr_g,Music of Asia,536598,30,2820
UCp7m1VceAsfKWUzbH5WBUNQ,hibiki,https://www.youtube.com/channel/UCp7m1VceAsfKWUzbH5WBUNQ,Music of Asia,487639,24,3120
UC9lcKT5kpwYaXK5wS8cAt5g,VESEN,https://www.youtube.com/channel/UC9lcKT5kpwYaXK5wS8cAt5g,Music of Asia,403249,106,5240
UCdHqMy0NXQGVib4it5I5wbg,Chun,https://www.youtube.com/channel/UCdHqMy0NXQGVib4it5I5wbg,Electronic music,63966,57,179
UChsXqcSV1YRwQbfHfzCMG2Q,ヒトリエ / wowaka,https://www.youtube.com/channel/UChsXqcSV1YRwQbfHfzCMG2Q,Rock music,55103225,89,437000
UC1YpTyb0K_ebrsNkXQOGJiA,Lunartique,https://www.youtube.com/channel/UC1YpTyb0K_ebrsNkXQOGJiA,Video game culture,155063426,536,49300
UCZf3x4gxdy9gIBzhQ6Y4FCQ,nedorme,https://www.youtube.com/channel/UCZf3x4gxdy9gIBzhQ6Y4FCQ,Strategy video game,645932,302,3780
UC-NemzJcIUu4mRNM1mkJ3fw,Erika Mizuki,https://www.youtube.com/channel/UC-NemzJcIUu4mRNM1mkJ3fw,Pop music,158746,308,755
UC0HWnrh5q--vAI8RQycf4Ww,miyako channel,https://www.youtube.com/channel/UC0HWnrh5q--vAI8RQycf4Ww,Music,38997,56,354
UC0X2qGo6qB7JUhxOsl35gng,Hachi,https://www.youtube.com/channel/UC0X2qGo6qB7JUhxOsl35gng,Music of Asia,73793,273,378
UCerDuKzudW9y7PqaOSgrPew,Mirai,https://www.youtube.com/channel/UCerDuKzudW9y7PqaOSgrPew,Music of Asia,6960,16,112
UCfAPtkI4PgryaeIMrFQpt-A,Miyo,https://www.youtube.com/channel/UCfAPtkI4PgryaeIMrFQpt-A,Music,1205,36,35
UC8PIrooYIAepnjTn3BZafAQ,Miss Lina,https://www.youtube.com/channel/UC8PIrooYIAepnjTn3BZafAQ,Music of Asia,379506,68,4970
UCHcZj9gqZVUa1MS6t83gWdg,ナタリ。,https://www.youtube.com/channel/UCHcZj9gqZVUa1MS6t83gWdg,Music of Asia,20457,60,762
UCRRloGH864V9GhLs0TosGzQ,Hanii,https://www.youtube.com/channel/UCRRloGH864V9GhLs0TosGzQ,Music of Asia,308693,591,1530
UCc8bpcwMGlaAR5TShNtmk9A,RiiRii,https://www.youtube.com/channel/UCc8bpcwMGlaAR5TShNtmk9A,,286,1,46
UC-p2Vgn89KW3yrkRUgQfBjg,Silvi Cat,https://www.youtube.com/channel/UC-p2Vgn89KW3yrkRUgQfBjg,Music of Asia,39307,172,690
UCxnQ-E6mfOZ61-Wj2PmY0aA,Isuzu Ringo,https://www.youtube.com/channel/UCxnQ-E6mfOZ61-Wj2PmY0aA,Music of Asia,23636,76,201
UCZXbp7pmjjjqN8dCEfORDew,r,https://www.youtube.com/channel/UCZXbp7pmjjjqN8dCEfORDew,Music of Asia,90606,17,605
UC45BcPoxK3EIg7yMQsSY-UA,Sai,https://www.youtube.com/channel/UC45BcPoxK3EIg7yMQsSY-UA,Music of Asia,156166,10,3140
UCdu8WCbQu4b3Mk1nIM8-fHw,inactive,https://www.youtube.com/channel/UCdu8WCbQu4b3Mk1nIM8-fHw,Music of Asia,415725,76,4080
UCgeDvyIWv0J0FS0lym4apqg,maraScherie,https://www.youtube.com/channel/UCgeDvyIWv0J0FS0lym4apqg,Music of Asia,2895,5,392
UCEto6xY5IE-VhfSfDM74rwg,x,https://www.youtube.com/channel/UCEto6xY5IE-VhfSfDM74rwg,Pop music,10981,18,193
UCIrcSANgy18FrDLBekLA1ow,x,https://www.youtube.com/channel/UCIrcSANgy18FrDLBekLA1ow,,0,0,216
UCXPpxLk8Zgi4fyHLgjY6Zzg,cabi,https://www.youtube.com/channel/UCXPpxLk8Zgi4fyHLgjY6Zzg,Music of Asia,224924,19,2030
UCgup8N8ZQZiPICAj-bCKqpw,SOGUM 김소금,https://www.youtube.com/channel/UCgup8N8ZQZiPICAj-bCKqpw,,454,1,8560
UCjKfDPaRLFEDikvtKfY9vMw,Moment Live!,https://www.youtube.com/channel/UCjKfDPaRLFEDikvtKfY9vMw,Pop music,67029,58,375
UCU9xUsDq8DDS1NlZRcShQsg,Elpis Ch.,https://www.youtube.com/channel/UCU9xUsDq8DDS1NlZRcShQsg,Music of Asia,610725,44,2400
UCe3A3t3DHzWEYRJJXnyzPyA,hanamiseason,https://www.youtube.com/channel/UCe3A3t3DHzWEYRJJXnyzPyA,Pop music,289233,42,1440
UC3t7RMR7F5TkpAN6rpstHHw,Tadomi,https://www.youtube.com/channel/UC3t7RMR7F5TkpAN6rpstHHw,Video game culture,20177,34,219
UCuLrV8V8uxHZImKgx28hnDA,aquoferne,https://www.youtube.com/channel/UCuLrV8V8uxHZImKgx28hnDA,Independent music,37063,14,799
UCO7-nD33vMphFZcQ4j6A6Rw,kazuki,https://www.youtube.com/channel/UCO7-nD33vMphFZcQ4j6A6Rw,Entertainment,7790,3,491
UCrkr79W0q4b5ZrqgbqBZb8w,Lycorine,https://www.youtube.com/channel/UCrkr79W0q4b5ZrqgbqBZb8w,Music,0,0,86
UCcvc1jBya7bbjuV7wcYZ-Vg,cinemastaffchannel,https://www.youtube.com/channel/UCcvc1jBya7bbjuV7wcYZ-Vg,Independent music,38256517,74,52500
UCBQkb6Sg-oBnhOblE9f8WrA,österreich,https://www.youtube.com/channel/UCBQkb6Sg-oBnhOblE9f8WrA,Music of Asia,3787827,10,16000
UC39RFRiT38iVaLWJf2Rm5_w,Girinka / 기린카,https://www.youtube.com/channel/UC39RFRiT38iVaLWJf2Rm5_w,Music of Asia,1090618,64,6970
UCRqk7Lv6elxXBnrJWKHn8xw,パト Patrick,https://www.youtube.com/channel/UCRqk7Lv6elxXBnrJWKHn8xw,Action game,600857,120,2680
UCxfMmkcWlIEioq_wejNAhNA,Finnip,https://www.youtube.com/channel/UCxfMmkcWlIEioq_wejNAhNA,Pop music,86570,53,691
UCzvuHKmLEsqXvl9WKeirB4A,YUYECHKA,https://www.youtube.com/channel/UCzvuHKmLEsqXvl9WKeirB4A,Music of Asia,3366903,80,13200
UCWR6WqWK9n6t1cWPnqB0zpg,smoothjas,https://www.youtube.com/channel/UCWR6WqWK9n6t1cWPnqB0zpg,Pop music,21412,3,344
UCcvZLuAOdexL2j8PZQn1d4Q,jiakaira,https://www.youtube.com/channel/UCcvZLuAOdexL2j8PZQn1d4Q,Music of Asia,321869,78,5520
UCUUq-0Tf9v0DODg080wCf3Q,JerFlow,https://www.youtube.com/channel/UCUUq-0Tf9v0DODg080wCf3Q,Music of Asia,14026063,289,20500
UCnmvQXPhFGWSQwJoO9geilg,Reese Lansangan,https://www.youtube.com/channel/UCnmvQXPhFGWSQwJoO9geilg,Independent music,22646362,247,213000
UCrt2GIYyqJqtayt_BMA2lJw,ruK ch.ルク,https://www.youtube.com/channel/UCrt2GIYyqJqtayt_BMA2lJw,Pop music,2311,14,417
UC1JgkKulTfr7LJ91m4NMGyg,Izo,https://www.youtube.com/channel/UC1JgkKulTfr7LJ91m4NMGyg,,0,0,1140
UCKOgPeFxPkelghwjHumeW3w,Shishio Rumi Ch. 獅子ルミ,https://www.youtube.com/channel/UCKOgPeFxPkelghwjHumeW3w,Music,39027,65,530
UC1r5uSz-9YN-K312aZGBrnw,Kai Hoshimi,https://www.youtube.com/channel/UC1r5uSz-9YN-K312aZGBrnw,Pop music,31232,43,1260
UCMMBGMjrrWcRZmG_lW4jC-Q,ピノキオピー PINOCCHIOP OFFICIAL CHANNEL,https://www.youtube.com/channel/UCMMBGMjrrWcRZmG_lW4jC-Q,Music of Asia,871997826,193,1660000
UCm4cYzeY3HYbjIHfQGF0keQ,YADSUKI GEKIOKOP CHANNEL,https://www.youtube.com/channel/UCm4cYzeY3HYbjIHfQGF0keQ,Music,586429,563,2800
UCng2X0JGHITVDTeEu8ofW8Q,Animecio,https://www.youtube.com/channel/UCng2X0JGHITVDTeEu8ofW8Q,Music of Asia,531434,28,3050
UCYXwzN8ik9Fs1ukrasPu-vg,Zero Synth,https://www.youtube.com/channel/UCYXwzN8ik9Fs1ukrasPu-vg,Role-playing video game,156201,13,426
UCvq3kUGY5Dbsdkr3DZx25Sw,Giga,https://www.youtube.com/channel/UCvq3kUGY5Dbsdkr3DZx25Sw,Pop music,261037804,33,737000
UC-XraLMN7_wN7V4NHnNojSA,Rioka,https://www.youtube.com/channel/UC-XraLMN7_wN7V4NHnNojSA,Music of Asia,72620,494,1640
UCABWAa0rT_wc4KuY_OdONzQ,KuriクウィVTuber,https://www.youtube.com/channel/UCABWAa0rT_wc4KuY_OdONzQ,Video game culture,518578,37,7360
UCDRJBL9p4_WHK0kSpHLEtQw,akitsu,https://www.youtube.com/channel/UCDRJBL9p4_WHK0kSpHLEtQw,Pop music,1213115,318,5930
UCpnHiJ4hMMd6RiI8JwVAyfw,biancanisongs,https://www.youtube.com/channel/UCpnHiJ4hMMd6RiI8JwVAyfw,Pop music,83975,54,468
UC8NAeUcggBiPESDAQTZjnVw,takerucchichan,https://www.youtube.com/channel/UC8NAeUcggBiPESDAQTZjnVw,Video game culture,0,0,132
UCB-MkoIdcsmG5gwxaOdMtmg,Nakigoto,https://www.youtube.com/channel/UCB-MkoIdcsmG5gwxaOdMtmg,Pop music,110217,20,981
UCh_YL-dqtru73TyUKoNBZAA,cuu,https://www.youtube.com/channel/UCh_YL-dqtru73TyUKoNBZAA,Music of Asia,845394,81,6920
UC8Q8MIJcOSxY1KrAX6-k8Rw,Daichi,https://www.youtube.com/channel/UC8Q8MIJcOSxY1KrAX6-k8Rw,,0,0,14
UCLb4ohpArxjVxZBkSeyWjCw,Sen,https://www.youtube.com/channel/UCLb4ohpArxjVxZBkSeyWjCw,Pop music,1823378,140,11100
UCN5bGGhnnbfdnzv1Ndm9FYQ,Kasiasty,https://www.youtube.com/channel/UCN5bGGhnnbfdnzv1Ndm9FYQ,,0,0,59
UCDmEnZIbNefP_9wS7qsyyyw,Miyoiyoiyo Ch. みよいよいよ,https://www.youtube.com/channel/UCDmEnZIbNefP_9wS7qsyyyw,Film,105138,11,769
UC3NbRsAR-sKIZu699XyO8rA,Akilyai,https://www.youtube.com/channel/UC3NbRsAR-sKIZu699XyO8rA,Music of Asia,5623740,37,20700
UC1euZxHij-xz3ybDuL6fiPQ,Pαηdix Sιng,https://www.youtube.com/channel/UC1euZxHij-xz3ybDuL6fiPQ,Pop music,499319,80,3230
UC75T_u8G5jxfMpMD9nCiHpA,nemezis,https://www.youtube.com/channel/UC75T_u8G5jxfMpMD9nCiHpA,Pop music,7331595,161,22100
UCnWMQdcXt2M-jvwrVbmgPeA,lαxie,https://www.youtube.com/channel/UCnWMQdcXt2M-jvwrVbmgPeA,Music of Asia,48764,66,457
UC3nfxnIU-OK3Rditk7JpTqg,Bobaseabunny,https://www.youtube.com/channel/UC3nfxnIU-OK3Rditk7JpTqg,Music,776,3,41
UCfe_To2gkQSQGCbiJft-tpA,Kuri Covers,https://www.youtube.com/channel/UCfe_To2gkQSQGCbiJft-tpA,Role-playing video game,28096,98,491
UCMy8Vg1QBpgZMbUC64h9Esw,loverboybeats,https://www.youtube.com/channel/UCMy8Vg1QBpgZMbUC64h9Esw,Music,4891494,859,16500
UCT6BaN8eWXn-p_5pWoAgCRA,timmies,https://www.youtube.com/channel/UCT6BaN8eWXn-p_5pWoAgCRA,Rhythm and blues,42649211,46,230000
UCppmHm4T0W_CQFRIiVKNx1g,Shiloh Dynasty,https://www.youtube.com/channel/UCppmHm4T0W_CQFRIiVKNx1g,Music,144979997,3,717000
UC1_9a07F6SQblYsJuTs0Zyg,Jcpholic,https://www.youtube.com/channel/UC1_9a07F6SQblYsJuTs0Zyg,Music of Latin America,47569,74,328
UCXY3pYuRVqkaD-1s0HA_T3g,Sid Vicious,https://www.youtube.com/channel/UCXY3pYuRVqkaD-1s0HA_T3g,,0,0,15
UCX4J1eTSCltTTfcxwfre9lQ,bluessence,https://www.youtube.com/channel/UCX4J1eTSCltTTfcxwfre9lQ,Hip hop music,102995,56,362
UCGuPATan6S54kTQA7yuTkAg,edwardsbkha,https://www.youtube.com/channel/UCGuPATan6S54kTQA7yuTkAg,Role-playing video game,6573,76,1950
UCmKhc6i-Qg5QAb1vAWS1cmw,Biella Blanco,https://www.youtube.com/channel/UCmKhc6i-Qg5QAb1vAWS1cmw,,127,1,599
UCw8T047rt8TGPuRLshdCW3A,Hopkins Block,https://www.youtube.com/channel/UCw8T047rt8TGPuRLshdCW3A,Pop music,4784,19,114
UCHATPpUkr-LS5JasTYQvR4Q,Remember of Today,https://www.youtube.com/channel/UCHATPpUkr-LS5JasTYQvR4Q,Rock music,127941220,159,171000
UCGgrItvVkCVaR_PIPuDUWuw,Jane Ruby,https://www.youtube.com/channel/UCGgrItvVkCVaR_PIPuDUWuw,Action-adventure game,154453,256,2980
UCR9yrvkqUBBChJdE2nFzYsA,superiyappp,https://www.youtube.com/channel/UCR9yrvkqUBBChJdE2nFzYsA,Action game,303,6,35
UCiGm_E4ZwYSHV3bcW1pnSeQ,Billie Eilish,https://www.youtube.com/channel/UCiGm_E4ZwYSHV3bcW1pnSeQ,Lifestyle (sociology),22763317214,197,58300000
UCsH-hXLIWnJUpyf0URMOAvw,Bewee.,https://www.youtube.com/channel/UCsH-hXLIWnJUpyf0URMOAvw,Role-playing video game,129591,135,4520
UCNulapJQKTbvvm6iwx183Xg,twist imba,https://www.youtube.com/channel/UCNulapJQKTbvvm6iwx183Xg,Action-adventure game,298260,22,9950
UCPEEWQcgYnNEyfSk9lMWXog,Katoo`,https://www.youtube.com/channel/UCPEEWQcgYnNEyfSk9lMWXog,Strategy video game,6309,6,378
UCT2Whu2tp6GfQ_ZtajXURLQ,Jeepann,https://www.youtube.com/channel/UCT2Whu2tp6GfQ_ZtajXURLQ,,43,1,131
UC4EDo_Ac23FzChwkD37_sSQ,kyuraz,https://www.youtube.com/channel/UC4EDo_Ac23FzChwkD37_sSQ,,0,0,20700
UCTCxjfVjyUaCMiifk929BuA,Twist Rainbow,https://www.youtube.com/channel/UCTCxjfVjyUaCMiifk929BuA,Action game,3847,3,660
UC8BZ6CrMOVeF168nNWQI1yg,Kischon,https://www.youtube.com/channel/UC8BZ6CrMOVeF168nNWQI1yg,Electronic music,541803,151,1990
UCFkvwigFoaiMd6PssVbSdZQ,Forever49,https://www.youtube.com/channel/UCFkvwigFoaiMd6PssVbSdZQ,Hip hop music,1162721,140,3400
UCTxUVhK5O1vlopfVBZwsq-g,RAZD,https://www.youtube.com/channel/UCTxUVhK5O1vlopfVBZwsq-g,Role-playing video game,296004,831,1460
UCdiGqHZAfU2bQ9y-DJjM7aQ,Japs Escobar C.,https://www.youtube.com/channel/UCdiGqHZAfU2bQ9y-DJjM7aQ,Action-adventure game,23066,136,944
UCUQ91_YPQEYt3u78I1DN2dg,GiRSANG,https://www.youtube.com/channel/UCUQ91_YPQEYt3u78I1DN2dg,Role-playing video game,2797,24,135
UCivuq5ZzjrYb0fAUDdN76wQ,That Boy Franco,https://www.youtube.com/channel/UCivuq5ZzjrYb0fAUDdN76wQ,Music,12100161,85,12500
UChGFiHo7QMZEEdW0VSKX40w,Himechin,https://www.youtube.com/channel/UChGFiHo7QMZEEdW0VSKX40w,Music of Asia,13627237,163,177000
UCzUWpCTmMACVOCUGe_NaaiQ,rimoshi,https://www.youtube.com/channel/UCzUWpCTmMACVOCUGe_NaaiQ,Music of Asia,83388,39,541
UCNx9oP7HcRExXMPObhh9CJQ,ZETRA,https://www.youtube.com/channel/UCNx9oP7HcRExXMPObhh9CJQ,Rock music,3134579,4,24200
UCl3lVYXMDyi9QgvR38jPQHQ,Liven & Limel Productions,https://www.youtube.com/channel/UCl3lVYXMDyi9QgvR38jPQHQ,Entertainment,1234659,87,10500
UCPC9oQFVfHN5IuJ-e9sJeUA,足立佳奈,https://www.youtube.com/channel/UCPC9oQFVfHN5IuJ-e9sJeUA,Music,53445990,0,136000
UCpMYM4cXWjEtiAoJYhSzoNA,マルルーン,https://www.youtube.com/channel/UCpMYM4cXWjEtiAoJYhSzoNA,Pet,37701,28,828
UCTrcEIU4-KzL6SJy5VUGlcg,Nikita Zell Davin,https://www.youtube.com/channel/UCTrcEIU4-KzL6SJy5VUGlcg,Action-adventure game,60896,565,1140
UCLuWf9e71vBOLrab6_N1FYQ,Callsign Kira「Anovix」,https://www.youtube.com/channel/UCLuWf9e71vBOLrab6_N1FYQ,Action-adventure game,0,0,1480
UCb_5-16SHRw1fNNKDbGwzuQ,Ada Campbell,https://www.youtube.com/channel/UCb_5-16SHRw1fNNKDbGwzuQ,Role-playing video game,143596,499,4070
UCkwxH8i4kecxdawmF-CzexQ,YoRa Ch,https://www.youtube.com/channel/UCkwxH8i4kecxdawmF-CzexQ,Entertainment,437819,159,1570
UCE98b9_7FTLgMSg8E8c2ekA,Wibu Sableng,https://www.youtube.com/channel/UCE98b9_7FTLgMSg8E8c2ekA,Film,483121,95,5220
UCHt1ZLT8cSsuV8Alrcf7X3Q,Rizuki Kobayashi 『 R!KV 』,https://www.youtube.com/channel/UCHt1ZLT8cSsuV8Alrcf7X3Q,Electronic music,10681,49,551
UCmi8oCjIr8ITD80Tb-05GQA,AoYami Project,https://www.youtube.com/channel/UCmi8oCjIr8ITD80Tb-05GQA,Music of Asia,2364316,276,54700
UCIzFm-DmajOFEdxMwt8MJuw,Rizqun Rizal【Ricegun】,https://www.youtube.com/channel/UCIzFm-DmajOFEdxMwt8MJuw,Music,27078,16,224
UCL43XFAP_-Y65OyDpEyZH6A,lmnd-g-ch,https://www.youtube.com/channel/UCL43XFAP_-Y65OyDpEyZH6A,,0,0,0
UCPJQ2JVsfxsQ6cCsz9gis7A,RAISE A MUSIC PRODUCTION,https://www.youtube.com/channel/UCPJQ2JVsfxsQ6cCsz9gis7A,Music of Asia,161932,61,489
UCmj0YkPwo47bPoBt9ma-bxg,MARETU,https://www.youtube.com/channel/UCmj0YkPwo47bPoBt9ma-bxg,Music,568023236,35,1380000
UC33bzPkHPh4RRPjYYOC27sw,Naya Ishvara | DigiKagi,https://www.youtube.com/channel/UC33bzPkHPh4RRPjYYOC27sw,Entertainment,774569,501,17200
UCC4a8ZZH9G85ZSGOSTFxmVA,EVREN,https://www.youtube.com/channel/UCC4a8ZZH9G85ZSGOSTFxmVA,Role-playing video game,8827,14,1130
UCG8BUfaXL8oN0QbN_0WnZnQ,月乃尾兎 Tsukino Beato Ch.,https://www.youtube.com/channel/UCG8BUfaXL8oN0QbN_0WnZnQ,Action game,88960,204,4200
UCmNeOjitXbWHg_CDNGrwoHw,Raveanne,https://www.youtube.com/channel/UCmNeOjitXbWHg_CDNGrwoHw,Action-adventure game,488839,257,23500
UCrbHIYIhquRX-82vpfE5yrg,Krystalize Moon,https://www.youtube.com/channel/UCrbHIYIhquRX-82vpfE5yrg,Action game,517541,885,10900
UClxSCYAunRhxU37Amy91oUA,FirmanAcker,https://www.youtube.com/channel/UClxSCYAunRhxU37Amy91oUA,Pop music,2829,13,26
UCKQPvkXu59Ei4nHyl83dF2g,Unlucky Morpheus official,https://www.youtube.com/channel/UCKQPvkXu59Ei4nHyl83dF2g,Rock music,65239930,438,202000
UCOJZ1tna8yj8mAEITPkHNCQ,Slipknot,https://www.youtube.com/channel/UCOJZ1tna8yj8mAEITPkHNCQ,Pop music,6614804324,291,9580000
UCvoAeGZoC8giXP59NOZABIA,NEMOPHILA,https://www.youtube.com/channel/UCvoAeGZoC8giXP59NOZABIA,Music of Asia,102297740,545,396000
UCraPpF98TgLnoL9QwT8vQBg,Ice Nine Kills,https://www.youtube.com/channel/UCraPpF98TgLnoL9QwT8vQBg,Film,310269124,395,528000
UCWm9Si8uzmWg8lq18wCi6nA,Mai Ch.【AKA Virtual】,https://www.youtube.com/channel/UCWm9Si8uzmWg8lq18wCi6nA,Film,23543415,605,116000
UC3g6Vrieg1Wqoxn5wHm0iNg,萩宮ルナ / hagi piano 新人VTuber,https://www.youtube.com/channel/UC3g6Vrieg1Wqoxn5wHm0iNg,Entertainment,2894414,450,17000
UCBOSt5RI4BERPPEA9xLP1Gg,Akasei Creative,https://www.youtube.com/channel/UCBOSt5RI4BERPPEA9xLP1Gg,Video game culture,117,2,16
UCcJdEZ6BfmpjFdxcRrVTWDQ,An Kayuki,https://www.youtube.com/channel/UCcJdEZ6BfmpjFdxcRrVTWDQ,Entertainment,57334,39,2070
UCgJxvZeE1zrv_w1HCOSxqoA,Megurin ⦉ SuikaLove ⦊,https://www.youtube.com/channel/UCgJxvZeE1zrv_w1HCOSxqoA,Role-playing video game,20703,113,1710
UCruFU4j7iarnnCYrVVPjhsw,Ryo Nyxvale,https://www.youtube.com/channel/UCruFU4j7iarnnCYrVVPjhsw,Action game,40,2,18
UCs2eFSeyAQqjH7PyjZwSH1w,SouRizu☪︎【VERSA】,https://www.youtube.com/channel/UCs2eFSeyAQqjH7PyjZwSH1w,Music of Asia,726515,101,10000
UC2dtmfA8NAruFikbqeUmmdw,せんちゃ,https://www.youtube.com/channel/UC2dtmfA8NAruFikbqeUmmdw,Hobby,21869,6,1680
UCpB1tbVu-Af-t2mJwwDZTLg,ハム,https://www.youtube.com/channel/UCpB1tbVu-Af-t2mJwwDZTLg,Music of Asia,922719,17,7020
UCcpO0J-EAzfSCG4JA19G28A,逢編いあむ - 秘密基地宇宙本部,https://www.youtube.com/channel/UCcpO0J-EAzfSCG4JA19G28A,Lifestyle (sociology),205043,39,2300
UCKeB3X0Akxxo3VfG46D_Dfg,Yukopi,https://www.youtube.com/channel/UCKeB3X0Akxxo3VfG46D_Dfg,Music,191947917,85,530000
UC3y_4uYtXftPSr6aYuPxONA,室長 綾,https://www.youtube.com/channel/UC3y_4uYtXftPSr6aYuPxONA,Pop music,3579,19,40
UCZXJlXoPRH7eBmadRP9-4xA,ユルミ・ソウ  - Yurumi Sou -,https://www.youtube.com/channel/UCZXJlXoPRH7eBmadRP9-4xA,Action game,43858,1379,341
UCw-dolL-0Ol4XFhK9c4mcAQ,藤の守人,https://www.youtube.com/channel/UCw-dolL-0Ol4XFhK9c4mcAQ,Role-playing video game,2076,30,49
UCYjdP5F0ds2D6deMo5rpoyw,いずれ菖蒲か杜若,https://www.youtube.com/channel/UCYjdP5F0ds2D6deMo5rpoyw,Music,37822183,56,143000
UCzsCWYuvPUky3-DKzphYbEw,司賀りこ / Shiga Riko【にじさんじ】,https://www.youtube.com/channel/UCzsCWYuvPUky3-DKzphYbEw,Role-playing video game,72396471,955,231000
UCSNJqoieOHFp82kJhkxw0Qw,ほくえと,https://www.youtube.com/channel/UCSNJqoieOHFp82kJhkxw0Qw,Entertainment,3551,3,3
UCqRiI_ZMqUXwE5gJGf_ocXg,柴豆古琳 Green Ch.,https://www.youtube.com/channel/UCqRiI_ZMqUXwE5gJGf_ocXg,Role-playing video game,579532,1258,11600
UCaaaRyNQEACU09Ocw3EIh-w,希珥 Shir Ch,https://www.youtube.com/channel/UCaaaRyNQEACU09Ocw3EIh-w,Role-playing video game,1361168,950,19300
UC1wuR2pT_dP1zhH7fpGNsIQ,虎コ Torako × 愉快販 Ch.,https://www.youtube.com/channel/UC1wuR2pT_dP1zhH7fpGNsIQ,Video game culture,1352904,676,8350
UCZuQvHMvbkuPOT8MpDVgh_Q,Sara Ch. 紗羅 【群星計畫 / 比鄰星域所屬】,https://www.youtube.com/channel/UCZuQvHMvbkuPOT8MpDVgh_Q,Video game culture,455357,859,10300
UCAROMtnuRFwCLKyS3j2A4VA,茶煙煙 Chalane,https://www.youtube.com/channel/UCAROMtnuRFwCLKyS3j2A4VA,Music of Asia,5227,11,2140
UCbTckg5xc-aEg1mgHsE8ocQ,朝潮小焼,https://www.youtube.com/channel/UCbTckg5xc-aEg1mgHsE8ocQ,Action-adventure game,1307012,1614,11000
UCBa3AiPL1hTLfd2twu-MWdw,我是DD,https://www.youtube.com/channel/UCBa3AiPL1hTLfd2twu-MWdw,,2805522,318,13500
UC3VN9h8fokwB2XURWHNcdWw,ヰ世界情緒 -ヰ世界電子通信部-,https://www.youtube.com/channel/UC3VN9h8fokwB2XURWHNcdWw,Video game culture,2911842,215,49700
UCkJYa9mVS25eHOO9bM7YK3Q,花譜 -未確認少女観測部-,https://www.youtube.com/channel/UCkJYa9mVS25eHOO9bM7YK3Q,Music of Asia,1583825,157,57100
UCyCbd63S29BuFOkJC2-aR4g,幸祜 -幸福拡張部電脳科-,https://www.youtube.com/channel/UCyCbd63S29BuFOkJC2-aR4g,,526331,136,22200
UCpGk56cJDZcVqIxZatX7nbQ,からめる,https://www.youtube.com/channel/UCpGk56cJDZcVqIxZatX7nbQ,Entertainment,1169344492,546,2510000
UCtJUTSXVzizk3sN4GQWESDQ,モリモリあつし / Morimori Atsushi,https://www.youtube.com/channel/UCtJUTSXVzizk3sN4GQWESDQ,Electronic music,26237608,207,69300
UCLaFC2mfkTeYhBusdk-6-lg,yoshimo,https://www.youtube.com/channel/UCLaFC2mfkTeYhBusdk-6-lg,Music of Asia,399536,6,922
UC-rhjLfGBYsOrXLjr0Or3jw,s-don,https://www.youtube.com/channel/UC-rhjLfGBYsOrXLjr0Or3jw,Action game,3301275,75,6700
UCLQIMDHNE0ZGAiHIdMbq7dw,Yoruno Neon Project,https://www.youtube.com/channel/UCLQIMDHNE0ZGAiHIdMbq7dw,Entertainment,1116576,248,25300
UCv2byPgvl60Mh1vQBnXuksA,-Pochi korone-,https://www.youtube.com/channel/UCv2byPgvl60Mh1vQBnXuksA,Music,14840899,673,72300
UCPU4xwtLBFXB3sXI6mfdp3g,Azusagawa,https://www.youtube.com/channel/UCPU4xwtLBFXB3sXI6mfdp3g,Music of Asia,75731936,142,208000
UCOvn_LNao_hjdY-A5d7RUKg,Necry Talkie,https://www.youtube.com/channel/UCOvn_LNao_hjdY-A5d7RUKg,Music of Asia,81391656,166,337000
UCOMMdkfchVyCTEfu9knmxxg,QueenPb,https://www.youtube.com/channel/UCOMMdkfchVyCTEfu9knmxxg,Music of Asia,1550915,12,9320
UCIoIpNFYjWLTAeo_c7Q3mSA,poryphoria,https://www.youtube.com/channel/UCIoIpNFYjWLTAeo_c7Q3mSA,Film,189580,162,488
UCOQrd39PRvIsgUIRO4x6LrQ,Binnobonn,https://www.youtube.com/channel/UCOQrd39PRvIsgUIRO4x6LrQ,,0,0,1
UCbglxM7I3LzRy7lKGaT62XQ,Skinamarink,https://www.youtube.com/channel/UCbglxM7I3LzRy7lKGaT62XQ,Hobby,165,3,12
UCchk8rGtBIHXOgSH-oSpDvw,Cinnaluna,https://www.youtube.com/channel/UCchk8rGtBIHXOgSH-oSpDvw,Pop music,81919,10,824
UCuLpYAaxNfBdODBRd8pOfXQ,vally.exe,https://www.youtube.com/channel/UCuLpYAaxNfBdODBRd8pOfXQ,Music of Asia,17260194,101,64100
UC_3_-A0ugooOr2mxsacazGA,JunbugP,https://www.youtube.com/channel/UC_3_-A0ugooOr2mxsacazGA,Pop music,266097,69,4420
UCSRN9ZTEMTf_01NJAULXawQ,🥀Witches with Glitches💔,https://www.youtube.com/channel/UCSRN9ZTEMTf_01NJAULXawQ,Electronic music,1398767,27,3220
UC46jECIpBt_5eyUe4pNVCSA,Feline Entity,https://www.youtube.com/channel/UC46jECIpBt_5eyUe4pNVCSA,Film,248804,16,3030
UCSQX7yzZVwI-LfavSG_XfDQ,PixelLink Official,https://www.youtube.com/channel/UCSQX7yzZVwI-LfavSG_XfDQ,Entertainment,184252,15,6820
UCc_UFGjPzLk5I-Cy9ucisHQ,JOHTO,https://www.youtube.com/channel/UCc_UFGjPzLk5I-Cy9ucisHQ,Video game culture,350062,74,2800
UCoRQI9DCEzCpfvI21puHEtA,Johnnie Guilbert,https://www.youtube.com/channel/UCoRQI9DCEzCpfvI21puHEtA,Entertainment,605584292,1266,3190000
UCq6VFHwMzcMXbuKyG7SQYIg,penguinz0,https://www.youtube.com/channel/UCq6VFHwMzcMXbuKyG7SQYIg,Society,13430593168,7151,18100000
UCrPseYLGpNygVi34QpGNqpA,Ludwig,https://www.youtube.com/channel/UCrPseYLGpNygVi34QpGNqpA,Action-adventure game,3848487629,2892,6900000
UCQmOe-Q_i5l2gJkakN0EY1w,SyphrusV2,https://www.youtube.com/channel/UCQmOe-Q_i5l2gJkakN0EY1w,Sports game,1614639,960,10900
UC3KcXaIz8K2QK8GcXDZKfxw,Shxsta,https://www.youtube.com/channel/UC3KcXaIz8K2QK8GcXDZKfxw,Entertainment,410023,216,1580
UCFGeJ9KRxJuMBM0goGUmSGw,Kenny Lucky,https://www.youtube.com/channel/UCFGeJ9KRxJuMBM0goGUmSGw,Action game,1194561,261,3820
UCfhf3uAkL6CJrei0ls7N-bA,y3 luke,https://www.youtube.com/channel/UCfhf3uAkL6CJrei0ls7N-bA,Action game,1600913,72,11700
UCQwIt46r5do8ZSQXLChdsFQ,Jason Hoffman,https://www.youtube.com/channel/UCQwIt46r5do8ZSQXLChdsFQ,Technology,2143590,439,10300
UC0F4u6Llm10kvlwPkyN2p7w,JariVFX,https://www.youtube.com/channel/UC0F4u6Llm10kvlwPkyN2p7w,,27798,1,651
UCILkK2Tan26rdXVz2obqh9w,Go2Warsaw,https://www.youtube.com/channel/UCILkK2Tan26rdXVz2obqh9w,Tourism,4552964,344,3800
UCbKhY1QdpFvCQXdIjFqERvQ,More Rodey,https://www.youtube.com/channel/UCbKhY1QdpFvCQXdIjFqERvQ,Action-adventure game,16563763,121,137000
UCoNRlRabTd1US_4If_1TjqQ,japko,https://www.youtube.com/channel/UCoNRlRabTd1US_4If_1TjqQ,Role-playing video game,42273,4,1840
UCy3ZhUZfoISaXwoSxkwCfww,Omeezy2k,https://www.youtube.com/channel/UCy3ZhUZfoISaXwoSxkwCfww,Action game,68701,14,1620
UC50ddiYXGma6zMJHx3AsOXA,Olympics Figure Skating,https://www.youtube.com/channel/UC50ddiYXGma6zMJHx3AsOXA,Lifestyle (sociology),221616868,775,298000
UC4YUkPQIX_TIZq4nQIT7-aA,The Lunch Table,https://www.youtube.com/channel/UC4YUkPQIX_TIZq4nQIT7-aA,Film,16432834,604,43600
UCXx5wte0KmtD5fyqzQSvTIw,Chicos Toxicos,https://www.youtube.com/channel/UCXx5wte0KmtD5fyqzQSvTIw,Entertainment,661751143,1696,678000
UCAn8NrZ-J4CRfwodajqFYoQ,BotezLive,https://www.youtube.com/channel/UCAn8NrZ-J4CRfwodajqFYoQ,Entertainment,1242893167,1041,1980000
UCS52qQKbsJqos1Cr2wSGEhQ,Sara Saffari,https://www.youtube.com/channel/UCS52qQKbsJqos1Cr2wSGEhQ,Entertainment,1992585740,2487,2660000
UCMnKBTTCkFUZN4PELd0m3sA,ThatDeadBlade,https://www.youtube.com/channel/UCMnKBTTCkFUZN4PELd0m3sA,Action-adventure game,74735,81,2820
UCRYZxlAfSqJmY1DLTyQrp8w,ElasticDroid,https://www.youtube.com/channel/UCRYZxlAfSqJmY1DLTyQrp8w,Role-playing video game,172926704,536,688000
UCVUsmF97x4kuhGbBjzl1nVg,Pezzy,https://www.youtube.com/channel/UCVUsmF97x4kuhGbBjzl1nVg,Role-playing video game,130019726,385,548000
UCmY6t25uVbXIDTizjfLBI4Q,Bigpuffer,https://www.youtube.com/channel/UCmY6t25uVbXIDTizjfLBI4Q,Action-adventure game,395247632,1106,1220000
UCzXwjTI6c6mVn6oui_p6oiw,SMii7Y,https://www.youtube.com/channel/UCzXwjTI6c6mVn6oui_p6oiw,Action-adventure game,3625957766,1408,8650000
UC-dDPClZzfqCAcxuQPhqx7A,Clooless Gaming,https://www.youtube.com/channel/UC-dDPClZzfqCAcxuQPhqx7A,Role-playing video game,20731838,57,219000
UCrCT8vVfCBjYFonDkBIcgVQ,Clooless Reacts,https://www.youtube.com/channel/UCrCT8vVfCBjYFonDkBIcgVQ,,17862718,55,197000
UCK3d9BNQO23vRGfobXDFfpg,Anthony Stiriti,https://www.youtube.com/channel/UCK3d9BNQO23vRGfobXDFfpg,Film,2930127,206,3710
UC0VgIyiCjyUCjXzTEXq1CTA,Mr Manny,https://www.youtube.com/channel/UC0VgIyiCjyUCjXzTEXq1CTA,Lifestyle (sociology),180681751,163,799000
UCTFA-MuMpzlngZisYJiV07A,Manuel Boza,https://www.youtube.com/channel/UCTFA-MuMpzlngZisYJiV07A,Lifestyle (sociology),319947644,160,963000
UCbIPDUuhVF-eFxfBowvqaCg,Kylieedlelee,https://www.youtube.com/channel/UCbIPDUuhVF-eFxfBowvqaCg,Role-playing video game,23559,11,3170
UCHXXj0KkMdqW8SDOSoftesg,GroovyGavin,https://www.youtube.com/channel/UCHXXj0KkMdqW8SDOSoftesg,Society,577380523,228,2650000
UCY8SLLJjWpS4sx1dEqECaIw,Tyler Oliveira,https://www.youtube.com/channel/UCY8SLLJjWpS4sx1dEqECaIw,Film,2402945217,644,9500000
UC4QobU6STFB0P71PMvOGN5A,jawed,https://www.youtube.com/channel/UC4QobU6STFB0P71PMvOGN5A,,395071798,1,6200000
UCf9BO33b-MnIxB5y0azrxmg,Jimmy Carr,https://www.youtube.com/channel/UCf9BO33b-MnIxB5y0azrxmg,Film,1235239794,2889,1980000
UCxXd7HRiscuMWX3tlkjBHxA,Romesh Ranganathan,https://www.youtube.com/channel/UCxXd7HRiscuMWX3tlkjBHxA,Television program,8914112,104,96300
UCCydYSK9VpWAm7lRm8P4FAw,Daily Adin,https://www.youtube.com/channel/UCCydYSK9VpWAm7lRm8P4FAw,Lifestyle (sociology),201439735,2179,139000
UCM9-hXMVzQthX7WRWjX9BEQ,Tacularr,https://www.youtube.com/channel/UCM9-hXMVzQthX7WRWjX9BEQ,Action game,23312340,166,223000
UCByYw1fQJjbkhZlGtHjAJ6w,Justinfied,https://www.youtube.com/channel/UCByYw1fQJjbkhZlGtHjAJ6w,Action-adventure game,574031,42,2070
UCLEaQVRTiMKKEAaG1jbrELA,Silencio,https://www.youtube.com/channel/UCLEaQVRTiMKKEAaG1jbrELA,Role-playing video game,16562321,78,183000
UCai3me0rQiXUo29dBjy7ULg,Crats,https://www.youtube.com/channel/UCai3me0rQiXUo29dBjy7ULg,Action game,0,0,2180
UCEKt_sgtek6N-zbvigJiqyw,Filip Jakomin,https://www.youtube.com/channel/UCEKt_sgtek6N-zbvigJiqyw,,0,0,88
UCWLq_5GOaxfmJasrA3fYnAg,CabraLux,https://www.youtube.com/channel/UCWLq_5GOaxfmJasrA3fYnAg,Strategy video game,137829,29,594
UC4w2gzCCEaCUAsjnlwfM9VA,imBernE,https://www.youtube.com/channel/UC4w2gzCCEaCUAsjnlwfM9VA,Action game,40054008,237,289000
UCiOFfjVB7W-OgV8hq2VVSyA,iTz Muscles,https://www.youtube.com/channel/UCiOFfjVB7W-OgV8hq2VVSyA,Role-playing video game,456632,193,1310
UChdh7gYM35IgpJ8vOL-9D1A,Spicy,https://www.youtube.com/channel/UChdh7gYM35IgpJ8vOL-9D1A,,0,0,6880
UCrwX4sDm8xEXRjzjrIlhUmg,Silent Jose,https://www.youtube.com/channel/UCrwX4sDm8xEXRjzjrIlhUmg,Strategy video game,2505664,119,23200
UCtduxx62vZ4Qv7KoPEf1LyA,Ultra 2,https://www.youtube.com/channel/UCtduxx62vZ4Qv7KoPEf1LyA,Action game,1912148,126,1160
UCwKaTUsSTJC8IxMHOFS9_zw,Faderade,https://www.youtube.com/channel/UCwKaTUsSTJC8IxMHOFS9_zw,Role-playing video game,3110197,210,5970
UCINH-qtJXxtAoN4-Jg-fjdA,Wynger,https://www.youtube.com/channel/UCINH-qtJXxtAoN4-Jg-fjdA,Strategy video game,2157733,78,17800
UCaa0raJZ_qvMFvfstjgDZVQ,Freshman “Freshmansound” Sound,https://www.youtube.com/channel/UCaa0raJZ_qvMFvfstjgDZVQ,Electronic music,13215255,63,54000
UCv5yHv8nOexV-Xmn07YYMSg,Zan,https://www.youtube.com/channel/UCv5yHv8nOexV-Xmn07YYMSg,Role-playing video game,610414,33,4820
UCiLRA83bCXowZek-dW9h7wg,Porgie,https://www.youtube.com/channel/UCiLRA83bCXowZek-dW9h7wg,Role-playing video game,15805196,52,73900
UCrzfYhLjOkfAcmjixeeiEnQ,spoonkid,https://www.youtube.com/channel/UCrzfYhLjOkfAcmjixeeiEnQ,Strategy video game,49560711,132,603000
UCYd4kFdUdK3DdA7B-aPKVBg,Gluman,https://www.youtube.com/channel/UCYd4kFdUdK3DdA7B-aPKVBg,Action-adventure game,231516,54,551
UCTMqfzLAOMqVUEyj9qW1vCw,Memeio,https://www.youtube.com/channel/UCTMqfzLAOMqVUEyj9qW1vCw,Action-adventure game,275134885,503,1430000
UClGVWPxgHNubH1FNkaCJyQg,Naked,https://www.youtube.com/channel/UClGVWPxgHNubH1FNkaCJyQg,Action game,15498,6,70
UC-KyKknX5OJ1w0dFNUifY2w,OT,https://www.youtube.com/channel/UC-KyKknX5OJ1w0dFNUifY2w,Strategy video game,4760173,158,72300
UC8ckDCAXWAgRMz9YVpsc7ig,EcoKing,https://www.youtube.com/channel/UC8ckDCAXWAgRMz9YVpsc7ig,Action game,20206050,75,103000
UCSib8w-u0Eg1dGam2ao1Z_A,MoreSebby,https://www.youtube.com/channel/UCSib8w-u0Eg1dGam2ao1Z_A,Action-adventure game,304704,23,10600
UCald77V2E7vc6gQrYi0nxtg,JPRyno,https://www.youtube.com/channel/UCald77V2E7vc6gQrYi0nxtg,Hobby,119421,127,260
UCa2bIkZitgzKokWDH7dnA8A,Harvest,https://www.youtube.com/channel/UCa2bIkZitgzKokWDH7dnA8A,Action game,21735307,52,205000
UC1G7jgT65TxDT_k7qw1Qt9w,sigbog,https://www.youtube.com/channel/UC1G7jgT65TxDT_k7qw1Qt9w,Strategy video game,51840822,277,61000
UCa7WdLTD4YQWBbELmFAZWIQ,GriffTheGrub,https://www.youtube.com/channel/UCa7WdLTD4YQWBbELmFAZWIQ,Role-playing video game,48186811,117,220000
UCaDoxfzWNonZY0_dQbE1VcQ,Faded,https://www.youtube.com/channel/UCaDoxfzWNonZY0_dQbE1VcQ,Strategy video game,12360041,80,85000
UCUaS8xCrE8h7qcjuxEJk-gQ,Joey Rybicki,https://www.youtube.com/channel/UCUaS8xCrE8h7qcjuxEJk-gQ,Role-playing video game,3137,4,352
UCnVWdPxgikz9jqJyqQHZ-yA,Mr Pukis,https://www.youtube.com/channel/UCnVWdPxgikz9jqJyqQHZ-yA,Strategy video game,1151797,32,1900
UCDBivRwVE17kaOi4DPdUCpw,Local Pints,https://www.youtube.com/channel/UCDBivRwVE17kaOi4DPdUCpw,Strategy video game,14601,23,1440
UCuZXaAvHjY91IEFOoMdUCQg,Zags,https://www.youtube.com/channel/UCuZXaAvHjY91IEFOoMdUCQg,Action game,86380,34,1530
UC2WSDEm0qJG92WRXkrNzqGg,Large,https://www.youtube.com/channel/UC2WSDEm0qJG92WRXkrNzqGg,Role-playing video game,125309,12,3550
UCrB_lbcnNsWXbvTPzpoeYWg,Falcon,https://www.youtube.com/channel/UCrB_lbcnNsWXbvTPzpoeYWg,Role-playing video game,16905900,333,139000
UCMQEJdbn7nsFOeJgK_fSRsg,inactive,https://www.youtube.com/channel/UCMQEJdbn7nsFOeJgK_fSRsg,Strategy video game,0,0,329
UCzgD3tJdyp8vB1Z1A5BdE4Q,Junin,https://www.youtube.com/channel/UCzgD3tJdyp8vB1Z1A5BdE4Q,Action-adventure game,22913169,597,197000
UC9G5kZAAB6FbBjJN89p3FbA,Minus,https://www.youtube.com/channel/UC9G5kZAAB6FbBjJN89p3FbA,Action game,7462729,334,5450
UCYNBxI1O-rukKNAEz9_VjAA,kon,https://www.youtube.com/channel/UCYNBxI1O-rukKNAEz9_VjAA,Simulation video game,634,5,145
UCTVGHWIf5AgSABmFcqbE5aQ,ComaR,https://www.youtube.com/channel/UCTVGHWIf5AgSABmFcqbE5aQ,Role-playing video game,8461973,205,61500
UC-ZAqjDezj-qa0C5GxsBtsA,Widdy World Entertainment,https://www.youtube.com/channel/UC-ZAqjDezj-qa0C5GxsBtsA,Music,337409,169,508
UC6Hv0yGCd0liLfwQxB1mdyg,any spam,https://www.youtube.com/channel/UC6Hv0yGCd0liLfwQxB1mdyg,Role-playing video game,148147,252,718
UCDzBNaJ8brwIMVXC9lXwSGw,HUSTLERSDYNASTY,https://www.youtube.com/channel/UCDzBNaJ8brwIMVXC9lXwSGw,Entertainment,3026905,69,96900
UC0bPSlWMY6CTvP_IX_ALBCw,Hark,https://www.youtube.com/channel/UC0bPSlWMY6CTvP_IX_ALBCw,Action game,0,0,2670
UCzklsfej5kE3b347YoHhpZw,twig,https://www.youtube.com/channel/UCzklsfej5kE3b347YoHhpZw,Strategy video game,26595471,89,324000
UCskg7xNu4fbSQCO9z-gcyJg,JayurBayur,https://www.youtube.com/channel/UCskg7xNu4fbSQCO9z-gcyJg,,3941,1,203
UCBlr7Nhhi9EtSa1k2ny-7ew,dinkbot,https://www.youtube.com/channel/UCBlr7Nhhi9EtSa1k2ny-7ew,Role-playing video game,705478,41,55500
UCvKZZvkGecpv1sTf4yn0l9w,Kickz,https://www.youtube.com/channel/UCvKZZvkGecpv1sTf4yn0l9w,Role-playing video game,38148307,645,65700
UC3mG1jxWYgBoJwSaJrke3YQ,Blooprint's Bunker,https://www.youtube.com/channel/UC3mG1jxWYgBoJwSaJrke3YQ,Role-playing video game,138724649,328,758000
UCvOn4wEsIMb5IfXuju93A5w,Purpluu Edits,https://www.youtube.com/channel/UCvOn4wEsIMb5IfXuju93A5w,,0,0,498
UCFbtXFIaAJ0fOtgyeDs8Jog,Lud and Schlatts Musical Emporium,https://www.youtube.com/channel/UCFbtXFIaAJ0fOtgyeDs8Jog,Classical music,7125347,23,343000
UCo6pd5IzPwotrDZDxMPFE2A,OwnA Saber,https://www.youtube.com/channel/UCo6pd5IzPwotrDZDxMPFE2A,Entertainment,351957,165,5280
UCvqv6Sxa6-VMFXU9yfa5Igw,Sequoia Sounds,https://www.youtube.com/channel/UCvqv6Sxa6-VMFXU9yfa5Igw,Electronic music,1547156,135,11500
UCSnUOdrSjSvtmvH87U2m5GA,shishishiena,https://www.youtube.com/channel/UCSnUOdrSjSvtmvH87U2m5GA,Music of Asia,15302666,107,63600
UC-paul1Nd8pnK2eAAtxAaYw,Risa Yuzuki,https://www.youtube.com/channel/UC-paul1Nd8pnK2eAAtxAaYw,Pop music,8744961,100,35800
UC-Mv175NcgSzQ0xPeYYw9ww,Wsx,https://www.youtube.com/channel/UC-Mv175NcgSzQ0xPeYYw9ww,Video game culture,8982,6,77
UCbWgP4pWHDbE5WeIizwAPoA,Musature,https://www.youtube.com/channel/UCbWgP4pWHDbE5WeIizwAPoA,,0,0,30
UCtzXIrAz7yilw55U4MzElLQ,ブースト / Mannequin,https://www.youtube.com/channel/UCtzXIrAz7yilw55U4MzElLQ,Music,4498,18,82
UCLIC6cwI96gvu3i8nSS64Kg,Maison ette Maison,https://www.youtube.com/channel/UCLIC6cwI96gvu3i8nSS64Kg,Music of Asia,399973,23,3020
UCj2nw_9puY3sJoDbkE-FCQA,Feryquitous,https://www.youtube.com/channel/UCj2nw_9puY3sJoDbkE-FCQA,Music of Asia,4942681,35,30600
UCQWRnW4kJCbUq7VtiMgIRyQ,mamomo,https://www.youtube.com/channel/UCQWRnW4kJCbUq7VtiMgIRyQ,Music of Asia,751239,187,6260
UCvhImyl7GNyAj9nuNsNYjhQ,Azume,https://www.youtube.com/channel/UCvhImyl7GNyAj9nuNsNYjhQ,,0,0,271
UCibkCL9tAH8WoDUWJ2xzMMg,Etherflux Music Circle,https://www.youtube.com/channel/UCibkCL9tAH8WoDUWJ2xzMMg,Music of Asia,49931,61,379
UCFqYHHqm3yayXSJWs2qTLNA,404Prod.,https://www.youtube.com/channel/UCFqYHHqm3yayXSJWs2qTLNA,Music,2959,15,68
UCiH25wMDmQ_uVr7jqqgRFrA,MEGAREX,https://www.youtube.com/channel/UCiH25wMDmQ_uVr7jqqgRFrA,Electronic music,1850461,138,16600
UC2WrXWTQtRvu-jBmKfvQsqQ,HARDCORE TANO*C,https://www.youtube.com/channel/UC2WrXWTQtRvu-jBmKfvQsqQ,Music,123952790,2164,165000
UC1y-be8FfPtzniyqGjLJCGg,AKA,https://www.youtube.com/channel/UC1y-be8FfPtzniyqGjLJCGg,Music of Asia,547971,141,6840
UC95Xopdv7f_L2AbfE-VMuxA,dante / SoundCirclet,https://www.youtube.com/channel/UC95Xopdv7f_L2AbfE-VMuxA,Electronic music,147835,49,1370
UCctWtGNi-cBBxRhMlelP4KQ,fabula nova,https://www.youtube.com/channel/UCctWtGNi-cBBxRhMlelP4KQ,,482,1,31
UCSfoxYTlCPFfglckBLrjpsA,miracleofsound,https://www.youtube.com/channel/UCSfoxYTlCPFfglckBLrjpsA,Role-playing video game,1007721424,316,1190000
UCg0kqKYY72OmzYg3JE3bdDA,ChaoticMeatball,https://www.youtube.com/channel/UCg0kqKYY72OmzYg3JE3bdDA,Action game,39423206,276,209000
UCKLX_ObUa9pf1QwSGya0vAw,Solstate,https://www.youtube.com/channel/UCKLX_ObUa9pf1QwSGya0vAw,Music,286275,8,7480
UC98dbK3WqEkgiFj91WAwYJQ,ratboygenius,https://www.youtube.com/channel/UC98dbK3WqEkgiFj91WAwYJQ,Role-playing video game,30831246,301,158000
UCGfVeZa7KUJHunu_-AR8I4g,Nzth,https://www.youtube.com/channel/UCGfVeZa7KUJHunu_-AR8I4g,Action game,5650,17,1930
UCgAyQyy6x3L-tmM1GICelGA,TommyOutit,https://www.youtube.com/channel/UCgAyQyy6x3L-tmM1GICelGA,Role-playing video game,119101468,56,3380000
UCjdhEHvfWPArV25tJwplQOA,The SkyFlammable Channel,https://www.youtube.com/channel/UCjdhEHvfWPArV25tJwplQOA,Role-playing video game,0,0,2080
UCy8K7XHd8RntQAN-Q9z2F3w,Revolx,https://www.youtube.com/channel/UCy8K7XHd8RntQAN-Q9z2F3w,,0,0,257
UCd49y90hwxKd1tq0cP0MG1Q,Wheatskins,https://www.youtube.com/channel/UCd49y90hwxKd1tq0cP0MG1Q,Film,5453193,66,7910
UC1n_PfsVqxllCcnMPlxBIjw,Wilbur Soot,https://www.youtube.com/channel/UC1n_PfsVqxllCcnMPlxBIjw,Role-playing video game,810162894,140,5250000
UCKQ-wNdh0kO5qnpPfXa2hjQ,Ranboo,https://www.youtube.com/channel/UCKQ-wNdh0kO5qnpPfXa2hjQ,Video game culture,60478790,36,3430000
UCxucf8O8itcmkqu3d7yUavg,Dangthatsalongname,https://www.youtube.com/channel/UCxucf8O8itcmkqu3d7yUavg,Role-playing video game,320149980,2049,1480000
UCQmzgjEb7X6--w7CSE1erJg,Slimecicle,https://www.youtube.com/channel/UCQmzgjEb7X6--w7CSE1erJg,Role-playing video game,731083382,319,4140000
UCtoO-dFpE8lIsC-SWG2A6oA,Eryn,https://www.youtube.com/channel/UCtoO-dFpE8lIsC-SWG2A6oA,Role-playing video game,0,0,60800
UC5BqtRANoqrdMA0lEnZgOOg,Shut Up I'm Talking,https://www.youtube.com/channel/UC5BqtRANoqrdMA0lEnZgOOg,Film,53164792,488,262000
UCQSyMY7y11SjZ1oL2OjD_bw,Jack,https://www.youtube.com/channel/UCQSyMY7y11SjZ1oL2OjD_bw,Entertainment,60654284,110,537000
UC-vczWpJ4NqsSlm50oINJYQ,spokyash,https://www.youtube.com/channel/UC-vczWpJ4NqsSlm50oINJYQ,Video game culture,11700,5,768
UC-g_O9HWb5B0rVDG1hLd5Hw,EYstreem,https://www.youtube.com/channel/UC-g_O9HWb5B0rVDG1hLd5Hw,Action-adventure game,5900548058,2223,13600000
UCDOSPppo2o2DmVBP5erEuTg,Portal A,https://www.youtube.com/channel/UCDOSPppo2o2DmVBP5erEuTg,Mixed martial arts,9363245,57,10300
UCvwgF_0NOZe2vN4Q3g1bY-A,Vikkstar123,https://www.youtube.com/channel/UCvwgF_0NOZe2vN4Q3g1bY-A,Music,2218421371,5154,7560000
UCX_UNVL5LGsTmJmOXFSoDDg,Rotpilz,https://www.youtube.com/channel/UCX_UNVL5LGsTmJmOXFSoDDg,Action game,97607914,1190,624000
UC92b1O08vlw68UCJ0VuuQdA,Neimki,https://www.youtube.com/channel/UC92b1O08vlw68UCJ0VuuQdA,Lifestyle (sociology),1227542,6,202000
UCATfPg_amXU4tXXzn6v4Z4Q,Felix,https://www.youtube.com/channel/UCATfPg_amXU4tXXzn6v4Z4Q,,2358,1,586
UCmBqL1OAnFd5JCfqYKKpbTA,Snikrep,https://www.youtube.com/channel/UCmBqL1OAnFd5JCfqYKKpbTA,Action-adventure game,94914,20,5260
UCTkXRDQl0luXxVQrRQvWS6w,Dream,https://www.youtube.com/channel/UCTkXRDQl0luXxVQrRQvWS6w,Action-adventure game,4414559671,308,34500000
UCqynl7rdtktKMQESdSBmE-g,Sapnap,https://www.youtube.com/channel/UCqynl7rdtktKMQESdSBmE-g,Action-adventure game,292662018,78,4620000
UCjwPWmTYbC2Ehc_Bk4kR9yg,JunioR beats,https://www.youtube.com/channel/UCjwPWmTYbC2Ehc_Bk4kR9yg,Electronic music,6711067,98,27400
UCUd0DGXsiCIVqvOci94lnkQ,vivivivivi,https://www.youtube.com/channel/UCUd0DGXsiCIVqvOci94lnkQ,Role-playing video game,23098386,465,96000
UC8taJP20zu3PxChqh1Ol7vw,djsmell,https://www.youtube.com/channel/UC8taJP20zu3PxChqh1Ol7vw,Pop music,111257881,69,221000
UCa9_8C9ebEphjva-P7OV7bA,Lollia,https://www.youtube.com/channel/UCa9_8C9ebEphjva-P7OV7bA,Music of Asia,127123349,148,396000
UCidh1IO3jjrg0ZzJ7XKC9gQ,enfantome (Daphnis / Aya_me),https://www.youtube.com/channel/UCidh1IO3jjrg0ZzJ7XKC9gQ,Pop music,17142567,64,40100
UCrjEDps2C_OPSDOyfz_fpvQ,Umbratic Forest,https://www.youtube.com/channel/UCrjEDps2C_OPSDOyfz_fpvQ,Pop music,9170888,60,43200
UCtn0gYphdmjN0fVtu3rV1LQ,Emma Young,https://www.youtube.com/channel/UCtn0gYphdmjN0fVtu3rV1LQ,Action-adventure game,23912581,76,56200
UCSp2nvM27htoOTD1Cq05N5g,Colm R. McGuinness,https://www.youtube.com/channel/UCSp2nvM27htoOTD1Cq05N5g,Rock music,264083766,536,705000
UCoavM_Q90GHUQ10-pv5wmJQ,Jonathan Young's Studio,https://www.youtube.com/channel/UCoavM_Q90GHUQ10-pv5wmJQ,Pop music,289072,11,31800
UCm_32tsV3ay9UPC36Am6MwA,Trevor McNevan (TEERAWK),https://www.youtube.com/channel/UCm_32tsV3ay9UPC36Am6MwA,,0,0,822
UCv8xpzILpS2IKEd8CUuGd-Q,Thousand Foot Krutch,https://www.youtube.com/channel/UCv8xpzILpS2IKEd8CUuGd-Q,Independent music,1027621985,113,1070000
UCmfxHeODQ-UVWkl1Ogz9nwA,Silos,https://www.youtube.com/channel/UCmfxHeODQ-UVWkl1Ogz9nwA,Electronic music,4707648,167,7900
UCBgwN1tb309rSICXosLt_AQ,Paul McCoy - 12 STONES,https://www.youtube.com/channel/UCBgwN1tb309rSICXosLt_AQ,Pop music,183201,49,2060
UCF2INVe9FGsNWfve9PjJ1Ow,12stonesvideo,https://www.youtube.com/channel/UCF2INVe9FGsNWfve9PjJ1Ow,Christian music,57095152,29,77600
UCYGVLELQNAkZph0C6_sLnLw,Bobby Amaru,https://www.youtube.com/channel/UCYGVLELQNAkZph0C6_sLnLw,Pop music,95329658,538,439000
UCsMzGs6Ig8W7uLeY2F91h4g,AdelitasWayVEVO,https://www.youtube.com/channel/UCsMzGs6Ig8W7uLeY2F91h4g,Independent music,19279582,24,28600
UCF3yjqc-HcchI9IfptJr9Yw,MouseClips,https://www.youtube.com/channel/UCF3yjqc-HcchI9IfptJr9Yw,Video game culture,13935061,554,32600
UCnLguxZssRa2QqnqEuBg36w,kreifish,https://www.youtube.com/channel/UCnLguxZssRa2QqnqEuBg36w,Video game culture,28943305,154,114000
UCVZ1ISzd-ZyWqZzSfSei6Zg,AlucardXIX,https://www.youtube.com/channel/UCVZ1ISzd-ZyWqZzSfSei6Zg,Music,1083515,121,2740
UCDe08Fs0s0YKJuk5h45csAQ,Polyphia,https://www.youtube.com/channel/UCDe08Fs0s0YKJuk5h45csAQ,Independent music,583362523,180,1800000
UC9vBR94ua3sfGh5EudKcF-w,MiniMoon,https://www.youtube.com/channel/UC9vBR94ua3sfGh5EudKcF-w,Action-adventure game,21867160,265,187000
UCVhT9rhCiLfksMCZkBWS6PA,Slick Tracks,https://www.youtube.com/channel/UCVhT9rhCiLfksMCZkBWS6PA,Action game,5222419,133,13400
UCvfSrJPlMl1KxYQI_ZETdtw,Kagi,https://www.youtube.com/channel/UCvfSrJPlMl1KxYQI_ZETdtw,Electronic music,312141,71,2650
UCDnYX2jqzQXMST8Yo4NzQZQ,Vylet Pony,https://www.youtube.com/channel/UCDnYX2jqzQXMST8Yo4NzQZQ,Pop music,37769681,649,100000
UC9Qa0HJBW1C2pXPflbia_TA,Icebell,https://www.youtube.com/channel/UC9Qa0HJBW1C2pXPflbia_TA,Music of Asia,104145,49,2280
UCC5iSsR26AbL93Xh1aW2SGw,Nobelz,https://www.youtube.com/channel/UCC5iSsR26AbL93Xh1aW2SGw,Music of Asia,828121,30,7050
UCUvBGZ8ybpDwCLH9y0vT3ww,mafti,https://www.youtube.com/channel/UCUvBGZ8ybpDwCLH9y0vT3ww,Entertainment,94135,8,5090
UCiSKnkKCKAQVxMUWpZQobuQ,Myuu,https://www.youtube.com/channel/UCiSKnkKCKAQVxMUWpZQobuQ,Music,143467708,282,441000
UC5qqBFOKTNAzIyE4g3SvuwQ,Sleep Deprived,https://www.youtube.com/channel/UC5qqBFOKTNAzIyE4g3SvuwQ,Action game,238771888,636,742000
UCd71KmJZ8mxKGCUDkdNqoWw,DID SCHLATT WIN?,https://www.youtube.com/channel/UCd71KmJZ8mxKGCUDkdNqoWw,Humour,59379225,29,424000
UCp4csaOD64mSzPxbfuzJcuA,Chuckle Sandwich,https://www.youtube.com/channel/UCp4csaOD64mSzPxbfuzJcuA,Film,177194308,227,1080000
UCsoIIWqR_2OAegsUTkY5E1g,Schlatt & Co.,https://www.youtube.com/channel/UCsoIIWqR_2OAegsUTkY5E1g,Action-adventure game,184677805,212,1510000
UCtVGMIBMaLuDHsDUqGwEpnA,coy,https://www.youtube.com/channel/UCtVGMIBMaLuDHsDUqGwEpnA,Hobby,12156417,25,455000
UC94XlnLwRY7AP1GhbfbAcYQ,Anthony Po,https://www.youtube.com/channel/UC94XlnLwRY7AP1GhbfbAcYQ,Entertainment,294013815,182,1970000
UC9Q3suSdhaOYiGgN3L9BJwg,Purpled,https://www.youtube.com/channel/UC9Q3suSdhaOYiGgN3L9BJwg,Action game,128659447,277,1080000
UCX2yC3GtTHws4T-ydc-P5uQ,reyablipblop,https://www.youtube.com/channel/UCX2yC3GtTHws4T-ydc-P5uQ,Video game culture,221677,28,7520
UC9GwB9jYhLBt_kxo-2FXnzA,YuB 2,https://www.youtube.com/channel/UC9GwB9jYhLBt_kxo-2FXnzA,Role-playing video game,4854614,256,88900
UCSOlm_MlqVwymI4SSCxguuw,YuB Music,https://www.youtube.com/channel/UCSOlm_MlqVwymI4SSCxguuw,Rock music,399985,11,15300
UCozORfmIis5Jg6PYSu9eTiw,Liv Sirtoonski,https://www.youtube.com/channel/UCozORfmIis5Jg6PYSu9eTiw,,0,0,49
UCEbinpmUjQ6zlZqhG8uZ9iA,Poiuy - Topic,https://www.youtube.com/channel/UCEbinpmUjQ6zlZqhG8uZ9iA,Electronic music,3565,22,5
UCK7OXr0m5mnM1z9p7n_Bwfw,DAGames,https://www.youtube.com/channel/UCK7OXr0m5mnM1z9p7n_Bwfw,Music,1265595094,1743,2360000
UCHwrVzNBkBB0_fh5rhwiOmg,myhazymind,https://www.youtube.com/channel/UCHwrVzNBkBB0_fh5rhwiOmg,Video game culture,2220,5,35
UC-YX2k2H8VkekijQgn5Eq7Q,Freddie Evans,https://www.youtube.com/channel/UC-YX2k2H8VkekijQgn5Eq7Q,Independent music,7746549,88,8460
UC_xcYqaPDdT_U3hldXw-Bug,KaitieKat,https://www.youtube.com/channel/UC_xcYqaPDdT_U3hldXw-Bug,,0,0,6
UCdST1etqe7vuOTU7lPSF_jA,Sobbs Russell,https://www.youtube.com/channel/UCdST1etqe7vuOTU7lPSF_jA,Independent music,25765,9,327
UCmmt_puWbvAAfhjpUtUyNjQ,Nate,https://www.youtube.com/channel/UCmmt_puWbvAAfhjpUtUyNjQ,Entertainment,34337,46,487
UCseRTX4jbdBx5BXMNTfjh3g,Studi01,https://www.youtube.com/channel/UCseRTX4jbdBx5BXMNTfjh3g,Pop music,10812855,65,32200
UCMlVbAybqKFZMlJIY4-n47Q,XGBX Dasian,https://www.youtube.com/channel/UCMlVbAybqKFZMlJIY4-n47Q,Entertainment,79811137,110,181000
UCUi2_zgw1I634-M7szT3PAw,Lizzy Ann,https://www.youtube.com/channel/UCUi2_zgw1I634-M7szT3PAw,Pop music,247266,128,5490
UCZZsaWwTN9e7HXubktfD9jQ,LX,https://www.youtube.com/channel/UCZZsaWwTN9e7HXubktfD9jQ,Pop music,6207364,434,22000
UC5qat3kGDI0F4ItqwnJaNKQ,snorkatje,https://www.youtube.com/channel/UC5qat3kGDI0F4ItqwnJaNKQ,Electronic music,4810967,856,15900
UCHnW8l8WtGz6LvLGR168ORg,Caspy,https://www.youtube.com/channel/UCHnW8l8WtGz6LvLGR168ORg,Electronic music,58009,51,759
UC36LeaN8y3_vQJSh1JE8liA,34 District,https://www.youtube.com/channel/UC36LeaN8y3_vQJSh1JE8liA,Pop music,471291,137,2110
UC_foZnJeK8rP0C4ENG4fR1Q,Fain 魂,https://www.youtube.com/channel/UC_foZnJeK8rP0C4ENG4fR1Q,Entertainment,31085888,360,73900
UC_lmCnItO1EWczmn5HtwvuQ,shushuboi,https://www.youtube.com/channel/UC_lmCnItO1EWczmn5HtwvuQ,Hip hop music,1066005,451,6020
UC7WbVbMJipNOSgW1Je-c9ZA,TRIFREEZE,https://www.youtube.com/channel/UC7WbVbMJipNOSgW1Je-c9ZA,Lifestyle (sociology),10965776,159,132000
UCt_9FSis3UCR_uN2DrWANkA,yungmangomusic,https://www.youtube.com/channel/UCt_9FSis3UCR_uN2DrWANkA,Film,132455,13,873
UCvf9lW8160rMO-gQEvKj5-g,CADENCE,https://www.youtube.com/channel/UCvf9lW8160rMO-gQEvKj5-g,Music,22030440,428,77600
UCnYWMz65DdlgV1k2aoP2WQw,NEMYA PRODUCTION,https://www.youtube.com/channel/UCnYWMz65DdlgV1k2aoP2WQw,Pop music,333997,227,2270
UCIEVJfQDwjhiZlgWRn9HSpA,It's KADO,https://www.youtube.com/channel/UCIEVJfQDwjhiZlgWRn9HSpA,Soul music,265270,106,2160
UCzFJ9AvOU97eARE_sHGaNmQ,McX,https://www.youtube.com/channel/UCzFJ9AvOU97eARE_sHGaNmQ,Electronic music,2191869,475,11100
UCY3aIDnrynqqlChK2HfMmMQ,Cap Cort,https://www.youtube.com/channel/UCY3aIDnrynqqlChK2HfMmMQ,Electronic music,3415141,67,16800
UCn3W7pGYyzwMN52RdCDN0cA,axstxn,https://www.youtube.com/channel/UCn3W7pGYyzwMN52RdCDN0cA,Entertainment,26176,34,94
UCtvt20z_cr9QXyRF4sT8dHQ,JinniV,https://www.youtube.com/channel/UCtvt20z_cr9QXyRF4sT8dHQ,Music of Asia,13518,8,358
UCGouRKJdNZskJvrHZSV6hzA,AsaphDaKing,https://www.youtube.com/channel/UCGouRKJdNZskJvrHZSV6hzA,Electronic music,2804430,243,13300
UCNUl2ozi33XcCy3yqhVtUPQ,LOOP FX,https://www.youtube.com/channel/UCNUl2ozi33XcCy3yqhVtUPQ,Music,31045,37,1300
UCe7uG6Hekxobsu_rdRval4Q,Tere Chi,https://www.youtube.com/channel/UCe7uG6Hekxobsu_rdRval4Q,Hip hop music,18146,5,326
UCYysJxvgOX4niSvUf2xLH9A,tr3dawggg,https://www.youtube.com/channel/UCYysJxvgOX4niSvUf2xLH9A,Music,133191,74,672
UCRxYLU8m_qPzQOiRSoxfjHQ,R-Zeta,https://www.youtube.com/channel/UCRxYLU8m_qPzQOiRSoxfjHQ,Film,7573,3,1520
UCLdY2s5vi4UHPMc5oOkmuaw,BIG LAX,https://www.youtube.com/channel/UCLdY2s5vi4UHPMc5oOkmuaw,Electronic music,173920,20,578
UCeH-EMXgtSKd7MLQ1vmWkKQ,Prod. OmarCameUp,https://www.youtube.com/channel/UCeH-EMXgtSKd7MLQ1vmWkKQ,Hip hop music,163146,96,1580
UCJ-B8tnJLgnxv7cEPKew9pw,cammyy,https://www.youtube.com/channel/UCJ-B8tnJLgnxv7cEPKew9pw,Hip hop music,513224,272,2010
UCtxgFCLg2E8b3l_wP6HMXKQ,Jeesh,https://www.youtube.com/channel/UCtxgFCLg2E8b3l_wP6HMXKQ,Music,1560541,124,5950
UCDJbJhZuEFF8X-npl1tPUrQ,prodbyIOF,https://www.youtube.com/channel/UCDJbJhZuEFF8X-npl1tPUrQ,Rock music,49748460,896,155000
UCchZCZ0pJKMGbNBvD9Gl5vw,CLAMS-TV,https://www.youtube.com/channel/UCchZCZ0pJKMGbNBvD9Gl5vw,Video game culture,4793,12,88
UCshAqaVdjzHdcBdLJXiuWFA,Goodjohn Beats,https://www.youtube.com/channel/UCshAqaVdjzHdcBdLJXiuWFA,Electronic music,3483794,691,14900
UCkCsd5HkmqYZEMm6VmBd-Yg,ERLAX,https://www.youtube.com/channel/UCkCsd5HkmqYZEMm6VmBd-Yg,Electronic music,18301474,532,54700
UC2MnRdUULf1M3rtYwKA-Rog,CaliberBeats,https://www.youtube.com/channel/UC2MnRdUULf1M3rtYwKA-Rog,Electronic music,2345314,289,14800
UCTfWm3pwShl_KQ7-63Qcbng,Gobes,https://www.youtube.com/channel/UCTfWm3pwShl_KQ7-63Qcbng,Hip hop music,16537,27,3520
UCC1YQfh-e-NLaiLEEU0O2mw,CollinsCamera,https://www.youtube.com/channel/UCC1YQfh-e-NLaiLEEU0O2mw,Hobby,100365,113,236
UCK5W6pW3lqmdrQSOzqE-QBA,Moxas,https://www.youtube.com/channel/UCK5W6pW3lqmdrQSOzqE-QBA,Electronic music,3599880,6,79300
UCUh2wU2tzWCJM6_pciXH3VQ,Zensei Bread,https://www.youtube.com/channel/UCUh2wU2tzWCJM6_pciXH3VQ,Electronic music,4820,57,202
UC11R_RIx7WyJiDH9a7RfwjQ,Daddyphatsnaps,https://www.youtube.com/channel/UC11R_RIx7WyJiDH9a7RfwjQ,Entertainment,454969719,709,571000
UCFFPboHPFYN0V9-sDrl_j0w,Kadesh Flow,https://www.youtube.com/channel/UCFFPboHPFYN0V9-sDrl_j0w,Film,2212795,150,10900
UCRvvX-wdrjrjYnraqPzjpLw,Stargirl,https://www.youtube.com/channel/UCRvvX-wdrjrjYnraqPzjpLw,,0,0,2520
UCa8Eg040AJe-FnQE8qsxg4A,Ben Schuller,https://www.youtube.com/channel/UCa8Eg040AJe-FnQE8qsxg4A,Hip hop music,19071701,404,149000
UCcp1BdbmWa9xEXujKtgQ-VQ,FabvL,https://www.youtube.com/channel/UCcp1BdbmWa9xEXujKtgQ-VQ,Rock music,427499289,271,799000
UC4W3ZoL6CUKLQ67mtKD3F7w,Exilian,https://www.youtube.com/channel/UC4W3ZoL6CUKLQ67mtKD3F7w,Hip hop music,3313686,176,15600
UCKPOgWKSWekmuBNiRWrNbqw,Nugget,https://www.youtube.com/channel/UCKPOgWKSWekmuBNiRWrNbqw,Film,26340,20,1020
UC__G3Sqykc2ONvaa3B175sQ,oknez,https://www.youtube.com/channel/UC__G3Sqykc2ONvaa3B175sQ,Action-adventure game,162082,45,2120
UCPhs80aI8yQNsyXuYBU2D5A,Theocles - Topic,https://www.youtube.com/channel/UCPhs80aI8yQNsyXuYBU2D5A,Rock music,349,5,13
UCk8Wshx-TprYdmwrZKMbnhg,ayvó,https://www.youtube.com/channel/UCk8Wshx-TprYdmwrZKMbnhg,Soul music,320,11,58
UCGHk0M08emaMsHM86DIr9Pw,beatsbymentura,https://www.youtube.com/channel/UCGHk0M08emaMsHM86DIr9Pw,Soul music,2434238,423,3380
UCNEUlyqtI54P3EI0q8BWeSA,Matthew May 2,https://www.youtube.com/channel/UCNEUlyqtI54P3EI0q8BWeSA,Pop music,0,0,1530
UCsQ0U37tbVccAEFLRneGWuw,MR. EPEE,https://www.youtube.com/channel/UCsQ0U37tbVccAEFLRneGWuw,Rhythm and blues,209480,88,2120
UCkM6uxu-96tYDAI4fSOGGlw,S,https://www.youtube.com/channel/UCkM6uxu-96tYDAI4fSOGGlw,Entertainment,685476,17,7670
UCsaydbsAGFFJFSd-nf4sHYA,Yagi,https://www.youtube.com/channel/UCsaydbsAGFFJFSd-nf4sHYA,Hip hop music,80361,30,468
UCZEFZczf7LLpuoA8M39-h1A,Faro,https://www.youtube.com/channel/UCZEFZczf7LLpuoA8M39-h1A,Film,326643,261,760
UC8XHIJsa7AniFUsNQCpG06g,ProdBob,https://www.youtube.com/channel/UC8XHIJsa7AniFUsNQCpG06g,Music of Latin America,548,31,15
UCJjnv5e_HZcH0GJnh8l7yxQ,Karo,https://www.youtube.com/channel/UCJjnv5e_HZcH0GJnh8l7yxQ,Independent music,9435,22,549
UCBc6A7dAHUH3evSpUFz98SQ,3on3 FreeStyle Official,https://www.youtube.com/channel/UCBc6A7dAHUH3evSpUFz98SQ,Action game,4049172,402,22600
UCSn8htYYDE2Ho0gRuiHO5Lw,chanson,https://www.youtube.com/channel/UCSn8htYYDE2Ho0gRuiHO5Lw,Action-adventure game,8674,16,134
UCeVz3UbO2fshiRCw5TQvT_w,DJ PRIZRAK,https://www.youtube.com/channel/UCeVz3UbO2fshiRCw5TQvT_w,Hip hop music,0,0,67
UCFyCavx0R3yI01XGSA058Sg,swxy88,https://www.youtube.com/channel/UCFyCavx0R3yI01XGSA058Sg,Electronic music,0,0,714
UCE-rP-7YMlQWF8auV0q-X0Q,Devv beats,https://www.youtube.com/channel/UCE-rP-7YMlQWF8auV0q-X0Q,Hip hop music,169930,65,1010
UCWJBIkoUPrBnlFsu4RsuplA,JR 808,https://www.youtube.com/channel/UCWJBIkoUPrBnlFsu4RsuplA,Music,30532804,1217,69400
UC5INZrdy_4DrwWrEiohH9Ag,Jhbboss - Topic,https://www.youtube.com/channel/UC5INZrdy_4DrwWrEiohH9Ag,Electronic music,44172,25,214
UC5T0wZumYm7feZl445azfog,Ham Sandwich,https://www.youtube.com/channel/UC5T0wZumYm7feZl445azfog,Music,69546592,268,112000
UCfX0_F6eJDrhqixU435mZlg,Ty Wild,https://www.youtube.com/channel/UCfX0_F6eJDrhqixU435mZlg,Pop music,688875,7,11400
UCNajLBD8Z98l_JEN4XnE4zg,bsterthegawd,https://www.youtube.com/channel/UCNajLBD8Z98l_JEN4XnE4zg,Hip hop music,568619,106,6230
UCLbCduuw9doyXwdQIyOJCiQ,Ayo Oddwin!,https://www.youtube.com/channel/UCLbCduuw9doyXwdQIyOJCiQ,Hip hop music,24375227,146,158000
UCRNa0iUrtiJXlzM8ySdwasg,Aerial Ace,https://www.youtube.com/channel/UCRNa0iUrtiJXlzM8ySdwasg,Entertainment,3807942,197,12400
UCDjcAKycFV0I_qXiWkGhIRg,Nick Petroski Films,https://www.youtube.com/channel/UCDjcAKycFV0I_qXiWkGhIRg,,1331,3,5
UCYE0mCiufhuGXcPc2uCaaOA,Stephen Xavier Music,https://www.youtube.com/channel/UCYE0mCiufhuGXcPc2uCaaOA,Rhythm and blues,3097,5,190
UCUwjG7gsEOqnAYx2aQS7SLQ,Kroco Music,https://www.youtube.com/channel/UCUwjG7gsEOqnAYx2aQS7SLQ,Video game culture,2374,16,57
UC0et5s8nWk6GHGaO4nmFERg,l,https://www.youtube.com/channel/UC0et5s8nWk6GHGaO4nmFERg,,0,0,266
UC6MTdx-4PXuI-J12AD3mAoQ,Void Jumper Amv,https://www.youtube.com/channel/UC6MTdx-4PXuI-J12AD3mAoQ,Pop music,83615,76,377
UCZqIGiid88QXivL_1dSZ6Uw,Mavis AMV,https://www.youtube.com/channel/UCZqIGiid88QXivL_1dSZ6Uw,Hobby,379515,820,769
UCkTAXJkY4YEd5IfpiTaKuDw,royale roger,https://www.youtube.com/channel/UCkTAXJkY4YEd5IfpiTaKuDw,Independent music,81867,49,243
UC9bgfkRL2xK7YWfjKxgv-_Q,Jacob Cass,https://www.youtube.com/channel/UC9bgfkRL2xK7YWfjKxgv-_Q,Film,6379854,74,17400
UCMIxhzGAt-mA0uaHnajnXTw,Abhimax,https://www.youtube.com/channel/UCMIxhzGAt-mA0uaHnajnXTw,Hip hop music,13445,49,344
UCmJyHis1vKOakMV4fM4QWFQ,Connor Quest!,https://www.youtube.com/channel/UCmJyHis1vKOakMV4fM4QWFQ,Entertainment,31148784,225,91600
UC0sA0pDYvbCwhtT6wSYxb1A,ringo,https://www.youtube.com/channel/UC0sA0pDYvbCwhtT6wSYxb1A,Music of Asia,153658,13,1010
UCd4MotTJ0FxCQhNgqFVpEOQ,llouis,https://www.youtube.com/channel/UCd4MotTJ0FxCQhNgqFVpEOQ,Electronic music,77560492,820,191000
UCxjNU0AJNHsGWnlcoc8yCUQ,SL!CK,https://www.youtube.com/channel/UCxjNU0AJNHsGWnlcoc8yCUQ,Electronic music,7702611,145,20300
UC_D1e4GqdDXLR95laOZOAKA,onx,https://www.youtube.com/channel/UC_D1e4GqdDXLR95laOZOAKA,Entertainment,384075,52,1690
UCZaE6un_-u2d_e5QODCH_rg,prod. DTM,https://www.youtube.com/channel/UCZaE6un_-u2d_e5QODCH_rg,Electronic music,20886525,203,12700
UCbdu85u5khdRaaOb5ufUAHg,vaekyo,https://www.youtube.com/channel/UCbdu85u5khdRaaOb5ufUAHg,Video game culture,289275,81,2510
UC92Z23d7Ih55RSlPZ0wCKcw,Code Blu,https://www.youtube.com/channel/UC92Z23d7Ih55RSlPZ0wCKcw,Electronic music,267932,109,1580
UCMevyfDLzb_7sNoseXor6wQ,GalickZ,https://www.youtube.com/channel/UCMevyfDLzb_7sNoseXor6wQ,Music,682363,212,3520
UCArODNtnweyZ98EjOXbAtkQ,Zenvui,https://www.youtube.com/channel/UCArODNtnweyZ98EjOXbAtkQ,,59663,69,908
UCD3YMEecKKP_X7p243xeJqw,Whitemayo,https://www.youtube.com/channel/UCD3YMEecKKP_X7p243xeJqw,Electronic music,9086849,1311,58600
UC4y4phAbRO2caciPozRpzHQ,Gumitton,https://www.youtube.com/channel/UC4y4phAbRO2caciPozRpzHQ,,117,1,45
UC2kJPmcu2_vsqlERch3dAuQ,Patboi617,https://www.youtube.com/channel/UC2kJPmcu2_vsqlERch3dAuQ,Hip hop music,685480,14,1380
UCSUqqppQgHhjP7X3jLjbQIg,Walnutgod,https://www.youtube.com/channel/UCSUqqppQgHhjP7X3jLjbQIg,Entertainment,192704,36,1310
UCZQgWENorBkfloYfvrAex3w,Mo Beats,https://www.youtube.com/channel/UCZQgWENorBkfloYfvrAex3w,Hip hop music,20363891,1041,63400
UCyKlA1LfDSedJ09FDPUWwjA,DO SoS Beats,https://www.youtube.com/channel/UCyKlA1LfDSedJ09FDPUWwjA,Electronic music,220147,71,904
UC1gzqiEweBsViqaKZPPy78Q,Sh!nki,https://www.youtube.com/channel/UC1gzqiEweBsViqaKZPPy78Q,Action game,1022892,277,3340
UCRT9-BHynoMJor7zY-LAvXQ,Varrio,https://www.youtube.com/channel/UCRT9-BHynoMJor7zY-LAvXQ,Hip hop music,11614,10,90
UCQiruXY-UZf3gBpJiQHSfKA,Chkody,https://www.youtube.com/channel/UCQiruXY-UZf3gBpJiQHSfKA,Electronic music,4097061,873,14500
UCULtxQbWvE9K5UczYWvXcKQ,Kahze,https://www.youtube.com/channel/UCULtxQbWvE9K5UczYWvXcKQ,Film,2225847,185,6070
UCIg-xT74b-MwmaOEttRZcww,artistikew,https://www.youtube.com/channel/UCIg-xT74b-MwmaOEttRZcww,Electronic music,5540,12,151
UCs0wfKPN8M7rmb2U_oDf-Pw,DO SoS Beats Ⅱ,https://www.youtube.com/channel/UCs0wfKPN8M7rmb2U_oDf-Pw,Hip hop music,2233,75,26
UC1Lh229MDUqKjU_mqY1vfQw,Geedix,https://www.youtube.com/channel/UC1Lh229MDUqKjU_mqY1vfQw,Electronic music,3856542,63,22700
UCW9If-gqh632-0WfQ74tdsg,LukeDSeven,https://www.youtube.com/channel/UCW9If-gqh632-0WfQ74tdsg,,847266,1,4050
UCSER5_zyq791bAiPQXxjEcQ,CRYSTADYNE,https://www.youtube.com/channel/UCSER5_zyq791bAiPQXxjEcQ,Entertainment,292842,8,202
UCaaDqZMsxiJt9bUQKGqD2kA,ChewieCatt,https://www.youtube.com/channel/UCaaDqZMsxiJt9bUQKGqD2kA,Pop music,530258344,295,1040000
UC2F9dBMHGPOTy80Yl6D_n2Q,Logan Pettipas,https://www.youtube.com/channel/UC2F9dBMHGPOTy80Yl6D_n2Q,Video game culture,19300479,790,44600
UCiNpplNKUqdY82UjYNTYWlw,Louverture,https://www.youtube.com/channel/UCiNpplNKUqdY82UjYNTYWlw,Hip hop music,1019489,98,6760
UCm8Dj7dQ0oRHXNUXF31kjEw,Silvervale,https://www.youtube.com/channel/UCm8Dj7dQ0oRHXNUXF31kjEw,Action-adventure game,52887858,976,390000
UCPrK4BIeiZPadVtEggzejYQ,Justine's Mic,https://www.youtube.com/channel/UCPrK4BIeiZPadVtEggzejYQ,Independent music,51056628,101,132000
UC2IJ8gsFcVHgr67fB-RfmHw,Kyuzi,https://www.youtube.com/channel/UC2IJ8gsFcVHgr67fB-RfmHw,Soul music,170843,17,863
UC0VAc5Xs2DihEjcVCDol8Jg,dotyk aniola,https://www.youtube.com/channel/UC0VAc5Xs2DihEjcVCDol8Jg,,346,2,87
UCcPmU4xuBC_TA6qqMaXe0Xw,prod.bloom7k,https://www.youtube.com/channel/UCcPmU4xuBC_TA6qqMaXe0Xw,Hip hop music,1726745,966,6890
UCz5shmdACmzpdj6lEU2Nlnw,bxsedshawtii,https://www.youtube.com/channel/UCz5shmdACmzpdj6lEU2Nlnw,Music,7839,27,89
UCkGuy2uqBsz9AfLfo0pIk0Q,Kairo Keyz,https://www.youtube.com/channel/UCkGuy2uqBsz9AfLfo0pIk0Q,Music,39450025,24,93100
UC8BjDleMFNvnikjAI6GdBPg,Mateusz Urbanowicz,https://www.youtube.com/channel/UC8BjDleMFNvnikjAI6GdBPg,Hobby,9178242,265,220000
UCoVQSxuSr-nSvXKf0gONFtg,mclelun,https://www.youtube.com/channel/UCoVQSxuSr-nSvXKf0gONFtg,Hobby,9492433,640,98300
UCtGoikgbxP4F3rgI9PldI9g,Super Eyepatch Wolf,https://www.youtube.com/channel/UCtGoikgbxP4F3rgI9PldI9g,Film,229290000,130,1830000
UCcX0NaWGYrtrczjOxvmmgmg,Kuzomari,https://www.youtube.com/channel/UCcX0NaWGYrtrczjOxvmmgmg,Hobby,16269754,274,253000
UCvMBMKniUFj89VwhH-MOG8w,Whyt Manga,https://www.youtube.com/channel/UCvMBMKniUFj89VwhH-MOG8w,Hobby,45177490,723,554000
UCKJ5T4r_L1vh_nfYBF1k95g,T2norway,https://www.youtube.com/channel/UCKJ5T4r_L1vh_nfYBF1k95g,Video game culture,8661322,145,61500
UCpU6wzwKXR2BQnd9nBdlIXw,NIRO,https://www.youtube.com/channel/UCpU6wzwKXR2BQnd9nBdlIXw,Hobby,13237671,25,335000
UCNOqSNP1lBfte96wI1jUsjw,Augie,https://www.youtube.com/channel/UCNOqSNP1lBfte96wI1jUsjw,Lifestyle (sociology),4664965,167,34300
UCbJ_4B1KeJsLWbHffAgWebQ,Legend Of Dono,https://www.youtube.com/channel/UCbJ_4B1KeJsLWbHffAgWebQ,Film,95737,13,1890
UCvUnvQCY25x29eJdDbr126w,inakyu,https://www.youtube.com/channel/UCvUnvQCY25x29eJdDbr126w,Film,6259146,87,83400
UCyQI2XJY_E5XWhMvjC74A7g,Johnny Star,https://www.youtube.com/channel/UCyQI2XJY_E5XWhMvjC74A7g,Film,3037875,58,54400
UC2PqMuVxs-y6zBJjNEyZa5A,tppo,https://www.youtube.com/channel/UC2PqMuVxs-y6zBJjNEyZa5A,Lifestyle (sociology),16368373,50,435000
UCjVX8mbptBpoxbGgBQnEZEQ,qrbits,https://www.youtube.com/channel/UCjVX8mbptBpoxbGgBQnEZEQ,Hobby,7855285,76,200000
UChR-g_CMniP-3ZLr_Lni10g,ross gossage,https://www.youtube.com/channel/UChR-g_CMniP-3ZLr_Lni10g,Music of Latin America,16145644,988,54800
UCEidTvcQp1EE6bJL2SMNOwQ,Aybe,https://www.youtube.com/channel/UCEidTvcQp1EE6bJL2SMNOwQ,Hip hop music,15393870,774,42500
UC88_PcM-VP2UjIjpeogiUfQ,Grow Beatz,https://www.youtube.com/channel/UC88_PcM-VP2UjIjpeogiUfQ,Hip hop music,16581810,1408,55400
UCaQ9JsB-DmwbQdhOTultlkQ,N_OVA,https://www.youtube.com/channel/UCaQ9JsB-DmwbQdhOTultlkQ,Hip hop music,1130513,1034,3410
UCRktvKSxx1lPZkStnq_CdLA,Sammy Tighe,https://www.youtube.com/channel/UCRktvKSxx1lPZkStnq_CdLA,Entertainment,28209,24,732
UCkOF6RWcTd_kHBY55xLx8Ig,JaronOnTheBeat,https://www.youtube.com/channel/UCkOF6RWcTd_kHBY55xLx8Ig,Music,4194,14,264
UCFlct_bS2bnjK0z0OxB9T6Q,V!CE Watched it,https://www.youtube.com/channel/UCFlct_bS2bnjK0z0OxB9T6Q,Film,355315,243,2770
UCFslbKK7rqGXEi036PS_G3w,ITB,https://www.youtube.com/channel/UCFslbKK7rqGXEi036PS_G3w,Electronic music,1868927,810,4700
UCWCyHFF3VDD3fhrwbmedaBw,Mathieux Davis,https://www.youtube.com/channel/UCWCyHFF3VDD3fhrwbmedaBw,Christian music,5726981,79,52200
UCpGOvdhsaaKDxqlGSU1a6jQ,RJ Pasin,https://www.youtube.com/channel/UCpGOvdhsaaKDxqlGSU1a6jQ,Electronic music,100937470,698,337000
UCQGNT-73m6587RopU_Xa8-A,MIDORIMATCHA,https://www.youtube.com/channel/UCQGNT-73m6587RopU_Xa8-A,Film,17561730,205,93300
UCQ_K9N3ItSv9bu6noZP99mg,Magnprix,https://www.youtube.com/channel/UCQ_K9N3ItSv9bu6noZP99mg,Entertainment,1179,6,4
UC-g6ZApJDegzvmDNIG_osow,HYPERPRINT STUDIOS,https://www.youtube.com/channel/UC-g6ZApJDegzvmDNIG_osow,Entertainment,552,7,22
UCiFekg9T5FAgkB8q30JpiZw,prod buss,https://www.youtube.com/channel/UCiFekg9T5FAgkB8q30JpiZw,Electronic music,0,0,28
UCQmTZZ8QO1skM92MwYibi_A,MIRAKLE,https://www.youtube.com/channel/UCQmTZZ8QO1skM92MwYibi_A,Music of Asia,170667,93,1290
UCiUhWql1RGq1YQ4mntHCnEw,Tajiez,https://www.youtube.com/channel/UCiUhWql1RGq1YQ4mntHCnEw,Hip hop music,5803659,1185,25900
UCGtiBRZoUpNcDl_o7P9rgsQ,ErriEssi,https://www.youtube.com/channel/UCGtiBRZoUpNcDl_o7P9rgsQ,Video game culture,2845,13,495
UCySgmHOJd-osqVY0XvM1FOw,Shouto arquivos (canal novo na box),https://www.youtube.com/channel/UCySgmHOJd-osqVY0XvM1FOw,Entertainment,247191,15,8320
UC8kADI6YRLdUeEF4xZWjuLg,Baby Yuki,https://www.youtube.com/channel/UC8kADI6YRLdUeEF4xZWjuLg,Electronic music,67508,63,763
UCBAOWVkvs19Uaw6p7BtE-Mg,SHAAH,https://www.youtube.com/channel/UCBAOWVkvs19Uaw6p7BtE-Mg,Role-playing video game,11743,15,129
UC1WGL0sSO6FofCn0YHxVWww,Prod. Inoue!,https://www.youtube.com/channel/UC1WGL0sSO6FofCn0YHxVWww,Hip hop music,135189,223,735
UCHanBDtNpt4MfCn635xa18Q,wavmvrcy,https://www.youtube.com/channel/UCHanBDtNpt4MfCn635xa18Q,Electronic music,48793,137,659
UCLhaGmGhNvuTM0wg1WQUOzw,DAVDEE,https://www.youtube.com/channel/UCLhaGmGhNvuTM0wg1WQUOzw,Entertainment,356737,62,2070
UCNRaln6tin8NhYVNT8wIw7g,Jaxks Veil,https://www.youtube.com/channel/UCNRaln6tin8NhYVNT8wIw7g,Music of Asia,39086,23,470
UCsiFvGaBzTTkQYPLEa4Kp3A,jxsie beats,https://www.youtube.com/channel/UCsiFvGaBzTTkQYPLEa4Kp3A,Hip hop music,9086238,292,41200
UCicw_KR_pSwT370W1CuSGHA,Rollie,https://www.youtube.com/channel/UCicw_KR_pSwT370W1CuSGHA,Hip hop music,47490204,2386,114000
UCIa5NEerRvkC2Wd6lRG9xyg,JPatz,https://www.youtube.com/channel/UCIa5NEerRvkC2Wd6lRG9xyg,Music,3985703,2591,17800
UCNLjRiychUaaCU0uJTYDUYA,Freshy Kanal,https://www.youtube.com/channel/UCNLjRiychUaaCU0uJTYDUYA,Film,131381125,210,329000
UCTof2VTt3aPQBzWtLgP5u1A,Golden EMP,https://www.youtube.com/channel/UCTof2VTt3aPQBzWtLgP5u1A,Pop music,745760,35,5840
UC9Nslyb3deOJbtmGuHUgTww,Politicess,https://www.youtube.com/channel/UC9Nslyb3deOJbtmGuHUgTww,Music,69882,23,1340
UCj4ni0IE9ljKhF21wNvvH-Q,SK,https://www.youtube.com/channel/UCj4ni0IE9ljKhF21wNvvH-Q,Electronic music,76649,54,176
UC2jxJHf569ZcA6LHajBZ7rg,RUSTAGE,https://www.youtube.com/channel/UC2jxJHf569ZcA6LHajBZ7rg,Electronic music,990106052,416,1660000
UCl6-zNBmmXpgSDMmD0j_K_w,Lauren Babic,https://www.youtube.com/channel/UCl6-zNBmmXpgSDMmD0j_K_w,Pop music,122329916,218,703000
UC_kCQjGO1EEQ7fOxJJVQ35g,Mozxu,https://www.youtube.com/channel/UC_kCQjGO1EEQ7fOxJJVQ35g,Pop music,161920,97,1030
UCh2-8G6kx-e1p51teCP_kjw,Eclypse,https://www.youtube.com/channel/UCh2-8G6kx-e1p51teCP_kjw,Electronic music,188933,62,1560
UCEJIA-Ob26i5ci3RHrbPhRw,ISSa_cRIT,https://www.youtube.com/channel/UCEJIA-Ob26i5ci3RHrbPhRw,Film,2988101,2603,17200
UCnPz4XBkApiBzJwGCggHp4Q,Dean | Nerdcore Creator,https://www.youtube.com/channel/UCnPz4XBkApiBzJwGCggHp4Q,Hip hop music,931166,1011,4500
UC8qZXzUJpD6INkd0n_hRmZA,Red Rob,https://www.youtube.com/channel/UC8qZXzUJpD6INkd0n_hRmZA,Music,3484387,561,7620
UCWLCw3ABF6XmKsLaKbX2QPA,Ky Nova,https://www.youtube.com/channel/UCWLCw3ABF6XmKsLaKbX2QPA,Pop music,91087,50,385
UCXCjcHIczwEHfbMF1ZqxwWg,PAYNE,https://www.youtube.com/channel/UCXCjcHIczwEHfbMF1ZqxwWg,Entertainment,453711,104,3400
UCRYI4keSzjfqbH9du4HbtHA,KyG Beats,https://www.youtube.com/channel/UCRYI4keSzjfqbH9du4HbtHA,Pop music,1302069,480,7820
UCYHdZ8Ztg558Lvbl1zaB9Jw,swain,https://www.youtube.com/channel/UCYHdZ8Ztg558Lvbl1zaB9Jw,Electronic music,2932734,148,7090
UClDy-834M9VjhiKXwPDAe7A,JohnnyFerno,https://www.youtube.com/channel/UClDy-834M9VjhiKXwPDAe7A,Action game,3343952,681,11300
UCa8KUl3QHOuNfnxfNly-qXw,musty max,https://www.youtube.com/channel/UCa8KUl3QHOuNfnxfNly-qXw,Film,5961,39,170
UC2jkxTJlrYyahXEtTGjD59Q,NOVAKAST.,https://www.youtube.com/channel/UC2jkxTJlrYyahXEtTGjD59Q,Rock music,1492423,158,6590
UCRn4Jb7rEnDSJ0QwrquD2tA,Dazen,https://www.youtube.com/channel/UCRn4Jb7rEnDSJ0QwrquD2tA,Hip hop music,8874916,501,26500
UCY-KzynMJyYP2Xu4dP9dakQ,ezy,https://www.youtube.com/channel/UCY-KzynMJyYP2Xu4dP9dakQ,Hip hop music,1189922,407,4680
UCkv__Ax89HAGw4I5OQVSG_w,CPrickR,https://www.youtube.com/channel/UCkv__Ax89HAGw4I5OQVSG_w,Hip hop music,24039,27,456
UCWMDuOqxPIGYrTn7m3H6riA,Where is Blix?,https://www.youtube.com/channel/UCWMDuOqxPIGYrTn7m3H6riA,Electronic music,524252,19,1170
UCB74I2EiE5dC0CAeDXbBjfA,swampsniper,https://www.youtube.com/channel/UCB74I2EiE5dC0CAeDXbBjfA,Entertainment,889002940,509,1800000
UCAJNRT2xIBYBsomYXo9u5LA,awesamdude,https://www.youtube.com/channel/UCAJNRT2xIBYBsomYXo9u5LA,,0,0,84600
UC24-XPATP4CeviFJ8SLiF8A,Graser,https://www.youtube.com/channel/UC24-XPATP4CeviFJ8SLiF8A,Role-playing video game,681357940,3433,3240000
UCcHYmDcbHmGIebwGYgLQDOw,BTMC,https://www.youtube.com/channel/UCcHYmDcbHmGIebwGYgLQDOw,Music video game,89777046,542,384000
UCmUKewwuQJY2k2sw6lLTZmA,Daquavis,https://www.youtube.com/channel/UCmUKewwuQJY2k2sw6lLTZmA,Role-playing video game,9818808104,1081,13700000
UC3WPr2tp5UaVIMxbowcpu3A,Punz,https://www.youtube.com/channel/UC3WPr2tp5UaVIMxbowcpu3A,Simulation video game,3515400,26,298000
UCV-a-2sT_5z9bt5lktscUdQ,Colossal Biosciences,https://www.youtube.com/channel/UCV-a-2sT_5z9bt5lktscUdQ,Lifestyle (sociology),184897997,449,652000
UC-lHJZR3Gqxm24_Vd_AJ5Yw,PewDiePie,https://www.youtube.com/channel/UC-lHJZR3Gqxm24_Vd_AJ5Yw,Lifestyle (sociology),29509577208,4663,110000000
UC_slDWTPHflhuZqbGc8u4yA,RAINBOLT,https://www.youtube.com/channel/UC_slDWTPHflhuZqbGc8u4yA,Video game culture,105403875,162,1120000
UCSJ4gkVC6NrvII8umztf0Ow,Lofi Girl,https://www.youtube.com/channel/UCSJ4gkVC6NrvII8umztf0Ow,Music,2617265261,415,15800000
UC6Kjx3ro0TjWIITcL8ItPGw,Sive,https://www.youtube.com/channel/UC6Kjx3ro0TjWIITcL8ItPGw,Entertainment,25751591,46,500000
UCivtAzCENYI1jb6Clxydvdw,WIT STUDIO,https://www.youtube.com/channel/UCivtAzCENYI1jb6Clxydvdw,Lifestyle (sociology),6905506,133,56400
UCIPPMRA040LQr5QPyJEbmXA,MrBeast Gaming,https://www.youtube.com/channel/UCIPPMRA040LQr5QPyJEbmXA,Simulation video game,11094915051,175,57500000
UCW07alAefFXWdo7RgEDtBcQ,TheDevildogGamer,https://www.youtube.com/channel/UCW07alAefFXWdo7RgEDtBcQ,Strategy video game,301238452,3644,909000
UCF3KMM3QLVEfnFPI8AbLUJA,ish,https://www.youtube.com/channel/UCF3KMM3QLVEfnFPI8AbLUJA,Role-playing video game,145035416,43,2180000
UCQFREgqmtkYbI7o9xvEuA-g,Wallibear,https://www.youtube.com/channel/UCQFREgqmtkYbI7o9xvEuA-g,Role-playing video game,2131538618,769,3760000
UCv1u20pr8U-U85PGLpKxNKw,Nolan,https://www.youtube.com/channel/UCv1u20pr8U-U85PGLpKxNKw,Food,1332357936,252,3300000
UCb6-9kmHZDYE6K__1VVDD7w,Grayson Wood,https://www.youtube.com/channel/UCb6-9kmHZDYE6K__1VVDD7w,Lifestyle (sociology),1991974,5,116000
UCrYrcFGGs_nke1MggS8Jvqg,Karl,https://www.youtube.com/channel/UCrYrcFGGs_nke1MggS8Jvqg,Role-playing video game,1286418549,244,6950000
UCrvF7crv7U50zCnam5tmyng,Foolish Gamers,https://www.youtube.com/channel/UCrvF7crv7U50zCnam5tmyng,Action-adventure game,28085551,622,403000
UCiaRjc5me4e-rChdBh076dA,Blaza Plays,https://www.youtube.com/channel/UCiaRjc5me4e-rChdBh076dA,Action-adventure game,108038690,139,1240000
UCROkFwHWMk5QeZK_LHJPu5g,doctor4t,https://www.youtube.com/channel/UCROkFwHWMk5QeZK_LHJPu5g,Action game,111016418,70,1130000
UCrFDp7oy5Nqo5Cl1Cq0Pn7A,Diansu,https://www.youtube.com/channel/UCrFDp7oy5Nqo5Cl1Cq0Pn7A,Role-playing video game,2214372,29,50500
UCvBIYNzQ2OM93y8xsBCxlAg,Luxintrus,https://www.youtube.com/channel/UCvBIYNzQ2OM93y8xsBCxlAg,Action game,5379433,30,111000
UC7yu990e_Yad6CSw_wNlS9Q,Chabaka,https://www.youtube.com/channel/UC7yu990e_Yad6CSw_wNlS9Q,Hip hop music,86372,39,2720
UCvMG-U4k6XBuZXo9hWimV3w,Tareq Habawwal,https://www.youtube.com/channel/UCvMG-U4k6XBuZXo9hWimV3w,Hip hop music,30138223,22,71900
UCjlvYqV61IUbWC-uMLj8zcw,Islam Afro,https://www.youtube.com/channel/UCjlvYqV61IUbWC-uMLj8zcw,Pop music,7155752,10,539000
UCtM_EN-NCNDIv0HUwX0C3Xg,Tareq Habawwal - Topic,https://www.youtube.com/channel/UCtM_EN-NCNDIv0HUwX0C3Xg,Pop music,3347001,21,518
UCLGg1qkuBm7Lo0UfcqfT0ug,Dohaa the Explorer,https://www.youtube.com/channel/UCLGg1qkuBm7Lo0UfcqfT0ug,Society,2940911,343,42200
UCo6OZGzTk1r5kDU7Nz8efwQ,CripplingDrew,https://www.youtube.com/channel/UCo6OZGzTk1r5kDU7Nz8efwQ,Humour,4926785,317,2640
UCTMvCvLIqhKzLX9U9WhOgXw,Royal Combat Promotions,https://www.youtube.com/channel/UCTMvCvLIqhKzLX9U9WhOgXw,Mixed martial arts,214175,276,1310
UCc35WvHmQjLE8NN4Y_ITmUQ,Trevor Wallace,https://www.youtube.com/channel/UCc35WvHmQjLE8NN4Y_ITmUQ,Film,3865528582,1308,6270000
UCS3u9julG1N9w36Gbd7Astw,VicInTheGame,https://www.youtube.com/channel/UCS3u9julG1N9w36Gbd7Astw,Humour,93727608,211,644000
UCC9EjyMN_hx5NdctLBx5X7w,Scammer Payback,https://www.youtube.com/channel/UCC9EjyMN_hx5NdctLBx5X7w,Lifestyle (sociology),1405344306,924,9280000
UCX0Ic7wWe0v5je_RlR1aMRw,4fun,https://www.youtube.com/channel/UCX0Ic7wWe0v5je_RlR1aMRw,Film,863455921,182,2660000
UCeoZXkaJDtdTHafgoZeDcAA,Lacy,https://www.youtube.com/channel/UCeoZXkaJDtdTHafgoZeDcAA,Entertainment,421580883,2628,720000
UC4-79UOlP48-QNGgCko5p2g,MrBeast 2,https://www.youtube.com/channel/UC4-79UOlP48-QNGgCko5p2g,Lifestyle (sociology),11178979618,230,59100000
UCXySUWOR2LnoT7HTK278ENA,Maybull's Corral,https://www.youtube.com/channel/UCXySUWOR2LnoT7HTK278ENA,,281050,174,5840
UCca2961Ton2js_f9IDXK9Wg,Trilogy Media,https://www.youtube.com/channel/UCca2961Ton2js_f9IDXK9Wg,Society,213532364,1105,1810000
UCiWIXrNOE4Lm-TqXxJ0ze9w,dancer,https://www.youtube.com/channel/UCiWIXrNOE4Lm-TqXxJ0ze9w,Vehicle,9383510,102,200000
UC1-kxuBmc3pN82_rSAebWCQ,CelsiusOfficial,https://www.youtube.com/channel/UC1-kxuBmc3pN82_rSAebWCQ,Health,3542021,148,5320
UCl6X_7YaR0kd7ZLOx1oEiiA,Chris Gutierrez,https://www.youtube.com/channel/UCl6X_7YaR0kd7ZLOx1oEiiA,Lifestyle (sociology),11342,67,488
UCm3T3KS21z4d77tt081bVRQ,Jack Pembrook,https://www.youtube.com/channel/UCm3T3KS21z4d77tt081bVRQ,Entertainment,161648235,44,1900000
UCBJycsmduvYEL83R_U4JriQ,Marques Brownlee,https://www.youtube.com/channel/UCBJycsmduvYEL83R_U4JriQ,Lifestyle (sociology),5446593683,1828,21000000
UClYDoTmBdnafBCHhnUCqvtw,Epic Spaceman,https://www.youtube.com/channel/UClYDoTmBdnafBCHhnUCqvtw,Knowledge,17853026,17,684000
UCMiJRAwDNSNzuYeN2uWa0pA,Mrwhosetheboss,https://www.youtube.com/channel/UCMiJRAwDNSNzuYeN2uWa0pA,Technology,8743682927,1913,22600000
UCb5LL4aW1ZMHNg1d0uFsyhA,TORRAS,https://www.youtube.com/channel/UCb5LL4aW1ZMHNg1d0uFsyhA,Lifestyle (sociology),60946640,242,4890
UCFtOX-21N1earf-K58C7HjQ,Glarses,https://www.youtube.com/channel/UCFtOX-21N1earf-K58C7HjQ,Technology,160333698,92,1230000
UCGmnsW623G1r-Chmo5RB4Yw,KSI,https://www.youtube.com/channel/UCGmnsW623G1r-Chmo5RB4Yw,Film,5020379945,1509,18400000
UCxlmjNL0jVnQESU0uoQU2ow,Blytical,https://www.youtube.com/channel/UCxlmjNL0jVnQESU0uoQU2ow,Technology,1178119,22,27800
UC-N-UCwvhr9H8PLYn4nl27Q,Make-A-Wish UK,https://www.youtube.com/channel/UC-N-UCwvhr9H8PLYn4nl27Q,Lifestyle (sociology),2094426,252,7020
UCS261lQDXjMvc8Jck-2CQEg,Gyan Therapy,https://www.youtube.com/channel/UCS261lQDXjMvc8Jck-2CQEg,Lifestyle (sociology),1563224531,1732,4160000
UCdoDYkupTElV62K7ttA_E4w,TechBar,https://www.youtube.com/channel/UCdoDYkupTElV62K7ttA_E4w,Lifestyle (sociology),2214881607,2076,5740000
UCdp6GUwjKscp5ST4M4WgIpw,TechWiser,https://www.youtube.com/channel/UCdp6GUwjKscp5ST4M4WgIpw,Lifestyle (sociology),1124031273,1861,2530000
UCpa-Zb0ZcQjTCPP1Dx_1M8Q,LegalEagle,https://www.youtube.com/channel/UCpa-Zb0ZcQjTCPP1Dx_1M8Q,Knowledge,1209827776,1012,3930000
UC1IQIspOkCeV3WnYm32SBFQ,This Is,https://www.youtube.com/channel/UC1IQIspOkCeV3WnYm32SBFQ,Lifestyle (sociology),104104351,709,506000
UCOCCcqrqdsEqlkMjZwEYwSA,Denki,https://www.youtube.com/channel/UCOCCcqrqdsEqlkMjZwEYwSA,Video game culture,31483423,290,258000
UCXGgrKt94gR6lmN4aN3mYTg,Austin Evans,https://www.youtube.com/channel/UCXGgrKt94gR6lmN4aN3mYTg,Technology,1690747604,2702,5790000
UCi7wDE2ZTiR5QYYrUY5WhtA,CarterPCs,https://www.youtube.com/channel/UCi7wDE2ZTiR5QYYrUY5WhtA,Video game culture,5904101324,4366,2700000
UCIG1k8umaCIIrujZPzZPIMA,Made by Google,https://www.youtube.com/channel/UCIG1k8umaCIIrujZPzZPIMA,Technology,932572139,910,1890000
UCey_c7U86mJGz1VJWH5CYPA,iJustine,https://www.youtube.com/channel/UCey_c7U86mJGz1VJWH5CYPA,Lifestyle (sociology),1577206483,2881,7060000
UCbiYlM8W87Sn-bmQrgF5GLQ,Tonal,https://www.youtube.com/channel/UCbiYlM8W87Sn-bmQrgF5GLQ,Lifestyle (sociology),71664580,205,25600
UC7RCVxoiwp4wa9iCgMIeqtg,Epson America,https://www.youtube.com/channel/UC7RCVxoiwp4wa9iCgMIeqtg,Technology,243179056,1868,85700
UCEzatFSPvZX5alDEaMAT7Gg,Antigravity,https://www.youtube.com/channel/UCEzatFSPvZX5alDEaMAT7Gg,Technology,5244689,132,23000
UCR2NXbiFiXznLWd6aHPUV8g,Birdbuddy,https://www.youtube.com/channel/UCR2NXbiFiXznLWd6aHPUV8g,Entertainment,1444925,350,5670
UC3qWcF49rv8VMZO7Vg6kj5w,Insta360,https://www.youtube.com/channel/UC3qWcF49rv8VMZO7Vg6kj5w,Lifestyle (sociology),1257574977,2597,1500000
UCxfeify8IPfxcF6IuasSOPw,Shokz,https://www.youtube.com/channel/UCxfeify8IPfxcF6IuasSOPw,Technology,16275395,329,16500
UCePZ-v6YOhmyax4Li2sRZAA,DREO,https://www.youtube.com/channel/UCePZ-v6YOhmyax4Li2sRZAA,Technology,193654858,625,5880
UCgmvz6qxtga4W6n1mfmM0Zw,L'Oréal Groupe,https://www.youtube.com/channel/UCgmvz6qxtga4W6n1mfmM0Zw,Lifestyle (sociology),27335199,225,38100
UCa9PYkHqgLrtarRMiQwI05g,ColorWare,https://www.youtube.com/channel/UCa9PYkHqgLrtarRMiQwI05g,Technology,4364983,93,20100
UCcSyKAcYUZLmGcLSIM4M_4Q,XGIMI Tech,https://www.youtube.com/channel/UCcSyKAcYUZLmGcLSIM4M_4Q,Technology,24995149,531,11400
UCwbeRZ8mp_7974XvPK0xY4Q,MemoMind.official,https://www.youtube.com/channel/UCwbeRZ8mp_7974XvPK0xY4Q,Lifestyle (sociology),2483554,41,13100
UCced_wdSslkOf7xc_0qyT8w,JBL,https://www.youtube.com/channel/UCced_wdSslkOf7xc_0qyT8w,Music,409200638,1760,383000
UCCWTL5SxxOTkggMW48wlRmg,delvox,https://www.youtube.com/channel/UCCWTL5SxxOTkggMW48wlRmg,Role-playing video game,742732,21,8480
UCKMz0IYo1Oq4iVOAHQTW5yQ,Hypershell,https://www.youtube.com/channel/UCKMz0IYo1Oq4iVOAHQTW5yQ,,95,1,159
UCsTcErHg8oDvUnTzoqsYeNw,Unbox Therapy,https://www.youtube.com/channel/UCsTcErHg8oDvUnTzoqsYeNw,Technology,5151669724,2522,25400000
UCuVQmkiETvqmLviDcBtQw4A,Nothing,https://www.youtube.com/channel/UCuVQmkiETvqmLviDcBtQw4A,Lifestyle (sociology),256929004,871,1290000
UCqX5t6irpHLRUBqf_0hKAvg,REDMAGIC,https://www.youtube.com/channel/UCqX5t6irpHLRUBqf_0hKAvg,Lifestyle (sociology),117880672,475,317000
UCkAbQq20gYztTkyTSQxJYeg,AINOTE,https://www.youtube.com/channel/UCkAbQq20gYztTkyTSQxJYeg,Lifestyle (sociology),3054169,96,6170
UC4BgQehutgkEaM2zY46Y78Q,FOTILE Indonesia,https://www.youtube.com/channel/UC4BgQehutgkEaM2zY46Y78Q,Technology,327670,62,1200
UC2SIWgqcys7Gcb6JxsFTm1Q,LG Global,https://www.youtube.com/channel/UC2SIWgqcys7Gcb6JxsFTm1Q,Technology,1374099601,2167,477000
UCLNNHmqgRijKgbLFFBqDJrA,vernal_space,https://www.youtube.com/channel/UCLNNHmqgRijKgbLFFBqDJrA,Lifestyle (sociology),7826828,38,3930
UCtjV1_XU6gvPYyreaFScxBQ,Huawei,https://www.youtube.com/channel/UCtjV1_XU6gvPYyreaFScxBQ,Lifestyle (sociology),834897820,3499,1390000
UCE0X7OeFSH-I4nrkSrK-b1A,Even Realities,https://www.youtube.com/channel/UCE0X7OeFSH-I4nrkSrK-b1A,Lifestyle (sociology),111457855,104,208000
UC2v9iAMYFDY-_eNw3t0W4-Q,HONOR,https://www.youtube.com/channel/UC2v9iAMYFDY-_eNw3t0W4-Q,Lifestyle (sociology),53790648,672,209000
UCkg0qd4-hY9cQ4-YLxgJ_ew,BOOX,https://www.youtube.com/channel/UCkg0qd4-hY9cQ4-YLxgJ_ew,Technology,85407603,457,49400
UCWwgaK7x0_FR1goeSRazfsQ,Samsung,https://www.youtube.com/channel/UCWwgaK7x0_FR1goeSRazfsQ,Lifestyle (sociology),2385273179,2450,10000000
UC1ET-1gMajGNKzOvm2e_D7Q,OPPO,https://www.youtube.com/channel/UC1ET-1gMajGNKzOvm2e_D7Q,Technology,110401509,705,561000
UCzaXlOt3J2_rYQT1aEJMMFQ,Wispr Flow AI,https://www.youtube.com/channel/UCzaXlOt3J2_rYQT1aEJMMFQ,Lifestyle (sociology),22301373,65,8450
UCOF_rGP9ceGECcB3XF9duHQ,Eight Sleep,https://www.youtube.com/channel/UCOF_rGP9ceGECcB3XF9duHQ,Technology,164310657,238,13400
UCzCbdErjE3P9LbaNDKNZcoA,Cometeer,https://www.youtube.com/channel/UCzCbdErjE3P9LbaNDKNZcoA,Food,1410260,6,649
UCsNGtpqGsyw0U6qEG-WHadA,DJI,https://www.youtube.com/channel/UCsNGtpqGsyw0U6qEG-WHadA,Technology,5761868248,3478,6280000
UCVYamHliCI9rw1tHR1xbkfw,Dave2D,https://www.youtube.com/channel/UCVYamHliCI9rw1tHR1xbkfw,Lifestyle (sociology),860175965,835,3690000
UCZRYEa3YILhcdYd7MHkFGzg,Snapdragon,https://www.youtube.com/channel/UCZRYEa3YILhcdYd7MHkFGzg,Lifestyle (sociology),143113621,696,199000
UC3fg6pL63upkXCc0T203wVg,Sara Dietschy,https://www.youtube.com/channel/UC3fg6pL63upkXCc0T203wVg,Lifestyle (sociology),110005592,742,932000
UCEvzv3C8BR8d6r2VRqqsA_A,John Hill,https://www.youtube.com/channel/UCEvzv3C8BR8d6r2VRqqsA_A,Sport,318713058,1728,1130000
UCDlQwv99CovKafGvxyaiNDA,Jonathan Morrison,https://www.youtube.com/channel/UCDlQwv99CovKafGvxyaiNDA,Technology,444022963,1305,2510000
UCVNw9BAR5go7DZFdivJ8HgA,Jonathan & Friends,https://www.youtube.com/channel/UCVNw9BAR5go7DZFdivJ8HgA,Lifestyle (sociology),2574618,33,24000
UC4w1YQAJMWOz4qtxinq55LQ,Level1Techs,https://www.youtube.com/channel/UC4w1YQAJMWOz4qtxinq55LQ,Technology,94862235,2491,528000
UC1s0DqYFcP_o6Z7lutHUPCQ,Sara Dietschy 2,https://www.youtube.com/channel/UC1s0DqYFcP_o6Z7lutHUPCQ,Role-playing video game,509614,37,13600
UC_7aK9PpYTqt08ERh1MewlQ,3D Printing Nerd,https://www.youtube.com/channel/UC_7aK9PpYTqt08ERh1MewlQ,Technology,143836452,1514,700000
UCnE_vx0f2y5iGpv3eopfZNA,That Creative Life,https://www.youtube.com/channel/UCnE_vx0f2y5iGpv3eopfZNA,Knowledge,5648733,208,53600
UCufB8sMVyP9JEScMjLz74YA,Blackmagic Design,https://www.youtube.com/channel/UCufB8sMVyP9JEScMjLz74YA,Lifestyle (sociology),15932125,475,246000
UCoK6IAWHKroekmA-LtAI53A,Big Think Creative Studio,https://www.youtube.com/channel/UCoK6IAWHKroekmA-LtAI53A,,52660,2,14800
UCvQECJukTDE2i6aCoMnS-Vg,Big Think,https://www.youtube.com/channel/UCvQECJukTDE2i6aCoMnS-Vg,Knowledge,1038023621,10073,8770000
UCz7Gx6wLCiPw3F-AmXUvH8w,The Well,https://www.youtube.com/channel/UCz7Gx6wLCiPw3F-AmXUvH8w,Religion,17014545,346,205000
UC5Jnt7OgEHro3W7kr-jjCrw,Big Think Clips,https://www.youtube.com/channel/UC5Jnt7OgEHro3W7kr-jjCrw,Knowledge,19325772,74,200000
UC-CUULVbDAJX6395AMDkV-g,Perception Box,https://www.youtube.com/channel/UC-CUULVbDAJX6395AMDkV-g,Lifestyle (sociology),3786478,103,239000
UCab3eZ-9h8YQU8qCQzZwCew,David Epstein,https://www.youtube.com/channel/UCab3eZ-9h8YQU8qCQzZwCew,Health,2525539,89,20800
UCHnyfMqiRRG1u-2MsSQLbXA,Veritasium,https://www.youtube.com/channel/UCHnyfMqiRRG1u-2MsSQLbXA,Knowledge,4339934602,512,20900000
UCODHrzPMGbNv67e84WDZhQQ,fern,https://www.youtube.com/channel/UCODHrzPMGbNv67e84WDZhQQ,Film,529825954,126,5010000
UCH4BNI0-FOK2dMXoFtViWHw,Be Smart,https://www.youtube.com/channel/UCH4BNI0-FOK2dMXoFtViWHw,Knowledge,829101770,546,5800000
UCKzJFdi57J53Vr_BkTfN3uQ,Primer,https://www.youtube.com/channel/UCKzJFdi57J53Vr_BkTfN3uQ,Knowledge,97775458,24,1940000
UC1LpsuAUaKoMzzJSEt5WImw,Asianometry,https://www.youtube.com/channel/UC1LpsuAUaKoMzzJSEt5WImw,Knowledge,145329417,698,940000
UCAUcdsuURu_ect02FMle4TQ,Nano Pirate,https://www.youtube.com/channel/UCAUcdsuURu_ect02FMle4TQ,Lifestyle (sociology),4999173,21,20500
UCKzqyRUej9BI5dhdjwF09vQ,SLAC National Accelerator Laboratory,https://www.youtube.com/channel/UCKzqyRUej9BI5dhdjwF09vQ,Knowledge,3007353,276,23900
UC0PmbdI2FaKqAfugdViw9zQ,Geology Johnson,https://www.youtube.com/channel/UC0PmbdI2FaKqAfugdViw9zQ,Lifestyle (sociology),267735,120,4930
UCgBg0aacyJnw4qUnb1FlfEQ,Institute of Human Anatomy,https://www.youtube.com/channel/UCgBg0aacyJnw4qUnb1FlfEQ,Lifestyle (sociology),1475364512,1064,8800000
UC6biysICWOJ-C3P4Tyeggzg,Low Level,https://www.youtube.com/channel/UC6biysICWOJ-C3P4Tyeggzg,Technology,133982897,364,1130000
UCNXNuvDr12tMwunYJJnKmig,Hacking Matters,https://www.youtube.com/channel/UCNXNuvDr12tMwunYJJnKmig,Society,1188638,140,34700
UCPxg965TKEiYJRkoux0xgHg,Breakfast Serial,https://www.youtube.com/channel/UCPxg965TKEiYJRkoux0xgHg,Society,6557208,580,88400
UClcE-kVhqyiHCcjYwcpfj9w,LiveOverflow,https://www.youtube.com/channel/UClcE-kVhqyiHCcjYwcpfj9w,Role-playing video game,66337361,431,941000
UCdwths-Q8lcuF7wJwVWsC9g,Rabbit Hole,https://www.youtube.com/channel/UCdwths-Q8lcuF7wJwVWsC9g,Lifestyle (sociology),5124804,4,257000
UCnyaFjtCzBls96RvD4Eytwg,Machining and Microwaves,https://www.youtube.com/channel/UCnyaFjtCzBls96RvD4Eytwg,Lifestyle (sociology),3643522,57,54200
UCMb0O2CdPBNi-QqPk5T3gsQ,James Hoffmann,https://www.youtube.com/channel/UCMb0O2CdPBNi-QqPk5T3gsQ,Lifestyle (sociology),382934204,402,2530000
UCvVsD2hFZRgKNH7x5Q1wwug,Chris Young,https://www.youtube.com/channel/UCvVsD2hFZRgKNH7x5Q1wwug,Lifestyle (sociology),35295116,69,594000
UCiNLr9wX35KksK77mrQgxiw,2swap,https://www.youtube.com/channel/UCiNLr9wX35KksK77mrQgxiw,Lifestyle (sociology),13025895,12,328000
UC6nSFpj9HTCZ5t-N3Rm3-HA,Vsauce,https://www.youtube.com/channel/UC6nSFpj9HTCZ5t-N3Rm3-HA,Knowledge,6731406445,641,24900000
UCJJ8gXdnTFLLHzRnWxIIaSA,Puppet Nerd,https://www.youtube.com/channel/UCJJ8gXdnTFLLHzRnWxIIaSA,Entertainment,25562982,540,187000
UC4zzTEL5tuIgGMvzjk1Ozbg,Henry Segerman,https://www.youtube.com/channel/UC4zzTEL5tuIgGMvzjk1Ozbg,Knowledge,28522602,257,153000
UCKOvOaJv4GK-oDqx-sj7VVg,Chubbyemu,https://www.youtube.com/channel/UCKOvOaJv4GK-oDqx-sj7VVg,Knowledge,615745630,440,3710000
UC1UIj7Y9SphX5GuoG2e94XQ,Jake Chudnow,https://www.youtube.com/channel/UC1UIj7Y9SphX5GuoG2e94XQ,Music,25615372,26,115000
UCtpR_LxM6ib96ehx7rHDffg,Caleb Marting,https://www.youtube.com/channel/UCtpR_LxM6ib96ehx7rHDffg,Technology,1793920,38,5000
UCgS3NGtrPR8jCv39vs67rHQ,Chase & Bubba Cashman,https://www.youtube.com/channel/UCgS3NGtrPR8jCv39vs67rHQ,Lifestyle (sociology),54255905,212,220000
UC06E4Y_-ybJgBUMtXx8uNNw,TheBackyardScientist,https://www.youtube.com/channel/UC06E4Y_-ybJgBUMtXx8uNNw,Hobby,1047048487,191,6170000
UCUqbcRop12FjVcKjCgN46Gw,ScienceBob,https://www.youtube.com/channel/UCUqbcRop12FjVcKjCgN46Gw,Knowledge,21756429,40,136000
UCfMJ2MchTSW2kWaT0kK94Yw,William Osman,https://www.youtube.com/channel/UCfMJ2MchTSW2kWaT0kK94Yw,Hobby,474600201,169,3010000
UCfH-Nu3JfN6gOanvL3RSLhg,Tammy McLeod Puzzler,https://www.youtube.com/channel/UCfH-Nu3JfN6gOanvL3RSLhg,Lifestyle (sociology),655795,1058,1900
UCaipeiXCYlkjS-DzwY661Fg,OrionPlaysMusic,https://www.youtube.com/channel/UCaipeiXCYlkjS-DzwY661Fg,Film,42514,37,135
UCbsfyGlrjrKQC0gbzK0-EiA,Jared Owen,https://www.youtube.com/channel/UCbsfyGlrjrKQC0gbzK0-EiA,Knowledge,518059895,119,4400000
UCJ0-OtVpF0wOKEqT2Z1HEtA,ElectroBOOM,https://www.youtube.com/channel/UCJ0-OtVpF0wOKEqT2Z1HEtA,Lifestyle (sociology),1407770162,382,8740000
UCtI0Hodo5o5dUb67FeUjDeA,SpaceX,https://www.youtube.com/channel/UCtI0Hodo5o5dUb67FeUjDeA,Vehicle,738472791,531,6900000
UCr-3vXMUNSdz09Dd10CXiWQ,Indiana Drones,https://www.youtube.com/channel/UCr-3vXMUNSdz09Dd10CXiWQ,Hobby,24733651,148,143000
UC6uKrU_WqJ1R2HMTY3LIx5Q,Everyday Astronaut,https://www.youtube.com/channel/UC6uKrU_WqJ1R2HMTY3LIx5Q,Lifestyle (sociology),383100399,533,1970000
UCpzty9g0_u1ZBTEFhz0mHRA,Magictecture,https://www.youtube.com/channel/UCpzty9g0_u1ZBTEFhz0mHRA,Tourism,1012578,25,9530
UC513PdAP2-jWkJunTh5kXRw,CrunchLabs,https://www.youtube.com/channel/UC513PdAP2-jWkJunTh5kXRw,Hobby,767639812,219,2890000
UC6107grRI4m0o2-emgoDnAA,SmarterEveryDay,https://www.youtube.com/channel/UC6107grRI4m0o2-emgoDnAA,Hobby,1273946365,396,11900000
UCtQvuwMxnCHD7rNbfKXcOdw,Awdcutlass,https://www.youtube.com/channel/UCtQvuwMxnCHD7rNbfKXcOdw,Vehicle,4190122,123,32800
UClaC4xkueyTnrJQ6IvdMlgg,The Jungle Diaries,https://www.youtube.com/channel/UClaC4xkueyTnrJQ6IvdMlgg,Tourism,7369936,55,58100
UC5f5IV0Bf79YLp_p9nfInRA,How Ridiculous,https://www.youtube.com/channel/UC5f5IV0Bf79YLp_p9nfInRA,Lifestyle (sociology),15861447163,829,24000000
UCUK0HBIBWgM2c4vsPhkYY4w,The Slow Mo Guys,https://www.youtube.com/channel/UCUK0HBIBWgM2c4vsPhkYY4w,Technology,2710221458,372,15000000
UC_SLthyNX_ivd-dmsFgmJVg,Jeremy Fielding,https://www.youtube.com/channel/UC_SLthyNX_ivd-dmsFgmJVg,Hobby,77850933,154,1240000
UCed6me7QtjJiV-tvVgF7Rpg,Simon Lizotte,https://www.youtube.com/channel/UCed6me7QtjJiV-tvVgF7Rpg,Golf,47259145,411,216000
UC7DdEm33SyaTDtWYGO2CwdA,Physics Girl,https://www.youtube.com/channel/UC7DdEm33SyaTDtWYGO2CwdA,Lifestyle (sociology),539423574,315,3540000
UCC552Sd-3nyi_tk2BudLUzA,AsapSCIENCE,https://www.youtube.com/channel/UCC552Sd-3nyi_tk2BudLUzA,Knowledge,2060714448,552,10800000
UCoMmQnzOP46AMYw08D_f-TA,David Dayag,https://www.youtube.com/channel/UCoMmQnzOP46AMYw08D_f-TA,Knowledge,1118246,207,7960
UCAuUUnT6oDeKwE6v1NGQxug,TED,https://www.youtube.com/channel/UCAuUUnT6oDeKwE6v1NGQxug,Society,3161964503,5682,27500000
UCeIuImWY9NA05cbRJd4cFIw,Maya,https://www.youtube.com/channel/UCeIuImWY9NA05cbRJd4cFIw,Pet,300385469,757,1220000
UC-8_qAhNVG8G1wxONMnYr3Q,GZERO Media,https://www.youtube.com/channel/UC-8_qAhNVG8G1wxONMnYr3Q,Society,304779635,6275,1430000
UCZYTClx2T1of7BRZ86-8fow,SciShow,https://www.youtube.com/channel/UCZYTClx2T1of7BRZ86-8fow,Health,2227150503,4162,8400000
UC415bOPUcGSamy543abLmRA,Cleo Abram,https://www.youtube.com/channel/UC415bOPUcGSamy543abLmRA,Knowledge,2808725210,568,8230000
UCnmGIkw-KdI0W5siakKPKog,Ryan Trahan,https://www.youtube.com/channel/UCnmGIkw-KdI0W5siakKPKog,Lifestyle (sociology),6217871465,512,23400000
UCGGZ_POGmIWG1pQXTDzQv-g,Michelle Khare,https://www.youtube.com/channel/UCGGZ_POGmIWG1pQXTDzQv-g,Lifestyle (sociology),898622111,274,5450000
UCBR8-60-B28hp2BmDPdntcQ,YouTube,https://www.youtube.com/channel/UCBR8-60-B28hp2BmDPdntcQ,Lifestyle (sociology),1111059820,1444,45400000
UCkR4Uo4JuzDhqHWJNdVnWUw,Curling Clips,https://www.youtube.com/channel/UCkR4Uo4JuzDhqHWJNdVnWUw,Lifestyle (sociology),3216218,1206,2500
UC6EF4KgBqJTnJ-qQeCJ6Bnw,radR,https://www.youtube.com/channel/UC6EF4KgBqJTnJ-qQeCJ6Bnw,Lifestyle (sociology),106640,47,708
UC7_YxT-KID8kRbqZo7MyscQ,Markiplier,https://www.youtube.com/channel/UC7_YxT-KID8kRbqZo7MyscQ,Role-playing video game,23602480990,5875,38700000
UCAua9maY1vtNdBlYqnHRhwA,LixianTV,https://www.youtube.com/channel/UCAua9maY1vtNdBlYqnHRhwA,Role-playing video game,66186757,126,1400000
UCIHuQPMxEdtEgpI0xxyKNXQ,Nerd Fiction,https://www.youtube.com/channel/UCIHuQPMxEdtEgpI0xxyKNXQ,Action game,3194303,11,46300
UClnQjx453Z3VcIq9bEKDSTw,Diceroll,https://www.youtube.com/channel/UClnQjx453Z3VcIq9bEKDSTw,Lifestyle (sociology),423681,4,56000
UC0lkCn7D--uMrtwAXRj_cdw,BadBoyHalo,https://www.youtube.com/channel/UC0lkCn7D--uMrtwAXRj_cdw,Action-adventure game,97327808,510,3390000
UCGdItO2QsPgyBTBuqg1DdCQ,Fantst,https://www.youtube.com/channel/UCGdItO2QsPgyBTBuqg1DdCQ,Action game,47818877,36,152000
UCOxAZ3wFgF6MJpPK1J6RoeA,Baablu,https://www.youtube.com/channel/UCOxAZ3wFgF6MJpPK1J6RoeA,Action-adventure game,173605281,189,846000
UCPYZ-R5LQGMeU7QikgxmH8Q,DrDonut,https://www.youtube.com/channel/UCPYZ-R5LQGMeU7QikgxmH8Q,Action-adventure game,402881426,643,2190000
UCzMjRlKVO9XIqH_crIFpi6w,Skeppy,https://www.youtube.com/channel/UCzMjRlKVO9XIqH_crIFpi6w,Role-playing video game,1723921442,1349,6160000
UC2EQTEfNO6Uzx84IvJjjE-Q,Dream Productions,https://www.youtube.com/channel/UC2EQTEfNO6Uzx84IvJjjE-Q,Music,2386470,119,792000
UCiHrC5USZ_u13c0trN7C5ZQ,Antfrost,https://www.youtube.com/channel/UCiHrC5USZ_u13c0trN7C5ZQ,,2729225,1,669000
UC_8NknAFiyhOUaZqHR3lq3Q,Quackity,https://www.youtube.com/channel/UC_8NknAFiyhOUaZqHR3lq3Q,Action-adventure game,525647259,236,6180000
UCXGR70CkW_pXb8n52LzCCRw,Mythical Kitchen,https://www.youtube.com/channel/UCXGR70CkW_pXb8n52LzCCRw,Lifestyle (sociology),1609859472,1472,4400000
UCIbTKu0fPqqCOIW-BNeOqdA,Shadoune666,https://www.youtube.com/channel/UCIbTKu0fPqqCOIW-BNeOqdA,Action-adventure game,204758827,1173,874000
UCiMcmhdA1yX_5THetoe5uNQ,coldified,https://www.youtube.com/channel/UCiMcmhdA1yX_5THetoe5uNQ,Role-playing video game,9850491,34,194000
UCxNF3I5Iq880ci62nsnfrPQ,jessick,https://www.youtube.com/channel/UCxNF3I5Iq880ci62nsnfrPQ,Role-playing video game,47425613,524,198000
UC2gufCjSyNihNbOEZE50bwQ,JudeLow,https://www.youtube.com/channel/UC2gufCjSyNihNbOEZE50bwQ,Role-playing video game,826222014,384,1880000
UC-vvba8QkD2fRmHZHT81YDw,KelloggsUS,https://www.youtube.com/channel/UC-vvba8QkD2fRmHZHT81YDw,Food,77220667,163,22900
UCIjeURQHxjzFcRP6031BSDg,Captain Puffy,https://www.youtube.com/channel/UCIjeURQHxjzFcRP6031BSDg,Action game,4238108,56,223000
UChWHDyOrfyXJV1jMSwCasSA,TubboLIVE,https://www.youtube.com/channel/UChWHDyOrfyXJV1jMSwCasSA,Action game,172606253,815,1090000
UChFur_NwVSbUozOcF_F2kMg,Mumbo Jumbo,https://www.youtube.com/channel/UChFur_NwVSbUozOcF_F2kMg,Role-playing video game,3406578496,2192,9770000
UC-71I3qt1d35IYL5XC-0LZw,100 Questions with Tom Simons,https://www.youtube.com/channel/UC-71I3qt1d35IYL5XC-0LZw,Entertainment,24948665,108,222000
UCvsdQrg8SkOvS2WiVXA5S4A,Ph1LzA,https://www.youtube.com/channel/UCvsdQrg8SkOvS2WiVXA5S4A,Action game,275184485,672,2930000
UCWxlUwW9BgGISaakjGM37aw,Valkyrae,https://www.youtube.com/channel/UCWxlUwW9BgGISaakjGM37aw,Action-adventure game,963848361,1774,4050000
UCnQ75FTDVG2gAGtzh-lSOgw,ValkyraeVODs,https://www.youtube.com/channel/UCnQ75FTDVG2gAGtzh-lSOgw,Lifestyle (sociology),235232400,357,412000
UCqtWRG0Qowhrcrp6rIqIiDw,Valkyrae2,https://www.youtube.com/channel/UCqtWRG0Qowhrcrp6rIqIiDw,Role-playing video game,52746587,398,386000
UCuo4oFbb__fyoIDE2z_RdMA,AustinShow,https://www.youtube.com/channel/UCuo4oFbb__fyoIDE2z_RdMA,Film,193919616,835,485000
UCCY_8y1FjtOegxKB4s2bWqw,Bella Poarch,https://www.youtube.com/channel/UCCY_8y1FjtOegxKB4s2bWqw,Pop music,1111987046,118,7110000
UCcO9KD-k_eY5RPyvn9qT5dA,MasterD4M,https://www.youtube.com/channel/UCcO9KD-k_eY5RPyvn9qT5dA,Action game,4972272,35,19900
UCWky5ZmrJdQqqlIOa6vGffA,George “G1” Lever,https://www.youtube.com/channel/UCWky5ZmrJdQqqlIOa6vGffA,Technology,674836,44,16300
UCTIvWbKDaa3cv-gYjKlJbHQ,Tarayummy,https://www.youtube.com/channel/UCTIvWbKDaa3cv-gYjKlJbHQ,Lifestyle (sociology),205143364,375,2380000
UCIH0E-zQ3-HzYDChlpafRsQ,Vanillamace,https://www.youtube.com/channel/UCIH0E-zQ3-HzYDChlpafRsQ,Action-adventure game,110456287,93,1740000
UCSnd_UHkXW7uBpjHz4qIq5Q,Squeex,https://www.youtube.com/channel/UCSnd_UHkXW7uBpjHz4qIq5Q,Role-playing video game,85710213,849,242000
UCujyjxsq5FZNVnQro51zKSQ,fuslie,https://www.youtube.com/channel/UCujyjxsq5FZNVnQro51zKSQ,Entertainment,478368676,2515,907000
UCvWU1K29wCZ8j1NsXsRrKnA,LilyPichu,https://www.youtube.com/channel/UCvWU1K29wCZ8j1NsXsRrKnA,Entertainment,656837787,896,3080000
UC766vkQw0Mz3VtXX5XvXxGQ,Meta Quest,https://www.youtube.com/channel/UC766vkQw0Mz3VtXX5XvXxGQ,Role-playing video game,429263436,2873,699000
UCUT8RoNBTJvwW1iErP6-b-A,Disguised Toast,https://www.youtube.com/channel/UCUT8RoNBTJvwW1iErP6-b-A,Action-adventure game,1596431473,1516,3770000
UCh5mLn90vUaB1PbRRx_AiaA,MoreSidemen,https://www.youtube.com/channel/UCh5mLn90vUaB1PbRRx_AiaA,Lifestyle (sociology),6184584096,1480,9730000
UCw0f4GGeovKrQ_Ij_VtdjHg,The Bov Boys,https://www.youtube.com/channel/UCw0f4GGeovKrQ_Ij_VtdjHg,Lifestyle (sociology),70890048,170,575000
UCOlyWftmF4SxONwrS1KUsxA,Erling Haaland,https://www.youtube.com/channel/UCOlyWftmF4SxONwrS1KUsxA,Lifestyle (sociology),74447437,51,1750000
UCkawAHxrt6xJbUNnCtbd0Cw,CHIPFAT,https://www.youtube.com/channel/UCkawAHxrt6xJbUNnCtbd0Cw,,55462,1,20100
UCqcxR9B59H4DT1e6hg1Smiw,zi8gzag,https://www.youtube.com/channel/UCqcxR9B59H4DT1e6hg1Smiw,Video game culture,185720058,1646,378000
UCo3IkF6cfjl8gvRAhyMe-xg,KSI+,https://www.youtube.com/channel/UCo3IkF6cfjl8gvRAhyMe-xg,Humour,163509014,103,702000
UC9BaJIXnYSyYalbCVfZTZ4A,VIDDAL,https://www.youtube.com/channel/UC9BaJIXnYSyYalbCVfZTZ4A,Lifestyle (sociology),117546787,487,1170000
UCWZmCMB7mmKWcXJSIPRhzZw,Miniminter,https://www.youtube.com/channel/UCWZmCMB7mmKWcXJSIPRhzZw,Entertainment,4470732034,2579,10600000
UChntGq8THlUokhc1tT-M2wA,Zerkaa,https://www.youtube.com/channel/UChntGq8THlUokhc1tT-M2wA,Entertainment,893811643,2030,4700000
UCX2xI6iQR70IWlpi23V0gPw,Vir Das COMEDY,https://www.youtube.com/channel/UCX2xI6iQR70IWlpi23V0gPw,Performing arts,98075644,123,957000
UCqjQu9qgL_eDXPwRnq45ZDQ,Aamir Khan Talkies,https://www.youtube.com/channel/UCqjQu9qgL_eDXPwRnq45ZDQ,Entertainment,324240509,291,567000
UC0rE2qq81of4fojo-KhO5rg,Tanmay Bhat,https://www.youtube.com/channel/UC0rE2qq81of4fojo-KhO5rg,Entertainment,2501473304,1808,5380000
UCj22tfcQrWG7EMEKS0qLeEg,CarryMinati,https://www.youtube.com/channel/UCj22tfcQrWG7EMEKS0qLeEg,Entertainment,4448136815,210,45700000
UClfos9f7uDdoun8ZyE9jYFg,Fukra Insaan,https://www.youtube.com/channel/UClfos9f7uDdoun8ZyE9jYFg,Film,2300464674,356,13200000
UCmpWLoKQBVd5YPz0cYan_Xg,Callux,https://www.youtube.com/channel/UCmpWLoKQBVd5YPz0cYan_Xg,Entertainment,643899026,365,3990000
UCRmmd8tl3sT96cqDynL4Qgg,Stephen Tries,https://www.youtube.com/channel/UCRmmd8tl3sT96cqDynL4Qgg,Film,197244628,207,1640000
UCUFrBvQ96A-KeU6NgpemQXA,Michael McIntyre,https://www.youtube.com/channel/UCUFrBvQ96A-KeU6NgpemQXA,Television program,201687361,149,718000
UCh9YWV2A8jdwlqpE-hcAxWg,KSI Originals,https://www.youtube.com/channel/UCh9YWV2A8jdwlqpE-hcAxWg,Sport,2612090,30,41300
UCsYW6Rl1rmrdEiDFKIyYzGw,Cole Anderson-James,https://www.youtube.com/channel/UCsYW6Rl1rmrdEiDFKIyYzGw,Film,485498420,367,819000
UCrqsNpKuDQZreGaxBL_a5Jg,Deji,https://www.youtube.com/channel/UCrqsNpKuDQZreGaxBL_a5Jg,Film,4303284479,2181,12700000
UC0YkVusIXvqvkZJcdx-1VDw,Jack Joseph,https://www.youtube.com/channel/UC0YkVusIXvqvkZJcdx-1VDw,Lifestyle (sociology),14747042,113,220000
UCxoKaKMzulp6sfQGOhNJnzQ,JasonTheWeen,https://www.youtube.com/channel/UCxoKaKMzulp6sfQGOhNJnzQ,Film,827455055,1782,1130000
UCDZfjVPSN6NCEfWwuCeMxIg,Big Zuu,https://www.youtube.com/channel/UCDZfjVPSN6NCEfWwuCeMxIg,Music,10853817,33,56300
UCLZVoF_mM2tM9Go6dusMxaA,Mo Syed,https://www.youtube.com/channel/UCLZVoF_mM2tM9Go6dusMxaA,Lifestyle (sociology),25352849,73,606000
UCKqGZV0VV9g06kAYXAiacAQ,Ahmed AL Nasheet | أحمد النشيط,https://www.youtube.com/channel/UCKqGZV0VV9g06kAYXAiacAQ,Entertainment,207838746,187,2080000
UCqq5n-Oe-r1EEHI3yvhVJcA,AboFlah,https://www.youtube.com/channel/UCqq5n-Oe-r1EEHI3yvhVJcA,Video game culture,8940720382,841,49900000
UCFYs3KYHDPoZfwGv0A4sYGQ,Life of Tom,https://www.youtube.com/channel/UCFYs3KYHDPoZfwGv0A4sYGQ,Lifestyle (sociology),795144023,2659,2630000
UC3l22-Nz5X162au3uJF3Vwg,Shubman Gill,https://www.youtube.com/channel/UC3l22-Nz5X162au3uJF3Vwg,,0,0,53600
UCmEQ7rugLA9aKKZ_LOAstxg,DaggersTV,https://www.youtube.com/channel/UCmEQ7rugLA9aKKZ_LOAstxg,Association football,2137622,2280,17400
UCDMHyBFbyJIKFiEwHty-u5Q,Aj Shabeel,https://www.youtube.com/channel/UCDMHyBFbyJIKFiEwHty-u5Q,Entertainment,263013142,174,2120000
UCQNbfWASCZedLPFChbJ6AEg,Sharky,https://www.youtube.com/channel/UCQNbfWASCZedLPFChbJ6AEg,Film,97817844,206,1480000
UC_8JxHQrJHC4rUsBtoPY4wQ,KingKennyTv,https://www.youtube.com/channel/UC_8JxHQrJHC4rUsBtoPY4wQ,Video game culture,324946716,125,2240000
UCdcUmdOxMrhRjKMw-BX19AA,Niko Omilana,https://www.youtube.com/channel/UCdcUmdOxMrhRjKMw-BX19AA,Film,778097624,153,8830000
UCv-GNHtqM97EaU_i7gN_Ikw,Chunkz,https://www.youtube.com/channel/UCv-GNHtqM97EaU_i7gN_Ikw,Film,350638286,281,3980000
UCxOzbkk0bdVl6-tH1Fcajfg,Beta Squad,https://www.youtube.com/channel/UCxOzbkk0bdVl6-tH1Fcajfg,Entertainment,1985637143,198,11900000
UCmz-eukcvHFUQGJKwyB39SA,James Chewbonic,https://www.youtube.com/channel/UCmz-eukcvHFUQGJKwyB39SA,Lifestyle (sociology),9731311,37,149000
UCvj3hNvwrEgTRkeut7_cBAQ,JiDion,https://www.youtube.com/channel/UCvj3hNvwrEgTRkeut7_cBAQ,Film,253419507,32,8520000
UCSDgFpNwhWvztkEHDaaSSSw,SDS,https://www.youtube.com/channel/UCSDgFpNwhWvztkEHDaaSSSw,Sport,89840614,772,334000
UC9K44RtwiROAwCpALm1wdyQ,NDL,https://www.youtube.com/channel/UC9K44RtwiROAwCpALm1wdyQ,Lifestyle (sociology),631739379,164,4520000
UC56CIdqj-Ski8Jt6brXGE3A,More Aj,https://www.youtube.com/channel/UC56CIdqj-Ski8Jt6brXGE3A,Food,142694583,109,1050000
UC3z35x7ec5__aRswtr-LQFQ,Scousemali,https://www.youtube.com/channel/UC3z35x7ec5__aRswtr-LQFQ,Entertainment,969767,25,35000
UCtJJNQ20ierLOoPKvKEuFNQ,Max Khadar,https://www.youtube.com/channel/UCtJJNQ20ierLOoPKvKEuFNQ,Entertainment,24511579,104,231000
UCXrK2PrFjlSpka-wky5PbkA,The Chunkz and Filly Show,https://www.youtube.com/channel/UCXrK2PrFjlSpka-wky5PbkA,Humour,84051686,95,637000
UCe9CUj9W72Y8jo-_9xUzbwA,Harry Pinero,https://www.youtube.com/channel/UCe9CUj9W72Y8jo-_9xUzbwA,Film,213708719,224,911000
UChgYF4LZR7lWP4OkQSGYcqQ,The Inside Scoop,https://www.youtube.com/channel/UChgYF4LZR7lWP4OkQSGYcqQ,Sport,1979487,62,35300
UCq3xWfTdDRjgyd7_WOK94Fg,Yung Filly,https://www.youtube.com/channel/UCq3xWfTdDRjgyd7_WOK94Fg,Film,132204094,81,1780000
UCKktpHnYOWPROE8ibLkE0Ug,Darkest Man,https://www.youtube.com/channel/UCKktpHnYOWPROE8ibLkE0Ug,Film,157740009,360,940000
UC-kKVDM5ZfqbmJUJiMdyecw,Brazavilleeee,https://www.youtube.com/channel/UC-kKVDM5ZfqbmJUJiMdyecw,Entertainment,1779089,227,27300
UClAIF7MWDZmQw841dVKOayg,BRADLEY,https://www.youtube.com/channel/UClAIF7MWDZmQw841dVKOayg,Entertainment,192414,23,17300
UCLgfWSKeXKKix3EuDOKb-ZA,JJEverettRose,https://www.youtube.com/channel/UCLgfWSKeXKKix3EuDOKb-ZA,Lifestyle (sociology),1931863854,1955,2470000
UCEt0NRuPC9B1KpDep5yGu9g,Filly Extra,https://www.youtube.com/channel/UCEt0NRuPC9B1KpDep5yGu9g,Role-playing video game,44361901,183,162000
UCQIdhgHHjGbkrThGV64bVzw,angryginge13,https://www.youtube.com/channel/UCQIdhgHHjGbkrThGV64bVzw,Sport,109843241,452,1040000
UC7feqC03cwddI9fmFj57voA,More Filly,https://www.youtube.com/channel/UC7feqC03cwddI9fmFj57voA,Film,1060531,18,21600
UCGeBogGDZ9W3dsGx-mWQGJA,IMPAULSIVE,https://www.youtube.com/channel/UCGeBogGDZ9W3dsGx-mWQGJA,Entertainment,1227669538,822,4830000
UCJ5v_MCY6GNUBTO8-D3XoAg,WWE,https://www.youtube.com/channel/UCJ5v_MCY6GNUBTO8-D3XoAg,Sport,104862363099,94209,113000000
UCthlbSE8XiIs4rXvbLk7IvQ,Fanatics,https://www.youtube.com/channel/UCthlbSE8XiIs4rXvbLk7IvQ,Lifestyle (sociology),127783464,2871,88100
UCvxWyn4rfcI2H9APhfUIB1Q,Joel Osteen,https://www.youtube.com/channel/UCvxWyn4rfcI2H9APhfUIB1Q,Religion,764331175,2549,3810000
UCRvN3s6FT1BMsxXGoQYTtkw,Matt Kiatipis,https://www.youtube.com/channel/UCRvN3s6FT1BMsxXGoQYTtkw,Lifestyle (sociology),931630897,1586,940000
UC2OREBiIbDChxvmDeg30Bsg,Stephen A. Smith,https://www.youtube.com/channel/UC2OREBiIbDChxvmDeg30Bsg,Politics,365030008,4454,1370000
UCJrWyyCRROi8NlQ6Xd9dx5Q,Almost Athletes with Dude Perfect,https://www.youtube.com/channel/UCJrWyyCRROi8NlQ6Xd9dx5Q,Entertainment,35340173,425,165000
UCfi-mPMOmche6WI-jkvnGXw,Good Good,https://www.youtube.com/channel/UCfi-mPMOmche6WI-jkvnGXw,Entertainment,707951269,899,2110000
UCdtd0HcgVPoCUUdxjrx8IpQ,Hobby Lobby,https://www.youtube.com/channel/UCdtd0HcgVPoCUUdxjrx8IpQ,Hobby,76610805,648,330000
UCVMOQmAEqtzfBGV-_X6_zMw,The Savannah Bananas,https://www.youtube.com/channel/UCVMOQmAEqtzfBGV-_X6_zMw,Basketball,1227998673,2763,2560000
UCbb2JJRVnkkuDs6tzlq2GLw,Sam Tinnesz,https://www.youtube.com/channel/UCbb2JJRVnkkuDs6tzlq2GLw,Independent music,499877546,357,450000
UCEto3mpl-owyuDrlg2CVCIw,Dude Perfect Outdoors,https://www.youtube.com/channel/UCEto3mpl-owyuDrlg2CVCIw,Hobby,18934694,29,436000
UCR5WKiTR0qk0MvSlIFX4MNw,DP Interns,https://www.youtube.com/channel/UCR5WKiTR0qk0MvSlIFX4MNw,Entertainment,16823123,52,89400
UC89AgkG34oooZubVt23wzFw,JLaservideo,https://www.youtube.com/channel/UC89AgkG34oooZubVt23wzFw,Hobby,1673645181,587,5690000
UC0biFgrMdkv1hFAFLVePODQ,Trixie Mattel,https://www.youtube.com/channel/UC0biFgrMdkv1hFAFLVePODQ,Music,609303435,1008,2400000
UC4PooiX37Pld1T8J5SYT-SQ,Good Mythical Morning,https://www.youtube.com/channel/UC4PooiX37Pld1T8J5SYT-SQ,Film,10991401667,4573,19600000
UCIRPDoWlTPtMapZN-e3ZZsw,Dispatches From Myrtle Beach,https://www.youtube.com/channel/UCIRPDoWlTPtMapZN-e3ZZsw,Film,31974875,503,101000
UCbochVIwBCzJb9I2lLGXGjQ,Rhett & Link,https://www.youtube.com/channel/UCbochVIwBCzJb9I2lLGXGjQ,Film,1048404056,435,5450000
UCfoK9LI9vmQQ36zqsFZtNJQ,Airforceproud95,https://www.youtube.com/channel/UCfoK9LI9vmQQ36zqsFZtNJQ,Simulation video game,335705747,916,1450000
UCYLG0W5s5aA6q39oTqf-H4w,Syd & Olivia,https://www.youtube.com/channel/UCYLG0W5s5aA6q39oTqf-H4w,Entertainment,306785935,662,628000
UCd25I7Y3-NEKNOoImYhQ-3g,Henry Phillips,https://www.youtube.com/channel/UCd25I7Y3-NEKNOoImYhQ-3g,Lifestyle (sociology),10331000,162,169000
UCPoW3Vxg_DMzOJ6rzsiqQ9g,Kristen Kish,https://www.youtube.com/channel/UCPoW3Vxg_DMzOJ6rzsiqQ9g,Lifestyle (sociology),20039,16,372
UCpi8TJfiA4lKGkaXs__YdBA,The Try Guys,https://www.youtube.com/channel/UCpi8TJfiA4lKGkaXs__YdBA,Television program,3017688982,1451,7880000
UCPD_bxCRGpmmeQcbe2kpPaA,First We Feast,https://www.youtube.com/channel/UCPD_bxCRGpmmeQcbe2kpPaA,Entertainment,5686034116,3162,15500000
UCbiRYk5AAeHHpMFhsZmAsDw,Krispy Pizza,https://www.youtube.com/channel/UCbiRYk5AAeHHpMFhsZmAsDw,Food,514494253,457,635000
UCi2KNss4Yx73NG0JARSFe0A,Foo Fighters,https://www.youtube.com/channel/UCi2KNss4Yx73NG0JARSFe0A,Independent music,4146051180,266,4200000
UCp5d89SAd11PrkU4rYkxkDg,On Par with Maury Povich,https://www.youtube.com/channel/UCp5d89SAd11PrkU4rYkxkDg,Television program,4243322,68,37300
UC7uVXl9VT206Z5uiu76Ju4w,Esteban Ocon,https://www.youtube.com/channel/UC7uVXl9VT206Z5uiu76Ju4w,Motorsport,3575135,64,133000
UCXdDJGHM-ll-hI7dnjf3Xdg,Ollie Bearman,https://www.youtube.com/channel/UCXdDJGHM-ll-hI7dnjf3Xdg,Sport,2895544,47,114000
UCaGImPpcZdJ_8Iu20lCbHHw,TGR Haas F1 Team,https://www.youtube.com/channel/UCaGImPpcZdJ_8Iu20lCbHHw,Vehicle,12685815,591,172000
UC10QThQSVbvlL-qFgDJiT8A,Cleared Hot Podcast - Powered By BRCC,https://www.youtube.com/channel/UC10QThQSVbvlL-qFgDJiT8A,Society,60068818,2073,202000
UCmK3k1U3D3fqPZWcnAaa-Vg,IRONCLAD,https://www.youtube.com/channel/UCmK3k1U3D3fqPZWcnAaa-Vg,Politics,57125898,2000,379000
UCzQUP1qoWDoEbmsQxvdjxgQ,PowerfulJRE,https://www.youtube.com/channel/UCzQUP1qoWDoEbmsQxvdjxgQ,Entertainment,6567169235,3608,20900000
UCBQMzWLyHV29Yvh4AxkiZIg,Official David Cross,https://www.youtube.com/channel/UCBQMzWLyHV29Yvh4AxkiZIg,Humour,8945690,231,63500
UCSpgfnd_73JM9kVfynhMiXQ,Luis J. Gomez,https://www.youtube.com/channel/UCSpgfnd_73JM9kVfynhMiXQ,Film,19652451,1148,94900
UC2utQmYluWGlhV-W0rTA2wg,Action Bronson,https://www.youtube.com/channel/UC2utQmYluWGlhV-W0rTA2wg,Food,353386520,528,1040000
UCX8puwySi2vmz0YxCqoYMCg,James Donald Forbes McCann,https://www.youtube.com/channel/UCX8puwySi2vmz0YxCqoYMCg,Entertainment,11541398,227,108000
UCtZ6qwLISrbRkYG2oBYLz3g,Ryan Bingham,https://www.youtube.com/channel/UCtZ6qwLISrbRkYG2oBYLz3g,Rock music,182729402,210,224000
UCGyl-mppglI0ZACJ-7oszbg,RZA,https://www.youtube.com/channel/UCGyl-mppglI0ZACJ-7oszbg,Music,14489916,0,83900
UCl0q_XqiWDMA-Q9SzUO3y-Q,Wu-Tang Clan,https://www.youtube.com/channel/UCl0q_XqiWDMA-Q9SzUO3y-Q,Music,1214816825,332,2030000
UCs3T104jUqCD9Fca2kWWTwA,BS with Brian Simpson,https://www.youtube.com/channel/UCs3T104jUqCD9Fca2kWWTwA,Humour,595422,328,9260
UCS8WPEnb7XXuYZTa0bTxuTw,You Be Trippin' Podcast,https://www.youtube.com/channel/UCS8WPEnb7XXuYZTa0bTxuTw,Entertainment,17428724,502,146000
UCkqNTF2SegipHCkwkBrq6hw,Ari Shaffir,https://www.youtube.com/channel/UCkqNTF2SegipHCkwkBrq6hw,Film,26830187,463,250000
UCESLZhusAkFfsNsApnjF_Cg,All-In Podcast,https://www.youtube.com/channel/UCESLZhusAkFfsNsApnjF_Cg,Politics,188727374,890,1090000
UCVRZ75ihzAZFihD1dS8qvwg,Chamath Palihapitiya,https://www.youtube.com/channel/UCVRZ75ihzAZFihD1dS8qvwg,Business,1884637,6,81600
UCL2VR6aVxWDUY34usexCaHQ,Dan Hardy | Full Reptile,https://www.youtube.com/channel/UCL2VR6aVxWDUY34usexCaHQ,Sport,39776600,1666,183000
UCK8lhcSRMq63lrR-WRLiSlQ,Congressman Tim Burchett,https://www.youtube.com/channel/UCK8lhcSRMq63lrR-WRLiSlQ,Politics,2106520,879,19600
UCyzCT9T9X2PKFzayJXVdZfw,Julia Mossbridge,https://www.youtube.com/channel/UCyzCT9T9X2PKFzayJXVdZfw,Health,52661,58,2420
UCLH7qUqM0PLieCVaHA7RegA,Gad Saad,https://www.youtube.com/channel/UCLH7qUqM0PLieCVaHA7RegA,Politics,43442036,2040,369000
UCiE3q35hojEnPEjjCvnwm5A,Thiccc Boy,https://www.youtube.com/channel/UCiE3q35hojEnPEjjCvnwm5A,Boxing,81744485,1344,180000
UC6dwaC5J_YiXXsRCZhqK3yw,Marcus King,https://www.youtube.com/channel/UC6dwaC5J_YiXXsRCZhqK3yw,Rock music,71472356,293,189000
UCVry09UE9Ip5LJYcjG5f0ig,Darryl Cooper & Scott Horton -  Provoked,https://www.youtube.com/channel/UCVry09UE9Ip5LJYcjG5f0ig,Society,2168223,527,43600
UCbGRav5Z8hKdPEO9oN7ekMw,Scott Horton,https://www.youtube.com/channel/UCbGRav5Z8hKdPEO9oN7ekMw,Politics,2532503,6336,59200
UC9cn0TuPq4dnbTY-CBsm8XA,a16z,https://www.youtube.com/channel/UC9cn0TuPq4dnbTY-CBsm8XA,Knowledge,18082161,1284,277000
UChXKAI83IuqSneWe92F97jQ,Canam Missing Project,https://www.youtube.com/channel/UChXKAI83IuqSneWe92F97jQ,Lifestyle (sociology),81864968,977,505000
UCR85PW_B_7_Aisx5vNS7Gjw,Eric Weinstein,https://www.youtube.com/channel/UCR85PW_B_7_Aisx5vNS7Gjw,Society,11345760,44,318000
UCRdVg6Xj_Az9YOsqDzLRbtA,Skylar Grey,https://www.youtube.com/channel/UCRdVg6Xj_Az9YOsqDzLRbtA,Lifestyle (sociology),595044003,394,1400000
UCYIgiXwJck_Pb5Nj-wIrsqg,YMH Studios,https://www.youtube.com/channel/UCYIgiXwJck_Pb5Nj-wIrsqg,Entertainment,1356988325,5793,2160000
UC2eEKIAE77w0xYWjvyWP7MQ,WEIGHING IN,https://www.youtube.com/channel/UC2eEKIAE77w0xYWjvyWP7MQ,Lifestyle (sociology),43761849,1768,126000
UCh1e_0mXLpWgyWdsIyd2waQ,Michelle Thaller,https://www.youtube.com/channel/UCh1e_0mXLpWgyWdsIyd2waQ,Fashion,4512,10,1240
UCCxw3NMP8-2BtgRgIjjLo_A,Harland Highway Podcast,https://www.youtube.com/channel/UCCxw3NMP8-2BtgRgIjjLo_A,Film,73712834,755,231000
UCLtREJY21xRfCuEKvdki1Kw,H3 Podcast,https://www.youtube.com/channel/UCLtREJY21xRfCuEKvdki1Kw,Film,1593453631,1782,2540000
UCzRrheyUCB_qUrrfQ_sEG-Q,Hutch,https://www.youtube.com/channel/UCzRrheyUCB_qUrrfQ_sEG-Q,Politics,6995467,428,839000
UCz981RxgS-A2ID99W8wXzTA,Harley Morenstein,https://www.youtube.com/channel/UCz981RxgS-A2ID99W8wXzTA,Role-playing video game,31968571,625,272000
UC9as_4s9T_EjEMp-_vQ4h9w,Alexa Nikolas,https://www.youtube.com/channel/UC9as_4s9T_EjEMp-_vQ4h9w,Entertainment,7324834,219,84300
UCCp5hNvyCJTVq5Gt804XJiA,the girl with a microphone,https://www.youtube.com/channel/UCCp5hNvyCJTVq5Gt804XJiA,Action game,1263601,381,16100
UC2SZ-f5A5eZ6xTOEA78xY_A,CATBREAD7,https://www.youtube.com/channel/UC2SZ-f5A5eZ6xTOEA78xY_A,Pop music,145475,27,4440
UCwzCMiicL-hBUzyjWiJaseg,Kill Tony,https://www.youtube.com/channel/UCwzCMiicL-hBUzyjWiJaseg,Television program,717919667,619,2690000
UC5caRbGN5SukgJnj2ecK_wA,Oliver Anthony Music,https://www.youtube.com/channel/UC5caRbGN5SukgJnj2ecK_wA,Pop music,345674001,155,1550000
UCSHZKyawb77ixDdsGog4iWA,Lex Fridman,https://www.youtube.com/channel/UCSHZKyawb77ixDdsGog4iWA,Society,911223201,863,5010000
UCSGFY2a_DYK8plQI_fcY_Xg,WW2 Pod: We Have Ways of Making You Talk,https://www.youtube.com/channel/UCSGFY2a_DYK8plQI_fcY_Xg,Knowledge,9884547,756,53100
UCK8sQmJBp8GCxrOtXWBpyEA,Google,https://www.youtube.com/channel/UCK8sQmJBp8GCxrOtXWBpyEA,Knowledge,6654951032,2713,14300000
UCCGfqB7qtWIktmPyf5UMcbw,Terence Tao,https://www.youtube.com/channel/UCCGfqB7qtWIktmPyf5UMcbw,Lifestyle (sociology),355534,6,40200
UCNzszbnvQeFzObW0ghk0Ckw,Dave's Garage,https://www.youtube.com/channel/UCNzszbnvQeFzObW0ghk0Ckw,Lifestyle (sociology),90323834,554,1130000
UCtb6a_CnmGbSns9G8W2Ny0w,Dave's Attic,https://www.youtube.com/channel/UCtb6a_CnmGbSns9G8W2Ny0w,Lifestyle (sociology),2195761,131,55400
UCSwz8c5gvTZ22QPoX-hpJ3Q,Norman Ohler,https://www.youtube.com/channel/UCSwz8c5gvTZ22QPoX-hpJ3Q,Entertainment,22943,32,269
UC_CzsS7UTjcxJ-xXp1ftxtA,Sebastian Raschka,https://www.youtube.com/channel/UC_CzsS7UTjcxJ-xXp1ftxtA,Technology,3039604,306,88600
UCayQjCHzSnqPszcHNMmfkSg,Nathan Lambert,https://www.youtube.com/channel/UCayQjCHzSnqPszcHNMmfkSg,Technology,100191,28,8090
UCVG90hWNJli0TE9zyxFBiQA,Khabib Nurmagomedov,https://www.youtube.com/channel/UCVG90hWNJli0TE9zyxFBiQA,Lifestyle (sociology),137419111,212,1460000
UCHuiy8bXnmK5nisYHUd1J5g,NVIDIA,https://www.youtube.com/channel/UCHuiy8bXnmK5nisYHUd1J5g,Knowledge,581710254,2654,2210000
UC78cxCAcp7JfQPgKxYdyGrg,emma chamberlain,https://www.youtube.com/channel/UC78cxCAcp7JfQPgKxYdyGrg,Lifestyle (sociology),1715187248,308,12000000
UCRXiA3h1no_PFkb1JCP0yMA,Vogue,https://www.youtube.com/channel/UCRXiA3h1no_PFkb1JCP0yMA,Fashion,6361642718,5694,16600000
UCJvR4zNAPRJoMDF3A912dBA,anything goes with emma chamberlain,https://www.youtube.com/channel/UCJvR4zNAPRJoMDF3A912dBA,Entertainment,28162144,516,487000
UCnczwH3BnO7hVYCo9tOUg7A,Chamberlain Coffee,https://www.youtube.com/channel/UCnczwH3BnO7hVYCo9tOUg7A,Food,3342957,61,32800
UCmh5gdwCx6lN7gEC20leNVA,David Dobrik,https://www.youtube.com/channel/UCmh5gdwCx6lN7gEC20leNVA,Film,7554275230,568,17200000
UCrXElbXvCkFQ_tktnqekTtQ,Xeela Fitness,https://www.youtube.com/channel/UCrXElbXvCkFQ_tktnqekTtQ,Physical fitness,31388938,64,328000
UCmx6-tW6k6LP133j4LuK1Eg,Bruno Casanovas,https://www.youtube.com/channel/UCmx6-tW6k6LP133j4LuK1Eg,Fashion,1961459,46,44100
UC_k6e2PPDUnxEdMJC9Q044g,Adam W,https://www.youtube.com/channel/UC_k6e2PPDUnxEdMJC9Q044g,Film,19509776029,1149,21000000
UC6_hw4gZ-W18xqzr7ACWcGQ,Xeela Heavyweights Podcast,https://www.youtube.com/channel/UC6_hw4gZ-W18xqzr7ACWcGQ,Physical fitness,341901,64,156000
UCAl5Ow5B22m7kO_7NhUVL5g,Harry Jowsey,https://www.youtube.com/channel/UCAl5Ow5B22m7kO_7NhUVL5g,Film,405197,167,179000
UCWk68Uw6V990fjnTbcOHeoA,Alex Ernst,https://www.youtube.com/channel/UCWk68Uw6V990fjnTbcOHeoA,Lifestyle (sociology),51201267,115,1340000
UC73dcH1rSNhZppIv9pLUNFA,ernst,https://www.youtube.com/channel/UC73dcH1rSNhZppIv9pLUNFA,Independent music,4236597,11,97000
UCcedwvr7BdBSzTnCouzG-yQ,Corinna Kopf,https://www.youtube.com/channel/UCcedwvr7BdBSzTnCouzG-yQ,Lifestyle (sociology),82505108,62,1650000
UC32pwqMwtziyf0-LTOcrB3w,Heath Hussar,https://www.youtube.com/channel/UC32pwqMwtziyf0-LTOcrB3w,Entertainment,290307381,246,2150000
UCIn73k3a-nb0giPW73wvKRA,Barrett Plastic Surgery,https://www.youtube.com/channel/UCIn73k3a-nb0giPW73wvKRA,Knowledge,189473861,990,371000
UChGnNih8OrcHBcmGdorwJLQ,Georgia Hassarati,https://www.youtube.com/channel/UChGnNih8OrcHBcmGdorwJLQ,Lifestyle (sociology),189372,11,9580
UCYuTELGi3Vz_zAAU9kNnSvg,SteveWillDoIt,https://www.youtube.com/channel/UCYuTELGi3Vz_zAAU9kNnSvg,Lifestyle (sociology),80822812,112,1460000
UC4avs5jYd_FvzQ8f0XYziqw,Beyond Babish,https://www.youtube.com/channel/UC4avs5jYd_FvzQ8f0XYziqw,Food,160590558,608,370000
UCJHA_jMfCvEnv-3kRjTCQXw,Binging with Babish,https://www.youtube.com/channel/UCJHA_jMfCvEnv-3kRjTCQXw,Lifestyle (sociology),2945955228,1013,10500000
UCDyOn-5cBXWvXUlD6fly6aw,Olivia,https://www.youtube.com/channel/UCDyOn-5cBXWvXUlD6fly6aw,Lifestyle (sociology),33110931,80,292000
UCU_XRI4aAckesTGH2x7BL1A,Syracuse University,https://www.youtube.com/channel/UCU_XRI4aAckesTGH2x7BL1A,Lifestyle (sociology),20428545,930,23400
UCfE5Cz44GlZVyoaYTHJbuZw,Guga Foods,https://www.youtube.com/channel/UCfE5Cz44GlZVyoaYTHJbuZw,Food,1243856142,657,5710000
UCMyOj6fhvKFMjxUCp3b_3gA,Nick DiGiovanni,https://www.youtube.com/channel/UCMyOj6fhvKFMjxUCp3b_3gA,Food,19622022456,524,40900000
UCJwuGzZokYefxt8LYjW8BDA,SimpliSafe,https://www.youtube.com/channel/UCJwuGzZokYefxt8LYjW8BDA,Technology,12215307,347,21800
UCJ901NqoRaXMnIm7aOjLyuA,Fallow,https://www.youtube.com/channel/UCJ901NqoRaXMnIm7aOjLyuA,Lifestyle (sociology),1187440937,991,2280000
UCfDNi1aEljAQ17mUrfUjkvg,Alton Brown,https://www.youtube.com/channel/UCfDNi1aEljAQ17mUrfUjkvg,Lifestyle (sociology),91441765,248,1570000
UC2HNqPgeKtVr2gZmLeeIk3g,Nick's Kitchen,https://www.youtube.com/channel/UC2HNqPgeKtVr2gZmLeeIk3g,Food,776712354,135,4480000
UC523GIiSr5L48lBSTB1nubg,More Nick,https://www.youtube.com/channel/UC523GIiSr5L48lBSTB1nubg,Food,4297334788,856,1720000
UC_pT_Iz6XjuM-eMTlXghdfw,Max the Meat Guy,https://www.youtube.com/channel/UC_pT_Iz6XjuM-eMTlXghdfw,Lifestyle (sociology),6849030484,750,9500000
UCPIWK6W576Jfon257vdhQfw,TommyInnit Highlights,https://www.youtube.com/channel/UCPIWK6W576Jfon257vdhQfw,Action-adventure game,145009,57,278
UCaogknV1_Fu31PHRpBJpz6w,Cop Cam Max,https://www.youtube.com/channel/UCaogknV1_Fu31PHRpBJpz6w,Knowledge,20256968,108,98600
UCaqe8FwSxvplg5sp_tdI3fQ,Bodycam Ninja,https://www.youtube.com/channel/UCaqe8FwSxvplg5sp_tdI3fQ,Knowledge,46098844,186,148000
UCRAEUAmW9kletIzOxhpLRFw,Sykkuno,https://www.youtube.com/channel/UCRAEUAmW9kletIzOxhpLRFw,Action game,522660849,1598,2630000
UCoU4zFdpPSK27RC1u6nXkFg,Daily Dose Of Sykkuno,https://www.youtube.com/channel/UCoU4zFdpPSK27RC1u6nXkFg,Action game,40387,82,446
UChKVhjGmPAu7eWa2ITDd50w,Konstantin,https://www.youtube.com/channel/UChKVhjGmPAu7eWa2ITDd50w,Lifestyle (sociology),126632341,396,1380000
UC5gBRifXV-2XR9Tl52PdZ7A,Sean Madden,https://www.youtube.com/channel/UC5gBRifXV-2XR9Tl52PdZ7A,Film,22497149,1360,33900
UCVT2xLQWWSC0gicwXCUAqfw,Yaqiao Yang,https://www.youtube.com/channel/UCVT2xLQWWSC0gicwXCUAqfw,Film,30165549,58,50500
UCx8XfBOtnJa78wfR6PwHn1w,BIG SPICE,https://www.youtube.com/channel/UCx8XfBOtnJa78wfR6PwHn1w,Hip hop music,2239536,1233,8880
UCXik3_LnPgvajLPFOfHfEmA,vinogradov,https://www.youtube.com/channel/UCXik3_LnPgvajLPFOfHfEmA,Hip hop music,10098842,758,27700
UCVzkyAPB-xqCGufCB1FsOiw,BEE FAMILY,https://www.youtube.com/channel/UCVzkyAPB-xqCGufCB1FsOiw,Film,6707,56,292
UCuWjvSV2Q-QH3aHuGiKkoyw,The Fox Archive,https://www.youtube.com/channel/UCuWjvSV2Q-QH3aHuGiKkoyw,Electronic music,904116,55,12100
UCRTAm1CctqrJcT5ald2MZ2g,Saile,https://www.youtube.com/channel/UCRTAm1CctqrJcT5ald2MZ2g,Pop music,1537646,64,14900
UCVz6wfxN-2m6WfXM7jQzoVw,onli wake up,https://www.youtube.com/channel/UCVz6wfxN-2m6WfXM7jQzoVw,Music,528,2,748
UCi4BlN1WkLphMBqNlIiM_ZA,PK,https://www.youtube.com/channel/UCi4BlN1WkLphMBqNlIiM_ZA,Entertainment,1564226,34,23800
UCOKFJm4hRnc-LJUwXKe4uuA,Scary the Kid,https://www.youtube.com/channel/UCOKFJm4hRnc-LJUwXKe4uuA,Independent music,775371,24,6350
UCje6c6wv2s1l_sSFQ9ToecQ,Baasik,https://www.youtube.com/channel/UCje6c6wv2s1l_sSFQ9ToecQ,Independent music,3771550,115,64300
UCvzWGXYFDiiJ338KIJPhbhQ,Black Gryph0n,https://www.youtube.com/channel/UCvzWGXYFDiiJ338KIJPhbhQ,Electronic music,1396577856,331,5610000
UCVDxozAfpwnZuySPPLLMuGQ,Zeddyzi,https://www.youtube.com/channel/UCVDxozAfpwnZuySPPLLMuGQ,Hobby,44518167,78,771000
UC1A4pm5bMUZSlu377abxlIA,beatstar,https://www.youtube.com/channel/UC1A4pm5bMUZSlu377abxlIA,Action-adventure game,1510518,255,3050
UCAjpb_KMUe0dj5eSBHYYeiA,Jab50Yen Returns,https://www.youtube.com/channel/UCAjpb_KMUe0dj5eSBHYYeiA,Society,91334,49,1280
UC9BkT4lu2bby5wdQe1brQHA,UniqueGeese,https://www.youtube.com/channel/UC9BkT4lu2bby5wdQe1brQHA,Action game,60910086,639,435000
UCNAtv_nKd0gVqlZNOzzamqw,tennis player,https://www.youtube.com/channel/UCNAtv_nKd0gVqlZNOzzamqw,Hip hop music,8256204,485,29000
UClRf7-Z0Zm2DjOfofSubDDg,Kid Kyro Offical,https://www.youtube.com/channel/UClRf7-Z0Zm2DjOfofSubDDg,Music,0,0,368
UC8MtlPGTGnNygr6cUz66Qwg,prod. kirk,https://www.youtube.com/channel/UC8MtlPGTGnNygr6cUz66Qwg,Music,774738,159,3900
UCE93RuJfk1NRnOveKdXu7dA,ivy!,https://www.youtube.com/channel/UCE93RuJfk1NRnOveKdXu7dA,Film,29882,79,2120
UCGx3z-Peg7b5S3sotFvCYUA,wth beats,https://www.youtube.com/channel/UCGx3z-Peg7b5S3sotFvCYUA,Music,308920,52,765
UC6LAu2le5tlyBhQ80t_EXSA,Morteh,https://www.youtube.com/channel/UC6LAu2le5tlyBhQ80t_EXSA,Hip hop music,7494665,541,27200
UCM8VJwDkHunQb6HjdepSGEg,♤Spade♤,https://www.youtube.com/channel/UCM8VJwDkHunQb6HjdepSGEg,Entertainment,238145,67,1400
UC4aqa7jhYYI1z4zXDXBh9Rg,Genichris,https://www.youtube.com/channel/UC4aqa7jhYYI1z4zXDXBh9Rg,Electronic music,288685,112,2440
UC6vG5Pl_yGlN9nmE56DbXVg,VisuThought Industries,https://www.youtube.com/channel/UC6vG5Pl_yGlN9nmE56DbXVg,Music,766,13,186
UCFEILlRShED6pXay-AnEuoA,JXTRHO,https://www.youtube.com/channel/UCFEILlRShED6pXay-AnEuoA,Rock music,2109033,89,11600
UCW0I17QNERH5gYZzTVyIUBw,S.S Rap,https://www.youtube.com/channel/UCW0I17QNERH5gYZzTVyIUBw,Entertainment,470764,53,2910
UCP3NBSKeKY_8lX0e40ZuQFw,NME Kaiju,https://www.youtube.com/channel/UCP3NBSKeKY_8lX0e40ZuQFw,Hip hop music,9578,59,111
UCgmY75qVDoi0csxVzwDZyVA,S63,https://www.youtube.com/channel/UCgmY75qVDoi0csxVzwDZyVA,Entertainment,576,8,157
UCz5KGKbmsDpI3PsGOd9aVMQ,clvr,https://www.youtube.com/channel/UCz5KGKbmsDpI3PsGOd9aVMQ,Hip hop music,10745523,316,47700
UCiunlLhKqBmJyoYuZD1EfAA,KAZII,https://www.youtube.com/channel/UCiunlLhKqBmJyoYuZD1EfAA,Hip hop music,1359,0,566
UCrmnI5ettgOCRXrLmmwY5hw,prod. Pxlsdead,https://www.youtube.com/channel/UCrmnI5ettgOCRXrLmmwY5hw,Hip hop music,186223,30,1220
UC2YWpSzKWbmU2j3mOulL3sw,King Washi,https://www.youtube.com/channel/UC2YWpSzKWbmU2j3mOulL3sw,Hip hop music,183359,75,1290
UCvJNtC_NfDPYglbCV4n-HFg,prod. mud,https://www.youtube.com/channel/UCvJNtC_NfDPYglbCV4n-HFg,Music,398011,371,1710
UCQ7eq7yy8QZn2JVA761hJcw,piximouse,https://www.youtube.com/channel/UCQ7eq7yy8QZn2JVA761hJcw,Role-playing video game,1310,4,1250
UCOwehU-HbdMw9NdWrxq3ulA,Freeced,https://www.youtube.com/channel/UCOwehU-HbdMw9NdWrxq3ulA,Electronic music,2057024,115,11900
UC2F-zfOIENhx88lFbWokgMQ,Mack on the Beat,https://www.youtube.com/channel/UC2F-zfOIENhx88lFbWokgMQ,Music,704,0,569
UCKlgt57JNrIa0FyWj8OLPmA,NERVV,https://www.youtube.com/channel/UCKlgt57JNrIa0FyWj8OLPmA,Rock music,523108,228,2600
UCtyL2GQHgsZJu1YCPPox0FQ,Ninethie Music,https://www.youtube.com/channel/UCtyL2GQHgsZJu1YCPPox0FQ,Action game,1965123,83,8700
UCSD9nX93S-QF1g4ky0sc9YA,Xander Sage,https://www.youtube.com/channel/UCSD9nX93S-QF1g4ky0sc9YA,Film,30090,34,393
UC1mMNLilOpp8Xv_FT1pk1NQ,GÂTOR,https://www.youtube.com/channel/UC1mMNLilOpp8Xv_FT1pk1NQ,Electronic music,239652,39,1290
UCFUNls6oPAsSbEc5JDCAP2w,Nina Hope,https://www.youtube.com/channel/UCFUNls6oPAsSbEc5JDCAP2w,Entertainment,501763,64,6860
UC4-VKqUUXX9y_d_nT7XfLzQ,Geno Five,https://www.youtube.com/channel/UC4-VKqUUXX9y_d_nT7XfLzQ,Pop music,353627,90,4940
UCRROy9ywPT8QrSJl-In6kTw,Dom Palombi,https://www.youtube.com/channel/UCRROy9ywPT8QrSJl-In6kTw,Video game culture,2490403,388,12900
UCwC9yHLyr_P1fMJiCH174wQ,UCwC9yHLyr_P1fMJiCH174wQ,https://www.youtube.com/channel/UCwC9yHLyr_P1fMJiCH174wQ,Entertainment,152303078,482,484000
UCswJodjftsSoSSOlIl-nGkg,NanceDevDiaries,https://www.youtube.com/channel/UCswJodjftsSoSSOlIl-nGkg,Action game,391592,60,7160
UCXM6iU-LYqpLEudLeulcLww,G_guy,https://www.youtube.com/channel/UCXM6iU-LYqpLEudLeulcLww,Film,16873733,126,106000
UCuPq6ubfqFt40nU3Afjy7gw,SLG4,https://www.youtube.com/channel/UCuPq6ubfqFt40nU3Afjy7gw,Action game,814206,129,12900
UCtFOW7jJXChfFNoucRFqRmw,Arijit Singh,https://www.youtube.com/channel/UCtFOW7jJXChfFNoucRFqRmw,Music,4877341367,174,6200000
UCESiRVMacmdsijiOtKvOeKQ,Jayingee,https://www.youtube.com/channel/UCESiRVMacmdsijiOtKvOeKQ,Action-adventure game,950565395,902,2320000
UCRW4Sm1HFRav63dhB1jEIRg,Temprist,https://www.youtube.com/channel/UCRW4Sm1HFRav63dhB1jEIRg,Simulation video game,106993518,30,1310000
UCm-X6o81nRsXQTmqpyArkBQ,Flamingo,https://www.youtube.com/channel/UCm-X6o81nRsXQTmqpyArkBQ,Action-adventure game,12578333064,2826,14500000
UCqzDGKtN9dw7YlVrsWnz-rA,Kaden Fumblebottom,https://www.youtube.com/channel/UCqzDGKtN9dw7YlVrsWnz-rA,Action game,62171060,538,740000
UCtPpceEKJRmtfbSrBCNjH6w,PolarCub,https://www.youtube.com/channel/UCtPpceEKJRmtfbSrBCNjH6w,Simulation video game,71526832,189,607000
UC0J_AJIFno5AHWJ2A_6Hd3Q,Flebsy,https://www.youtube.com/channel/UC0J_AJIFno5AHWJ2A_6Hd3Q,Role-playing video game,73773370,383,321000
UCKwLqdUm-iOxVA2ERRTsFng,Ichiban Japan,https://www.youtube.com/channel/UCKwLqdUm-iOxVA2ERRTsFng,Lifestyle (sociology),27787460,127,346000
UCzT94lwN04O8bg0SMPuBOfQ,MDM,https://www.youtube.com/channel/UCzT94lwN04O8bg0SMPuBOfQ,,88733445,41,688000
UC4m1l1G3tpb4C1EiljBLI3A,Joe,https://www.youtube.com/channel/UC4m1l1G3tpb4C1EiljBLI3A,Film,313983978,588,1580000
UCFQdDJ0eaSIBMuNYW2TW0Pw,LeanStats,https://www.youtube.com/channel/UCFQdDJ0eaSIBMuNYW2TW0Pw,,1053036,488,5510
UCqJ5zFEED1hWs0KNQCQuYdQ,Mikecrack,https://www.youtube.com/channel/UCqJ5zFEED1hWs0KNQCQuYdQ,Action game,21874077771,2242,58500000
UCmrlqFIK_QQCsr3FRHa3OKw,FlareTV,https://www.youtube.com/channel/UCmrlqFIK_QQCsr3FRHa3OKw,Lifestyle (sociology),505814860,20,2030000
UCT2ryU039C77JULQGBN1tuQ,IvanIO,https://www.youtube.com/channel/UCT2ryU039C77JULQGBN1tuQ,,7125162,190,14000
UCS-cgYslpMpH5FkxJ2e0Vpg,Newsader,https://www.youtube.com/channel/UCS-cgYslpMpH5FkxJ2e0Vpg,Society,680890775,5652,851000
UC1CFW6RBBLDVWpvFY934XJw,Matt Bull,https://www.youtube.com/channel/UC1CFW6RBBLDVWpvFY934XJw,Action game,9072,24,1830
UCHh-E30t9LBo4vPuZkv-6DA,RetryEli,https://www.youtube.com/channel/UCHh-E30t9LBo4vPuZkv-6DA,Puzzle video game,1115,5,52
UCp6T83rUNCt_iqtDelwSHNA,Tony 3D,https://www.youtube.com/channel/UCp6T83rUNCt_iqtDelwSHNA,,0,0,43200
UCNOPATl0JcguaVn1ovKWU1w,Sam Fender,https://www.youtube.com/channel/UCNOPATl0JcguaVn1ovKWU1w,Rock music,320605627,187,334000
UCAjxp95kAt0ySNVsevFUIeg,SOUNDMIT,https://www.youtube.com/channel/UCAjxp95kAt0ySNVsevFUIeg,Lifestyle (sociology),242404,255,2320
UC0IY1BQiMehWMvezqWLyk4g,Dalibor Farný,https://www.youtube.com/channel/UC0IY1BQiMehWMvezqWLyk4g,Technology,23203533,96,83800
UCuWlekkRZkTF0iIpVbgkUPg,Hack Modular,https://www.youtube.com/channel/UCuWlekkRZkTF0iIpVbgkUPg,Lifestyle (sociology),207604,165,3610
UCUxqDZpiJuAAwPwGawEnXHw,baseck,https://www.youtube.com/channel/UCUxqDZpiJuAAwPwGawEnXHw,Lifestyle (sociology),407583,55,4560
UCcztTsGM-feTRQW1EOLTHrQ,TV MASKAVA,https://www.youtube.com/channel/UCcztTsGM-feTRQW1EOLTHrQ,Lifestyle (sociology),211050,120,890
UColTb4g72_7cGgXVwlWrxrw,KODEK4444,https://www.youtube.com/channel/UColTb4g72_7cGgXVwlWrxrw,Music,424436,86,2910
UCydVvomDSz2uIMBlydkpYqA,worldofmama,https://www.youtube.com/channel/UCydVvomDSz2uIMBlydkpYqA,Food,12968859,474,170000
UCo_X5JK1TcxmYmDFxsM8gDg,DrEevee,https://www.youtube.com/channel/UCo_X5JK1TcxmYmDFxsM8gDg,Role-playing video game,2220725,689,14500
UCBG66BB61JCYxVoIXy6U0bg,Yassir3D,https://www.youtube.com/channel/UCBG66BB61JCYxVoIXy6U0bg,Film,4280,11,1910
UCAUmspa4r-haAFbxBnzmPkg,Maumes,https://www.youtube.com/channel/UCAUmspa4r-haAFbxBnzmPkg,Hobby,2077,5,101
UC3FwaVaqMKb47gIsh8WDylA,The Harry Gold Show,https://www.youtube.com/channel/UC3FwaVaqMKb47gIsh8WDylA,Hobby,13791646,59,183000
UCE7vuc8z3muzo67ioYFCIVA,CuriousChaos,https://www.youtube.com/channel/UCE7vuc8z3muzo67ioYFCIVA,Role-playing video game,514249,27,14000
UCXGgZV59J7ytvA95hRFLsBg,MrBonnyJohn,https://www.youtube.com/channel/UCXGgZV59J7ytvA95hRFLsBg,Role-playing video game,375803,39,11500
UCbDpvngWMzS_iAqaWdTEOAg,Toxiquid,https://www.youtube.com/channel/UCbDpvngWMzS_iAqaWdTEOAg,Action game,3546332,40,40800
UC7yMooezVAKSTHrL-pG3sWg,MunchingOrange,https://www.youtube.com/channel/UC7yMooezVAKSTHrL-pG3sWg,Action game,638129687,3550,1390000
UCBODyKF0JMbUd6D9Bklyzbw,Jacob Alpharad,https://www.youtube.com/channel/UCBODyKF0JMbUd6D9Bklyzbw,Action-adventure game,1905363632,1008,3850000
UC0O_0SlZkDfObrgJ8nHHG5g,Froopy Art,https://www.youtube.com/channel/UC0O_0SlZkDfObrgJ8nHHG5g,Role-playing video game,3537511,166,25400
UCfv-c2H4SFkAkzSAvvw5xWw,Thesterninator,https://www.youtube.com/channel/UCfv-c2H4SFkAkzSAvvw5xWw,Lifestyle (sociology),6503243,404,58400
UCz6oXthZd45A64zDpPv5vKw,Moxie2D,https://www.youtube.com/channel/UCz6oXthZd45A64zDpPv5vKw,Action-adventure game,42334937,167,350000
UC_DDXSh__21IGWlL2-38clw,Subjectively,https://www.youtube.com/channel/UC_DDXSh__21IGWlL2-38clw,Hobby,48039793,401,337000
UCzF854L5fzgnlL4j5iRc6mg,french -teapot,https://www.youtube.com/channel/UCzF854L5fzgnlL4j5iRc6mg,Lifestyle (sociology),498215,120,10600
UCJBAtdvzL1Qzvf7dTr4omSg,Cloud Klaus,https://www.youtube.com/channel/UCJBAtdvzL1Qzvf7dTr4omSg,Hip hop music,3920,26,8030
UCWpsIjbGTfj5m4MUX42SVOQ,GameboyLuke,https://www.youtube.com/channel/UCWpsIjbGTfj5m4MUX42SVOQ,Action-adventure game,156449702,2918,570000
UCKKKbeAhjKYJfOy5Opg8lcQ,Zame,https://www.youtube.com/channel/UCKKKbeAhjKYJfOy5Opg8lcQ,Music,133684917,1659,114000
UCHecqThyBdUC9oGc3j9biLw,Jumpluff,https://www.youtube.com/channel/UCHecqThyBdUC9oGc3j9biLw,Video game culture,552609,304,1580
UC_0zEKLgp8AJUFMjNEucTSQ,Karn EX,https://www.youtube.com/channel/UC_0zEKLgp8AJUFMjNEucTSQ,Action game,32651914,612,104000
UCNLYbmPRdPAOrdINcrjzzGw,アマル,https://www.youtube.com/channel/UCNLYbmPRdPAOrdINcrjzzGw,Role-playing video game,198712163,2443,382000
UCuSRzuQayUyETYvmE-78eVQ,なつめさんち,https://www.youtube.com/channel/UCuSRzuQayUyETYvmE-78eVQ,Entertainment,543504227,872,1270000
UC1VGEq4FYyYNnjUaRI75aFQ,かんなちゃろ,https://www.youtube.com/channel/UC1VGEq4FYyYNnjUaRI75aFQ,Simulation video game,38564417,520,146000
UCsme49b8I4espucPnKdUWLg,鬱,https://www.youtube.com/channel/UCsme49b8I4espucPnKdUWLg,Entertainment,191338178,469,407000
UCLqCmbd6bgcLaBVz3aA-68A,P丸様。,https://www.youtube.com/channel/UCLqCmbd6bgcLaBVz3aA-68A,Film,3674748768,1751,3170000
UCZ6De1QJshn7_0N5JDxrsEw,ろ,https://www.youtube.com/channel/UCZ6De1QJshn7_0N5JDxrsEw,Action game,1000862,90,9680
UCsNi9G2J9hT3V_DgbzTJ-bg,nayker / ねいかー,https://www.youtube.com/channel/UCsNi9G2J9hT3V_DgbzTJ-bg,Action game,591806,258,6090
UC_FBwW5DQ-PmcThYBUPSkPA,clxxer,https://www.youtube.com/channel/UC_FBwW5DQ-PmcThYBUPSkPA,Action-adventure game,687467,23,22000
UCCfWn19VaAyO0CeQwfmmVQQ,Chocoluv【ちょこらぶ】,https://www.youtube.com/channel/UCCfWn19VaAyO0CeQwfmmVQQ,Action game,4516907,372,33700
UC4Bm9ZVePWJML6GotqPUYYw,dokn【どきん】,https://www.youtube.com/channel/UC4Bm9ZVePWJML6GotqPUYYw,Action-adventure game,11913,10,38000
UCHp-Xn5EffaJFrmtvVvAdXw,柑橘めたる,https://www.youtube.com/channel/UCHp-Xn5EffaJFrmtvVvAdXw,Lifestyle (sociology),132791221,1075,346000
UC_LS7mBxC0zL9Ot0gaU26Lw,ぷりっつ,https://www.youtube.com/channel/UC_LS7mBxC0zL9Ot0gaU26Lw,Video game culture,1023835458,1513,1340000
UCclJj-dtXX0-uIpFl3gGBHA,Reignite Esports,https://www.youtube.com/channel/UCclJj-dtXX0-uIpFl3gGBHA,Video game culture,7074786,800,14800
UC3iVZvy2ijUp9z-VtBhBOFw,ぺがさす,https://www.youtube.com/channel/UC3iVZvy2ijUp9z-VtBhBOFw,Action game,15812480,193,82500
UCCGROwD4gP4lb_I3S5Udfhw,CRコーン - Cornn,https://www.youtube.com/channel/UCCGROwD4gP4lb_I3S5Udfhw,Role-playing video game,32508076,398,93600
UCVNMSqhk31vnBv4qAD8mvJQ,あんないch【公式】,https://www.youtube.com/channel/UCVNMSqhk31vnBv4qAD8mvJQ,Role-playing video game,197538059,1440,282000
UC0VeqhFeCCjtEms6iHhGaXQ,しゅんしゃん/Riddle,https://www.youtube.com/channel/UC0VeqhFeCCjtEms6iHhGaXQ,Action-adventure game,56284807,369,136000
UCam3IAA-nyfxRL8_wDQ35VA,MIMI,https://www.youtube.com/channel/UCam3IAA-nyfxRL8_wDQ35VA,Music of Asia,278721790,141,637000
UCljUqW1p2exRGD2cj3cxaew,クリス・ハート,https://www.youtube.com/channel/UCljUqW1p2exRGD2cj3cxaew,Music of Asia,61340780,60,81400
UCgRvjrt-qFWHMCWA7Iufkug,くれはちゅーぶ / 中川紅葉,https://www.youtube.com/channel/UCgRvjrt-qFWHMCWA7Iufkug,Tourism,248110,45,7700
UCmXazeBWYk6jZqGtQCWSNZQ,株式会社WEST FOREST (ANLA LABELS),https://www.youtube.com/channel/UCmXazeBWYk6jZqGtQCWSNZQ,Music of Asia,1215380,52,6210
UCA6-A7sCqkDeAMLd3gkaK1g,宇都圭輝 [Keiki Uto],https://www.youtube.com/channel/UCA6-A7sCqkDeAMLd3gkaK1g,Music,12509478,74,68800
UC_apF_oTeeGUT_81EVD1oRw,米将軍 / さんちゃんく!,https://www.youtube.com/channel/UC_apF_oTeeGUT_81EVD1oRw,Action game,61351950,1400,136000
UCS6Db5LjCOKhY6B1UlrCbkg,バスター Buster,https://www.youtube.com/channel/UCS6Db5LjCOKhY6B1UlrCbkg,Video game culture,25594,32,1180
UCoM_XmK45j504hfUWvN06Qg,成瀬 鳴 / Naruse Naru【にじさんじ】,https://www.youtube.com/channel/UCoM_XmK45j504hfUWvN06Qg,Music,1027690,3,148000
UCUZ-BTUes9M2RXGwuBy_YgA,HAJIME CHITOSE,https://www.youtube.com/channel/UCUZ-BTUes9M2RXGwuBy_YgA,Pop music,5917089,70,24600
UChFa3HNcw5DAXp_fZSx3f9g,TVアニメ『2.5次元の誘惑』公式チャンネル,https://www.youtube.com/channel/UChFa3HNcw5DAXp_fZSx3f9g,Entertainment,30989692,264,61700
UC12HMtO5MYph9dCZZ7yygng,XG,https://www.youtube.com/channel/UC12HMtO5MYph9dCZZ7yygng,Lifestyle (sociology),2043672582,853,4850000
UCftNpNw3J2-_h3dWywv5BPQ,SEVEN’S TV,https://www.youtube.com/channel/UCftNpNw3J2-_h3dWywv5BPQ,Lifestyle (sociology),881476442,1683,587000
UC7F9JMqD7hvQs88HD3riDWQ,概念真衣,https://www.youtube.com/channel/UC7F9JMqD7hvQs88HD3riDWQ,Hip hop music,8799,10,103
UCFwvhL9gkkvfhjNwHAWFY4w,チャンネルくtodaり,https://www.youtube.com/channel/UCFwvhL9gkkvfhjNwHAWFY4w,Music,861,3,25
UCG2T5as3lpKEjEE3ElM_iXA,Inari Netsuki VRapper,https://www.youtube.com/channel/UCG2T5as3lpKEjEE3ElM_iXA,Music of Asia,188419,484,985
UCG7vJuxHxKE_EIRCa57b0Ow,Snail 98,https://www.youtube.com/channel/UCG7vJuxHxKE_EIRCa57b0Ow,Music of Asia,8545,4,128
UCMi8abJhWv_kM2S-oF3ZAlQ,VMOG Ginryu,https://www.youtube.com/channel/UCMi8abJhWv_kM2S-oF3ZAlQ,Pop music,1508060,34,4260
UC9gyQMUhvxAiArLSkvJm1ww,ytr_ytr,https://www.youtube.com/channel/UC9gyQMUhvxAiArLSkvJm1ww,Hip hop music,20269098,37,61600
UCbyzsfKiFH27LLfbHpeDXag,ゆっくりん#,https://www.youtube.com/channel/UCbyzsfKiFH27LLfbHpeDXag,Pop music,23382,21,334
UCsT2ScotGVYh1dMPRgcg9pw,電波少女 Official YouTube Channel,https://www.youtube.com/channel/UCsT2ScotGVYh1dMPRgcg9pw,Music of Asia,3024156,16,13400
UCug_IaIuJtpq54AfFsDF6jw,YONTZ,https://www.youtube.com/channel/UCug_IaIuJtpq54AfFsDF6jw,Hip hop music,2226,5,68
UCtk3KnxYCoGiyrLVdIOgG1Q,BOOGEY VOXX -official-,https://www.youtube.com/channel/UCtk3KnxYCoGiyrLVdIOgG1Q,Music of Asia,28775128,826,106000
UCK6AthYumV0TO49a6fQ-gSg,レッドブルマイク,https://www.youtube.com/channel/UCK6AthYumV0TO49a6fQ-gSg,Hip hop music,168827142,544,231000
UCNjtXy4nQcNSg_zvljgTI6g,White Mamba Beatz,https://www.youtube.com/channel/UCNjtXy4nQcNSg_zvljgTI6g,Music of Latin America,41,2,50100
UCADc1wwJMypasPVW8kOBu7A,中路もとめ,https://www.youtube.com/channel/UCADc1wwJMypasPVW8kOBu7A,Pop music,173308,16,1580
UCMnb-TwB7r1J84gC9KQ2v7w,Lily Mizusaki / リリィミズサキ,https://www.youtube.com/channel/UCMnb-TwB7r1J84gC9KQ2v7w,Electronic music,2093841,155,16100
UCHbNeBLyAbDq98dmplCo22g,ありまつサブ,https://www.youtube.com/channel/UCHbNeBLyAbDq98dmplCo22g,Video game culture,23446,57,385
UC_9106d2rq4Xizg9v8QmmTQ,晴歩 - haruto -,https://www.youtube.com/channel/UC_9106d2rq4Xizg9v8QmmTQ,Pop music,599738,82,12700
UCdPRQCpfUg147_inLrq6Xhw,seiza,https://www.youtube.com/channel/UCdPRQCpfUg147_inLrq6Xhw,Music,7998800,53,32800
UCvv7fl3Wwgtv2N4uCgpnB_Q,音田雅則OtodaMasanori,https://www.youtube.com/channel/UCvv7fl3Wwgtv2N4uCgpnB_Q,Music of Asia,195048358,214,193000
UCixxpKomiviTnhcKPBX2nCQ,Negoto ch. 白打音言,https://www.youtube.com/channel/UCixxpKomiviTnhcKPBX2nCQ,Music of Asia,542845,261,3370
UCz84OkV4Iud9B8GdTwSx9-w,りをん,https://www.youtube.com/channel/UCz84OkV4Iud9B8GdTwSx9-w,Music of Asia,2155986,187,15800
UCtgsUppEvedWdZMSeQ5jTfg,Corbucci Boladão,https://www.youtube.com/channel/UCtgsUppEvedWdZMSeQ5jTfg,,11391,1,69700
UCLHnIAcYWnk4AK-Cf6ghuKw,知らないセカイ,https://www.youtube.com/channel/UCLHnIAcYWnk4AK-Cf6ghuKw,,1049810,149,25800
UCLyjt3gvo4rfyiAsQ7rtXrg,山本雅俊 / REFORM and LIFE.,https://www.youtube.com/channel/UCLyjt3gvo4rfyiAsQ7rtXrg,Entertainment,739656,140,15200
UCXVW9P_uDdOtWA1DeeliNTA,フランチャイズチャンネル,https://www.youtube.com/channel/UCXVW9P_uDdOtWA1DeeliNTA,Entertainment,99845221,5963,208000
UCgJzj2R9zPaTj6LR1fh8LvA,青笹のもっと動画編集を広げたい,https://www.youtube.com/channel/UCgJzj2R9zPaTj6LR1fh8LvA,Lifestyle (sociology),18998779,752,72600
UCgxoZgKzfHeQ03oVo0vmJDA,SES魂,https://www.youtube.com/channel/UCgxoZgKzfHeQ03oVo0vmJDA,Lifestyle (sociology),315243,133,3020
UCvKk23twpijvqlzhSWreySg,ドラゴン細井featアマソラクリニックch,https://www.youtube.com/channel/UCvKk23twpijvqlzhSWreySg,Health,150694661,975,226000
UCiSvFfjE3Z4PumeJ8TXvU3g,上野あき(あき社長)🇯🇵UA-JAPAN RECORDS,https://www.youtube.com/channel/UCiSvFfjE3Z4PumeJ8TXvU3g,Entertainment,7869331,1032,6230
UCvUqwMZ0cOGOR-wHsZBuDSw,アウトレイジ森脇チャンネル,https://www.youtube.com/channel/UCvUqwMZ0cOGOR-wHsZBuDSw,Lifestyle (sociology),2061298,157,6160
UCWzGkre-7TJUPn9AGgRuziw,島やん　shimayan,https://www.youtube.com/channel/UCWzGkre-7TJUPn9AGgRuziw,Food,228778177,1162,142000
UC_PUuYmn8e4rZpOHgaTdUrg,みかみ【東大退学させられた男】,https://www.youtube.com/channel/UC_PUuYmn8e4rZpOHgaTdUrg,Lifestyle (sociology),21014467,429,46400
UC02HDhYoJyMJYf118kr1mQQ,おるちゃんねる,https://www.youtube.com/channel/UC02HDhYoJyMJYf118kr1mQQ,Lifestyle (sociology),29939,12,138
UC8z0IiO-18B3o6ZNAu0hvKQ,【開運】武則天様 / 世界有数の占い師,https://www.youtube.com/channel/UC8z0IiO-18B3o6ZNAu0hvKQ,Lifestyle (sociology),461454,78,2280
UCCL6Cck2xKL8cLdO2Ydattg,為国とセナ,https://www.youtube.com/channel/UCCL6Cck2xKL8cLdO2Ydattg,,9272343,396,24900
UC3jSmeFym7nWXp3xTn_HYNA,CBCwithキッズ,https://www.youtube.com/channel/UC3jSmeFym7nWXp3xTn_HYNA,Film,99414,62,1480
UCSEVmNAvs5-8OdkKxyp8AWA,ぁみの怪談夜会,https://www.youtube.com/channel/UCSEVmNAvs5-8OdkKxyp8AWA,,689444,16,175000
UCJ7upyibNNoXKOOT2qk6N3g,ぶたマンモスハウス,https://www.youtube.com/channel/UCJ7upyibNNoXKOOT2qk6N3g,Television program,7278575,1315,9900
UCPkjL7jAJhrZ3e4-NlsGt-Q,広瀬 香美 Official YouTube channel,https://www.youtube.com/channel/UCPkjL7jAJhrZ3e4-NlsGt-Q,Lifestyle (sociology),178223087,414,455000
UCKeAhJvy8zgXWbh9duVjIaQ,Aruran Ch. アルランディス,https://www.youtube.com/channel/UCKeAhJvy8zgXWbh9duVjIaQ,Action game,52682989,3491,251000
UC10wVt6hoQiwySRhz7RdOUA,hololive DEV_IS ReGLOSS,https://www.youtube.com/channel/UC10wVt6hoQiwySRhz7RdOUA,Music of Asia,280117174,719,583000
UC1DCedRgGHBdm81E1llLhOQ,Pekora Ch. 兎田ぺこら,https://www.youtube.com/channel/UC1DCedRgGHBdm81E1llLhOQ,Action game,1134601579,2633,2780000
UCwcenN2ozUtkGOVnge9XwQg,HoloCrumb Ch.,https://www.youtube.com/channel/UCwcenN2ozUtkGOVnge9XwQg,Entertainment,33561946,968,74200
UCODNLyn3L83wEmC0DLL0cxA,朝ノ姉妹ぷろじぇくと,https://www.youtube.com/channel/UCODNLyn3L83wEmC0DLL0cxA,Video game culture,53443313,2420,242000
UC-9mpnLpsp6O15A4qVSZkaw,あけくれあるむ,https://www.youtube.com/channel/UC-9mpnLpsp6O15A4qVSZkaw,Video game culture,205529,1171,2440
UCIg_xXZmz_6D9xAMwNwByzg,もとやまめぐ‪🌱‬バイオ系技術者,https://www.youtube.com/channel/UCIg_xXZmz_6D9xAMwNwByzg,Knowledge,2115,9,115
UCigiyKc25-DZATWhKOIY9Jw,山羊ケイ🐐工学系Vtuber,https://www.youtube.com/channel/UCigiyKc25-DZATWhKOIY9Jw,Role-playing video game,38416,32,759
UCmgF-QsCtJm0Slo-3yM8mQg,じゃこにゃー法律ちゃんねる,https://www.youtube.com/channel/UCmgF-QsCtJm0Slo-3yM8mQg,Knowledge,291389,707,3740
UCxSJP2WWP_CKuayijH2lWfw,Maul Channel,https://www.youtube.com/channel/UCxSJP2WWP_CKuayijH2lWfw,Lifestyle (sociology),286636,406,41400
UCAR3Fyszry2UrPxkB0dfYww,Saachi Minamoto,https://www.youtube.com/channel/UCAR3Fyszry2UrPxkB0dfYww,Lifestyle (sociology),12904,145,255
UCLg9wRlnTFwaCi3xvFm_TNg,Ayane's Comic Channel,https://www.youtube.com/channel/UCLg9wRlnTFwaCi3xvFm_TNg,Entertainment,754767,817,11200
UCwod2QcjaLFpoElTgl6OMAA,あぐりと生きもの探し隊！,https://www.youtube.com/channel/UCwod2QcjaLFpoElTgl6OMAA,Lifestyle (sociology),126600,474,2210
UCwiILoJAgd3b-mOYLyy7eIA,すずきまい（suzukimai）,https://www.youtube.com/channel/UCwiILoJAgd3b-mOYLyy7eIA,Music of Asia,262213,140,1040
UCiQfFa4ReBDiqsAFJaobIhQ,Aria.Himeno channel,https://www.youtube.com/channel/UCiQfFa4ReBDiqsAFJaobIhQ,Lifestyle (sociology),809643,1387,13200
UCLyTXfCZtl7dyhta9Jg3pZg,鬼灯わらべHoozuki Warabe【卒業】,https://www.youtube.com/channel/UCLyTXfCZtl7dyhta9Jg3pZg,Video game culture,6591912,157,142000
UCvzGlP9oQwU--Y0r9id_jnA,Subaru Ch. 大空スバル,https://www.youtube.com/channel/UCvzGlP9oQwU--Y0r9id_jnA,Role-playing video game,658502775,2092,2000000
UCFdypguG9uLGnfEnYTHjZdQ,わんにゃんぷー,https://www.youtube.com/channel/UCFdypguG9uLGnfEnYTHjZdQ,Entertainment,14437152,4,87700
UCkIimWZ9gBJRamKF0rmPU8w,天宮 こころ / Amamya Ch.,https://www.youtube.com/channel/UCkIimWZ9gBJRamKF0rmPU8w,Simulation video game,216851013,1800,795000
UChJiT3O7n3oI5PkkgKBFFyg,田舎者,https://www.youtube.com/channel/UChJiT3O7n3oI5PkkgKBFFyg,Video game culture,28134135,189,38100
UCW5uhrG1eCBYditmhL0Ykjw,Elizabeth Rose Bloodflame Ch. hololive-EN,https://www.youtube.com/channel/UCW5uhrG1eCBYditmhL0Ykjw,Role-playing video game,39321772,303,625000
UCvN5h1ShZtc7nly3pezRayg,Cecilia Immergreen Ch. hololive-EN,https://www.youtube.com/channel/UCvN5h1ShZtc7nly3pezRayg,Role-playing video game,46720343,438,524000
UC8W5jDneAuOeFNDAB9-8lmQ,原口沙輔,https://www.youtube.com/channel/UC8W5jDneAuOeFNDAB9-8lmQ,Electronic music,205276163,60,418000
UCMwGHR0BTZuLsmjY_NT5Pwg,Ninomae Ina'nis Ch. hololive-EN,https://www.youtube.com/channel/UCMwGHR0BTZuLsmjY_NT5Pwg,Action game,195711336,980,1660000
UCyl1z3jo3XHR1riLFKG5UAg,Watson Amelia Ch. hololive-EN,https://www.youtube.com/channel/UCyl1z3jo3XHR1riLFKG5UAg,Action game,180317840,920,1740000
UC_sFNM0z0MWm9A6WlKPuMMg,Nerissa Ravencroft Ch. hololive-EN,https://www.youtube.com/channel/UC_sFNM0z0MWm9A6WlKPuMMg,Role-playing video game,126729100,643,1000000
UCgnfPPb9JI3e9A4cXHnWbyg,Shiori Novella Ch. hololive-EN,https://www.youtube.com/channel/UCgnfPPb9JI3e9A4cXHnWbyg,Role-playing video game,85176641,958,718000
UCotXwY6s8pWmuWd_snKYjhg,hololive English,https://www.youtube.com/channel/UCotXwY6s8pWmuWd_snKYjhg,Film,219844935,526,978000
UCt9H_RpQzhxzlyBxFqrdHqA,FUWAMOCO Ch. hololive-EN,https://www.youtube.com/channel/UCt9H_RpQzhxzlyBxFqrdHqA,Role-playing video game,155067262,978,1330000
UCFql8r-CLqXwd4NzL_7Dpug,teruterujasu,https://www.youtube.com/channel/UCFql8r-CLqXwd4NzL_7Dpug,Music of Asia,180655,85,2820
UCjbbJk8U2KAv18ZzIu6P4ug,Ludokano,https://www.youtube.com/channel/UCjbbJk8U2KAv18ZzIu6P4ug,Music of Asia,18070567,39,56500
UC_GFPPO7PICh1dVhdP6K3qQ,YUC'e,https://www.youtube.com/channel/UC_GFPPO7PICh1dVhdP6K3qQ,Electronic music,9367556,33,40400
UCjxvxP6U-QAmnTLglGBwAFA,茶葉のぎか,https://www.youtube.com/channel/UCjxvxP6U-QAmnTLglGBwAFA,Music,14452819,109,93000
UCFDL0NuxUBAvvu1PnIwW2ww,Goose house,https://www.youtube.com/channel/UCFDL0NuxUBAvvu1PnIwW2ww,Music of Asia,1519024690,771,2490000
UCsUj0dszADCGbF3gNrQEuSQ,Tsukumo Sana Ch. hololive-EN,https://www.youtube.com/channel/UCsUj0dszADCGbF3gNrQEuSQ,Action-adventure game,16782655,106,413000
UCoTPqHRmleube2CTt9xyodg,超級蘋果人SuperAppleMan,https://www.youtube.com/channel/UCoTPqHRmleube2CTt9xyodg,Film,67953347,203,302000
UCS1RUyEDJ3TSiil8TC84G4g,Crusher,https://www.youtube.com/channel/UCS1RUyEDJ3TSiil8TC84G4g,Pop music,186286972,53,357000
UCLJcqEpkuoO-ee6mEzAtFvg,W.A. 餅art,https://www.youtube.com/channel/UCLJcqEpkuoO-ee6mEzAtFvg,,40,1,2
UCfa435cC2Tp3Wx5L8tsBM2A,milktofu_415,https://www.youtube.com/channel/UCfa435cC2Tp3Wx5L8tsBM2A,Music,3034793,245,3090
UC5LyYg6cCA4yHEYvtUsir3g,一ノ瀬うるは,https://www.youtube.com/channel/UC5LyYg6cCA4yHEYvtUsir3g,Action game,232975126,2320,759000
UCoztvTULBYd3WmStqYeoHcA,笹木咲 / Sasaki Saku,https://www.youtube.com/channel/UCoztvTULBYd3WmStqYeoHcA,Action game,306153421,1722,980000
UCRqBKoKuX30ruKAq05pCeRQ,北小路ヒスイ / Kitakoji Hisui 【にじさんじ】,https://www.youtube.com/channel/UCRqBKoKuX30ruKAq05pCeRQ,Role-playing video game,39347930,1170,326000
UCe_p3YEuYJb8Np0Ip9dk-FQ,Asahina Akane / Virtual YouTuber【Nijisanji】,https://www.youtube.com/channel/UCe_p3YEuYJb8Np0Ip9dk-FQ,,0,0,213000
UCkngxfPbmGyGl_RIq4FA3MQ,西園チグサ / Nishizono Chigusa,https://www.youtube.com/channel/UCkngxfPbmGyGl_RIq4FA3MQ,Action game,266006161,2755,689000
UC2ujHvGVQ0ilnyjSmylUxIQ,八城雄太 / Yuta Yashiro,https://www.youtube.com/channel/UC2ujHvGVQ0ilnyjSmylUxIQ,Music video game,33237,29,1280
UCFgXWZOUZA2oYHNr6qDmsTQ,Scarle Yonaguni 【NIJISANJI EN】,https://www.youtube.com/channel/UCFgXWZOUZA2oYHNr6qDmsTQ,Lifestyle (sociology),29539126,1777,356000
UCy91xBlY_Brh3bnHxKtjrrg,Doppio Dropscythe【NIJISANJI EN】,https://www.youtube.com/channel/UCy91xBlY_Brh3bnHxKtjrrg,Role-playing video game,20994087,802,260000
UC-5WrLhfjMgrMdaEbcNLlaQ,OKE-sound,https://www.youtube.com/channel/UC-5WrLhfjMgrMdaEbcNLlaQ,Music,478259,19,2020
UCmeyo5pRj_6PXG-CsGUuWWg,黒井しば【にじさんじの犬】,https://www.youtube.com/channel/UCmeyo5pRj_6PXG-CsGUuWWg,Action-adventure game,34287921,637,295000
UCcD7DVkyXp3YY7VbmEJadPw,さんといち,https://www.youtube.com/channel/UCcD7DVkyXp3YY7VbmEJadPw,Music of Asia,390043,7,1420
UC7-N7MvN5muVIHqyQx9LFbA,メイカちゃんねる,https://www.youtube.com/channel/UC7-N7MvN5muVIHqyQx9LFbA,Video game culture,446861888,6054,552000
UCJvCDGShDAxcqe-MdwUcJjA,粛正罰丸,https://www.youtube.com/channel/UCJvCDGShDAxcqe-MdwUcJjA,Hobby,25032024,564,86100
UCom8rCUQZP98SIXJzMwjrxw,ひま食堂channel -HIMASHOKUDO channel-,https://www.youtube.com/channel/UCom8rCUQZP98SIXJzMwjrxw,Lifestyle (sociology),4800201,371,37100
UC4gPv-OdLCtZj9dDV14JflQ,碧空のカラオケ,https://www.youtube.com/channel/UC4gPv-OdLCtZj9dDV14JflQ,Rock music,1840234,50,7510
UCA1G7mCCohux1PnDvgrmcGQ,碧空の法則[J-Popを科学する],https://www.youtube.com/channel/UCA1G7mCCohux1PnDvgrmcGQ,Pop music,6216218,177,10500
UC8RWtlm4uYAp_PtiJlUJTmA,楠木トヲル / Toworu Kusunoki,https://www.youtube.com/channel/UC8RWtlm4uYAp_PtiJlUJTmA,Role-playing video game,451470,549,5150
UC_D2DNy-KUNQJ_NGMppgmyg,JuvveL,https://www.youtube.com/channel/UC_D2DNy-KUNQJ_NGMppgmyg,,245316,2,19600
UCtpB6Bvhs1Um93ziEDACQ8g,Kazaki Ch. ‐ 森中花咲 ‐,https://www.youtube.com/channel/UCtpB6Bvhs1Um93ziEDACQ8g,Action-adventure game,125658645,873,334000
UC_GCs6GARLxEHxy1w40d6VQ,家長むぎ【にじさんじ所属】,https://www.youtube.com/channel/UC_GCs6GARLxEHxy1w40d6VQ,Video game culture,29013404,1104,290000
UCMcWosflbve0JX78FFdJcCA,めろちん,https://www.youtube.com/channel/UCMcWosflbve0JX78FFdJcCA,Music,15488689,58,71400
UCmZ1Rbthn-6Jm_qOGjYsh5A,イブラヒム【にじさんじ】,https://www.youtube.com/channel/UCmZ1Rbthn-6Jm_qOGjYsh5A,Action game,265764230,1748,902000
UCwcyyxn6h9ex4sMXGtpQE_g,メリッサ・キンレンカ,https://www.youtube.com/channel/UCwcyyxn6h9ex4sMXGtpQE_g,,0,0,332000
UCBvICYXxPK8PkoocBGnmeHA,GEMS COMPANY公式チャンネル,https://www.youtube.com/channel/UCBvICYXxPK8PkoocBGnmeHA,Music of Asia,4514424,406,22400
UCpVR8pys_AS24V_gsPhGlmw,奈日抽ねね [GEMS COMPANY ジェムカン],https://www.youtube.com/channel/UCpVR8pys_AS24V_gsPhGlmw,Music,447302,84,10400
UCNMQv8SWNkjSPAAY-9wy-Ig,抹皚遊氣 -まつしろ ゆき-,https://www.youtube.com/channel/UCNMQv8SWNkjSPAAY-9wy-Ig,Role-playing video game,235353,523,1490
UCMR0yUQrsu5xpYQgAH4bicQ,official梅とら,https://www.youtube.com/channel/UCMR0yUQrsu5xpYQgAH4bicQ,Music of Asia,34507522,42,104000
UCPvGypSgfDkVe7JG2KygK7A,竜胆 尊 / Rindou Mikoto,https://www.youtube.com/channel/UCPvGypSgfDkVe7JG2KygK7A,Entertainment,117319791,733,594000
UCzJauYwPHrSABBvvZefk69w,切り抜き初級,https://www.youtube.com/channel/UCzJauYwPHrSABBvvZefk69w,Video game culture,60781138,418,16800
UC-6rZgmxZSIbq786j3RD5ow,Leos Vincent,https://www.youtube.com/channel/UC-6rZgmxZSIbq786j3RD5ow,Action game,145158848,1251,509000
UCHBhnG2G-qN0JrrWmMO2FTA,シェリン・バーガンディ -Shellin Burgundy- 【にじさんじ】,https://www.youtube.com/channel/UCHBhnG2G-qN0JrrWmMO2FTA,Racing video game,65495038,1060,409000
UCqjTqdVlvIipZXIKeCkHKUA,オリバー・エバンス / Oliver Evans 【にじさんじ】,https://www.youtube.com/channel/UCqjTqdVlvIipZXIKeCkHKUA,Action game,51818434,951,355000
UCbc8fwhdUNlqi-J99ISYu4A,ベルモンド・バンデラス,https://www.youtube.com/channel/UCbc8fwhdUNlqi-J99ISYu4A,Action game,117349432,2145,489000
UCEAOVoVVtVBhcn7vLIQIkDA,spitzclips,https://www.youtube.com/channel/UCEAOVoVVtVBhcn7vLIQIkDA,Rock music,1383934217,70,990000
UCL6tE9DTRw-geHrCWuBHrmg,しょうへい / ギターTAB,https://www.youtube.com/channel/UCL6tE9DTRw-geHrCWuBHrmg,Music of Asia,42552555,395,77100
UCMWSw7BaNsxR9xyuP6YrN9g,てる,https://www.youtube.com/channel/UCMWSw7BaNsxR9xyuP6YrN9g,,0,0,27
UClANRDEGOkshpEw2ro6fCsA,よしけん,https://www.youtube.com/channel/UClANRDEGOkshpEw2ro6fCsA,Music of Asia,0,0,2530
UC6WFKwYptsxVue56Lx218vg,小柳ロウ / Koyanagi Rou【にじさんじ】,https://www.youtube.com/channel/UC6WFKwYptsxVue56Lx218vg,Video game culture,176419955,798,478000
UCambvP8yxNDot4FzQc9cgiw,宇佐美リト / Usami Rito【にじさんじ】,https://www.youtube.com/channel/UCambvP8yxNDot4FzQc9cgiw,Action-adventure game,94947988,944,350000
UCtLfA_qUqCJtjXJM2ZR_keg,石神のぞみ / Ishigami Nozomi【にじさんじ】,https://www.youtube.com/channel/UCtLfA_qUqCJtjXJM2ZR_keg,Role-playing video game,146129938,1141,411000
UC2OacIzd2UxGHRGhdHl1Rhw,早瀬 走 / Hayase Sou【にじさんじ所属】,https://www.youtube.com/channel/UC2OacIzd2UxGHRGhdHl1Rhw,Action game,62491148,1465,293000
UCkhViRjLUKgIcVpar9JiNrw,珠乃井ナナ / Tamanoi Nana【にじさんじ】,https://www.youtube.com/channel/UCkhViRjLUKgIcVpar9JiNrw,Role-playing video game,115396602,727,331000
UCw-kTlPnZYSHhlGMFJ17Znw,雲母たまこ / Kirara Tamako【にじさんじ】,https://www.youtube.com/channel/UCw-kTlPnZYSHhlGMFJ17Znw,Video game culture,27998567,630,181000
UC8SJPcLpIM3x8RdBJFfiluw,魁星 / Kaisei【にじさんじ】,https://www.youtube.com/channel/UC8SJPcLpIM3x8RdBJFfiluw,Video game culture,58866154,782,352000
UC6oDys1BGgBsIC3WhG1BovQ,Shizuka Rin Official,https://www.youtube.com/channel/UC6oDys1BGgBsIC3WhG1BovQ,Action game,85181810,2587,396000
UCcx3crxPFi006DUhb_YU-tw,北見遊征 / Kitami Yusei【にじさんじ】,https://www.youtube.com/channel/UCcx3crxPFi006DUhb_YU-tw,Action game,65133944,578,272000
UCsg-YqdqQ-KFF0LNk23BY4A,樋口楓【にじさんじ所属】,https://www.youtube.com/channel/UCsg-YqdqQ-KFF0LNk23BY4A,Role-playing video game,471251499,2092,1020000
UCUP8TmlO7NNra88AMqGU_vQ,小清水 透 / Koshimizu Toru【にじさんじ】,https://www.youtube.com/channel/UCUP8TmlO7NNra88AMqGU_vQ,Action-adventure game,99959761,1009,381000
UC7_MFM9b8hp5kuTSpa8WyOQ,栞葉るり / Shioriha Ruri【にじさんじ】,https://www.youtube.com/channel/UC7_MFM9b8hp5kuTSpa8WyOQ,Action game,152097034,881,459000
UCA0Bg7M9IzYhsMm54Iu5Thg,Sui Ch. 佐熊すい,https://www.youtube.com/channel/UCA0Bg7M9IzYhsMm54Iu5Thg,Music of Asia,0,0,17900
UCi86xN74eUECs8naHF_Z_bg,Okapi Ch.,https://www.youtube.com/channel/UCi86xN74eUECs8naHF_Z_bg,Music of Asia,11055,14,2340
UCN-8kYmpS-LlxhXCJfzhL5A,ayuokeuoni,https://www.youtube.com/channel/UCN-8kYmpS-LlxhXCJfzhL5A,Electronic music,162707,101,408
UCU9wUbFUCx_jzlzWJpvJZ9w,柊しきみ / Hiiragi Shikimi,https://www.youtube.com/channel/UCU9wUbFUCx_jzlzWJpvJZ9w,Entertainment,1307011,2318,18300
UChN7P9OhRltW3w9IesC92PA,森永みう,https://www.youtube.com/channel/UChN7P9OhRltW3w9IesC92PA,Lifestyle (sociology),959287,511,21500
UC7XCjKxBEct0uAukpQXNFPw,HACHI,https://www.youtube.com/channel/UC7XCjKxBEct0uAukpQXNFPw,Music,81711221,425,274000
UCPd0Z22gF43dUidPYEQO5-w,VESPERBELL,https://www.youtube.com/channel/UCPd0Z22gF43dUidPYEQO5-w,Music of Asia,172096374,401,358000
UCwuS0uY-Z2Gr_5OV2oFybFA,KMNZ,https://www.youtube.com/channel/UCwuS0uY-Z2Gr_5OV2oFybFA,Music of Asia,151695236,250,297000
UC0xhrAce06OkQfHBqAfLQAQ,奇想天外あにびっと!,https://www.youtube.com/channel/UC0xhrAce06OkQfHBqAfLQAQ,Entertainment,30892505,322,57200
UCdEz64qW1O0lDTxNfOPpryw,yuhei komatsu 【BGM】,https://www.youtube.com/channel/UCdEz64qW1O0lDTxNfOPpryw,Music,1164787,168,9970
UCStzBFfjwFYb0qSYHnzFZvw,니지산지 / NIJISANJI KR Official,https://www.youtube.com/channel/UCStzBFfjwFYb0qSYHnzFZvw,Music,1241524,27,31700
UCVfPy5MlQ9hKJPkvfyoh3lg,Takahiro Yamasaki,https://www.youtube.com/channel/UCVfPy5MlQ9hKJPkvfyoh3lg,Music of Asia,8749,40,266
UCqpiip_58O4A9l7uOOHdjXw,nqrse,https://www.youtube.com/channel/UCqpiip_58O4A9l7uOOHdjXw,Music of Asia,261289425,32,875000
UCNEQ5wdMgbnk0j0NmQWuMPQ,NEWFATGLORYFILMS,https://www.youtube.com/channel/UCNEQ5wdMgbnk0j0NmQWuMPQ,Lifestyle (sociology),74408,69,396
UC38hCsF3st1pBJBw8JnAu2g,すももチャンネル,https://www.youtube.com/channel/UC38hCsF3st1pBJBw8JnAu2g,Action game,128688276,2999,206000
UCzUNASdzI4PV5SlqtYwAkKQ,Met Channel / 小森めと,https://www.youtube.com/channel/UCzUNASdzI4PV5SlqtYwAkKQ,Role-playing video game,189731710,1772,838000
UCE4jlsAFvREH-pRd55F8jSA,おぼ。,https://www.youtube.com/channel/UCE4jlsAFvREH-pRd55F8jSA,Action-adventure game,58108083,1218,174000
UCMy0TMPtsFW4gbnQrfQ76Tw,リグゼ,https://www.youtube.com/channel/UCMy0TMPtsFW4gbnQrfQ76Tw,Strategy video game,106154887,3412,143000
UC3NHhO0wBaZ5OVxaabcDKrw,ありけん【クラスに一人はいそうなデブCh】,https://www.youtube.com/channel/UC3NHhO0wBaZ5OVxaabcDKrw,Action-adventure game,314549961,1120,528000
UCSF2vv7HFeQHrv1DinGLBLw,ハセシン / HASESHIN,https://www.youtube.com/channel/UCSF2vv7HFeQHrv1DinGLBLw,Action game,298965774,2785,951000
UCvNn6mRroGDctnqU-FUsszg,Nachoneko,https://www.youtube.com/channel/UCvNn6mRroGDctnqU-FUsszg,Pop music,8195138,16,444000
UCxWcO9CLti4uouUIS5IIF-Q,Nornis,https://www.youtube.com/channel/UCxWcO9CLti4uouUIS5IIF-Q,Music of Asia,66028425,111,235000
UCCB4kCxfVMdudYmF6nTnMUQ,雪ノ精くもち Yukinose Kumochi,https://www.youtube.com/channel/UCCB4kCxfVMdudYmF6nTnMUQ,Video game culture,1972910,471,17900
UCb7ve-ncnLh41F4sYpFTcXA,HoYoFair,https://www.youtube.com/channel/UCb7ve-ncnLh41F4sYpFTcXA,Music,222875966,247,718000
UCDsljWcvFksb3hACm4JjmtQ,てぃーぷ,https://www.youtube.com/channel/UCDsljWcvFksb3hACm4JjmtQ,Music of Asia,76758,39,489
UCTn-8yGN_yoBU3IVzTP2q5A,夏目汰ヲ,https://www.youtube.com/channel/UCTn-8yGN_yoBU3IVzTP2q5A,Pop music,346954,15,3410
UC-YKYcyPF7XeW7fGyzkZ6gA,ゆきな゜,https://www.youtube.com/channel/UC-YKYcyPF7XeW7fGyzkZ6gA,Music of Asia,18165,51,252
UCtFACpztRhO1cmcOyz5py2w,Nah,https://www.youtube.com/channel/UCtFACpztRhO1cmcOyz5py2w,Music of Asia,86666,199,903
UCFNZocz3I9dcrM-J_IOErcQ,"知念 明希保 (ちねん あきほ),蛙鳴ティノア",https://www.youtube.com/channel/UCFNZocz3I9dcrM-J_IOErcQ,Music of Asia,17523,15,527
UCs9TVuEl-tKSvMqmeKu5Diw,siglyna,https://www.youtube.com/channel/UCs9TVuEl-tKSvMqmeKu5Diw,Music,70995,11,1300
UCmk7xiOWr0RvnmFk3g9XB5A,優莉つんちゃか,https://www.youtube.com/channel/UCmk7xiOWr0RvnmFk3g9XB5A,Video game culture,609854,332,7440
UCaPOHJDu8gFbIttM5WwQhJw,ApriKoto,https://www.youtube.com/channel/UCaPOHJDu8gFbIttM5WwQhJw,Music,158978,42,526
UCIMdJx2EBZKydtSajPZwjVg,kokoko6891(桂尚子),https://www.youtube.com/channel/UCIMdJx2EBZKydtSajPZwjVg,Music of Asia,48203762,323,119000
UCWXd_NoLb-QpsMYt9UlDllw,A channel that pursues the truth about Japan,https://www.youtube.com/channel/UCWXd_NoLb-QpsMYt9UlDllw,Knowledge,3229489,103,75200
UC850Ge7SYCx-uuwXcfqReVg,さんちゅう,https://www.youtube.com/channel/UC850Ge7SYCx-uuwXcfqReVg,Hobby,12142941,1169,22700
UCoz-j-rDCTOZS2Mqjt4ADwg,カンガエテアソブlab,https://www.youtube.com/channel/UCoz-j-rDCTOZS2Mqjt4ADwg,Lifestyle (sociology),519513,354,2540
UCuJw9u94XqVEYUkPi1om0Mw,フルコンが生きる【公認・切り抜き】,https://www.youtube.com/channel/UCuJw9u94XqVEYUkPi1om0Mw,Role-playing video game,22045693,840,34200
UC04G5WzIZ2ieJT0JlZy4H-A,むつー / mutuu gaming,https://www.youtube.com/channel/UC04G5WzIZ2ieJT0JlZy4H-A,Hobby,72910138,1888,191000
UCWy0kYBwxxHrCThhUwL_M2w,とりっぴぃ,https://www.youtube.com/channel/UCWy0kYBwxxHrCThhUwL_M2w,Lifestyle (sociology),416313895,3116,489000
UCmE8sLhT9d2XScGkwojX30Q,スナザメ実況,https://www.youtube.com/channel/UCmE8sLhT9d2XScGkwojX30Q,Simulation video game,186668541,6641,170000
UC1VgjU53-foDbH_nfw6xURg,UC1VgjU53-foDbH_nfw6xURg,https://www.youtube.com/channel/UC1VgjU53-foDbH_nfw6xURg,Role-playing video game,1939551,467,29000
UCwoNg7oZww0idMuX7Walakw,【琵琶ちゃぷ】なな湖なな湖,https://www.youtube.com/channel/UCwoNg7oZww0idMuX7Walakw,Action game,128778059,3141,154000
UCK42yU2_Hx7-uv6qDeLPA6g,HYBRID SENSE,https://www.youtube.com/channel/UCK42yU2_Hx7-uv6qDeLPA6g,Action game,15958677,4041,28700
UCgY6VuvlgNeQscvfN-HYwKA,teedee_ch,https://www.youtube.com/channel/UCgY6VuvlgNeQscvfN-HYwKA,,8369,26,69
UCji7wOyUvCTdDvr4q-wuXNg,月影キョーコ / Tsukikage Kyoko,https://www.youtube.com/channel/UCji7wOyUvCTdDvr4q-wuXNg,Role-playing video game,700560,1176,2110
UCEZQt_bkQZeqXd74okdrBVw,かとりーな / Katolina,https://www.youtube.com/channel/UCEZQt_bkQZeqXd74okdrBVw,Entertainment,416550,372,5110
UCkVibqAmWIRtISR7ccam3ww,Myodoin Ch. / 冥道院ミコト,https://www.youtube.com/channel/UCkVibqAmWIRtISR7ccam3ww,Video game culture,979896,197,20600
UC_xQibvSq7E9rI0vVj031ug,小羽ビビ -KohaneBibi-,https://www.youtube.com/channel/UC_xQibvSq7E9rI0vVj031ug,Music,91773,224,1060
UCnNLsXOpMpymTKh4kA-0v4A,きっか-Kikka-,https://www.youtube.com/channel/UCnNLsXOpMpymTKh4kA-0v4A,Lifestyle (sociology),27961949,1613,33900
UCihQ9WPpwc-fZ9lz3ZjAYnA,獅子志司,https://www.youtube.com/channel/UCihQ9WPpwc-fZ9lz3ZjAYnA,Entertainment,54094028,118,213000
UC767JFK0j3FJr4bMqXITSWg,ひじり / hijiri,https://www.youtube.com/channel/UC767JFK0j3FJr4bMqXITSWg,Pop music,157684,7,1330
UCDDjloxBOLaD5ejttJJ0Ymg,夕凪潮 | yunagi ushio,https://www.youtube.com/channel/UCDDjloxBOLaD5ejttJJ0Ymg,Video game culture,383931,280,5950
UC6RHqnmoCvhwRHi1KPgOvdg,椎名かいね,https://www.youtube.com/channel/UC6RHqnmoCvhwRHi1KPgOvdg,Video game culture,630993,360,6230
UC9_8AXpxjjNl62HPhF5IAyg,香椎モイミ,https://www.youtube.com/channel/UC9_8AXpxjjNl62HPhF5IAyg,Pop music,69070026,60,168000
UCv9b9KtcBkM1_VEZ8pK8bVQ,平田義久,https://www.youtube.com/channel/UCv9b9KtcBkM1_VEZ8pK8bVQ,Music of Asia,4719461,159,27700
UCbQotKy0dxQF3HRXGTM_DKg,sumeshiii a.k.a.バーチャルお寿司,https://www.youtube.com/channel/UCbQotKy0dxQF3HRXGTM_DKg,Pop music,441733,270,3350
UCtlNyPzkGuzylD-8VRGY8_Q,OMUSIC,https://www.youtube.com/channel/UCtlNyPzkGuzylD-8VRGY8_Q,Pop music,1226237,68,2130
UC5HwceAVbRH7sKrmucI5onQ,Penthouse,https://www.youtube.com/channel/UC5HwceAVbRH7sKrmucI5onQ,Music of Asia,121300888,353,288000
UCrHlC-EYZcMfXUa50CiYFHQ,Tomioka Ai,https://www.youtube.com/channel/UCrHlC-EYZcMfXUa50CiYFHQ,Pop music,119573640,723,279000
UCUWi7cvcIn-wOphhhwkXIKA,Torus Acappella,https://www.youtube.com/channel/UCUWi7cvcIn-wOphhhwkXIKA,Music of Asia,83369326,173,188000
UCZ_mmu50zdCxfDRTpnDtGdg,マザえもん,https://www.youtube.com/channel/UCZ_mmu50zdCxfDRTpnDtGdg,Film,190890,51,7210
UCFMn_i5hE32jGqS8ZYbKWvQ,空薔薇,https://www.youtube.com/channel/UCFMn_i5hE32jGqS8ZYbKWvQ,Music,202,7,8
UCLrY8j-5L7Aadpoe_Puk8Xw,海寧 千結.,https://www.youtube.com/channel/UCLrY8j-5L7Aadpoe_Puk8Xw,Music,832,9,12
UC1AZYw8DI-4wMWtuYbv2Syg,ホット犬チャンネル,https://www.youtube.com/channel/UC1AZYw8DI-4wMWtuYbv2Syg,Music of Asia,3686,21,74
UCoCdAa1kbEXaMxLC8C56J9w,みにあちゃんねる,https://www.youtube.com/channel/UCoCdAa1kbEXaMxLC8C56J9w,Pop music,6162,41,73
UC-rOdlxXdfzlXqt_i0kP1QA,ぱうる,https://www.youtube.com/channel/UC-rOdlxXdfzlXqt_i0kP1QA,Music of Asia,9239,79,43
UC5kgfq-LDXsqIg3S1cvxgIA,日向*,https://www.youtube.com/channel/UC5kgfq-LDXsqIg3S1cvxgIA,Pop music,1232,3,41
UC5fwtXKwDpgboOud4DbjQTg,コモラとチャンチョのゲーム部屋,https://www.youtube.com/channel/UC5fwtXKwDpgboOud4DbjQTg,Action game,4455484,2180,20400
UCPQMAXEjEqp3D5wepIGr50w,レオタードブタ,https://www.youtube.com/channel/UCPQMAXEjEqp3D5wepIGr50w,Pop music,1608333,7,30900
UC7_NTAuWWjw6DnYsBr5VnWg,冨田悠斗 / サクラレイ,https://www.youtube.com/channel/UC7_NTAuWWjw6DnYsBr5VnWg,Action-adventure game,2344496,173,5620
UCgf4ASaUXSl960o8wXWHGdQ,柊キライ,https://www.youtube.com/channel/UCgf4ASaUXSl960o8wXWHGdQ,Music of Asia,145541241,33,429000
UCv0hpsgpGWYdBsotEA3_5fQ,あかつき るき / Akatsuki Luci,https://www.youtube.com/channel/UCv0hpsgpGWYdBsotEA3_5fQ,Music,3750595,363,47800
UC8QQ0W_D5pj8Nk1CafyTEXQ,赤葉ねおん,https://www.youtube.com/channel/UC8QQ0W_D5pj8Nk1CafyTEXQ,Action game,54205,274,508
UC8yLsY54y-dIOzo9Kzt94AQ,雷田ハルト,https://www.youtube.com/channel/UC8yLsY54y-dIOzo9Kzt94AQ,Role-playing video game,178661,900,1990
UCUtyA3HpioiV5jHlSp-cNMg,久瀬和雅-KuzeAiga-,https://www.youtube.com/channel/UCUtyA3HpioiV5jHlSp-cNMg,Entertainment,3123184,1177,8230
UCnVDCsEQf-sl6X2ttbqlDHA,Alfakyun. Official Channel (＋α／あるふぁきゅん。公式）,https://www.youtube.com/channel/UCnVDCsEQf-sl6X2ttbqlDHA,Pop music,211152424,145,491000
UC3gacr7ZpY9Lwi184c5zi1w,UXEIYO - ウェイヨチャンネル,https://www.youtube.com/channel/UC3gacr7ZpY9Lwi184c5zi1w,Food,3507588,24,204000
UCYkmxyJoAD4FLcFVV7xjIMg,あげいん,https://www.youtube.com/channel/UCYkmxyJoAD4FLcFVV7xjIMg,Entertainment,7104676,214,54300
UCVtacMSALv70QzcGmVOvymQ,ねんね,https://www.youtube.com/channel/UCVtacMSALv70QzcGmVOvymQ,Pop music,2381361,65,12400
UCG4fqU419F_vnBkIfSyR9Yg,よさこいバンキッシュ,https://www.youtube.com/channel/UCG4fqU419F_vnBkIfSyR9Yg,Lifestyle (sociology),193966728,546,376000
UCVJYjCIm7U8q7lAw_l_jaTA,reva funpocalyptic,https://www.youtube.com/channel/UCVJYjCIm7U8q7lAw_l_jaTA,Lifestyle (sociology),305,6,9
UCqlAKJQ0KjpyKuvGOkJCKfQ,niki official,https://www.youtube.com/channel/UCqlAKJQ0KjpyKuvGOkJCKfQ,Electronic music,25159611,30,88400
UCt2o2UibW0tBxjH1bpaxqyg,kira✦,https://www.youtube.com/channel/UCt2o2UibW0tBxjH1bpaxqyg,Music of Asia,35109,7,173
UCIsd1IeijTFZ-b9YUwCOqIg,hentari,https://www.youtube.com/channel/UCIsd1IeijTFZ-b9YUwCOqIg,Entertainment,88694,3,788
UCIKpu2agTUwkRYCNilLkSPg,May Flowers,https://www.youtube.com/channel/UCIKpu2agTUwkRYCNilLkSPg,Music of Asia,66099,21,884
UCf2wXRVJ3aHyrADFvLJYN0A,JhinZ,https://www.youtube.com/channel/UCf2wXRVJ3aHyrADFvLJYN0A,Music of Asia,58536,21,963
UCg63en4o9v137elRDhj6CJg,Em*Aurealis,https://www.youtube.com/channel/UCg63en4o9v137elRDhj6CJg,Video game culture,138977,59,1000
UCnHlKp2LngipKnVv0_0XoVg,Haruko / Haru-P,https://www.youtube.com/channel/UCnHlKp2LngipKnVv0_0XoVg,Music of Asia,2880159,102,13200
UCdNWnYLF_SajfNifXZ-qFtg,Kano,https://www.youtube.com/channel/UCdNWnYLF_SajfNifXZ-qFtg,,0,0,129
UCaW-seC2a1o8zPkNf9ocsGQ,emi,https://www.youtube.com/channel/UCaW-seC2a1o8zPkNf9ocsGQ,Music of Asia,4228,4,139
UCoZ2AepKVGUYN-nW-Bq1Ung,Ophelia,https://www.youtube.com/channel/UCoZ2AepKVGUYN-nW-Bq1Ung,Pop music,1307558,46,6910
UCd0x3327ugAqqnr0RvLD1SQ,Skai,https://www.youtube.com/channel/UCd0x3327ugAqqnr0RvLD1SQ,Music of Asia,4395,4,228
UCB81unl4W-jCH4CLJlHBy3A,navi !,https://www.youtube.com/channel/UCB81unl4W-jCH4CLJlHBy3A,Pop music,11563,30,169
UChHfCsrJ_GLWg6iMJMRURYg,Rice,https://www.youtube.com/channel/UChHfCsrJ_GLWg6iMJMRURYg,Music of Asia,73073,42,757
UCTOQQLzatFOM3R91G8ZIyxw,Phoebe Chan | フィービー•チャン,https://www.youtube.com/channel/UCTOQQLzatFOM3R91G8ZIyxw,Lifestyle (sociology),4940801,338,50500
UCsPrQamk16ctX3sAl8_hyDQ,Clairy the Raspberry Fairy,https://www.youtube.com/channel/UCsPrQamk16ctX3sAl8_hyDQ,Pop music,84822,50,1250
UC2GB0bhAIbjQiRTqPXkZyAw,azuresniper,https://www.youtube.com/channel/UC2GB0bhAIbjQiRTqPXkZyAw,Music of Asia,134674,26,977
UC6Gu_lRdHmO1SxmUHxKZa5w,AstralShift,https://www.youtube.com/channel/UC6Gu_lRdHmO1SxmUHxKZa5w,Action game,2395885,31,16500
UCEXVwWoueps14UrBIbwm8Fg,lasah official channel,https://www.youtube.com/channel/UCEXVwWoueps14UrBIbwm8Fg,Independent music,7048303,19,15300
UCgmPMNYqe7hVwdEjUAbnH3Q,❤ Shoujo Brave ❤,https://www.youtube.com/channel/UCgmPMNYqe7hVwdEjUAbnH3Q,Music of Asia,333541,87,1880
UClkc2M0xPFhoOzzHlgZDMfw,sasakure. UK,https://www.youtube.com/channel/UClkc2M0xPFhoOzzHlgZDMfw,Electronic music,214906612,138,551000
UCqaoz4rAq6L9ZosmMmCstLQ,viscerelia,https://www.youtube.com/channel/UCqaoz4rAq6L9ZosmMmCstLQ,Pop music,7618,8,238
UCFS8S5kjXTgDu76gB1YUEHQ,Krimso,https://www.youtube.com/channel/UCFS8S5kjXTgDu76gB1YUEHQ,Music of Asia,4545,4,173
UCJkF-vopb2houUFi8OYUfYA,raddydydy,https://www.youtube.com/channel/UCJkF-vopb2houUFi8OYUfYA,Independent music,174424,63,1630
UC6vVVLyNf9LbWn0zx3lEYZw,ほしえHoshie,https://www.youtube.com/channel/UC6vVVLyNf9LbWn0zx3lEYZw,Music of Asia,269171,78,3420
UCE0-dSF0ZJ5booR6_jiZyZg,mermaidfesta,https://www.youtube.com/channel/UCE0-dSF0ZJ5booR6_jiZyZg,Pop music,71640,26,602
UCPc7G2Jy9MDaXMVCN4ayCuA,Shio-tan,https://www.youtube.com/channel/UCPc7G2Jy9MDaXMVCN4ayCuA,Music of Asia,96433,63,1450
UCRlyFOfQoKxTvvfIlDBlGBQ,Melon,https://www.youtube.com/channel/UCRlyFOfQoKxTvvfIlDBlGBQ,Music of Asia,46887,18,1380
UC0qg9o3HsojIoG8ZATGsGZw,clay,https://www.youtube.com/channel/UC0qg9o3HsojIoG8ZATGsGZw,Pop music,3043,5,241
UChrcvDN9KrK1KT7Z5NmSPGw,Kauvaras,https://www.youtube.com/channel/UChrcvDN9KrK1KT7Z5NmSPGw,Pop music,957593,42,2600
UCm6f6DASfAkGD55VGju2gKA,TomoPulse,https://www.youtube.com/channel/UCm6f6DASfAkGD55VGju2gKA,Action-adventure game,133377,56,408
UCPtnoZKURhZajwkfOrp-qpw,Plum Pickled ぷらぴく,https://www.youtube.com/channel/UCPtnoZKURhZajwkfOrp-qpw,Video game culture,287085,272,5290
UCo5dX7dMZVogDDOLTHVk7kA,Benjamin Datum Vtuber,https://www.youtube.com/channel/UCo5dX7dMZVogDDOLTHVk7kA,Action game,13591,231,194
UCs7hm8wFsbEXIliJcWkGV0w,Reoni,https://www.youtube.com/channel/UCs7hm8wFsbEXIliJcWkGV0w,Music of Asia,3876878,45,16600
UCNnH4mt-7IFczBCg7HuIGSA,Rochi,https://www.youtube.com/channel/UCNnH4mt-7IFczBCg7HuIGSA,Music of Asia,13841358,71,79500
UCUML90iJ2E9yYyepkTmgqnw,Miyolophone,https://www.youtube.com/channel/UCUML90iJ2E9yYyepkTmgqnw,Music of Asia,586902,13,8250
UCI1YAIreQKg74J9S1-DFENA,bunny!,https://www.youtube.com/channel/UCI1YAIreQKg74J9S1-DFENA,Pop music,24717,12,294
UCz7kD5oB_q7WKhwP7hpIz9Q,vi,https://www.youtube.com/channel/UCz7kD5oB_q7WKhwP7hpIz9Q,Music of Asia,25642,38,212
UCRIgIJQWuBJ0Cv_VlU3USNA,ヨルシカ / n-buna Official,https://www.youtube.com/channel/UCRIgIJQWuBJ0Cv_VlU3USNA,Independent music,3333016556,129,3980000
UCfDq1TWc6Pjchq4j-JvpWkA,小さな巨人,https://www.youtube.com/channel/UCfDq1TWc6Pjchq4j-JvpWkA,Action game,11435,709,73
UCsBdfwbcLFHNTq0jUtlQerQ,Jens's atelier,https://www.youtube.com/channel/UCsBdfwbcLFHNTq0jUtlQerQ,Music of Asia,187817,52,432
UCXk-8iK1kWAdU5B_h8KBclw,HIRAGA,https://www.youtube.com/channel/UCXk-8iK1kWAdU5B_h8KBclw,Music of Asia,3104637,129,34100
UCYkW9ynuAFUJWi6lzImozBA,Patterns,https://www.youtube.com/channel/UCYkW9ynuAFUJWi6lzImozBA,Electronic music,18001271,154,78300
UCGSGPehp0RWfca-kENgBJ9Q,JREG,https://www.youtube.com/channel/UCGSGPehp0RWfca-kENgBJ9Q,Society,146267954,534,572000
UClEiWBDiRE3uWN85rBG7Y6w,Grandbeats,https://www.youtube.com/channel/UClEiWBDiRE3uWN85rBG7Y6w,Electronic music,339000,12,2250
UCApHBeFmlA-wtHu1RorGimQ,Nyse .S.W,https://www.youtube.com/channel/UCApHBeFmlA-wtHu1RorGimQ,Rock music,59324,26,397
UCcrvP_Z93Zts_Xd7UGKH2CQ,SiM Official YouTube Channel,https://www.youtube.com/channel/UCcrvP_Z93Zts_Xd7UGKH2CQ,Music of Asia,287087780,165,394000
UCzuO68oTPelfeDudA3fa1FQ,KRUA,https://www.youtube.com/channel/UCzuO68oTPelfeDudA3fa1FQ,Pop music,39126,22,578
UC0RmlI2c2cXUe9dbisMvu3A,Rikka Takumi 💜🦋,https://www.youtube.com/channel/UC0RmlI2c2cXUe9dbisMvu3A,Video game culture,30790,101,396
UCBMKz98gItEsj2OTolXs3jQ,Xandu / XanduIsBored,https://www.youtube.com/channel/UCBMKz98gItEsj2OTolXs3jQ,Electronic music,113646128,68,312000
UCRI3vcXNzgp3EBD_2nEVrNg,wasi🔺,https://www.youtube.com/channel/UCRI3vcXNzgp3EBD_2nEVrNg,Pop music,2577808,37,9880
UCUs2Csm28An8pzmcGP2UO2Q,Cepheid,https://www.youtube.com/channel/UCUs2Csm28An8pzmcGP2UO2Q,Pop music,72145730,16,223000
UCmALj73PHAT5p4zYhjm-K9A,ryoko,https://www.youtube.com/channel/UCmALj73PHAT5p4zYhjm-K9A,Pop music,5568452,102,23400
UCFNfcF1_9084O34275dEyEw,Cirque,https://www.youtube.com/channel/UCFNfcF1_9084O34275dEyEw,Music of Asia,5032,11,208
UClIfS6RdiMvHk3r-Cb89ztw,× maria-tina ×,https://www.youtube.com/channel/UClIfS6RdiMvHk3r-Cb89ztw,Music of Asia,563941,197,3990
UC8L_KyORg_kUPxzzmgIjRGw,Chizuki,https://www.youtube.com/channel/UC8L_KyORg_kUPxzzmgIjRGw,Music,1183,2,24
UCs5H_x8EPE1aXBGEIbcJV3Q,Shangliang,https://www.youtube.com/channel/UCs5H_x8EPE1aXBGEIbcJV3Q,,0,0,45
UCPCA9BnehWnAN7RJzw87gFQ,Fruutella,https://www.youtube.com/channel/UCPCA9BnehWnAN7RJzw87gFQ,Music of Asia,159525,11,2480
UCpe2UqDWQscU0IdPsPh2ndQ,Amane Reacts,https://www.youtube.com/channel/UCpe2UqDWQscU0IdPsPh2ndQ,,0,0,2
UCBQ6qftGQd1l-w8TjDSfCkQ,七海うらら,https://www.youtube.com/channel/UCBQ6qftGQd1l-w8TjDSfCkQ,Entertainment,6770861,110,193
UCFv2z4iM5vHrS8bZPq4fHQQ,HIMEHINA Channel,https://www.youtube.com/channel/UCFv2z4iM5vHrS8bZPq4fHQQ,Film,664808555,1458,1120000
UCcQsDietWkYakBKbGpCaeLA,陽月るるふ / Hizuki Rurufu,https://www.youtube.com/channel/UCcQsDietWkYakBKbGpCaeLA,Music,7442432,896,106000
UCnqkSofdvIS4UQC6Ub-JpSg,そーちん,https://www.youtube.com/channel/UCnqkSofdvIS4UQC6Ub-JpSg,Music of Asia,34729216,355,103000
UCIUIex6hsvxf-5Bw2r5oEnQ,さばとP,https://www.youtube.com/channel/UCIUIex6hsvxf-5Bw2r5oEnQ,Pop music,27973157,599,48400
UCuUJ4A_PeZOFTD5koXQcg5w,Yuu.,https://www.youtube.com/channel/UCuUJ4A_PeZOFTD5koXQcg5w,Music,97246218,375,388000
UCGQ4RBrN9wZJ1j6oOJ2KTFw,山口一郎,https://www.youtube.com/channel/UCGQ4RBrN9wZJ1j6oOJ2KTFw,Pop music,78198787,584,700000
UCli_j3KPGhsF1Mv1AK17UPA,サカナクション sakanaction,https://www.youtube.com/channel/UCli_j3KPGhsF1Mv1AK17UPA,Pop music,1237999065,515,1390000
UCLXc7nOdXbKEQq2Y91UO_DA,新マクロス 超時空歌姫オーディション2025,https://www.youtube.com/channel/UCLXc7nOdXbKEQq2Y91UO_DA,Music,1890649,20,15400
UCb-ikMqe9iS8GjG7WgGwCrQ,Teddy Swims,https://www.youtube.com/channel/UCb-ikMqe9iS8GjG7WgGwCrQ,Hip hop music,4454945630,649,6590000
UCHQqQqtYvXGlIzNf-391COw,Hypaton,https://www.youtube.com/channel/UCHQqQqtYvXGlIzNf-391COw,Pop music,35692281,69,14800
UCLFiirHOF-wa3QRExEa4m8A,Nicky Romero,https://www.youtube.com/channel/UCLFiirHOF-wa3QRExEa4m8A,Electronic music,329261406,1232,1570000
UChQqd1hMFRMs92bLa_CaZng,Nathan Dawe,https://www.youtube.com/channel/UChQqd1hMFRMs92bLa_CaZng,Music,231889552,208,122000
UCQeiBlCcS4-XGwFjrvDn96w,Tones And I,https://www.youtube.com/channel/UCQeiBlCcS4-XGwFjrvDn96w,Lifestyle (sociology),3409223526,184,5490000
UCqD7C-bA_Kzm3SMn7P-92-A,Sunburn,https://www.youtube.com/channel/UCqD7C-bA_Kzm3SMn7P-92-A,Music,36588475,694,222000
UC9Ck5PhnqY4-jsn9W2KvTuw,MORTEN,https://www.youtube.com/channel/UC9Ck5PhnqY4-jsn9W2KvTuw,Rock music,29556366,306,95300
UCPllzKNTjT2Moax8v1zuHdw,Future Rave,https://www.youtube.com/channel/UCPllzKNTjT2Moax8v1zuHdw,Music,8006486,41,34100
UCAxf4FqdueduUaws6Bcm2qw,Sawa,https://www.youtube.com/channel/UCAxf4FqdueduUaws6Bcm2qw,Pop music,2080,8,138
UCYUJLzhjGEPGG25Vs5lxXHg,Kuroノ Covers,https://www.youtube.com/channel/UCYUJLzhjGEPGG25Vs5lxXHg,Pop music,202845,44,2380
UCYc5z8bn4x7KTfkdGNV-pRw,July 9797,https://www.youtube.com/channel/UCYc5z8bn4x7KTfkdGNV-pRw,Pop music,53091,76,260
UCBR4N5DkgDt3PLTcfJB1iiw,mikitoP  Official,https://www.youtube.com/channel/UCBR4N5DkgDt3PLTcfJB1iiw,Pop music,257496919,148,487000
UCt59wlJI-jW8vvq08CmQV1g,koyori/電ポルP,https://www.youtube.com/channel/UCt59wlJI-jW8vvq08CmQV1g,Pop music,34185885,36,87100
UCJtSJhTpcWJxLnaebwFeGdQ,EGO,https://www.youtube.com/channel/UCJtSJhTpcWJxLnaebwFeGdQ,Music,0,0,16
UCQQodZAqkXs-aVghFSO4q1A,n,https://www.youtube.com/channel/UCQQodZAqkXs-aVghFSO4q1A,Pop music,0,0,145
UCAtkrWfywN4iNuKF3JFHt8w,karasu†,https://www.youtube.com/channel/UCAtkrWfywN4iNuKF3JFHt8w,,4479,1,893
UCP_O8oODagHdY48LqHT0NxA,PallasStudio,https://www.youtube.com/channel/UCP_O8oODagHdY48LqHT0NxA,Pop music,882525,17,1790
UCcIfJ1Tbh1VPaf4o9OUCkKg,VoN Studios,https://www.youtube.com/channel/UCcIfJ1Tbh1VPaf4o9OUCkKg,Entertainment,1375100,100,4910
UCg1aK_p37mMC2u5LWPyLRGg,picoaqui,https://www.youtube.com/channel/UCg1aK_p37mMC2u5LWPyLRGg,Film,10809,12,221
UCxkoVqyzcfrol0CiCh18bwA,PATDEVIL,https://www.youtube.com/channel/UCxkoVqyzcfrol0CiCh18bwA,,0,0,1200
UCRjfPUizwdxIHzb4-5wkPOw,Belleven,https://www.youtube.com/channel/UCRjfPUizwdxIHzb4-5wkPOw,Independent music,9065474,65,31300
UCrJvP0dqTrsdlWCCDi5BgwA,Oki Chama,https://www.youtube.com/channel/UCrJvP0dqTrsdlWCCDi5BgwA,Video game culture,49132,26,1260
UCJORKQ9ZIOschxPFOEVJOVg,ChocoLight,https://www.youtube.com/channel/UCJORKQ9ZIOschxPFOEVJOVg,Electronic music,3397,7,61
UC2N2Rbm8S2aHLwYHllL53wA,sin,https://www.youtube.com/channel/UC2N2Rbm8S2aHLwYHllL53wA,,487,1,10
UCXHPjjyGugCSLbSonnHqasA,togou ch.,https://www.youtube.com/channel/UCXHPjjyGugCSLbSonnHqasA,Music,2188,2,279
UCh3QrKlNCINH56pFjPhckrQ,gradis,https://www.youtube.com/channel/UCh3QrKlNCINH56pFjPhckrQ,Pop music,493174,12,3660
UC-z8Rsy6LxDhBB2rXx-xFIw,Kata,https://www.youtube.com/channel/UC-z8Rsy6LxDhBB2rXx-xFIw,,0,0,2
UCX5PD8HcvYN0R4mAUWvVRRA,Dream Demon Rui,https://www.youtube.com/channel/UCX5PD8HcvYN0R4mAUWvVRRA,Action game,18674,54,66
UCekKkUZfkDO2DtNgAn0tbmA,MoonBirb._,https://www.youtube.com/channel/UCekKkUZfkDO2DtNgAn0tbmA,,0,0,50