Source,Target,Type,Weight,videos
UC-APlmDP40YlEG4Yb5taKmA,UCtJgiyoDYIkpLKSMeGbCO1Q,Undirected,1,1
UCHxvwUZ4kvZbzZomO0EWsSg,UCqJkFqNl1vf0-2wHbm32Cmw,Undirected,1,1
UCFxcvC9iSvS3OX5B6_cUxAg,UCPVYpoY_hhNhA2zz3EyiM7A,Undirected,1,1
UCVVVUIzfO4y3k_m3QSS6gYQ,UCcHBw_Rs56RFcisYAOlFfmQ,Undirected,1,1
UCGg-UqjRgzhYDPJMr-9HXCg,UCkRfArvrzheW2E7b6SVT7vQ,Undirected,11,11
UC0Bi5KMcECRVYis5Gb_ZYZQ,UCuCtanBJXOPAEIAUXf9944g,Undirected,1,1
UCdTGhThvyuEJQ8uMKlhgM9A,UCjViLOtyvR9h1hXZU6F6q6w,Undirected,1,1
UCFJLO3HoTMzXYoeb2ocXe8w,UCWc8CackfCo4q46FpEWBcPg,Undirected,1,1
UCFJLO3HoTMzXYoeb2ocXe8w,UC_J_2HxLExDed9fITZTUDXQ,Undirected,10,10
UCFJLO3HoTMzXYoeb2ocXe8w,UC_hK9fOxyy_TM8FJGXIyG8Q,Undirected,10,10
UCFJLO3HoTMzXYoeb2ocXe8w,UCyYmJqr8JWIGQ1BDdnnXaBA,Undirected,4,4
UCWc8CackfCo4q46FpEWBcPg,UC_J_2HxLExDed9fITZTUDXQ,Undirected,1,1
UCWc8CackfCo4q46FpEWBcPg,UC_hK9fOxyy_TM8FJGXIyG8Q,Undirected,1,1
UCWc8CackfCo4q46FpEWBcPg,UCyYmJqr8JWIGQ1BDdnnXaBA,Undirected,1,1
UC_J_2HxLExDed9fITZTUDXQ,UC_hK9fOxyy_TM8FJGXIyG8Q,Undirected,10,10
UC_J_2HxLExDed9fITZTUDXQ,UCyYmJqr8JWIGQ1BDdnnXaBA,Undirected,4,4
UC_hK9fOxyy_TM8FJGXIyG8Q,UCyYmJqr8JWIGQ1BDdnnXaBA,Undirected,4,4
UCC-RHF_77zQdKcA75hr5oTQ,UC_hK9fOxyy_TM8FJGXIyG8Q,Undirected,1,1
UCJC4N7DUUd0SUICV5FqCXkg,UCOVOFrXlQQxTdklYAzP1C-Q,Undirected,2,2
UCJC4N7DUUd0SUICV5FqCXkg,UCe2SaU4UT7jkpTP04TM_hJA,Undirected,7,7
UCJC4N7DUUd0SUICV5FqCXkg,UCvl54wMzxTPObTA2NKDGAbw,Undirected,1,1
UCOVOFrXlQQxTdklYAzP1C-Q,UCe2SaU4UT7jkpTP04TM_hJA,Undirected,1,1
UCOVOFrXlQQxTdklYAzP1C-Q,UCvl54wMzxTPObTA2NKDGAbw,Undirected,1,1
UCe2SaU4UT7jkpTP04TM_hJA,UCvl54wMzxTPObTA2NKDGAbw,Undirected,1,1
UCGlKrG9oJIXrwpmRDHG3lng,UCV6qd2kF9ShJj_vaej6AJ9Q,Undirected,1,1
UCGlKrG9oJIXrwpmRDHG3lng,UCeaIigwbXbgiTV2Ks1gs32g,Undirected,1,1
UCV6qd2kF9ShJj_vaej6AJ9Q,UCeaIigwbXbgiTV2Ks1gs32g,Undirected,1,1
UCUYNYRcKqzHhyUGVQEJWffA,UCqFX3-djkoyS3RQPTo4JVnA,Undirected,1,1
UCJ9ZHDIxbYrx6hJpB-CKk8w,UCaQL8rJvC6STx7ujGzEnkDg,Undirected,1,1
UC-ncGsy-o2EXAFiwxIiAicQ,UCxt_P6scPSrnRQi084qjIkw,Undirected,1,1
UC-39MFkm-1euDqSUSfPpEgw,UCajiMK_CY9icRhLepS8_3ug,Undirected,1,1
UC-39MFkm-1euDqSUSfPpEgw,UCqh8w-GY6v0vgwIn_iWt87A,Undirected,1,1
UC-39MFkm-1euDqSUSfPpEgw,UCtHm9ai5zSb-yfRnnUBopAg,Undirected,9,9
UCajiMK_CY9icRhLepS8_3ug,UCqh8w-GY6v0vgwIn_iWt87A,Undirected,1,1
UCajiMK_CY9icRhLepS8_3ug,UCtHm9ai5zSb-yfRnnUBopAg,Undirected,1,1
UCqh8w-GY6v0vgwIn_iWt87A,UCtHm9ai5zSb-yfRnnUBopAg,Undirected,1,1
UCDZDBlaQ7Nrrra0sJhJI_Ng,UCKe2bQYsX7pmhcTSLYJ9y2Q,Undirected,2,2
UCDZDBlaQ7Nrrra0sJhJI_Ng,UCOGC-bI4HhyXJYj6-d-URUw,Undirected,1,1
UCDZDBlaQ7Nrrra0sJhJI_Ng,UCsgv1MlOAUeUsMd_znxvlxA,Undirected,1,1
UCKe2bQYsX7pmhcTSLYJ9y2Q,UCOGC-bI4HhyXJYj6-d-URUw,Undirected,1,1
UCKe2bQYsX7pmhcTSLYJ9y2Q,UCsgv1MlOAUeUsMd_znxvlxA,Undirected,1,1
UCOGC-bI4HhyXJYj6-d-URUw,UCsgv1MlOAUeUsMd_znxvlxA,Undirected,1,1
UC0lhr4dvpfKJ0C3TPFXu3ww,UC2lkUzsiOARl3nwZDeZus3g,Undirected,7,7
UCDuIpWXcrBaTCNJTNd4meWw,UCYvy_rZWF3udXeDHy3PBdtw,Undirected,7,7
UCV0pIPt5HFfulonNog3cz1A,UC_eQfAQjj6mYj92l3SBmIdg,Undirected,1,1
UCBVjMGOIkavEAhyqpxJ73Dw,UCN1hnUccO4FD5WfM7ithXaw,Undirected,10,10
UC5Ls-9vs1SI7bEOtn8BD8vA,UCxX8Kd1xWQ1I1N3HAAzihBw,Undirected,1,1
UC9YcTIQuhwgoOQqYMKYqW9A,UCGIelM2Dj3zza3xyV3pL3WQ,Undirected,13,13
UC2xskkQVFEpLcGFnNSLQY0A,UCcgqSM4YEo5vVQpqwN-MaNw,Undirected,6,6
UCVCdOaiHD05nGQm9tf1SEzw,UC_d6W32xuEAyPlf_KmvvwEA,Undirected,11,11
UC0VOyT2OCBKdQhF3BAbZ-1g,UC9CoOnJkIBMdeijd9qYoT_g,Undirected,12,12
UC0Kgvj5t_c9EMWpEDWJuR1Q,UCrFB54bqp8sda4udJyNswlA,Undirected,12,12
UCEKb3YQMSjHs7tt69hMfPvw,UCw4NZm6hgJ0Gxwep1zBrpfQ,Undirected,1,1
UCQvERCDVBsHg0CcBaPihvJg,UC_p3IZfAsQ66RAUxNk7qTqQ,Undirected,1,1
UC9GtSLeksfK4yuJ_g1lgQbg,UCgtNC51EUSgcZ6kKyVoPxKA,Undirected,1,1
UCS24Tr9thUDMcggwNJ41YAQ,UCVgvEDdwOmLvZO5kvg1S80Q,Undirected,1,1
UCS24Tr9thUDMcggwNJ41YAQ,UCl9a2Sr1yQBl3aW1f47I8Vw,Undirected,1,1
UCS24Tr9thUDMcggwNJ41YAQ,UCpm-eB6U_qtPYYQC7kjlNIA,Undirected,1,1
UCVgvEDdwOmLvZO5kvg1S80Q,UCl9a2Sr1yQBl3aW1f47I8Vw,Undirected,1,1
UCVgvEDdwOmLvZO5kvg1S80Q,UCpm-eB6U_qtPYYQC7kjlNIA,Undirected,1,1
UCl9a2Sr1yQBl3aW1f47I8Vw,UCpm-eB6U_qtPYYQC7kjlNIA,Undirected,1,1
UCgZGpR80Z-x5fnUsKuKM2kg,UCxKoKHs7YwjE_6nL6U36BsQ,Undirected,1,1
UC3WIRbOw46MsbycRc1N5x4g,UCqTVLEx7lQPmYzc_m6T4sug,Undirected,9,9
UCAMMASsBi2u3EH4H8ie1VOw,UCBRFlde39a2U4nAkmGqJwAQ,Undirected,6,6
UC3PdiRW5dUA4V70ueeR1eHA,UCy5FUarBYUHFpPtYVuvzgcA,Undirected,7,7
UCRZakVHslRU8dzmyX6jNU7Q,UCsS4GcdzUm2wR-gKJomPcIQ,Undirected,5,5
UC-4mIX9ls8ROVk9ApfeYf5w,UCpmBpSoy6YQjcshNK6pSyIA,Undirected,8,8
UCuSv25h638kXRLK4WnRE5qA,UCy28fcjOAD027nyICkUifMg,Undirected,1,1
UC-APlmDP40YlEG4Yb5taKmA,UCCyLTeLNwGXvodrH8QwgBdg,Undirected,1,1
UCHxvwUZ4kvZbzZomO0EWsSg,UCjnjC4qkArPpbFRj-e0pSVw,Undirected,1,1
UCFxcvC9iSvS3OX5B6_cUxAg,UCo8bcnLyZH8tBIH9V1mLgqQ,Undirected,1,1
UCVVVUIzfO4y3k_m3QSS6gYQ,UCamdvUq4-BoneYsHZt0Agrw,Undirected,1,1
UCGg-UqjRgzhYDPJMr-9HXCg,UCMDQxm7cUx3yXkfeHa5zJIQ,Undirected,6,6
UCMDQxm7cUx3yXkfeHa5zJIQ,UCkRfArvrzheW2E7b6SVT7vQ,Undirected,6,6
UCGg-UqjRgzhYDPJMr-9HXCg,UCStaiwu-FAgp_RC_tBiLh9A,Undirected,1,1
UCStaiwu-FAgp_RC_tBiLh9A,UCkRfArvrzheW2E7b6SVT7vQ,Undirected,1,1
UCjViLOtyvR9h1hXZU6F6q6w,UCs9_ujGwhCU0BBO6RfTzyEw,Undirected,1,1
UCWc8CackfCo4q46FpEWBcPg,UCqZQlzSHbVJrwrn5XvzrzcA,Undirected,1,1
UCm0f25HAdDa4kMcD_dJPa_g,UCvl54wMzxTPObTA2NKDGAbw,Undirected,1,1
UCJC4N7DUUd0SUICV5FqCXkg,UCS7ymygmWSouLD5N90Tt4Uw,Undirected,1,1
UCJC4N7DUUd0SUICV5FqCXkg,UCse2f5kmznfkMt0xppwY8VQ,Undirected,1,1
UCS7ymygmWSouLD5N90Tt4Uw,UCe2SaU4UT7jkpTP04TM_hJA,Undirected,1,1
UCS7ymygmWSouLD5N90Tt4Uw,UCse2f5kmznfkMt0xppwY8VQ,Undirected,1,1
UCe2SaU4UT7jkpTP04TM_hJA,UCse2f5kmznfkMt0xppwY8VQ,Undirected,1,1
UC4BvTjB-32p0hCe3sdmf2AQ,UCJC4N7DUUd0SUICV5FqCXkg,Undirected,1,1
UC3gUpaZvDknKkxeNfks4Rng,UCGlKrG9oJIXrwpmRDHG3lng,Undirected,1,1
UC9zY_E8mcAo_Oq772LEZq8Q,UClOZoLNwJVdNzkEhzeevBSA,Undirected,1,1
UC9zY_E8mcAo_Oq772LEZq8Q,UCztEY6czNyJKjRWMwuur9bg,Undirected,1,1
UClOZoLNwJVdNzkEhzeevBSA,UCztEY6czNyJKjRWMwuur9bg,Undirected,1,1
UC3IZKseVpdzPSBaWxBxundA,UCTk7wEWFxDGd1p1BUnUBINg,Undirected,1,1
UC3IZKseVpdzPSBaWxBxundA,UClOZoLNwJVdNzkEhzeevBSA,Undirected,1,1
UCTk7wEWFxDGd1p1BUnUBINg,UClOZoLNwJVdNzkEhzeevBSA,Undirected,6,6
UC-Fnix71vRP64WXeo0ikd0Q,UCYDmx2Sfpnaxg488yBpZIGg,Undirected,1,1
UCGIQxn4fW80bIvFL1neNQEg,UCd5jIyY4vLgFFsfCsyaL3Bw,Undirected,7,7
UCGIQxn4fW80bIvFL1neNQEg,UCxOvN5_bOyr0sBkGVLwh-xw,Undirected,5,5
UCd5jIyY4vLgFFsfCsyaL3Bw,UCxOvN5_bOyr0sBkGVLwh-xw,Undirected,4,4
UC07Kxew-cMIaykMOkzqHtBQ,UCNL1ZadSjHpjm4q9j2sVtOA,Undirected,13,13
UCPaJMRVqhoPwsBqhfOzf1bQ,UCWyS_FZNNDqKNLB7NBHEadw,Undirected,4,4
UCTY6fxtqkF_dtGanIhZHHVg,UCwUtwxkX0IDk9_OYaBcmRnQ,Undirected,9,9
UCFNosi99Sp0_eLilBiXmmXA,UCSDvKdIQOwTfcyOimSi9oYA,Undirected,8,8
UCV0pIPt5HFfulonNog3cz1A,UCgJG-YH8b_I4nc3oiHssdVA,Undirected,12,12
UC35HKvKYPkri4Grd5KXl3wQ,UCBVjMGOIkavEAhyqpxJ73Dw,Undirected,1,1
UC35HKvKYPkri4Grd5KXl3wQ,UCN1hnUccO4FD5WfM7ithXaw,Undirected,1,1
UC5Ls-9vs1SI7bEOtn8BD8vA,UCiHOsCL-qUxoKZpNZVM1kNQ,Undirected,1,1
UC5Ls-9vs1SI7bEOtn8BD8vA,UCAWNXeeLSwC1FaoYEV__u0A,Undirected,1,1
UC5Ls-9vs1SI7bEOtn8BD8vA,UCh1ZFNI53O_CQZ_5NNWbbbw,Undirected,1,1
UCAWNXeeLSwC1FaoYEV__u0A,UCh1ZFNI53O_CQZ_5NNWbbbw,Undirected,1,1
UC5Ls-9vs1SI7bEOtn8BD8vA,UCdzxj65vwZieF3BI-tvQ9KQ,Undirected,1,1
UC5Ls-9vs1SI7bEOtn8BD8vA,UCYJZgZnRR_SjmdfaZEzIlgQ,Undirected,1,1
UCIUKjjLfyf19Mr6Q_27GXlw,UCw4NZm6hgJ0Gxwep1zBrpfQ,Undirected,9,9
UCQvERCDVBsHg0CcBaPihvJg,UCugoOHsHbbuPL9421CjxSEA,Undirected,11,11
UC_p3IZfAsQ66RAUxNk7qTqQ,UCm55ke1xuIvjtX5wXkENpFA,Undirected,7,7
UCJrREGJ2R1mMuKJkZ8SMCcA,UCgtNC51EUSgcZ6kKyVoPxKA,Undirected,8,8
UCCyLTeLNwGXvodrH8QwgBdg,UCYYpf5Sz7ftJUCW4YPY2ZsQ,Undirected,1,1
UCCyLTeLNwGXvodrH8QwgBdg,UCqING2zcYYkHMdTUj9Po5mg,Undirected,1,1
UCYYpf5Sz7ftJUCW4YPY2ZsQ,UCqING2zcYYkHMdTUj9Po5mg,Undirected,1,1
UC0GLNhtTu7yI8rl6ZZGeezw,UC28dly7fFiPlISI-0AE-fbw,Undirected,3,3
UC0GLNhtTu7yI8rl6ZZGeezw,UCo8bcnLyZH8tBIH9V1mLgqQ,Undirected,3,3
UC28dly7fFiPlISI-0AE-fbw,UCo8bcnLyZH8tBIH9V1mLgqQ,Undirected,6,6
UCzIKEtTkedCG0HYwlof6fMw,UCztEY6czNyJKjRWMwuur9bg,Undirected,6,6
UC9cz0t8P3VkTHY7xjbS8zHA,UC9zY_E8mcAo_Oq772LEZq8Q,Undirected,1,1
UC9zY_E8mcAo_Oq772LEZq8Q,UCtXKddsQv6rrJ7tUUpZz-og,Undirected,1,1
UC9zY_E8mcAo_Oq772LEZq8Q,UCMF_5h2OejEhVorTB02UUSg,Undirected,1,1
UC9zY_E8mcAo_Oq772LEZq8Q,UCnwV0i25fH8pBrzuJ3WrHTw,Undirected,1,1
UC5RmUAcm_w5K9cxtQSj7W7g,UC9zY_E8mcAo_Oq772LEZq8Q,Undirected,1,1
UC1aTKL3dU_xQ5OqhtCpNjMw,UC3IZKseVpdzPSBaWxBxundA,Undirected,2,2
UC3IZKseVpdzPSBaWxBxundA,UCs-QBT4qkj_YiQw1ZntDO3g,Undirected,3,3
UC3IZKseVpdzPSBaWxBxundA,UC8C6QOPDVYwmuaSBZksefdg,Undirected,1,1
UCYDmx2Sfpnaxg488yBpZIGg,UCZvCP6sWj75MwpUP4LVtpNw,Undirected,3,3
UCYDmx2Sfpnaxg488yBpZIGg,UCaHwGJXFb28TekZMf7iFg5Q,Undirected,3,3
UCF3fJRTFtKXgvRDUkkhI6Pw,UCGIQxn4fW80bIvFL1neNQEg,Undirected,1,1
UCF3fJRTFtKXgvRDUkkhI6Pw,UCxOvN5_bOyr0sBkGVLwh-xw,Undirected,1,1
UC0yRIpnWAOLDzFjmBFh7b0A,UCWyS_FZNNDqKNLB7NBHEadw,Undirected,2,2
UCAWNXeeLSwC1FaoYEV__u0A,UCmXnGOvgbd_XIk-yhBR3XZw,Undirected,1,1
UCAWNXeeLSwC1FaoYEV__u0A,UCIMuE-Qv9TEEH1PttmiUN6A,Undirected,6,6
UCGOmQQzZ6M2rzPHXPRZAN4g,UCdzxj65vwZieF3BI-tvQ9KQ,Undirected,1,1
UCIwFjwMjI0y7PDBVEO9-bkQ,UCdzxj65vwZieF3BI-tvQ9KQ,Undirected,1,1
UCIwFjwMjI0y7PDBVEO9-bkQ,UCx8v-goujcpBVF7QKALgp3g,Undirected,1,1
UCdzxj65vwZieF3BI-tvQ9KQ,UCx8v-goujcpBVF7QKALgp3g,Undirected,1,1
UC4-PNFKYlFopHQSMM7HzDDQ,UC9Xz6XVzGI7akgrcM-WA45Q,Undirected,1,1
UC4-PNFKYlFopHQSMM7HzDDQ,UCdzxj65vwZieF3BI-tvQ9KQ,Undirected,1,1
UC9Xz6XVzGI7akgrcM-WA45Q,UCdzxj65vwZieF3BI-tvQ9KQ,Undirected,1,1
UCMNJ63oR69YW1zL5-fB1muA,UCdzxj65vwZieF3BI-tvQ9KQ,Undirected,1,1
UCdzxj65vwZieF3BI-tvQ9KQ,UCm-r6w9jCMsjFa0WgZ3yaPQ,Undirected,1,1
UCdzxj65vwZieF3BI-tvQ9KQ,UCjMYB5kdfljOLZJQQtb_1aA,Undirected,1,1
UCY2ntclVFmjjaneDotE2ItA,UCYJZgZnRR_SjmdfaZEzIlgQ,Undirected,10,10
UCIUKjjLfyf19Mr6Q_27GXlw,UCKqqDlf6lfo3ChRA4-gzusQ,Undirected,1,1
UCKqqDlf6lfo3ChRA4-gzusQ,UCw4NZm6hgJ0Gxwep1zBrpfQ,Undirected,1,1
UCF3fJRTFtKXgvRDUkkhI6Pw,UCTx6FNaC56YrHGNZTO13wFg,Undirected,1,1
UCF3fJRTFtKXgvRDUkkhI6Pw,UCnum3i_4srx9VUxZYg1dK0A,Undirected,1,1
UCE3D8K7yD-OcQCs9bEIMSsQ,UCGOmQQzZ6M2rzPHXPRZAN4g,Undirected,8,8
UCHkj014U2CQ2Nv0UZeYpE_A,UCIwFjwMjI0y7PDBVEO9-bkQ,Undirected,8,8
UCIwFjwMjI0y7PDBVEO9-bkQ,UCjvjzttL0LzIGzUU6rtQYXg,Undirected,1,1
UC4-PNFKYlFopHQSMM7HzDDQ,UCPZk380Uf1MdwtnsAfPeBxQ,Undirected,6,6
UCMNJ63oR69YW1zL5-fB1muA,UCo80hok0dbQapOH6dJl9Hqw,Undirected,1,1
UCJQplYDHQjYbmADXC-_y27Q,UCMNJ63oR69YW1zL5-fB1muA,Undirected,7,7
UC9OAeZY8zp976DwRvHGjuSA,UCKqqDlf6lfo3ChRA4-gzusQ,Undirected,12,12
UChFKaaRTIHlJYzhNauQuiqg,UCnum3i_4srx9VUxZYg1dK0A,Undirected,3,3
UCo80hok0dbQapOH6dJl9Hqw,UCpK9I4YjXOSv_u5bPL_ZJ9w,Undirected,10,10
UCoIge-4yQ9KHO-dhSTSIx4A,UCzQ8bo_uPXDVysSS5CQVtXA,Undirected,1,1
UCN6k6MSZIXPTsp5f7dST0rQ,UCdN4zKOIG6TbD4QC26OsiGA,Undirected,1,1
UC4_Ml7IdVOKoQhi59nii_pw,UCPEjInJRaA7KfATaJGzI-1A,Undirected,1,1
UCNq3G4qWGupJB_McJYct1Hg,UCR_Te2bbmsrqvYlAmkgA2sA,Undirected,1,1
UC6_cdWd42XwHkBycmn6PdGg,UCuX76tzdRUOcfjbnbAp6IwQ,Undirected,2,2
UCADdQftMymJVkv4P1YB6t2w,UCKqAJfYEVCPLbdgOm8QqSQg,Undirected,6,6
UC9poRemonIzSknOdXBSDQGg,UCGg-UqjRgzhYDPJMr-9HXCg,Undirected,2,2
UCPuec1MiqpW-gXqoOmUluaQ,UCW9DlnZWBQojUm0MDviLDLw,Undirected,11,11
UCEPRQVF6hxGGM9gi1ELaWHg,UCy7lzeDiq-UDKN4fUSCPEyw,Undirected,1,1
UCmo_i7RPc-3dTyJrSCxzt9g,UCvOc-PLAnbQgMTH8J7l-j6A,Undirected,1,1
UC4WvVh0AwJ6K9w1JLepce7A,UCdTX5ycRKPvTUiGu1519u4g,Undirected,1,1
UC2AjjZ0k-Rba8fiuwpz1R2Q,UCByed56loleOPhcbb5hmFOA,Undirected,2,2
UC7MUmXqD_kEChxYFME0bdtg,UCCD5yY6oDcu-PvLnP4FIJ8A,Undirected,1,1
UC11JFCoslUUMTuAsUPH8RdQ,UCIzAIM-zatIDHErC0Z23hbQ,Undirected,11,11
UCI2MZlf_9bVyYjZo5HCzm7A,UCudIFFuK0taWP5xClJYev8Q,Undirected,1,1
UCLJ3grahec536YBny4LQ5uQ,UCeiP7wkPDz4m9mw4OY7YjhQ,Undirected,22,22
UC5cjT2zbFg9Ld-wB3iBAcig,UCKP3PMVMfZjaSxOPfuw9sig,Undirected,1,1
UCEV5aivM6_AvV8x7oMjzEjQ,UCKAaY2d_EQJcWWmwFVvhMxw,Undirected,1,1
UCEV5aivM6_AvV8x7oMjzEjQ,UCQ1NXps0onlktNoDqipVIWA,Undirected,1,1
UCKAaY2d_EQJcWWmwFVvhMxw,UCQ1NXps0onlktNoDqipVIWA,Undirected,1,1
UCEQwE-wTawpGLOlJkMvU9cQ,UCyz8oUmD4A4aKqpMfjynhIw,Undirected,1,1
UCDXvOFXV4l7HtZkP7ibBZaQ,UCkV1YLql2SpsNQob3NtOO7A,Undirected,1,1
UCEickjZj99-JJIU8_IJ7J-Q,UCGXcXG8GCL0Y9muJWJm9pzw,Undirected,8,8
UCEickjZj99-JJIU8_IJ7J-Q,UCuC7Ry0wKiQiwuhOyQcYCZw,Undirected,8,8
UCGXcXG8GCL0Y9muJWJm9pzw,UCuC7Ry0wKiQiwuhOyQcYCZw,Undirected,8,8
UCYHBdrAe8cdCHHeowi5iUZQ,UCpCcnmf8LYnwrKKZXOKnrEg,Undirected,12,12
UCFKDcjx5ekaoMog_9zw82fA,UCmVoIfd7II6lVCTovtncaNQ,Undirected,1,1
UCHhQcZSONr_oP_oDO9lUD-A,UCklMI0drexg8fgYqWIF4TjA,Undirected,1,1
UCVj6f69lAdaF4aM_ke3FI3g,UCc2_YFxL02cbiBLRkg1XinQ,Undirected,1,1
UCKzffzoHBE1bmYs8tAuXTrw,UCeUqHU-SGK-DDoBb2v0aACg,Undirected,8,8
UC1QTdYauIX6amnimFQWBzwA,UCdubelOloxR3wzwJG9x8YqQ,Undirected,9,9
UC8DBqUhc3eamMSFxnvLeiUQ,UCEC4D0dTTJr_EEnEJz15hnQ,Undirected,1,1
UC8DBqUhc3eamMSFxnvLeiUQ,UCoOt4BpmiLlkEih3gX7_WQg,Undirected,1,1
UCEC4D0dTTJr_EEnEJz15hnQ,UCoOt4BpmiLlkEih3gX7_WQg,Undirected,9,9
UCBx231jNeUk4cUXc4lBdYpQ,UCF0XsHr6Qz7OpliF_EdO63A,Undirected,1,1
UC9FCkwbKLCLwjvoGRLg9mzQ,UCNhqvQMXIgRfjAGmxQqdNRw,Undirected,4,4
UC9FCkwbKLCLwjvoGRLg9mzQ,UCkToh0AM-mn01WOT2TFR6JQ,Undirected,1,1
UCNhqvQMXIgRfjAGmxQqdNRw,UCkToh0AM-mn01WOT2TFR6JQ,Undirected,7,7
UC4IEuHe9jBNKRMaA4Bon9nQ,UCG4vvCdYI3-fsRIhAwv6BQA,Undirected,1,1
UC15kXCeJeiMvIKAO8XqyYgw,UCA8O45b5lazQurYzRQDZeNA,Undirected,5,5
UCFDneoP3jEYNtuBR0eye-XQ,UCtP65UGIxJEpd18FZT-gWSg,Undirected,8,8
UCBS4UaoUfi3xQ8nJlzuKXpw,UCFwwX-up6JnaD5_Z--s03CQ,Undirected,23,23
UCBS4UaoUfi3xQ8nJlzuKXpw,UCP7YRIYJ4aUpyu8771vhjxw,Undirected,21,21
UCBS4UaoUfi3xQ8nJlzuKXpw,UC_LjiLumE3lE8n3V52S4oNw,Undirected,2,2
UCFwwX-up6JnaD5_Z--s03CQ,UCP7YRIYJ4aUpyu8771vhjxw,Undirected,21,21
UCFwwX-up6JnaD5_Z--s03CQ,UC_LjiLumE3lE8n3V52S4oNw,Undirected,1,1
UCP7YRIYJ4aUpyu8771vhjxw,UC_LjiLumE3lE8n3V52S4oNw,Undirected,1,1
UCCa5PYs0T9_W-Qxx-0TOlKg,UCHneDUCVe8SJ3uXAAxaFRgA,Undirected,2,2
UC_PVUCRc-vpj-WQBOm38q3A,UCjpSpnp5bodk3PJMgEOeV0w,Undirected,1,1
UCtL5uJ_OIDUnooCPC3gFnFw,UCtvf9CPuttrS142tsDYvEqQ,Undirected,3,3
UCtL5uJ_OIDUnooCPC3gFnFw,UCvcrvrpBp6MKNhJf6q16WGA,Undirected,3,3
UCtvf9CPuttrS142tsDYvEqQ,UCvcrvrpBp6MKNhJf6q16WGA,Undirected,3,3
UCFcoU14QQEl5PR7H1r_AaLw,UCSHxW8yZ6e2eNRGVGIZxohQ,Undirected,17,17
UCFcoU14QQEl5PR7H1r_AaLw,UCiwGFzLY8_HP8VeMyYZskOg,Undirected,1,1
UCSHxW8yZ6e2eNRGVGIZxohQ,UCiwGFzLY8_HP8VeMyYZskOg,Undirected,1,1
UC-Wr2-YzN5yptco_QXav2og,UCBHjy-HoBMdATpUMTQt1wpA,Undirected,8,8
UC-Wr2-YzN5yptco_QXav2og,UCb77j37rubV-cF-Q5AdZwag,Undirected,8,8
UC-Wr2-YzN5yptco_QXav2og,UCcUlIWOT3wEtgLJ0u9txP9w,Undirected,8,8
UC-Wr2-YzN5yptco_QXav2og,UCqiZSGgeTTevIgHMERck7-Q,Undirected,8,8
UC-Wr2-YzN5yptco_QXav2og,UCwRDUGIZ6f-kh_0_EzjnFgg,Undirected,8,8
UCBHjy-HoBMdATpUMTQt1wpA,UCb77j37rubV-cF-Q5AdZwag,Undirected,12,12
UCBHjy-HoBMdATpUMTQt1wpA,UCcUlIWOT3wEtgLJ0u9txP9w,Undirected,8,8
UCBHjy-HoBMdATpUMTQt1wpA,UCqiZSGgeTTevIgHMERck7-Q,Undirected,12,12
UCBHjy-HoBMdATpUMTQt1wpA,UCwRDUGIZ6f-kh_0_EzjnFgg,Undirected,12,12
UCb77j37rubV-cF-Q5AdZwag,UCcUlIWOT3wEtgLJ0u9txP9w,Undirected,8,8
UCb77j37rubV-cF-Q5AdZwag,UCqiZSGgeTTevIgHMERck7-Q,Undirected,12,12
UCb77j37rubV-cF-Q5AdZwag,UCwRDUGIZ6f-kh_0_EzjnFgg,Undirected,12,12
UCcUlIWOT3wEtgLJ0u9txP9w,UCqiZSGgeTTevIgHMERck7-Q,Undirected,8,8
UCcUlIWOT3wEtgLJ0u9txP9w,UCwRDUGIZ6f-kh_0_EzjnFgg,Undirected,8,8
UCqiZSGgeTTevIgHMERck7-Q,UCwRDUGIZ6f-kh_0_EzjnFgg,Undirected,12,12
UCNfWKKKpMrEcFf4q5xsp8BA,UC_nib780bt_8Yr9ky518paQ,Undirected,1,1
UCNfWKKKpMrEcFf4q5xsp8BA,UCx6-QwsBu7-p2khs-4jEs1A,Undirected,1,1
UCNfWKKKpMrEcFf4q5xsp8BA,UCyvHPV3h__QRHP9R83jDpkw,Undirected,1,1
UC_nib780bt_8Yr9ky518paQ,UCx6-QwsBu7-p2khs-4jEs1A,Undirected,12,12
UC_nib780bt_8Yr9ky518paQ,UCyvHPV3h__QRHP9R83jDpkw,Undirected,10,10
UCx6-QwsBu7-p2khs-4jEs1A,UCyvHPV3h__QRHP9R83jDpkw,Undirected,14,14
UC4q6PdaNRJ9MUkLGsZiA0lg,UCmmtuG__feWMZHqZ_09ic7Q,Undirected,1,1
UCQLbBGwy7SH8kSJWd6WY7gA,UCujsy_SgLSXAyroQaEbMhVg,Undirected,1,1
UCCM86OfEq32RoGhxrqb8j0g,UCE0fOC8_7jt-tKHxvZ4zQig,Undirected,1,1
UCCM86OfEq32RoGhxrqb8j0g,UCIsZbNEVc5zCy3afQAVAmdw,Undirected,1,1
UCCM86OfEq32RoGhxrqb8j0g,UCsuZ5akLQbr4vUi7uSy9rrA,Undirected,1,1
UCE0fOC8_7jt-tKHxvZ4zQig,UCIsZbNEVc5zCy3afQAVAmdw,Undirected,1,1
UCE0fOC8_7jt-tKHxvZ4zQig,UCsuZ5akLQbr4vUi7uSy9rrA,Undirected,1,1
UCIsZbNEVc5zCy3afQAVAmdw,UCsuZ5akLQbr4vUi7uSy9rrA,Undirected,2,2
UCJfeUWkrU4JwIJfP-usd-_w,UCpN-WGQgGsOrXm7nHXDdTDA,Undirected,1,1
UCcv5ju_92qOku3C3177DjdQ,UCpex7Ha6LQ8tq5HTXqiA0zg,Undirected,8,8
UCgZGpR80Z-x5fnUsKuKM2kg,UCqCW6WUqLL9sos2ayvhWiKQ,Undirected,1,1
UC2p_NHNHVQXHBHwWz0Ft0PA,UCq85vkzB-cMq5tTKTBRyBHg,Undirected,1,1
UCgZGpR80Z-x5fnUsKuKM2kg,UCwIKyl0V5Cb5WRTazrhg-2A,Undirected,1,1
UCjuQQuVga9pT-jWOmkxYqTw,UCx8QSRrcbTSFtuF-ZPgI9Ew,Undirected,11,11
UC98_RNFvwRAWTNdJBqA6V-g,UCa_UMppcMsHIzb5LDx1u9zQ,Undirected,1,1
UC22nIfOTM7KLIQuFGMKzQbg,UCUZhr-L61C1IcWzP8-ffH-w,Undirected,8,8
UC22nIfOTM7KLIQuFGMKzQbg,UCYLlkv4hivYJlOk6Lo-RHNQ,Undirected,11,11
UCUZhr-L61C1IcWzP8-ffH-w,UCYLlkv4hivYJlOk6Lo-RHNQ,Undirected,8,8
UCOb49mOu4z3FTYRkIrFtYMQ,UCSSKXEFwXiEcUjZKYGSvyPg,Undirected,5,5
UCOb49mOu4z3FTYRkIrFtYMQ,UCe_h1ez2EFYYpCi011nxt1w,Undirected,5,5
UCOb49mOu4z3FTYRkIrFtYMQ,UCh7bThzNArch6TgoHB1HVhA,Undirected,5,5
UCSSKXEFwXiEcUjZKYGSvyPg,UCe_h1ez2EFYYpCi011nxt1w,Undirected,5,5
UCSSKXEFwXiEcUjZKYGSvyPg,UCh7bThzNArch6TgoHB1HVhA,Undirected,5,5
UCe_h1ez2EFYYpCi011nxt1w,UCh7bThzNArch6TgoHB1HVhA,Undirected,5,5
UC5l8bnxxl26Q5PDG_jawcuw,UCIEgmfyQSPwrjXt1QpmNv0w,Undirected,48,48
UC5l8bnxxl26Q5PDG_jawcuw,UCJk7u2v3Ib7M0e-k8TWPx5Q,Undirected,48,48
UC5l8bnxxl26Q5PDG_jawcuw,UCaUyiKbp35G7QcAH4GeVauA,Undirected,1,1
UC5l8bnxxl26Q5PDG_jawcuw,UCcHiyP5BmBzbIW61W_tio7Q,Undirected,49,49
UC5l8bnxxl26Q5PDG_jawcuw,UCj4PjeVMnNTHIR5EeoNKPAw,Undirected,18,18
UCIEgmfyQSPwrjXt1QpmNv0w,UCJk7u2v3Ib7M0e-k8TWPx5Q,Undirected,49,49
UCIEgmfyQSPwrjXt1QpmNv0w,UCaUyiKbp35G7QcAH4GeVauA,Undirected,1,1
UCIEgmfyQSPwrjXt1QpmNv0w,UCcHiyP5BmBzbIW61W_tio7Q,Undirected,49,49
UCIEgmfyQSPwrjXt1QpmNv0w,UCj4PjeVMnNTHIR5EeoNKPAw,Undirected,18,18
UCJk7u2v3Ib7M0e-k8TWPx5Q,UCaUyiKbp35G7QcAH4GeVauA,Undirected,1,1
UCJk7u2v3Ib7M0e-k8TWPx5Q,UCcHiyP5BmBzbIW61W_tio7Q,Undirected,48,48
UCJk7u2v3Ib7M0e-k8TWPx5Q,UCj4PjeVMnNTHIR5EeoNKPAw,Undirected,18,18
UCaUyiKbp35G7QcAH4GeVauA,UCcHiyP5BmBzbIW61W_tio7Q,Undirected,1,1
UCaUyiKbp35G7QcAH4GeVauA,UCj4PjeVMnNTHIR5EeoNKPAw,Undirected,1,1
UCcHiyP5BmBzbIW61W_tio7Q,UCj4PjeVMnNTHIR5EeoNKPAw,Undirected,18,18
UC5l8bnxxl26Q5PDG_jawcuw,UCh7bThzNArch6TgoHB1HVhA,Undirected,1,1
UCIEgmfyQSPwrjXt1QpmNv0w,UCh7bThzNArch6TgoHB1HVhA,Undirected,1,1
UCJk7u2v3Ib7M0e-k8TWPx5Q,UCh7bThzNArch6TgoHB1HVhA,Undirected,1,1
UCcHiyP5BmBzbIW61W_tio7Q,UCh7bThzNArch6TgoHB1HVhA,Undirected,1,1
UCh7bThzNArch6TgoHB1HVhA,UCj4PjeVMnNTHIR5EeoNKPAw,Undirected,1,1
UC-L6oKM0dDcwdWlJv6ZjCDw,UC4gtGRAiS5msZfhEhdZO6hw,Undirected,1,1
UC8DEmCFZcUEAb8gc0Hng79w,UCRxPrFmRHsXGWfAyE6oqrPQ,Undirected,2,2
UC8DEmCFZcUEAb8gc0Hng79w,UCf2cN9o0ndPwqA3wZLFj_NQ,Undirected,21,21
UCRxPrFmRHsXGWfAyE6oqrPQ,UCf2cN9o0ndPwqA3wZLFj_NQ,Undirected,2,2
UC-L6oKM0dDcwdWlJv6ZjCDw,UCyFN8ul17Ov5oDr_lsjZODg,Undirected,1,1
UCpGS0xokGV8gj6Tt11wG14w,UCsRRzwiGpo5U580FpH_ZEaw,Undirected,1,1
UCj4PjeVMnNTHIR5EeoNKPAw,UCkzIJWZ0Viusty479iLiC1w,Undirected,1,1
UCGu7Y1jg7aNMXVQUibJuXFA,UCP-tHjBlV6nx-G--uvMtoqQ,Undirected,1,1
UC9UAxVR4Tym2PIICVfLTZUw,UCSxwPTG3p7ygTCiI59lfkRA,Undirected,1,1
UCCzUftO8KOVkV4wQG1vkUvg,UCXWnW9POrqPuDav-K_rWh0g,Undirected,1,1
UC5l8bnxxl26Q5PDG_jawcuw,UC7fNaSMYW29jHQmYZgZ5rkA,Undirected,42,42
UC7fNaSMYW29jHQmYZgZ5rkA,UCIEgmfyQSPwrjXt1QpmNv0w,Undirected,43,43
UC7fNaSMYW29jHQmYZgZ5rkA,UCJk7u2v3Ib7M0e-k8TWPx5Q,Undirected,42,42
UC7fNaSMYW29jHQmYZgZ5rkA,UCcHiyP5BmBzbIW61W_tio7Q,Undirected,42,42
UC7fNaSMYW29jHQmYZgZ5rkA,UCj4PjeVMnNTHIR5EeoNKPAw,Undirected,16,16
UCIU_1WDzifvGu16qzFcKAEA,UCbbu1xpujjiSQtapBMTr5XQ,Undirected,1,1
UC438NzuH3byhVc9KSXKc8ZA,UC9UAxVR4Tym2PIICVfLTZUw,Undirected,2,2
UC3TCIVs1OBZt2KyG8o0CM6Q,UCD24LJ4_be_hTuNuyz3vn0w,Undirected,13,13
UC3TCIVs1OBZt2KyG8o0CM6Q,UCQ_MqAw18jFTlBB-f8BP7dw,Undirected,1,1
UC3TCIVs1OBZt2KyG8o0CM6Q,UCeiQATnaLCYer1WVydXFTVg,Undirected,13,13
UC3TCIVs1OBZt2KyG8o0CM6Q,UCibEhpu5HP45-w7Bq1ZIulw,Undirected,13,13
UC3TCIVs1OBZt2KyG8o0CM6Q,UCs4KWxdP-lRc-dgLXE5i8Wg,Undirected,13,13
UCD24LJ4_be_hTuNuyz3vn0w,UCQ_MqAw18jFTlBB-f8BP7dw,Undirected,1,1
UCD24LJ4_be_hTuNuyz3vn0w,UCeiQATnaLCYer1WVydXFTVg,Undirected,13,13
UCD24LJ4_be_hTuNuyz3vn0w,UCibEhpu5HP45-w7Bq1ZIulw,Undirected,19,19
UCD24LJ4_be_hTuNuyz3vn0w,UCs4KWxdP-lRc-dgLXE5i8Wg,Undirected,13,13
UCQ_MqAw18jFTlBB-f8BP7dw,UCeiQATnaLCYer1WVydXFTVg,Undirected,1,1
UCQ_MqAw18jFTlBB-f8BP7dw,UCibEhpu5HP45-w7Bq1ZIulw,Undirected,1,1
UCQ_MqAw18jFTlBB-f8BP7dw,UCs4KWxdP-lRc-dgLXE5i8Wg,Undirected,1,1
UCeiQATnaLCYer1WVydXFTVg,UCibEhpu5HP45-w7Bq1ZIulw,Undirected,13,13
UCeiQATnaLCYer1WVydXFTVg,UCs4KWxdP-lRc-dgLXE5i8Wg,Undirected,23,23
UCibEhpu5HP45-w7Bq1ZIulw,UCs4KWxdP-lRc-dgLXE5i8Wg,Undirected,13,13
UC9UAxVR4Tym2PIICVfLTZUw,UCkzIJWZ0Viusty479iLiC1w,Undirected,2,2
UC9UAxVR4Tym2PIICVfLTZUw,UCSxCyYHtPzn-23kNT-RgWqw,Undirected,4,4
UC2Z7UBL5mvNUvehH6ph4MNw,UC9UAxVR4Tym2PIICVfLTZUw,Undirected,1,1
UC0W6Z2PcF-3QEfemx-5Ud-g,UCUeMNMWPa5GZ2zhYMYbmhpw,Undirected,11,11
UC0W6Z2PcF-3QEfemx-5Ud-g,UCxa9kXUXnTgHbBHvCPKc0kg,Undirected,3,3
UCUeMNMWPa5GZ2zhYMYbmhpw,UCxa9kXUXnTgHbBHvCPKc0kg,Undirected,3,3
UC8KKRZVMb753gtGsl0WQGKg,UCVApR0wfTBZtvMkKe8oUSXA,Undirected,2,2
UC8KKRZVMb753gtGsl0WQGKg,UCd1AhgFrwO8BCXZW1bVrXfA,Undirected,2,2
UC8KKRZVMb753gtGsl0WQGKg,UCol9sa_fU6gi5TLieVK70AQ,Undirected,2,2
UCVApR0wfTBZtvMkKe8oUSXA,UCd1AhgFrwO8BCXZW1bVrXfA,Undirected,2,2
UCVApR0wfTBZtvMkKe8oUSXA,UCol9sa_fU6gi5TLieVK70AQ,Undirected,2,2
UCd1AhgFrwO8BCXZW1bVrXfA,UCol9sa_fU6gi5TLieVK70AQ,Undirected,2,2
UCBYE2jpAeDBg6hlV6ur5DYg,UCIYJG2GEjkbB9LUfnAxaitA,Undirected,3,3
UCBYE2jpAeDBg6hlV6ur5DYg,UCSt_5wAl0qBXhredvo4LsYA,Undirected,3,3
UCBYE2jpAeDBg6hlV6ur5DYg,UCevFdZEmwBXKgleoSiDAI3w,Undirected,3,3
UCBYE2jpAeDBg6hlV6ur5DYg,UCf0OufCwrzL0dANtPfdkzzQ,Undirected,3,3
UCIYJG2GEjkbB9LUfnAxaitA,UCSt_5wAl0qBXhredvo4LsYA,Undirected,3,3
UCIYJG2GEjkbB9LUfnAxaitA,UCevFdZEmwBXKgleoSiDAI3w,Undirected,3,3
UCIYJG2GEjkbB9LUfnAxaitA,UCf0OufCwrzL0dANtPfdkzzQ,Undirected,3,3
UCSt_5wAl0qBXhredvo4LsYA,UCevFdZEmwBXKgleoSiDAI3w,Undirected,3,3
UCSt_5wAl0qBXhredvo4LsYA,UCf0OufCwrzL0dANtPfdkzzQ,Undirected,3,3
UCevFdZEmwBXKgleoSiDAI3w,UCf0OufCwrzL0dANtPfdkzzQ,Undirected,3,3
UC_5TWtp1in9ms1Sg5DgKRAg,UCtSv180D__JRsj1rW1mh5_g,Undirected,1,1
UCEOXPwygoKjW8Ver8rTka8g,UCK4gAoHR8nqRznSTUTXybuw,Undirected,2,2
UCEOXPwygoKjW8Ver8rTka8g,UCkJs1O8khjTYmRTg4P_-g8Q,Undirected,2,2
UCK4gAoHR8nqRznSTUTXybuw,UCkJs1O8khjTYmRTg4P_-g8Q,Undirected,2,2
UCFIAtyXz7XgNND_2GlE6t3A,UCTT44jmy7-pIGKpy-Ih8NyA,Undirected,1,1
UCFIAtyXz7XgNND_2GlE6t3A,UCZ3ryrdsdqezi2q-AfRw6Rw,Undirected,15,15
UCFIAtyXz7XgNND_2GlE6t3A,UCvML7OJFLaoM04VYnV_3EdQ,Undirected,9,9
UCTT44jmy7-pIGKpy-Ih8NyA,UCZ3ryrdsdqezi2q-AfRw6Rw,Undirected,1,1
UCTT44jmy7-pIGKpy-Ih8NyA,UCvML7OJFLaoM04VYnV_3EdQ,Undirected,1,1
UCZ3ryrdsdqezi2q-AfRw6Rw,UCvML7OJFLaoM04VYnV_3EdQ,Undirected,9,9
UCf0OufCwrzL0dANtPfdkzzQ,UCrvz9x7mlNDmbU_CTR1y4YQ,Undirected,1,1
UC-C5x5ioKxTu-B1qs0uWYDg,UC3RwimzFUFaJmStG3-bJbJg,Undirected,3,3
UCI-tQlV4oxfQW4Om2xK0dDw,UCschA9IpOU5dyLQC_TL90EA,Undirected,1,1
UCI-tQlV4oxfQW4Om2xK0dDw,UCxMWM81g23d-2YG8RVQzl6Q,Undirected,1,1
UCschA9IpOU5dyLQC_TL90EA,UCxMWM81g23d-2YG8RVQzl6Q,Undirected,1,1
UCJnxmeosa08BGIZar_LHzsA,UCXffonPBPK0TCkVWqpMPhGg,Undirected,1,1
UCJnxmeosa08BGIZar_LHzsA,UChuG8E1aBk1BjtTJE70S7SA,Undirected,1,1
UCXffonPBPK0TCkVWqpMPhGg,UChuG8E1aBk1BjtTJE70S7SA,Undirected,1,1
UC8_wmm5DX9mb4jrLiw8ZYzw,UCcoPAuYU81k_5AxDedPnLvw,Undirected,1,1
UCX2fYWaYhi7J1yMaK0M8Amw,UCj4PjeVMnNTHIR5EeoNKPAw,Undirected,1,1
UCF8nBW7xeMwGoeP3TOx6Nbw,UCdOFJTdqeytxPttqDnWfS_A,Undirected,1,1
UCJ98lzh2QJGp37QgWPUcwrQ,UCq2RGhxYoj1d4N7E6oCjeNA,Undirected,1,1
UCOb49mOu4z3FTYRkIrFtYMQ,UCj4PjeVMnNTHIR5EeoNKPAw,Undirected,1,1
UC05jT44pAcDWx-CLu7-vrNg,UCeTFimu7eoFp_SK5Qwe11ZA,Undirected,1,1
UC05jT44pAcDWx-CLu7-vrNg,UCvzJzeMXq-yTXg2wv_P207w,Undirected,1,1
UCeTFimu7eoFp_SK5Qwe11ZA,UCvzJzeMXq-yTXg2wv_P207w,Undirected,1,1
UC8f1p1gJBQzVo7iwrISt35Q,UCjKMVfOHMYDAETE1YMd5ukg,Undirected,5,5
UC8f1p1gJBQzVo7iwrISt35Q,UCwQGQS4-niVqw5OBDMlVf0Q,Undirected,5,5
UC8f1p1gJBQzVo7iwrISt35Q,UCxrNXCJ9C-Ck3fA5rD3d2PQ,Undirected,5,5
UCjKMVfOHMYDAETE1YMd5ukg,UCwQGQS4-niVqw5OBDMlVf0Q,Undirected,5,5
UCjKMVfOHMYDAETE1YMd5ukg,UCxrNXCJ9C-Ck3fA5rD3d2PQ,Undirected,5,5
UCwQGQS4-niVqw5OBDMlVf0Q,UCxrNXCJ9C-Ck3fA5rD3d2PQ,Undirected,5,5
UCfLovs3hldJ496uPizAgYaA,UCqPOwltQpz3pJMPCz2XUlzw,Undirected,1,1
UC6YoF5-OmChAXHNff3ifR6Q,UCPkKpOHxEDcwmUAnRpIu-Ng,Undirected,13,13
UCBubru68UAfczXSPYs2Qz8g,UCgSUwAyy0p1tcgDoQagvSOA,Undirected,1,1
UC5VZjrV5x9J9mTyGODzu0dQ,UC8_wmm5DX9mb4jrLiw8ZYzw,Undirected,21,21
UC5VZjrV5x9J9mTyGODzu0dQ,UCj6_0tBpVpmyYSGu6f-uKqw,Undirected,21,21
UC5VZjrV5x9J9mTyGODzu0dQ,UCn_cpHcrXjG_XnH9N3fO6qA,Undirected,21,21
UC8_wmm5DX9mb4jrLiw8ZYzw,UCj6_0tBpVpmyYSGu6f-uKqw,Undirected,41,41
UC8_wmm5DX9mb4jrLiw8ZYzw,UCn_cpHcrXjG_XnH9N3fO6qA,Undirected,41,41
UCj6_0tBpVpmyYSGu6f-uKqw,UCn_cpHcrXjG_XnH9N3fO6qA,Undirected,41,41
UC0eTlO_yZOPTSnSd5M6FCxA,UCFFFsClZNq3gHLvnNv2df6g,Undirected,1,1
UC0eTlO_yZOPTSnSd5M6FCxA,UCSKUf4X29Kl6IyiMaU5aacw,Undirected,1,1
UCFFFsClZNq3gHLvnNv2df6g,UCSKUf4X29Kl6IyiMaU5aacw,Undirected,1,1
UC7IYFu5ht5v-JKZh9h07Xtw,UCBKqbSl9bK_ln9zZ-C5rP0Q,Undirected,11,11
UC7IYFu5ht5v-JKZh9h07Xtw,UCRxPrFmRHsXGWfAyE6oqrPQ,Undirected,1,1
UC7IYFu5ht5v-JKZh9h07Xtw,UCSspDdadXHACIwgHLQ3q2bw,Undirected,11,11
UC7IYFu5ht5v-JKZh9h07Xtw,UCam_sZrQaOr5qc_82m8cFYg,Undirected,21,21
UC7IYFu5ht5v-JKZh9h07Xtw,UCrxOjbi4xKHTnkoqKzPvL0Q,Undirected,21,21
UCBKqbSl9bK_ln9zZ-C5rP0Q,UCRxPrFmRHsXGWfAyE6oqrPQ,Undirected,1,1
UCBKqbSl9bK_ln9zZ-C5rP0Q,UCSspDdadXHACIwgHLQ3q2bw,Undirected,1,1
UCBKqbSl9bK_ln9zZ-C5rP0Q,UCam_sZrQaOr5qc_82m8cFYg,Undirected,21,21
UCBKqbSl9bK_ln9zZ-C5rP0Q,UCrxOjbi4xKHTnkoqKzPvL0Q,Undirected,11,11
UCRxPrFmRHsXGWfAyE6oqrPQ,UCSspDdadXHACIwgHLQ3q2bw,Undirected,1,1
UCRxPrFmRHsXGWfAyE6oqrPQ,UCam_sZrQaOr5qc_82m8cFYg,Undirected,1,1
UCRxPrFmRHsXGWfAyE6oqrPQ,UCrxOjbi4xKHTnkoqKzPvL0Q,Undirected,1,1
UCSspDdadXHACIwgHLQ3q2bw,UCam_sZrQaOr5qc_82m8cFYg,Undirected,11,11
UCSspDdadXHACIwgHLQ3q2bw,UCrxOjbi4xKHTnkoqKzPvL0Q,Undirected,11,11
UCam_sZrQaOr5qc_82m8cFYg,UCrxOjbi4xKHTnkoqKzPvL0Q,Undirected,21,21
UCihYMokYrglpPKgjzbZYgqA,UCq4kwMrpENO18E5QyHeh-UA,Undirected,1,1
UCihYMokYrglpPKgjzbZYgqA,UCyqdFuh6M9dtEIVrxqsQuVA,Undirected,1,1
UCq4kwMrpENO18E5QyHeh-UA,UCyqdFuh6M9dtEIVrxqsQuVA,Undirected,1,1
UCGg-UqjRgzhYDPJMr-9HXCg,UCxJexsOTNecY8aaBJjWe4Yg,Undirected,6,6
UCDV2ocNJ_Po8me-PjqnhjAg,UCviI9lzTe2pkxJ9M2ArA7WQ,Undirected,2,2
UC1rB1k_p1pdra7yscrBUpMA,UCrXBcslTZI5XBRdKcmrReyA,Undirected,8,8
UCRajy5q-LgNSBzBjP0ppcEA,UCqma0EHk7Ba_QdAtv2HnuXQ,Undirected,1,1
UCRajy5q-LgNSBzBjP0ppcEA,UCqvWsKeBsE_RmV-z5cFoGLg,Undirected,1,1
UCRajy5q-LgNSBzBjP0ppcEA,UCtOvoDqWorYc6NqkuGmZgEg,Undirected,1,1
UCqma0EHk7Ba_QdAtv2HnuXQ,UCqvWsKeBsE_RmV-z5cFoGLg,Undirected,2,2
UCqma0EHk7Ba_QdAtv2HnuXQ,UCtOvoDqWorYc6NqkuGmZgEg,Undirected,2,2
UCqvWsKeBsE_RmV-z5cFoGLg,UCtOvoDqWorYc6NqkuGmZgEg,Undirected,2,2
UCHF0NFFfBeyBWKBFpJQsAqQ,UCgVejeoa338l2xxgg9cGtoQ,Undirected,1,1
UC30YyFO02NMXOrL2OOmP-qA,UCAt3GjVZH33xI3xGS3Tu38Q,Undirected,1,1
UC30YyFO02NMXOrL2OOmP-qA,UCDs8MjKHniLD37mknABcW4Q,Undirected,1,1
UC30YyFO02NMXOrL2OOmP-qA,UCLLGM0MV2OpvwFCjG70nkIg,Undirected,1,1
UC30YyFO02NMXOrL2OOmP-qA,UCZHdiJYl-SNoklqSVZ3m-tg,Undirected,1,1
UCAt3GjVZH33xI3xGS3Tu38Q,UCDs8MjKHniLD37mknABcW4Q,Undirected,1,1
UCAt3GjVZH33xI3xGS3Tu38Q,UCLLGM0MV2OpvwFCjG70nkIg,Undirected,1,1
UCAt3GjVZH33xI3xGS3Tu38Q,UCZHdiJYl-SNoklqSVZ3m-tg,Undirected,1,1
UCDs8MjKHniLD37mknABcW4Q,UCLLGM0MV2OpvwFCjG70nkIg,Undirected,1,1
UCDs8MjKHniLD37mknABcW4Q,UCZHdiJYl-SNoklqSVZ3m-tg,Undirected,1,1
UCLLGM0MV2OpvwFCjG70nkIg,UCZHdiJYl-SNoklqSVZ3m-tg,Undirected,1,1
UC0hxkiLIETsmgV8LSGs9G9A,UC2Uv7N14hfkEfsbGLPH0fBA,Undirected,1,1
UC0hxkiLIETsmgV8LSGs9G9A,UC4hWOiJbye0xCi8v-aWp2zQ,Undirected,1,1
UC2Uv7N14hfkEfsbGLPH0fBA,UC4hWOiJbye0xCi8v-aWp2zQ,Undirected,1,1
UCc37E0uEogue81xnpvmrBcQ,UCrIXTq8Dtq7bdkcwkxRMfuQ,Undirected,10,10
UCduu6QWN1YP9yWkFO0snkIg,UChh_8d48Ps7E8Hlou8Ji5cA,Undirected,21,21
UCi0LydWaEUy3Vx8flL29ebQ,UCn7Z0uhzGS1KjnO-sWml_dw,Undirected,1,1
UCNhqvQMXIgRfjAGmxQqdNRw,UCsHhF2X0RGM8Asz6YrFkb_Q,Undirected,1,1
UCkToh0AM-mn01WOT2TFR6JQ,UCsHhF2X0RGM8Asz6YrFkb_Q,Undirected,1,1
UCJfB133ZwpD3fpUde2C9k7w,UCNOOWIvQW04rx7nBfDh5r3A,Undirected,1,1
UCcHApLvQnSGjKpaCuo-wloA,UCtHHssNQHvv-PdyA02FrF3g,Undirected,13,13
UCB55pRcRNqH1c2ZqeFam8aA,UCMulM1JuTWO5MavUn-99pKA,Undirected,1,1
UCB55pRcRNqH1c2ZqeFam8aA,UCSEpCEZrPxrBqlnVkElLUQQ,Undirected,3,3
UCB55pRcRNqH1c2ZqeFam8aA,UCospu3ZnB60PDRghLJnLzSA,Undirected,1,1
UCB55pRcRNqH1c2ZqeFam8aA,UCz_V5_pxKsSjuTcAwbRz1eA,Undirected,1,1
UCMulM1JuTWO5MavUn-99pKA,UCSEpCEZrPxrBqlnVkElLUQQ,Undirected,1,1
UCMulM1JuTWO5MavUn-99pKA,UCospu3ZnB60PDRghLJnLzSA,Undirected,2,2
UCMulM1JuTWO5MavUn-99pKA,UCz_V5_pxKsSjuTcAwbRz1eA,Undirected,3,3
UCSEpCEZrPxrBqlnVkElLUQQ,UCospu3ZnB60PDRghLJnLzSA,Undirected,1,1
UCSEpCEZrPxrBqlnVkElLUQQ,UCz_V5_pxKsSjuTcAwbRz1eA,Undirected,1,1
UCospu3ZnB60PDRghLJnLzSA,UCz_V5_pxKsSjuTcAwbRz1eA,Undirected,3,3
UCFbb0lmMyqn61rJdUnqwjWw,UCsmkTPubhBtCCk1w373ty8w,Undirected,10,10
UC52EYUUSlzcYqHj-qsx0RHg,UCOgASZVYeB6U37pL_8Y1Ofw,Undirected,20,20
UC52EYUUSlzcYqHj-qsx0RHg,UCfj8FsoiPFHn1gZMJaeLEDg,Undirected,48,48
UC52EYUUSlzcYqHj-qsx0RHg,UCp8cPvx_Od76EL66vvCnhRA,Undirected,57,57
UC52EYUUSlzcYqHj-qsx0RHg,UCxyU_HQTotlpcQ_95t5kmmQ,Undirected,38,38
UC52EYUUSlzcYqHj-qsx0RHg,UCyRy1COnKgKsbJBRHn0YYiw,Undirected,9,9
UCOgASZVYeB6U37pL_8Y1Ofw,UCfj8FsoiPFHn1gZMJaeLEDg,Undirected,1,1
UCOgASZVYeB6U37pL_8Y1Ofw,UCp8cPvx_Od76EL66vvCnhRA,Undirected,20,20
UCOgASZVYeB6U37pL_8Y1Ofw,UCxyU_HQTotlpcQ_95t5kmmQ,Undirected,1,1
UCOgASZVYeB6U37pL_8Y1Ofw,UCyRy1COnKgKsbJBRHn0YYiw,Undirected,9,9
UCfj8FsoiPFHn1gZMJaeLEDg,UCp8cPvx_Od76EL66vvCnhRA,Undirected,38,38
UCfj8FsoiPFHn1gZMJaeLEDg,UCxyU_HQTotlpcQ_95t5kmmQ,Undirected,38,38
UCfj8FsoiPFHn1gZMJaeLEDg,UCyRy1COnKgKsbJBRHn0YYiw,Undirected,1,1
UCp8cPvx_Od76EL66vvCnhRA,UCxyU_HQTotlpcQ_95t5kmmQ,Undirected,28,28
UCp8cPvx_Od76EL66vvCnhRA,UCyRy1COnKgKsbJBRHn0YYiw,Undirected,9,9
UCxyU_HQTotlpcQ_95t5kmmQ,UCyRy1COnKgKsbJBRHn0YYiw,Undirected,1,1
UC52EYUUSlzcYqHj-qsx0RHg,UCB_Zk_cUcqA-1I9oeeBUBqA,Undirected,16,16
UCB_Zk_cUcqA-1I9oeeBUBqA,UCOgASZVYeB6U37pL_8Y1Ofw,Undirected,9,9
UCB_Zk_cUcqA-1I9oeeBUBqA,UCp8cPvx_Od76EL66vvCnhRA,Undirected,16,16
UCGmO0S4S-AunjRdmxA6TQYg,UCJwGWV914kBlV4dKRn7AEFA,Undirected,2,2
UCGmO0S4S-AunjRdmxA6TQYg,UC_SI1j1d8vJo_rYMV5o_dRg,Undirected,2,2
UCJwGWV914kBlV4dKRn7AEFA,UC_SI1j1d8vJo_rYMV5o_dRg,Undirected,3,3
UCJwGWV914kBlV4dKRn7AEFA,UCNElM45JypxqAR73RoUQ10g,Undirected,1,1
UCNElM45JypxqAR73RoUQ10g,UC_SI1j1d8vJo_rYMV5o_dRg,Undirected,1,1
UCVyxTBjnKveJc4EtsnYqcVA,UChxvFvpbG7hdyFv9LbceNFg,Undirected,9,9
UC-8zLYB2DB1fFCP3KJxe0Sg,UC-XRzstm-vGQl4yTBMrgmJQ,Undirected,1,1
UC7uhcEqcFEc_rMYH-AEy8BA,UCrxutDChXkpAqpMW7nGxl9w,Undirected,1,1
UCXukWRMOMtvKX2O-1RC23CA,UCxSP05H8BEdpu3Q0RYeGOrA,Undirected,7,7
UC8AQF1sXHCsfARZCX5COf_g,UCbLcjRG0gcEzFeJynGC2tVw,Undirected,20,20
UC8AQF1sXHCsfARZCX5COf_g,UCt9nYeSz90lnOnaVFjxFJzw,Undirected,20,20
UCbLcjRG0gcEzFeJynGC2tVw,UCt9nYeSz90lnOnaVFjxFJzw,Undirected,30,30
UC0mrvtDqfEqo4Plo_HUdzDg,UCBLGReH8wxPMiBzScGLbFjQ,Undirected,1,1
UCFYygGuBWl8AGEPtOgXbocw,UCz6JjQtnK9XjMwKuqlEkRxw,Undirected,1,1
UCdCVfCgsaO9L3Oli1AihfuQ,UCxSP05H8BEdpu3Q0RYeGOrA,Undirected,7,7
UCGnjeahCJW1AF34HBmQTJ-Q,UCYLNGLIzMhRTi6ZOLjAPSmw,Undirected,14,14
UCZuPJZ2kGFdlbQu1qotZaHw,UCz9yS18zJGQObwUL_K-ICnw,Undirected,12,12
UCncmmq2xV1002xNnx9_rDhw,UCvQwfdlOR55OO82gFWJCnWQ,Undirected,16,16
UC5qFAfEOzoaSOS6At8ixYoA,UCKwJMC3Sar-yz5PcwUJxiqg,Undirected,15,15
UC5qFAfEOzoaSOS6At8ixYoA,UCl4jq8XKq5X0ZL5p_xVMmZA,Undirected,2,2
UCKwJMC3Sar-yz5PcwUJxiqg,UCl4jq8XKq5X0ZL5p_xVMmZA,Undirected,3,3
UCCEZY5vEQBsQN5i3ceiLo7g,UCGe3279ZI3YLoCWCd7wB0pg,Undirected,2,2
UCCEZY5vEQBsQN5i3ceiLo7g,UCV4S6_JoeDq9j6mgbpkmA0Q,Undirected,17,17
UCGe3279ZI3YLoCWCd7wB0pg,UCV4S6_JoeDq9j6mgbpkmA0Q,Undirected,4,4
UC2rbcd_YR3j_klIv4AXXaZw,UCahVGI5idD85mQlBD2InzzA,Undirected,13,13
UCWANPVmVKsJUg2ed9hK2r9w,UCnLJnKKCxLRsAktAB9iMSeQ,Undirected,13,13
UCJNXcE2vdoNORqtiMHNGL3w,UCdN4zKOIG6TbD4QC26OsiGA,Undirected,1,1
UCJz03ec78ygKUBnVaAJPl0Q,UCdN4zKOIG6TbD4QC26OsiGA,Undirected,1,1
UCN6k6MSZIXPTsp5f7dST0rQ,UCyy0Kn2gkLqVeiAcjQI2gpw,Undirected,4,4
UCN6k6MSZIXPTsp5f7dST0rQ,UC_SGLJ05a-N9sA4fX4yYgFA,Undirected,1,1
UC_SGLJ05a-N9sA4fX4yYgFA,UCyy0Kn2gkLqVeiAcjQI2gpw,Undirected,2,2
UC5pbZl4urNZOr9aPxMC1xfg,UCN6k6MSZIXPTsp5f7dST0rQ,Undirected,1,1
UC7SVQ3PTCBhssx_WEBrSq0Q,UCN6k6MSZIXPTsp5f7dST0rQ,Undirected,1,1
UCN6k6MSZIXPTsp5f7dST0rQ,UCo00fLTBosL4EGGhi164cEQ,Undirected,1,1
UCAPmqDbVdw_GBiW0_ffQtlg,UCR_Te2bbmsrqvYlAmkgA2sA,Undirected,1,1
UC6_cdWd42XwHkBycmn6PdGg,UCl42wXZWLL2S2LdTVM44ArQ,Undirected,3,3
UCl42wXZWLL2S2LdTVM44ArQ,UCuX76tzdRUOcfjbnbAp6IwQ,Undirected,1,1
UCKEiXyY8x_n355g1fObF1GA,UCYvvnUfWEB_LmSUWX2IZUAQ,Undirected,6,6
UCKEiXyY8x_n355g1fObF1GA,UCvOc-PLAnbQgMTH8J7l-j6A,Undirected,6,6
UCYvvnUfWEB_LmSUWX2IZUAQ,UCvOc-PLAnbQgMTH8J7l-j6A,Undirected,6,6
UC2AjjZ0k-Rba8fiuwpz1R2Q,UCUwCAyA6MO_QjlJmIxuhwyw,Undirected,9,9
UCIzAIM-zatIDHErC0Z23hbQ,UCmYVJBJV1fQgbgbfD0_VAhg,Undirected,2,2
UC11JFCoslUUMTuAsUPH8RdQ,UCDiJeuOsv766JDMAlpbSMHg,Undirected,4,4
UCDiJeuOsv766JDMAlpbSMHg,UCIzAIM-zatIDHErC0Z23hbQ,Undirected,4,4
UC8ebgJVAJk3c6mftB_trA1Q,UCLJ3grahec536YBny4LQ5uQ,Undirected,20,20
UC8ebgJVAJk3c6mftB_trA1Q,UCeiP7wkPDz4m9mw4OY7YjhQ,Undirected,20,20
UCKP3PMVMfZjaSxOPfuw9sig,UCn_FAXem2-e3HQvmK-mOH4g,Undirected,4,4
UC53yPfm-OQL9sK1TG_sCT5Q,UCKP3PMVMfZjaSxOPfuw9sig,Undirected,6,6
UC53yPfm-OQL9sK1TG_sCT5Q,UCZuwBN1DWfgObYprETYk0eg,Undirected,1,1
UCKP3PMVMfZjaSxOPfuw9sig,UCZuwBN1DWfgObYprETYk0eg,Undirected,1,1
UC53yPfm-OQL9sK1TG_sCT5Q,UCn_FAXem2-e3HQvmK-mOH4g,Undirected,2,2
UCI_hjK53AIDlpB-Rpr1WnwQ,UCQ1NXps0onlktNoDqipVIWA,Undirected,1,1
UC8LcA3grYZg0GNpxlXh8owg,UCQ1NXps0onlktNoDqipVIWA,Undirected,2,2
UC8LcA3grYZg0GNpxlXh8owg,UCn_FAXem2-e3HQvmK-mOH4g,Undirected,1,1
UCQ1NXps0onlktNoDqipVIWA,UCn_FAXem2-e3HQvmK-mOH4g,Undirected,2,2
UCDrJor35jYVnuC3JgRzheIw,UCQ1NXps0onlktNoDqipVIWA,Undirected,1,1
UCLA_DiR1FfKNvjuUpBHmylQ,UCQ1NXps0onlktNoDqipVIWA,Undirected,1,1
UC9Tu_16EZ5jN0dSom62C5XA,UCLCdyRg3u5O-EVP5p46QxcQ,Undirected,1,1
UC9Tu_16EZ5jN0dSom62C5XA,UCQ1NXps0onlktNoDqipVIWA,Undirected,2,2
UC9Tu_16EZ5jN0dSom62C5XA,UCn_FAXem2-e3HQvmK-mOH4g,Undirected,1,1
UCLCdyRg3u5O-EVP5p46QxcQ,UCQ1NXps0onlktNoDqipVIWA,Undirected,1,1
UCLCdyRg3u5O-EVP5p46QxcQ,UCn_FAXem2-e3HQvmK-mOH4g,Undirected,1,1
UC5OrDvL9DscpcAstz7JnQGA,UCQ1NXps0onlktNoDqipVIWA,Undirected,1,1
UCDXvOFXV4l7HtZkP7ibBZaQ,UCHQg2VX5l9DIPyzt2Yap7hQ,Undirected,1,1
UCV5acLQNb3MyOVzc5p-Sz-w,UCkV1YLql2SpsNQob3NtOO7A,Undirected,1,1
UCV5acLQNb3MyOVzc5p-Sz-w,UCt0xOle0yBQrwlRF433n3_Q,Undirected,1,1
UCkV1YLql2SpsNQob3NtOO7A,UCt0xOle0yBQrwlRF433n3_Q,Undirected,1,1
UCDw5xB6ETRs1NqDYFvq7SWg,UCGjsy4nBfH-TjFOSP1Jp1Pw,Undirected,1,1
UCDw5xB6ETRs1NqDYFvq7SWg,UCuC7Ry0wKiQiwuhOyQcYCZw,Undirected,1,1
UCGjsy4nBfH-TjFOSP1Jp1Pw,UCuC7Ry0wKiQiwuhOyQcYCZw,Undirected,2,2
UCHhQcZSONr_oP_oDO9lUD-A,UCflfdgi0Wsso2nuLeYNWcZw,Undirected,1,1
UC1QTdYauIX6amnimFQWBzwA,UCj0rOlAiR8FWos5YIB6gfow,Undirected,4,4
UCdubelOloxR3wzwJG9x8YqQ,UCj0rOlAiR8FWos5YIB6gfow,Undirected,7,7
UCWrWMJFCkYWf7GmqoUR4TRA,UCdubelOloxR3wzwJG9x8YqQ,Undirected,1,1
UC8DBqUhc3eamMSFxnvLeiUQ,UC8gSZZMZss3vOdgY_GjzA7A,Undirected,10,10
UC8DBqUhc3eamMSFxnvLeiUQ,UCdZWKMDgv_K6sdSgIMIF-FA,Undirected,1,1
UC8gSZZMZss3vOdgY_GjzA7A,UCdZWKMDgv_K6sdSgIMIF-FA,Undirected,1,1
UCEC4D0dTTJr_EEnEJz15hnQ,UCsnbXUCvcHesMCFtfxtIgmQ,Undirected,1,1
UCEC4D0dTTJr_EEnEJz15hnQ,UCQkBKu3VZ6d96KJz_ixCq4g,Undirected,1,1
UCCV5Z2DEYnUGIY_mO-AcQKw,UCEC4D0dTTJr_EEnEJz15hnQ,Undirected,1,1
UC52X5wxOL_s5yw0dQk7NtgA,UCEC4D0dTTJr_EEnEJz15hnQ,Undirected,3,3
UC52X5wxOL_s5yw0dQk7NtgA,UCSXrKyMO6LDYzbyraNPk7JQ,Undirected,1,1
UC52X5wxOL_s5yw0dQk7NtgA,UCYxRlFDqcWM4y7FfpiAN3KQ,Undirected,2,2
UC52X5wxOL_s5yw0dQk7NtgA,UCoOt4BpmiLlkEih3gX7_WQg,Undirected,2,2
UCEC4D0dTTJr_EEnEJz15hnQ,UCSXrKyMO6LDYzbyraNPk7JQ,Undirected,1,1
UCEC4D0dTTJr_EEnEJz15hnQ,UCYxRlFDqcWM4y7FfpiAN3KQ,Undirected,4,4
UCSXrKyMO6LDYzbyraNPk7JQ,UCYxRlFDqcWM4y7FfpiAN3KQ,Undirected,1,1
UCSXrKyMO6LDYzbyraNPk7JQ,UCoOt4BpmiLlkEih3gX7_WQg,Undirected,1,1
UCYxRlFDqcWM4y7FfpiAN3KQ,UCoOt4BpmiLlkEih3gX7_WQg,Undirected,4,4
UCEC4D0dTTJr_EEnEJz15hnQ,UCcUa6esT9vBbWftDFNkWSSQ,Undirected,2,2
UCcUa6esT9vBbWftDFNkWSSQ,UCoOt4BpmiLlkEih3gX7_WQg,Undirected,2,2
UCEBAPyQINZeF1XDNaIhhJsg,UCEC4D0dTTJr_EEnEJz15hnQ,Undirected,1,1
UCEBAPyQINZeF1XDNaIhhJsg,UCawNWlihdgaycQpO3zi-jYg,Undirected,1,1
UCEBAPyQINZeF1XDNaIhhJsg,UCgnJRGgHMZqqobC2Ftq88fQ,Undirected,1,1
UCEBAPyQINZeF1XDNaIhhJsg,UCoOt4BpmiLlkEih3gX7_WQg,Undirected,1,1
UCEC4D0dTTJr_EEnEJz15hnQ,UCawNWlihdgaycQpO3zi-jYg,Undirected,1,1
UCEC4D0dTTJr_EEnEJz15hnQ,UCgnJRGgHMZqqobC2Ftq88fQ,Undirected,1,1
UCawNWlihdgaycQpO3zi-jYg,UCgnJRGgHMZqqobC2Ftq88fQ,Undirected,1,1
UCawNWlihdgaycQpO3zi-jYg,UCoOt4BpmiLlkEih3gX7_WQg,Undirected,1,1
UCgnJRGgHMZqqobC2Ftq88fQ,UCoOt4BpmiLlkEih3gX7_WQg,Undirected,1,1
UC-6pdG0aYffd5a1VbPBxaOg,UCEC4D0dTTJr_EEnEJz15hnQ,Undirected,1,1
UC-6pdG0aYffd5a1VbPBxaOg,UCoOt4BpmiLlkEih3gX7_WQg,Undirected,1,1
UCYxRlFDqcWM4y7FfpiAN3KQ,UCcUa6esT9vBbWftDFNkWSSQ,Undirected,1,1
UCEC4D0dTTJr_EEnEJz15hnQ,UCg40OxZ1GYh3u3jBntB6DLg,Undirected,1,1
UCYxRlFDqcWM4y7FfpiAN3KQ,UCg40OxZ1GYh3u3jBntB6DLg,Undirected,1,1
UCg40OxZ1GYh3u3jBntB6DLg,UCoOt4BpmiLlkEih3gX7_WQg,Undirected,1,1
UC9FCkwbKLCLwjvoGRLg9mzQ,UCpbRCTCwZHVQMqNRKCa8Wqw,Undirected,1,1
UC2u8KgMiBOFOaBinNHQ7ykA,UC9FCkwbKLCLwjvoGRLg9mzQ,Undirected,1,1
UC2u8KgMiBOFOaBinNHQ7ykA,UCNhqvQMXIgRfjAGmxQqdNRw,Undirected,1,1
UCNhqvQMXIgRfjAGmxQqdNRw,UCYfr8YekXOPcpJyUvtD6HZA,Undirected,1,1
UC-q5MYErrnZlbhhRcsrSkOQ,UCNhqvQMXIgRfjAGmxQqdNRw,Undirected,1,1
UC9ZOdPobvA6DV4Wr4oqEgEQ,UCNhqvQMXIgRfjAGmxQqdNRw,Undirected,1,1
UCNhqvQMXIgRfjAGmxQqdNRw,UCS3G3DZwhQeg0Y6XI3ESVAg,Undirected,1,1
UC4IEuHe9jBNKRMaA4Bon9nQ,UCWmlM4sGXOFXtkmPQNGCWTw,Undirected,1,1
UC296Bn-rT3jNMgeWp-e9FKA,UCFwwX-up6JnaD5_Z--s03CQ,Undirected,20,20
UC296Bn-rT3jNMgeWp-e9FKA,UCBS4UaoUfi3xQ8nJlzuKXpw,Undirected,15,15
UC296Bn-rT3jNMgeWp-e9FKA,UCP7YRIYJ4aUpyu8771vhjxw,Undirected,13,13
UCBS4UaoUfi3xQ8nJlzuKXpw,UCkGvdIeoHkbOSX6O5VSfLRA,Undirected,19,19
UCCa5PYs0T9_W-Qxx-0TOlKg,UCSamm6uzw-VladNecX3tDtg,Undirected,1,1
UCCa5PYs0T9_W-Qxx-0TOlKg,UCaVe77Erd9FtqVFExxQripw,Undirected,1,1
UCCa5PYs0T9_W-Qxx-0TOlKg,UCmcTilRhDqqf5-idg13Jzog,Undirected,1,1
UCHneDUCVe8SJ3uXAAxaFRgA,UCSamm6uzw-VladNecX3tDtg,Undirected,1,1
UCHneDUCVe8SJ3uXAAxaFRgA,UCaVe77Erd9FtqVFExxQripw,Undirected,1,1
UCHneDUCVe8SJ3uXAAxaFRgA,UCmcTilRhDqqf5-idg13Jzog,Undirected,1,1
UCSamm6uzw-VladNecX3tDtg,UCaVe77Erd9FtqVFExxQripw,Undirected,1,1
UCSamm6uzw-VladNecX3tDtg,UCmcTilRhDqqf5-idg13Jzog,Undirected,1,1
UCaVe77Erd9FtqVFExxQripw,UCmcTilRhDqqf5-idg13Jzog,Undirected,1,1
UCFDxyA1H3VEN0VQwfMe2VMQ,UC_PVUCRc-vpj-WQBOm38q3A,Undirected,1,1
UC6FrNJRbr-32LUTmYw1nHFw,UC_PVUCRc-vpj-WQBOm38q3A,Undirected,1,1
UCX6OQ3DkcsbYNE6H8uQQuVA,UC_PVUCRc-vpj-WQBOm38q3A,Undirected,1,1
UCX6OQ3DkcsbYNE6H8uQQuVA,UCojEXrCBzO-cP2N5YlRcrWw,Undirected,1,1
UC_PVUCRc-vpj-WQBOm38q3A,UCojEXrCBzO-cP2N5YlRcrWw,Undirected,1,1
UC9ClItdGpAvS1JCyK1kVRAg,UC_PVUCRc-vpj-WQBOm38q3A,Undirected,1,1
UCC6Knb0mHq1oIgHIZbiz80A,UCRh_RfGWGjQ7ELxC05ckI4g,Undirected,2,2
UCC6Knb0mHq1oIgHIZbiz80A,UCtL5uJ_OIDUnooCPC3gFnFw,Undirected,1,1
UCRh_RfGWGjQ7ELxC05ckI4g,UCtL5uJ_OIDUnooCPC3gFnFw,Undirected,1,1
UCtvf9CPuttrS142tsDYvEqQ,UCvpredjG93ifbCP1Y77JyFA,Undirected,1,1
UC71OmiIzaKrUsjJaAmhZ-gQ,UCvcrvrpBp6MKNhJf6q16WGA,Undirected,1,1
UCFcoU14QQEl5PR7H1r_AaLw,UCH2miGzAdZMKi7_qxP4uzBg,Undirected,1,1
UCFcoU14QQEl5PR7H1r_AaLw,UCXlppUGWeGtHBp_1xKsawmQ,Undirected,1,1
UCH2miGzAdZMKi7_qxP4uzBg,UCSHxW8yZ6e2eNRGVGIZxohQ,Undirected,1,1
UCH2miGzAdZMKi7_qxP4uzBg,UCXlppUGWeGtHBp_1xKsawmQ,Undirected,1,1
UCSHxW8yZ6e2eNRGVGIZxohQ,UCXlppUGWeGtHBp_1xKsawmQ,Undirected,1,1
UCBHjy-HoBMdATpUMTQt1wpA,UCVQwFEyi1e2ZcZPHh7pgHsQ,Undirected,4,4
UCVQwFEyi1e2ZcZPHh7pgHsQ,UCb77j37rubV-cF-Q5AdZwag,Undirected,4,4
UCVQwFEyi1e2ZcZPHh7pgHsQ,UCqiZSGgeTTevIgHMERck7-Q,Undirected,4,4
UCVQwFEyi1e2ZcZPHh7pgHsQ,UCwRDUGIZ6f-kh_0_EzjnFgg,Undirected,4,4
UCBHjy-HoBMdATpUMTQt1wpA,UCOBkmy1BBsIM1lHTzuwPmAg,Undirected,2,2
UCOBkmy1BBsIM1lHTzuwPmAg,UCVQwFEyi1e2ZcZPHh7pgHsQ,Undirected,2,2
UCOBkmy1BBsIM1lHTzuwPmAg,UCb77j37rubV-cF-Q5AdZwag,Undirected,2,2
UCOBkmy1BBsIM1lHTzuwPmAg,UCqiZSGgeTTevIgHMERck7-Q,Undirected,2,2
UCOBkmy1BBsIM1lHTzuwPmAg,UCwRDUGIZ6f-kh_0_EzjnFgg,Undirected,2,2
UCb77j37rubV-cF-Q5AdZwag,UCbR0OolOJLITwmfaPoZar-g,Undirected,1,1
UCK0CxEzRSdm1jXe4wgR8ncA,UC_nib780bt_8Yr9ky518paQ,Undirected,1,1
UCK0CxEzRSdm1jXe4wgR8ncA,UCx6-QwsBu7-p2khs-4jEs1A,Undirected,1,1
UCK0CxEzRSdm1jXe4wgR8ncA,UCyvHPV3h__QRHP9R83jDpkw,Undirected,1,1
UC_nib780bt_8Yr9ky518paQ,UComlwUOJWyiLK8Wl5jsBVdw,Undirected,2,2
UComlwUOJWyiLK8Wl5jsBVdw,UCx6-QwsBu7-p2khs-4jEs1A,Undirected,2,2
UComlwUOJWyiLK8Wl5jsBVdw,UCyvHPV3h__QRHP9R83jDpkw,Undirected,2,2
UCqwWrNcvoloB0_ZNBI4irng,UCujsy_SgLSXAyroQaEbMhVg,Undirected,1,1
UCCM86OfEq32RoGhxrqb8j0g,UChj7GSrRf4XgUAqUjs-kxSQ,Undirected,3,3
UCUzE10R0yLHXlpY6E9Hnc2A,UCsuZ5akLQbr4vUi7uSy9rrA,Undirected,1,1
UCMIk586TBQG1BcjFpZ9a_nw,UCsuZ5akLQbr4vUi7uSy9rrA,Undirected,2,2
UCMIk586TBQG1BcjFpZ9a_nw,UCUL23iRDFPIb3x25pH8NwvA,Undirected,1,1
UCUL23iRDFPIb3x25pH8NwvA,UCsuZ5akLQbr4vUi7uSy9rrA,Undirected,1,1
UCDExGQfgKYBHu2SED0yPd2g,UCpN-WGQgGsOrXm7nHXDdTDA,Undirected,1,1
UC5sPy40awSQ_vgGHZSjkVyg,UCpN-WGQgGsOrXm7nHXDdTDA,Undirected,1,1
UClibkiIer-jT2PWN4eKmBGw,UCwIKyl0V5Cb5WRTazrhg-2A,Undirected,7,7
UC22nIfOTM7KLIQuFGMKzQbg,UCsN_s8_m2AFgEGPfBl25rDw,Undirected,7,7
UCUZhr-L61C1IcWzP8-ffH-w,UCsN_s8_m2AFgEGPfBl25rDw,Undirected,7,7
UCYLlkv4hivYJlOk6Lo-RHNQ,UCsN_s8_m2AFgEGPfBl25rDw,Undirected,7,7
UCe_h1ez2EFYYpCi011nxt1w,UCmYEOuRIVGSO5PlExUYHqYQ,Undirected,1,1
UC4ojxDELqgrrn6DlzHOIIMw,UCOggqMus8RhuG-Spj-NeMNw,Undirected,13,13
UC4ojxDELqgrrn6DlzHOIIMw,UCSSKXEFwXiEcUjZKYGSvyPg,Undirected,5,5
UC4ojxDELqgrrn6DlzHOIIMw,UCmGNxQsUCHmBR1d7b1h8-nw,Undirected,9,9
UC4ojxDELqgrrn6DlzHOIIMw,UCwsV73q1D7y-jxb5rjJjmSQ,Undirected,9,9
UCOggqMus8RhuG-Spj-NeMNw,UCSSKXEFwXiEcUjZKYGSvyPg,Undirected,4,4
UCOggqMus8RhuG-Spj-NeMNw,UCmGNxQsUCHmBR1d7b1h8-nw,Undirected,9,9
UCOggqMus8RhuG-Spj-NeMNw,UCwsV73q1D7y-jxb5rjJjmSQ,Undirected,9,9
UCSSKXEFwXiEcUjZKYGSvyPg,UCmGNxQsUCHmBR1d7b1h8-nw,Undirected,4,4
UCSSKXEFwXiEcUjZKYGSvyPg,UCwsV73q1D7y-jxb5rjJjmSQ,Undirected,12,12
UCmGNxQsUCHmBR1d7b1h8-nw,UCwsV73q1D7y-jxb5rjJjmSQ,Undirected,10,10
UC4ojxDELqgrrn6DlzHOIIMw,UC6uWWnG0xctJyenlzwpk3uQ,Undirected,11,11
UC6uWWnG0xctJyenlzwpk3uQ,UCOggqMus8RhuG-Spj-NeMNw,Undirected,11,11
UC6uWWnG0xctJyenlzwpk3uQ,UCSSKXEFwXiEcUjZKYGSvyPg,Undirected,2,2
UC6uWWnG0xctJyenlzwpk3uQ,UCmGNxQsUCHmBR1d7b1h8-nw,Undirected,8,8
UC6uWWnG0xctJyenlzwpk3uQ,UCwsV73q1D7y-jxb5rjJjmSQ,Undirected,8,8
UCIEgmfyQSPwrjXt1QpmNv0w,UCWQtR6C-KaDS5k6wH4e_Y1Q,Undirected,11,11
UC5l8bnxxl26Q5PDG_jawcuw,UCX1xppLvuj03ubLio8jslyA,Undirected,1,1
UC5l8bnxxl26Q5PDG_jawcuw,UCibEhpu5HP45-w7Bq1ZIulw,Undirected,1,1
UCX1xppLvuj03ubLio8jslyA,UCcHiyP5BmBzbIW61W_tio7Q,Undirected,1,1
UCX1xppLvuj03ubLio8jslyA,UCibEhpu5HP45-w7Bq1ZIulw,Undirected,1,1
UCcHiyP5BmBzbIW61W_tio7Q,UCibEhpu5HP45-w7Bq1ZIulw,Undirected,1,1
UC0eB8KnbquMQ2JzjcygEoMA,UCXGrsJDbYru8g5-6FIctFNQ,Undirected,1,1
UC0eB8KnbquMQ2JzjcygEoMA,UCaUyiKbp35G7QcAH4GeVauA,Undirected,1,1
UCXGrsJDbYru8g5-6FIctFNQ,UCaUyiKbp35G7QcAH4GeVauA,Undirected,9,9
UCXGrsJDbYru8g5-6FIctFNQ,UCY8BofpKHYCna9QZ8L4h5Fw,Undirected,4,4
UCY8BofpKHYCna9QZ8L4h5Fw,UCaUyiKbp35G7QcAH4GeVauA,Undirected,13,13
UC-6qA7JkgQtILNSDMRiR6Tw,UCGYuf8N6TGE6YVNurOqUjSQ,Undirected,1,1
UC-6qA7JkgQtILNSDMRiR6Tw,UCXGrsJDbYru8g5-6FIctFNQ,Undirected,1,1
UC-6qA7JkgQtILNSDMRiR6Tw,UCY8BofpKHYCna9QZ8L4h5Fw,Undirected,1,1
UC-6qA7JkgQtILNSDMRiR6Tw,UCaUyiKbp35G7QcAH4GeVauA,Undirected,1,1
UCGYuf8N6TGE6YVNurOqUjSQ,UCXGrsJDbYru8g5-6FIctFNQ,Undirected,1,1
UCGYuf8N6TGE6YVNurOqUjSQ,UCY8BofpKHYCna9QZ8L4h5Fw,Undirected,12,12
UCGYuf8N6TGE6YVNurOqUjSQ,UCaUyiKbp35G7QcAH4GeVauA,Undirected,2,2
UCGMG8BNfA8gsH9Rn_d_yW2A,UCXGrsJDbYru8g5-6FIctFNQ,Undirected,1,1
UCGMG8BNfA8gsH9Rn_d_yW2A,UCaUyiKbp35G7QcAH4GeVauA,Undirected,1,1
UCXGrsJDbYru8g5-6FIctFNQ,UCzjIkg9DUi9XugOrVxmXkwQ,Undirected,1,1
UCaUyiKbp35G7QcAH4GeVauA,UCzjIkg9DUi9XugOrVxmXkwQ,Undirected,1,1
UCBuLdF0tQn5oZjpvYWSQkaA,UCXGrsJDbYru8g5-6FIctFNQ,Undirected,1,1
UCBuLdF0tQn5oZjpvYWSQkaA,UCaUyiKbp35G7QcAH4GeVauA,Undirected,1,1
UCBuLdF0tQn5oZjpvYWSQkaA,UCbEqb8JTlcYh0yOX6veIyPg,Undirected,2,2
UCBuLdF0tQn5oZjpvYWSQkaA,UCf_C-0WsqsIyueQDovsSS0w,Undirected,8,8
UCXGrsJDbYru8g5-6FIctFNQ,UCbEqb8JTlcYh0yOX6veIyPg,Undirected,1,1
UCXGrsJDbYru8g5-6FIctFNQ,UCf_C-0WsqsIyueQDovsSS0w,Undirected,1,1
UCaUyiKbp35G7QcAH4GeVauA,UCbEqb8JTlcYh0yOX6veIyPg,Undirected,1,1
UCaUyiKbp35G7QcAH4GeVauA,UCf_C-0WsqsIyueQDovsSS0w,Undirected,1,1
UCbEqb8JTlcYh0yOX6veIyPg,UCf_C-0WsqsIyueQDovsSS0w,Undirected,10,10
UC4gtGRAiS5msZfhEhdZO6hw,UCLWo3HW0AH3SbMDZatQZ6-A,Undirected,20,20
UC4gtGRAiS5msZfhEhdZO6hw,UCLX7ENStgUX0lsRG4ZzqQKw,Undirected,20,20
UC4gtGRAiS5msZfhEhdZO6hw,UCUWayq_NJ_Wrg9SSnoJuSVg,Undirected,20,20
UC4gtGRAiS5msZfhEhdZO6hw,UC_D09TMBeehkIQWp43jW2EQ,Undirected,20,20
UCLWo3HW0AH3SbMDZatQZ6-A,UCLX7ENStgUX0lsRG4ZzqQKw,Undirected,20,20
UCLWo3HW0AH3SbMDZatQZ6-A,UCUWayq_NJ_Wrg9SSnoJuSVg,Undirected,20,20
UCLWo3HW0AH3SbMDZatQZ6-A,UC_D09TMBeehkIQWp43jW2EQ,Undirected,20,20
UCLX7ENStgUX0lsRG4ZzqQKw,UCUWayq_NJ_Wrg9SSnoJuSVg,Undirected,20,20
UCLX7ENStgUX0lsRG4ZzqQKw,UC_D09TMBeehkIQWp43jW2EQ,Undirected,20,20
UCUWayq_NJ_Wrg9SSnoJuSVg,UC_D09TMBeehkIQWp43jW2EQ,Undirected,20,20
UC8DEmCFZcUEAb8gc0Hng79w,UC8_wmm5DX9mb4jrLiw8ZYzw,Undirected,1,1
UC8DEmCFZcUEAb8gc0Hng79w,UCQod4Ql6GScyFG4swBLqEZA,Undirected,1,1
UC8DEmCFZcUEAb8gc0Hng79w,UCzKa8fRPoCbKh8O9yW2JK2g,Undirected,1,1
UC8_wmm5DX9mb4jrLiw8ZYzw,UCQod4Ql6GScyFG4swBLqEZA,Undirected,1,1
UC8_wmm5DX9mb4jrLiw8ZYzw,UCf2cN9o0ndPwqA3wZLFj_NQ,Undirected,1,1
UC8_wmm5DX9mb4jrLiw8ZYzw,UCzKa8fRPoCbKh8O9yW2JK2g,Undirected,1,1
UCQod4Ql6GScyFG4swBLqEZA,UCf2cN9o0ndPwqA3wZLFj_NQ,Undirected,1,1
UCQod4Ql6GScyFG4swBLqEZA,UCzKa8fRPoCbKh8O9yW2JK2g,Undirected,1,1
UCf2cN9o0ndPwqA3wZLFj_NQ,UCzKa8fRPoCbKh8O9yW2JK2g,Undirected,1,1
UCe_h1ez2EFYYpCi011nxt1w,UClOJPMU7J_toeIKYv1Aa8Mw,Undirected,10,10
UCe_h1ez2EFYYpCi011nxt1w,UCyFN8ul17Ov5oDr_lsjZODg,Undirected,10,10
UClOJPMU7J_toeIKYv1Aa8Mw,UCyFN8ul17Ov5oDr_lsjZODg,Undirected,10,10
UCpGS0xokGV8gj6Tt11wG14w,UCuV-nzzHZPeJDYdZSkBGZbQ,Undirected,1,1
UC0rbVMCStY7IYwwTg4z_EjA,UCpGS0xokGV8gj6Tt11wG14w,Undirected,1,1
UCGm5NSZFeb7q54h52bvX80g,UCSxwPTG3p7ygTCiI59lfkRA,Undirected,10,10
UCCzUftO8KOVkV4wQG1vkUvg,UCJFZiqLMntJufDCHc6bQixg,Undirected,8,8
UC1opHUrw8rvnsadT-iGp7Cg,UC9V3Y3_uzU5e-usObb6IE1w,Undirected,1,1
UC1opHUrw8rvnsadT-iGp7Cg,UCCzUftO8KOVkV4wQG1vkUvg,Undirected,1,1
UC1opHUrw8rvnsadT-iGp7Cg,UCJFZiqLMntJufDCHc6bQixg,Undirected,1,1
UC1opHUrw8rvnsadT-iGp7Cg,UCQ0UDLQCjY0rmuxCDE38FGg,Undirected,1,1
UC1opHUrw8rvnsadT-iGp7Cg,UCZlDXzGoo7d44bwdNObFacg,Undirected,2,2
UC9V3Y3_uzU5e-usObb6IE1w,UCCzUftO8KOVkV4wQG1vkUvg,Undirected,1,1
UC9V3Y3_uzU5e-usObb6IE1w,UCJFZiqLMntJufDCHc6bQixg,Undirected,1,1
UC9V3Y3_uzU5e-usObb6IE1w,UCQ0UDLQCjY0rmuxCDE38FGg,Undirected,1,1
UC9V3Y3_uzU5e-usObb6IE1w,UCZlDXzGoo7d44bwdNObFacg,Undirected,1,1
UCCzUftO8KOVkV4wQG1vkUvg,UCQ0UDLQCjY0rmuxCDE38FGg,Undirected,1,1
UCCzUftO8KOVkV4wQG1vkUvg,UCZlDXzGoo7d44bwdNObFacg,Undirected,2,2
UCJFZiqLMntJufDCHc6bQixg,UCQ0UDLQCjY0rmuxCDE38FGg,Undirected,9,9
UCJFZiqLMntJufDCHc6bQixg,UCZlDXzGoo7d44bwdNObFacg,Undirected,2,2
UCQ0UDLQCjY0rmuxCDE38FGg,UCZlDXzGoo7d44bwdNObFacg,Undirected,1,1
UCCzUftO8KOVkV4wQG1vkUvg,UCoSrY_IQQVpmIRZ9Xf-y93g,Undirected,1,1
UCCzUftO8KOVkV4wQG1vkUvg,UCim0N3tvLijU_I3jbJeJV8g,Undirected,1,1
UCJFZiqLMntJufDCHc6bQixg,UCim0N3tvLijU_I3jbJeJV8g,Undirected,1,1
UCCzUftO8KOVkV4wQG1vkUvg,UCjLEmnpCNeisMxy134KPwWw,Undirected,1,1
UCJFZiqLMntJufDCHc6bQixg,UCjLEmnpCNeisMxy134KPwWw,Undirected,1,1
UCMn2Nz6NSSE80IGJVokgvvg,UCbbu1xpujjiSQtapBMTr5XQ,Undirected,3,3
UCbbu1xpujjiSQtapBMTr5XQ,UClJib03lulB-Pfh3h2Yqwrw,Undirected,2,2
UC6VSFaHYbR-bhNer7DXxGNQ,UCIU_1WDzifvGu16qzFcKAEA,Undirected,11,11
UCIU_1WDzifvGu16qzFcKAEA,UCvhHY0DwqGgfSUlXUa3-9oQ,Undirected,1,1
UCD24LJ4_be_hTuNuyz3vn0w,UCT0x6RQTeoZByaYt_k1Ranw,Undirected,1,1
UCD24LJ4_be_hTuNuyz3vn0w,UCgoxgr8ck05DPkk851dsDCg,Undirected,1,1
UCQN0dE15bLy5FyGbEVWC2Qw,UCeiQATnaLCYer1WVydXFTVg,Undirected,1,1
UCQN0dE15bLy5FyGbEVWC2Qw,UCs4KWxdP-lRc-dgLXE5i8Wg,Undirected,1,1
UCHw1nFWDnDBXWiYFNGWeU_A,UCibEhpu5HP45-w7Bq1ZIulw,Undirected,1,1
UC2QBYE7QabwH_7krAAp2T-g,UC2Z7UBL5mvNUvehH6ph4MNw,Undirected,1,1
UCamCe0B-RSSCCAxcPGINa0w,UCd1AhgFrwO8BCXZW1bVrXfA,Undirected,1,1
UC-KmLUpWRDcTUVgyrXrXIJg,UC8KKRZVMb753gtGsl0WQGKg,Undirected,1,1
UC-KmLUpWRDcTUVgyrXrXIJg,UCz1RAeb7dVaUcd-4rEgyxPw,Undirected,4,4
UC8KKRZVMb753gtGsl0WQGKg,UCz1RAeb7dVaUcd-4rEgyxPw,Undirected,1,1
UC3ahXl8OOwAxBrpwWBa1T_g,UC8KKRZVMb753gtGsl0WQGKg,Undirected,3,3
UC1tk9F5-MGXEq4LWnjmrtpA,UCBYE2jpAeDBg6hlV6ur5DYg,Undirected,1,1
UCEOXPwygoKjW8Ver8rTka8g,UCgonYKw-TJKiHL2J3uXyjKQ,Undirected,1,1
UCK4gAoHR8nqRznSTUTXybuw,UCgonYKw-TJKiHL2J3uXyjKQ,Undirected,3,3
UCgonYKw-TJKiHL2J3uXyjKQ,UCkJs1O8khjTYmRTg4P_-g8Q,Undirected,1,1
UC70KC06PCCjE33OW6JpbMiQ,UCSktMSoL-WG3IllOyWnBZFQ,Undirected,1,1
UC70KC06PCCjE33OW6JpbMiQ,UCkJs1O8khjTYmRTg4P_-g8Q,Undirected,1,1
UCSktMSoL-WG3IllOyWnBZFQ,UCkJs1O8khjTYmRTg4P_-g8Q,Undirected,1,1
UCFIAtyXz7XgNND_2GlE6t3A,UCZp_wOe9YYbFNG6lP6awS9g,Undirected,1,1
UC1tk9F5-MGXEq4LWnjmrtpA,UCFIAtyXz7XgNND_2GlE6t3A,Undirected,14,14
UC1tk9F5-MGXEq4LWnjmrtpA,UCXbbk1ElvOKTzmBMTxD9a7A,Undirected,8,8
UC1tk9F5-MGXEq4LWnjmrtpA,UCZ3ryrdsdqezi2q-AfRw6Rw,Undirected,17,17
UC1tk9F5-MGXEq4LWnjmrtpA,UCvML7OJFLaoM04VYnV_3EdQ,Undirected,8,8
UCFIAtyXz7XgNND_2GlE6t3A,UCXbbk1ElvOKTzmBMTxD9a7A,Undirected,8,8
UCXbbk1ElvOKTzmBMTxD9a7A,UCZ3ryrdsdqezi2q-AfRw6Rw,Undirected,8,8
UCXbbk1ElvOKTzmBMTxD9a7A,UCvML7OJFLaoM04VYnV_3EdQ,Undirected,8,8
UC-C5x5ioKxTu-B1qs0uWYDg,UCg7e7m1rKt0mWXXMj8iu0gw,Undirected,2,2
UC3RwimzFUFaJmStG3-bJbJg,UCg7e7m1rKt0mWXXMj8iu0gw,Undirected,2,2
UCXcdinpHZOcQxhK3RukyUfg,UCschA9IpOU5dyLQC_TL90EA,Undirected,2,2
UCXcdinpHZOcQxhK3RukyUfg,UCu8zEfWHw5Yi_I5la_UcMcA,Undirected,1,1
UCschA9IpOU5dyLQC_TL90EA,UCu8zEfWHw5Yi_I5la_UcMcA,Undirected,1,1
UCGHyjXadBFz5yAl-G5UViOw,UCXcdinpHZOcQxhK3RukyUfg,Undirected,1,1
UCGHyjXadBFz5yAl-G5UViOw,UCschA9IpOU5dyLQC_TL90EA,Undirected,1,1
UCETcDtNT7DF_rp55SW1Kteg,UCschA9IpOU5dyLQC_TL90EA,Undirected,1,1
UC-3Hk5H2es2W966cKH5RGvg,UCAfJes8VzWg12NMj6zEynRQ,Undirected,1,1
UC-3Hk5H2es2W966cKH5RGvg,UCUZ7tfrZrcFhgDIcj_2wZaw,Undirected,1,1
UC-3Hk5H2es2W966cKH5RGvg,UCUf1fZH3k9T_WHYouRxT9gQ,Undirected,2,2
UC-3Hk5H2es2W966cKH5RGvg,UCschA9IpOU5dyLQC_TL90EA,Undirected,1,1
UC-3Hk5H2es2W966cKH5RGvg,UCvkGCbfaAM4oPeJnTqB7n0g,Undirected,3,3
UCAfJes8VzWg12NMj6zEynRQ,UCUZ7tfrZrcFhgDIcj_2wZaw,Undirected,1,1
UCAfJes8VzWg12NMj6zEynRQ,UCUf1fZH3k9T_WHYouRxT9gQ,Undirected,1,1
UCAfJes8VzWg12NMj6zEynRQ,UCschA9IpOU5dyLQC_TL90EA,Undirected,2,2
UCAfJes8VzWg12NMj6zEynRQ,UCvkGCbfaAM4oPeJnTqB7n0g,Undirected,1,1
UCUZ7tfrZrcFhgDIcj_2wZaw,UCUf1fZH3k9T_WHYouRxT9gQ,Undirected,1,1
UCUZ7tfrZrcFhgDIcj_2wZaw,UCschA9IpOU5dyLQC_TL90EA,Undirected,1,1
UCUZ7tfrZrcFhgDIcj_2wZaw,UCvkGCbfaAM4oPeJnTqB7n0g,Undirected,1,1
UCUf1fZH3k9T_WHYouRxT9gQ,UCschA9IpOU5dyLQC_TL90EA,Undirected,1,1
UCUf1fZH3k9T_WHYouRxT9gQ,UCvkGCbfaAM4oPeJnTqB7n0g,Undirected,1,1
UCschA9IpOU5dyLQC_TL90EA,UCvkGCbfaAM4oPeJnTqB7n0g,Undirected,1,1
UC2kBjjqPIGo1YEsLBua341A,UChX83dpoixHY-ijSJKBeKLg,Undirected,2,2
UC2kBjjqPIGo1YEsLBua341A,UCkcmg8yBpJk5I1fwu0sabJg,Undirected,1,1
UC2kBjjqPIGo1YEsLBua341A,UCschA9IpOU5dyLQC_TL90EA,Undirected,1,1
UChX83dpoixHY-ijSJKBeKLg,UCkcmg8yBpJk5I1fwu0sabJg,Undirected,1,1
UChX83dpoixHY-ijSJKBeKLg,UCschA9IpOU5dyLQC_TL90EA,Undirected,1,1
UCkcmg8yBpJk5I1fwu0sabJg,UCschA9IpOU5dyLQC_TL90EA,Undirected,1,1
UCI-tQlV4oxfQW4Om2xK0dDw,UCqk6-BOBsTGUuU-hGe3cAnw,Undirected,1,1
UCXffonPBPK0TCkVWqpMPhGg,UCpFOYcPVjVhibXqp3MNQc3w,Undirected,1,1
UCXffonPBPK0TCkVWqpMPhGg,UCzxGt_iqkutYoREG0HQjVXg,Undirected,1,1
UCEDpYUeXUUCaJJ7vN7JSjzQ,UCRu_bgKUZPtu-t29-WXsDBg,Undirected,2,2
UCEDpYUeXUUCaJJ7vN7JSjzQ,UChuG8E1aBk1BjtTJE70S7SA,Undirected,1,1
UCRu_bgKUZPtu-t29-WXsDBg,UChuG8E1aBk1BjtTJE70S7SA,Undirected,1,1
UCUrUlXbXocXb1g0ZCWf7-9g,UChuG8E1aBk1BjtTJE70S7SA,Undirected,1,1
UC-6Xczlass5NzsYfNiC4B6w,UChuG8E1aBk1BjtTJE70S7SA,Undirected,4,4
UC-6Xczlass5NzsYfNiC4B6w,UCl1_THrXFH5Au-lJ3MM77iQ,Undirected,4,4
UChuG8E1aBk1BjtTJE70S7SA,UCl1_THrXFH5Au-lJ3MM77iQ,Undirected,4,4
UCIVKJQ6LUmmqOHadxkPROJQ,UChuG8E1aBk1BjtTJE70S7SA,Undirected,1,1
UC-6xfdAxeZbuxaio8-rteIg,UCF8nBW7xeMwGoeP3TOx6Nbw,Undirected,2,2
UC-6xfdAxeZbuxaio8-rteIg,UCoFgWTD5cdsEIJwbbIOMtqg,Undirected,2,2
UCF8nBW7xeMwGoeP3TOx6Nbw,UCoFgWTD5cdsEIJwbbIOMtqg,Undirected,2,2
UCJ98lzh2QJGp37QgWPUcwrQ,UCeyvzTqX-DA8lG0LCH33aGQ,Undirected,1,1
UC9fM2BzqkWeudnwj3S8Kj5Q,UCVZYyU1r2xG7mv40KLpS8zQ,Undirected,1,1
UC9fM2BzqkWeudnwj3S8Kj5Q,UCd26ECoYIiD6IBFm-s5NedQ,Undirected,1,1
UC9fM2BzqkWeudnwj3S8Kj5Q,UCvzJzeMXq-yTXg2wv_P207w,Undirected,1,1
UC9fM2BzqkWeudnwj3S8Kj5Q,UCwD-flAKa9Dr571vy1c0OyQ,Undirected,1,1
UCVZYyU1r2xG7mv40KLpS8zQ,UCd26ECoYIiD6IBFm-s5NedQ,Undirected,1,1
UCVZYyU1r2xG7mv40KLpS8zQ,UCvzJzeMXq-yTXg2wv_P207w,Undirected,1,1
UCVZYyU1r2xG7mv40KLpS8zQ,UCwD-flAKa9Dr571vy1c0OyQ,Undirected,1,1
UCd26ECoYIiD6IBFm-s5NedQ,UCvzJzeMXq-yTXg2wv_P207w,Undirected,1,1
UCd26ECoYIiD6IBFm-s5NedQ,UCwD-flAKa9Dr571vy1c0OyQ,Undirected,1,1
UCvzJzeMXq-yTXg2wv_P207w,UCwD-flAKa9Dr571vy1c0OyQ,Undirected,1,1
UCl4jzMNcCZTar3dTb2k-igg,UCvzJzeMXq-yTXg2wv_P207w,Undirected,1,1
UCflasse8v__T6Wx4Vpjo7aQ,UCvzJzeMXq-yTXg2wv_P207w,Undirected,1,1
UCGJdNrSd6VV_0VHNBBr4A_w,UCXMVBS0TwhJGLsdmldSLhqQ,Undirected,1,1
UCGJdNrSd6VV_0VHNBBr4A_w,UCYU98kX1J_U11I95qrSyRIg,Undirected,1,1
UCGJdNrSd6VV_0VHNBBr4A_w,UCcC8MbJFKzPD7lrtov1i_Qw,Undirected,1,1
UCGJdNrSd6VV_0VHNBBr4A_w,UCeTFimu7eoFp_SK5Qwe11ZA,Undirected,1,1
UCGJdNrSd6VV_0VHNBBr4A_w,UCiyfXeuBeutFsIJ_kgyzzMQ,Undirected,1,1
UCXMVBS0TwhJGLsdmldSLhqQ,UCYU98kX1J_U11I95qrSyRIg,Undirected,1,1
UCXMVBS0TwhJGLsdmldSLhqQ,UCcC8MbJFKzPD7lrtov1i_Qw,Undirected,1,1
UCXMVBS0TwhJGLsdmldSLhqQ,UCeTFimu7eoFp_SK5Qwe11ZA,Undirected,1,1
UCXMVBS0TwhJGLsdmldSLhqQ,UCiyfXeuBeutFsIJ_kgyzzMQ,Undirected,1,1
UCYU98kX1J_U11I95qrSyRIg,UCcC8MbJFKzPD7lrtov1i_Qw,Undirected,1,1
UCYU98kX1J_U11I95qrSyRIg,UCeTFimu7eoFp_SK5Qwe11ZA,Undirected,1,1
UCYU98kX1J_U11I95qrSyRIg,UCiyfXeuBeutFsIJ_kgyzzMQ,Undirected,1,1
UCcC8MbJFKzPD7lrtov1i_Qw,UCeTFimu7eoFp_SK5Qwe11ZA,Undirected,1,1
UCcC8MbJFKzPD7lrtov1i_Qw,UCiyfXeuBeutFsIJ_kgyzzMQ,Undirected,1,1
UCeTFimu7eoFp_SK5Qwe11ZA,UCiyfXeuBeutFsIJ_kgyzzMQ,Undirected,1,1
UCeTFimu7eoFp_SK5Qwe11ZA,UCv5JJx89lK5RZhuv15ido1Q,Undirected,1,1
UCYhPZkOsvnNAAaJH2KWLmyA,UCeTFimu7eoFp_SK5Qwe11ZA,Undirected,1,1
UC0wGFedx-Axf0gIGe-_Yntg,UCxrNXCJ9C-Ck3fA5rD3d2PQ,Undirected,1,1
UC8f1p1gJBQzVo7iwrISt35Q,UCTNh-slK_NnriY8aF5mcuPg,Undirected,1,1
UCTNh-slK_NnriY8aF5mcuPg,UCjKMVfOHMYDAETE1YMd5ukg,Undirected,1,1
UCTNh-slK_NnriY8aF5mcuPg,UCwQGQS4-niVqw5OBDMlVf0Q,Undirected,1,1
UCTNh-slK_NnriY8aF5mcuPg,UCxrNXCJ9C-Ck3fA5rD3d2PQ,Undirected,1,1
UCZ1DpCt_emfN3QvBTEvK0Xw,UCqPOwltQpz3pJMPCz2XUlzw,Undirected,2,2
UC2KNOBqzElEs8TA7SR2Hm2w,UCqPOwltQpz3pJMPCz2XUlzw,Undirected,1,1
UCdOFJTdqeytxPttqDnWfS_A,UCgSUwAyy0p1tcgDoQagvSOA,Undirected,1,1
UC5VZjrV5x9J9mTyGODzu0dQ,UCO4JRQ_gndKGvpGKIPW6p1w,Undirected,2,2
UC8_wmm5DX9mb4jrLiw8ZYzw,UCRxPrFmRHsXGWfAyE6oqrPQ,Undirected,3,3
UC8_wmm5DX9mb4jrLiw8ZYzw,UCYNsWA_e9WeWizoazha0N6A,Undirected,20,20
UC8_wmm5DX9mb4jrLiw8ZYzw,UCp7GNebwQ2z8coZ4wV5_Eiw,Undirected,3,3
UCRxPrFmRHsXGWfAyE6oqrPQ,UCYNsWA_e9WeWizoazha0N6A,Undirected,3,3
UCRxPrFmRHsXGWfAyE6oqrPQ,UCj6_0tBpVpmyYSGu6f-uKqw,Undirected,3,3
UCRxPrFmRHsXGWfAyE6oqrPQ,UCn_cpHcrXjG_XnH9N3fO6qA,Undirected,3,3
UCRxPrFmRHsXGWfAyE6oqrPQ,UCp7GNebwQ2z8coZ4wV5_Eiw,Undirected,1,1
UCYNsWA_e9WeWizoazha0N6A,UCj6_0tBpVpmyYSGu6f-uKqw,Undirected,20,20
UCYNsWA_e9WeWizoazha0N6A,UCn_cpHcrXjG_XnH9N3fO6qA,Undirected,20,20
UCYNsWA_e9WeWizoazha0N6A,UCp7GNebwQ2z8coZ4wV5_Eiw,Undirected,3,3
UCj6_0tBpVpmyYSGu6f-uKqw,UCp7GNebwQ2z8coZ4wV5_Eiw,Undirected,3,3
UCn_cpHcrXjG_XnH9N3fO6qA,UCp7GNebwQ2z8coZ4wV5_Eiw,Undirected,3,3
UC8_wmm5DX9mb4jrLiw8ZYzw,UCeiQATnaLCYer1WVydXFTVg,Undirected,1,1
UCYNsWA_e9WeWizoazha0N6A,UCeiQATnaLCYer1WVydXFTVg,Undirected,1,1
UCeiQATnaLCYer1WVydXFTVg,UCj6_0tBpVpmyYSGu6f-uKqw,Undirected,1,1
UCeiQATnaLCYer1WVydXFTVg,UCn_cpHcrXjG_XnH9N3fO6qA,Undirected,1,1
UC6dsWqxfRXT7jzZ904irBpw,UC8_wmm5DX9mb4jrLiw8ZYzw,Undirected,1,1
UC6dsWqxfRXT7jzZ904irBpw,UCYNsWA_e9WeWizoazha0N6A,Undirected,1,1
UC6dsWqxfRXT7jzZ904irBpw,UCj6_0tBpVpmyYSGu6f-uKqw,Undirected,1,1
UC6dsWqxfRXT7jzZ904irBpw,UCn_cpHcrXjG_XnH9N3fO6qA,Undirected,1,1
UC5VZjrV5x9J9mTyGODzu0dQ,UC7e0DonNwc7_7u9C3XhAzmA,Undirected,1,1
UC7e0DonNwc7_7u9C3XhAzmA,UC8_wmm5DX9mb4jrLiw8ZYzw,Undirected,1,1
UC7e0DonNwc7_7u9C3XhAzmA,UCj6_0tBpVpmyYSGu6f-uKqw,Undirected,1,1
UC7e0DonNwc7_7u9C3XhAzmA,UCn_cpHcrXjG_XnH9N3fO6qA,Undirected,1,1
UC0eTlO_yZOPTSnSd5M6FCxA,UCkMh1-Aiht-b12fYEjExWtA,Undirected,1,1
UC0eTlO_yZOPTSnSd5M6FCxA,UC_9siJzgqrBJusVMVDJ1UhA,Undirected,1,1
UCFFFsClZNq3gHLvnNv2df6g,UCQ2nskZHD9O23vwt9pUk_Sg,Undirected,2,2
UCFFFsClZNq3gHLvnNv2df6g,UCu4kOVEDE85IQ71RcNvPz5g,Undirected,1,1
UCQ2nskZHD9O23vwt9pUk_Sg,UCu4kOVEDE85IQ71RcNvPz5g,Undirected,1,1
UCHdk9X1eB16lwtNJy_ygPVg,UCrxOjbi4xKHTnkoqKzPvL0Q,Undirected,1,1
UCBKqbSl9bK_ln9zZ-C5rP0Q,UCJFWdjpYDIPe8Pdhmusnlgg,Undirected,1,1
UCJFWdjpYDIPe8Pdhmusnlgg,UCam_sZrQaOr5qc_82m8cFYg,Undirected,1,1
UCSspDdadXHACIwgHLQ3q2bw,UCcrxg-NMo2a2Usfmb5rRX2g,Undirected,1,1
UCTWB1hrNr1bhEsfP6miQUvw,UCfjca6Z_wpyinTqHdIYJ49Q,Undirected,1,1
UCTWB1hrNr1bhEsfP6miQUvw,UCq4kwMrpENO18E5QyHeh-UA,Undirected,2,2
UCfjca6Z_wpyinTqHdIYJ49Q,UCq4kwMrpENO18E5QyHeh-UA,Undirected,1,1
UC1BNTyFj6KAeU3fKzTuXhtw,UCihYMokYrglpPKgjzbZYgqA,Undirected,1,1
UCC5hr7NPXCTtp03dvhcP2pA,UCihYMokYrglpPKgjzbZYgqA,Undirected,1,1
UCC5hr7NPXCTtp03dvhcP2pA,UCq9ZNu3CYjD8sdD06MMr7KA,Undirected,1,1
UCihYMokYrglpPKgjzbZYgqA,UCq9ZNu3CYjD8sdD06MMr7KA,Undirected,1,1
UCeWGVrJUB7J3iFLZIABk5og,UCxJexsOTNecY8aaBJjWe4Yg,Undirected,1,1
UCsmVR_jicgXnbt1YaEKPy6Q,UCviI9lzTe2pkxJ9M2ArA7WQ,Undirected,1,1
UC1rB1k_p1pdra7yscrBUpMA,UCo_Liwx8EKBCFHWB0xV44zQ,Undirected,1,1
UCo_Liwx8EKBCFHWB0xV44zQ,UCrXBcslTZI5XBRdKcmrReyA,Undirected,1,1
UC1rB1k_p1pdra7yscrBUpMA,UC7hUzb26jf7zUw_Kl0044Jg,Undirected,1,1
UC1rB1k_p1pdra7yscrBUpMA,UCD6EH-SZhYI_d4Ceb13Bhkw,Undirected,10,10
UC7hUzb26jf7zUw_Kl0044Jg,UCD6EH-SZhYI_d4Ceb13Bhkw,Undirected,1,1
UC7hUzb26jf7zUw_Kl0044Jg,UCrXBcslTZI5XBRdKcmrReyA,Undirected,1,1
UCD6EH-SZhYI_d4Ceb13Bhkw,UCrXBcslTZI5XBRdKcmrReyA,Undirected,1,1
UCtOvoDqWorYc6NqkuGmZgEg,UCz25Xysa1MB5qlSx9xk4Tsw,Undirected,2,2
UCmSsFxgI-wWK54zsDToRxvg,UCtOvoDqWorYc6NqkuGmZgEg,Undirected,1,1
UC-ghCl3ozSpO7L9OvJADt5g,UCh-Az1fpS-uDg-wfp-ScvaQ,Undirected,1,1
UC-ghCl3ozSpO7L9OvJADt5g,UCq_DgJ4y3_WznOZZOM1Z3_A,Undirected,1,1
UC-ghCl3ozSpO7L9OvJADt5g,UCqma0EHk7Ba_QdAtv2HnuXQ,Undirected,1,1
UCh-Az1fpS-uDg-wfp-ScvaQ,UCq_DgJ4y3_WznOZZOM1Z3_A,Undirected,1,1
UCh-Az1fpS-uDg-wfp-ScvaQ,UCqma0EHk7Ba_QdAtv2HnuXQ,Undirected,1,1
UCq_DgJ4y3_WznOZZOM1Z3_A,UCqma0EHk7Ba_QdAtv2HnuXQ,Undirected,1,1
UCDNa39jm79kTILVf4TpVHSw,UCHF0NFFfBeyBWKBFpJQsAqQ,Undirected,3,3
UC8Bixp6mChVk5vMceGkV0Mg,UCHF0NFFfBeyBWKBFpJQsAqQ,Undirected,2,2
UC8Bixp6mChVk5vMceGkV0Mg,UCnA-ywG5CEeXlWxWE1K-jNQ,Undirected,2,2
UCHF0NFFfBeyBWKBFpJQsAqQ,UCnA-ywG5CEeXlWxWE1K-jNQ,Undirected,4,4
UCHF0NFFfBeyBWKBFpJQsAqQ,UCVgyWk5JoDmpiUfswaahAzQ,Undirected,1,1
UCHF0NFFfBeyBWKBFpJQsAqQ,UCXG0XkEumybGxbF5gsWJeoA,Undirected,4,4
UCHF0NFFfBeyBWKBFpJQsAqQ,UCzvcuV-BZMvBSN8M6dNcyYw,Undirected,2,2
UCVgyWk5JoDmpiUfswaahAzQ,UCXG0XkEumybGxbF5gsWJeoA,Undirected,1,1
UCVgyWk5JoDmpiUfswaahAzQ,UCzvcuV-BZMvBSN8M6dNcyYw,Undirected,1,1
UCXG0XkEumybGxbF5gsWJeoA,UCzvcuV-BZMvBSN8M6dNcyYw,Undirected,5,5
UCHF0NFFfBeyBWKBFpJQsAqQ,UCIqIPFxLCjCb8YDPFS3avWg,Undirected,2,2
UCIqIPFxLCjCb8YDPFS3avWg,UCnA-ywG5CEeXlWxWE1K-jNQ,Undirected,3,3
UCDCiM0R2KDm3uhWkfnW9N-Q,UCgVejeoa338l2xxgg9cGtoQ,Undirected,1,1
UCHJuCpPJkehJbLB6lJTB-vA,UCSZn0PHX6eo5zhC9RyyeRYg,Undirected,1,1
UCHJuCpPJkehJbLB6lJTB-vA,UCgVejeoa338l2xxgg9cGtoQ,Undirected,1,1
UCSZn0PHX6eo5zhC9RyyeRYg,UCgVejeoa338l2xxgg9cGtoQ,Undirected,1,1
UC30YyFO02NMXOrL2OOmP-qA,UCdZThDseuv1mcRyHRS38hcg,Undirected,1,1
UC30YyFO02NMXOrL2OOmP-qA,UCxdLgSVC41Ph6xES3q-MQrQ,Undirected,1,1
UCdZThDseuv1mcRyHRS38hcg,UCxdLgSVC41Ph6xES3q-MQrQ,Undirected,3,3
UCLLGM0MV2OpvwFCjG70nkIg,UCw-y_a0yOWQ6ChCZp0RcMAQ,Undirected,1,1
UCc37E0uEogue81xnpvmrBcQ,UCy8YSOvUOAkkFYdzXo5URiA,Undirected,1,1
UCrIXTq8Dtq7bdkcwkxRMfuQ,UCy8YSOvUOAkkFYdzXo5URiA,Undirected,1,1
UCSEpCEZrPxrBqlnVkElLUQQ,UCrFsg3aWUTFJrML9B_SwOUw,Undirected,1,1
UC7oH_BYk5rSP0JF7IDn-jRQ,UCL5rj4Z3yvnUTM2ZheJWNvw,Undirected,1,1
UC7oH_BYk5rSP0JF7IDn-jRQ,UCSEpCEZrPxrBqlnVkElLUQQ,Undirected,1,1
UC7oH_BYk5rSP0JF7IDn-jRQ,UCkEJMwVTE3Re0hdWiO12lcg,Undirected,1,1
UCL5rj4Z3yvnUTM2ZheJWNvw,UCSEpCEZrPxrBqlnVkElLUQQ,Undirected,1,1
UCL5rj4Z3yvnUTM2ZheJWNvw,UCkEJMwVTE3Re0hdWiO12lcg,Undirected,1,1
UCSEpCEZrPxrBqlnVkElLUQQ,UCkEJMwVTE3Re0hdWiO12lcg,Undirected,1,1
UCJkSh5zE6UYyOCAIF7fu0dA,UCSEpCEZrPxrBqlnVkElLUQQ,Undirected,1,1
UCJkSh5zE6UYyOCAIF7fu0dA,UCsJBSOyM1ZCwnANvwTBWmww,Undirected,1,1
UCSEpCEZrPxrBqlnVkElLUQQ,UCsJBSOyM1ZCwnANvwTBWmww,Undirected,1,1
UC52EYUUSlzcYqHj-qsx0RHg,UChCVgl2xr-rHpND2-iTmWFg,Undirected,10,10
UCfj8FsoiPFHn1gZMJaeLEDg,UChCVgl2xr-rHpND2-iTmWFg,Undirected,20,20
UChCVgl2xr-rHpND2-iTmWFg,UCxyU_HQTotlpcQ_95t5kmmQ,Undirected,10,10
UCB_Zk_cUcqA-1I9oeeBUBqA,UCfj8FsoiPFHn1gZMJaeLEDg,Undirected,7,7
UCB_Zk_cUcqA-1I9oeeBUBqA,UCxyU_HQTotlpcQ_95t5kmmQ,Undirected,7,7
UC52EYUUSlzcYqHj-qsx0RHg,UCFyyZTUqMQeuSaBi5FquMnw,Undirected,2,2
UCFyyZTUqMQeuSaBi5FquMnw,UCfj8FsoiPFHn1gZMJaeLEDg,Undirected,2,2
UCFyyZTUqMQeuSaBi5FquMnw,UCp8cPvx_Od76EL66vvCnhRA,Undirected,2,2
UCFyyZTUqMQeuSaBi5FquMnw,UCxyU_HQTotlpcQ_95t5kmmQ,Undirected,2,2
UC8xxLx0Cb00BxQ1bXCUN5KQ,UCp8cPvx_Od76EL66vvCnhRA,Undirected,11,11
UCDOTPjUW-NhQMDmYbgMvQKA,UCJwGWV914kBlV4dKRn7AEFA,Undirected,1,1
UCJwGWV914kBlV4dKRn7AEFA,UCmJ4De_H9aSnDDxGKcrpwCw,Undirected,1,1
UC9UN9Pwdr2kx9w0A47s8zcw,UCJULjf5LO4sV8QZ83qtX7mw,Undirected,1,1
UC9UN9Pwdr2kx9w0A47s8zcw,UCJwGWV914kBlV4dKRn7AEFA,Undirected,1,1
UCJULjf5LO4sV8QZ83qtX7mw,UCJwGWV914kBlV4dKRn7AEFA,Undirected,1,1
UCJwGWV914kBlV4dKRn7AEFA,UCLz6MG2kx_0xeaW0LowYnMQ,Undirected,1,1
UCJwGWV914kBlV4dKRn7AEFA,UCiWXRIM5QQBns6KPgbWZAyA,Undirected,1,1
UCJwGWV914kBlV4dKRn7AEFA,UCV5szEvKEntY974aMEfNMEw,Undirected,1,1
UCJwGWV914kBlV4dKRn7AEFA,UCdkkQvJoB0kGgYHCYwSkdww,Undirected,1,1
UCV5szEvKEntY974aMEfNMEw,UCdkkQvJoB0kGgYHCYwSkdww,Undirected,1,1
UC7uhcEqcFEc_rMYH-AEy8BA,UC9VErZDS-V6muVc1BI_MjyA,Undirected,3,3
UC7uhcEqcFEc_rMYH-AEy8BA,UCk-EsqBq32A1pNpvz48vmqA,Undirected,1,1
UC9VErZDS-V6muVc1BI_MjyA,UCk-EsqBq32A1pNpvz48vmqA,Undirected,1,1
UCXukWRMOMtvKX2O-1RC23CA,UCYs9KkGgKqcno4k6undRIPQ,Undirected,1,1
UCXukWRMOMtvKX2O-1RC23CA,UC_0IBGWUAnHH52PMBFd7nxA,Undirected,1,1
UCYs9KkGgKqcno4k6undRIPQ,UC_0IBGWUAnHH52PMBFd7nxA,Undirected,1,1
UCbLcjRG0gcEzFeJynGC2tVw,UCzxe67PvGhR79WOUl1AFhmw,Undirected,1,1
UCt9nYeSz90lnOnaVFjxFJzw,UCzxe67PvGhR79WOUl1AFhmw,Undirected,1,1
UCG8oQMEFSIQ4lU1PIYUwRqw,UCbLcjRG0gcEzFeJynGC2tVw,Undirected,1,1
UCG8oQMEFSIQ4lU1PIYUwRqw,UCt9nYeSz90lnOnaVFjxFJzw,Undirected,1,1
UC8AQF1sXHCsfARZCX5COf_g,UCc2CD4h79njy-IUv9Jz1WnQ,Undirected,1,1
UCbLcjRG0gcEzFeJynGC2tVw,UCc2CD4h79njy-IUv9Jz1WnQ,Undirected,1,1
UCc2CD4h79njy-IUv9Jz1WnQ,UCt9nYeSz90lnOnaVFjxFJzw,Undirected,1,1
UC8AQF1sXHCsfARZCX5COf_g,UCAW-NpUFkMyCNrvRSSGIvDQ,Undirected,1,1
UCAW-NpUFkMyCNrvRSSGIvDQ,UCbLcjRG0gcEzFeJynGC2tVw,Undirected,1,1
UCAW-NpUFkMyCNrvRSSGIvDQ,UCt9nYeSz90lnOnaVFjxFJzw,Undirected,1,1
UC8AQF1sXHCsfARZCX5COf_g,UC_q5WZtFp36adwqhKpZzxwQ,Undirected,2,2
UC_q5WZtFp36adwqhKpZzxwQ,UCbLcjRG0gcEzFeJynGC2tVw,Undirected,2,2
UC_q5WZtFp36adwqhKpZzxwQ,UCt9nYeSz90lnOnaVFjxFJzw,Undirected,3,3
UC8AQF1sXHCsfARZCX5COf_g,UCrgTEmBuoObZiEXvZ6r3PQg,Undirected,3,3
UCbLcjRG0gcEzFeJynGC2tVw,UCrgTEmBuoObZiEXvZ6r3PQg,Undirected,3,3
UCrgTEmBuoObZiEXvZ6r3PQg,UCt9nYeSz90lnOnaVFjxFJzw,Undirected,4,4
UC8AQF1sXHCsfARZCX5COf_g,UCyps-v4WNjWDnYRKmZ4BUGw,Undirected,1,1
UCbLcjRG0gcEzFeJynGC2tVw,UCyps-v4WNjWDnYRKmZ4BUGw,Undirected,1,1
UCt9nYeSz90lnOnaVFjxFJzw,UCyps-v4WNjWDnYRKmZ4BUGw,Undirected,1,1
UC_q5WZtFp36adwqhKpZzxwQ,UCrgTEmBuoObZiEXvZ6r3PQg,Undirected,5,5
UCBHA6DIp-jVmkVKhOJcDHZA,UCBLGReH8wxPMiBzScGLbFjQ,Undirected,1,1
UCBHA6DIp-jVmkVKhOJcDHZA,UCVzO3jzXi8zeGIDudBXjpEA,Undirected,1,1
UCBHA6DIp-jVmkVKhOJcDHZA,UCj25EgqxLL4HlUYkug7duig,Undirected,1,1
UCBLGReH8wxPMiBzScGLbFjQ,UCVzO3jzXi8zeGIDudBXjpEA,Undirected,1,1
UCBLGReH8wxPMiBzScGLbFjQ,UCj25EgqxLL4HlUYkug7duig,Undirected,3,3
UCVzO3jzXi8zeGIDudBXjpEA,UCj25EgqxLL4HlUYkug7duig,Undirected,1,1
UCBLGReH8wxPMiBzScGLbFjQ,UCtQ3NfmlxDDWyhfxxgOsJhA,Undirected,2,2
UCj25EgqxLL4HlUYkug7duig,UCtQ3NfmlxDDWyhfxxgOsJhA,Undirected,3,3
UC0mrvtDqfEqo4Plo_HUdzDg,UCLIA48HKtdafC9Nme0gTrkg,Undirected,1,1
UC0mrvtDqfEqo4Plo_HUdzDg,UCj2ymBsOWhq1A9fFWtd_aVg,Undirected,1,1
UCLIA48HKtdafC9Nme0gTrkg,UCj2ymBsOWhq1A9fFWtd_aVg,Undirected,1,1
UC0mrvtDqfEqo4Plo_HUdzDg,UCTeHuy2Z2PpfsMVa5CIeXPQ,Undirected,1,1
UC0mrvtDqfEqo4Plo_HUdzDg,UCO0N8nCNDeNp1PerNiVh8Cw,Undirected,1,1
UC0mrvtDqfEqo4Plo_HUdzDg,UCVzO3jzXi8zeGIDudBXjpEA,Undirected,1,1
UCFYygGuBWl8AGEPtOgXbocw,UCj8aLE47WnuPlxOAYXyMdiQ,Undirected,13,13
UCFYygGuBWl8AGEPtOgXbocw,UCsIri75NOR8eQs8DhmAmyUw,Undirected,1,1
UCX-dnA-fM_Udj_XyUY1XNnA,UClIUG4FjlugqTUjHSLC-zeA,Undirected,1,1
UCX-dnA-fM_Udj_XyUY1XNnA,UCz6JjQtnK9XjMwKuqlEkRxw,Undirected,1,1
UClIUG4FjlugqTUjHSLC-zeA,UCz6JjQtnK9XjMwKuqlEkRxw,Undirected,1,1
UC3nGUU-1Vmx17Oh7vVhC4Lg,UCz6JjQtnK9XjMwKuqlEkRxw,Undirected,1,1
UCCB1Byx5yTbLpQaV-rlfmtA,UCz6JjQtnK9XjMwKuqlEkRxw,Undirected,1,1
UCKwJMC3Sar-yz5PcwUJxiqg,UCtOpQehIvRDXDdtSNB8rpKg,Undirected,13,13
UCvreNnNOT1RNP9bvFRaGofg,UCvuVn8Ag0f9Usot0-DRsFQA,Undirected,10,10
UC1SeYJBhNX48ksKnO9JzAMA,UCV4S6_JoeDq9j6mgbpkmA0Q,Undirected,11,11
UC5pbZl4urNZOr9aPxMC1xfg,UCM05nSYm0oslkNaEFPjK4PA,Undirected,10,10
UC5pbZl4urNZOr9aPxMC1xfg,UCUHFOcfiUoYHhMhLNuY_dUg,Undirected,3,3
UCM05nSYm0oslkNaEFPjK4PA,UCUHFOcfiUoYHhMhLNuY_dUg,Undirected,1,1
UC2oLDNaqTRNJxpNBSl9kjug,UCIQI-JhkmR3BxliUbopkkFQ,Undirected,1,1
UC2oLDNaqTRNJxpNBSl9kjug,UCn_FAXem2-e3HQvmK-mOH4g,Undirected,3,3
UC2oLDNaqTRNJxpNBSl9kjug,UCqvpFAiRcY96CjKwiGHgwpg,Undirected,1,1
UC2oLDNaqTRNJxpNBSl9kjug,UCrRgh1G682avit0dl5o1cIw,Undirected,1,1
UCIQI-JhkmR3BxliUbopkkFQ,UCn_FAXem2-e3HQvmK-mOH4g,Undirected,1,1
UCIQI-JhkmR3BxliUbopkkFQ,UCqvpFAiRcY96CjKwiGHgwpg,Undirected,1,1
UCIQI-JhkmR3BxliUbopkkFQ,UCrRgh1G682avit0dl5o1cIw,Undirected,1,1
UCn_FAXem2-e3HQvmK-mOH4g,UCqvpFAiRcY96CjKwiGHgwpg,Undirected,3,3
UCn_FAXem2-e3HQvmK-mOH4g,UCrRgh1G682avit0dl5o1cIw,Undirected,1,1
UCqvpFAiRcY96CjKwiGHgwpg,UCrRgh1G682avit0dl5o1cIw,Undirected,1,1
UC2oLDNaqTRNJxpNBSl9kjug,UCzHwmC03gqLDVEMkNWJKe1A,Undirected,1,1
UCn_FAXem2-e3HQvmK-mOH4g,UCzHwmC03gqLDVEMkNWJKe1A,Undirected,1,1
UC8LcA3grYZg0GNpxlXh8owg,UChcBFcAWmGjN4DJdnnhz2mA,Undirected,1,1
UC842TxhSx8T57RGabqMwYcg,UCDho0k4J3qvekjkqL4sepfQ,Undirected,1,1
UC842TxhSx8T57RGabqMwYcg,UCL8Wk-_MgnFnZV5Hfn9eM7g,Undirected,1,1
UC842TxhSx8T57RGabqMwYcg,UCLCdyRg3u5O-EVP5p46QxcQ,Undirected,2,2
UC842TxhSx8T57RGabqMwYcg,UCR8e2oQ06uYJ6yas1VnEx3Q,Undirected,2,2
UC842TxhSx8T57RGabqMwYcg,UCdG20d4dJsu7Hh9UDb6yA2A,Undirected,2,2
UCDho0k4J3qvekjkqL4sepfQ,UCL8Wk-_MgnFnZV5Hfn9eM7g,Undirected,1,1
UCDho0k4J3qvekjkqL4sepfQ,UCLCdyRg3u5O-EVP5p46QxcQ,Undirected,1,1
UCDho0k4J3qvekjkqL4sepfQ,UCR8e2oQ06uYJ6yas1VnEx3Q,Undirected,1,1
UCDho0k4J3qvekjkqL4sepfQ,UCdG20d4dJsu7Hh9UDb6yA2A,Undirected,1,1
UCL8Wk-_MgnFnZV5Hfn9eM7g,UCLCdyRg3u5O-EVP5p46QxcQ,Undirected,3,3
UCL8Wk-_MgnFnZV5Hfn9eM7g,UCR8e2oQ06uYJ6yas1VnEx3Q,Undirected,1,1
UCL8Wk-_MgnFnZV5Hfn9eM7g,UCdG20d4dJsu7Hh9UDb6yA2A,Undirected,1,1
UCLCdyRg3u5O-EVP5p46QxcQ,UCR8e2oQ06uYJ6yas1VnEx3Q,Undirected,3,3
UCLCdyRg3u5O-EVP5p46QxcQ,UCdG20d4dJsu7Hh9UDb6yA2A,Undirected,3,3
UCR8e2oQ06uYJ6yas1VnEx3Q,UCdG20d4dJsu7Hh9UDb6yA2A,Undirected,3,3
UC842TxhSx8T57RGabqMwYcg,UCR9NuNwCUIhMOLUQnLN7_WA,Undirected,1,1
UCLCdyRg3u5O-EVP5p46QxcQ,UCR9NuNwCUIhMOLUQnLN7_WA,Undirected,1,1
UCR8e2oQ06uYJ6yas1VnEx3Q,UCR9NuNwCUIhMOLUQnLN7_WA,Undirected,1,1
UCR9NuNwCUIhMOLUQnLN7_WA,UCdG20d4dJsu7Hh9UDb6yA2A,Undirected,1,1
UC9Tu_16EZ5jN0dSom62C5XA,UCnuhF7wztSF1hOUzBWdIfsw,Undirected,1,1
UC9Tu_16EZ5jN0dSom62C5XA,UCHtxSHalLbyjDgUsl2nIbIQ,Undirected,1,1
UC9Tu_16EZ5jN0dSom62C5XA,UCcjIvuxmWlS5IEQ0JdPV4Ng,Undirected,1,1
UC9Tu_16EZ5jN0dSom62C5XA,UCzFJ9ZkjYpxWTSqX9cVXj4g,Undirected,1,1
UC9Tu_16EZ5jN0dSom62C5XA,UCSS6UvWXW8OZD9wpIVkD0YA,Undirected,1,1
UCQ1NXps0onlktNoDqipVIWA,UCSS6UvWXW8OZD9wpIVkD0YA,Undirected,1,1
UC9Tu_16EZ5jN0dSom62C5XA,UCbnb5Us0My7jf2tB6AMcLPA,Undirected,1,1
UC63anZxfVGHUEmfBAf5w7pw,UC9Tu_16EZ5jN0dSom62C5XA,Undirected,1,1
UC63anZxfVGHUEmfBAf5w7pw,UCYzPXprvl5Y-Sf0g4vX-m6g,Undirected,1,1
UC63anZxfVGHUEmfBAf5w7pw,UCZlNIoMvJRURJXhwQHKwTAQ,Undirected,1,1
UC63anZxfVGHUEmfBAf5w7pw,UCnrBFymnnMqOUsDGgXfCCzg,Undirected,1,1
UC9Tu_16EZ5jN0dSom62C5XA,UCYzPXprvl5Y-Sf0g4vX-m6g,Undirected,1,1
UC9Tu_16EZ5jN0dSom62C5XA,UCZlNIoMvJRURJXhwQHKwTAQ,Undirected,1,1
UC9Tu_16EZ5jN0dSom62C5XA,UCnrBFymnnMqOUsDGgXfCCzg,Undirected,1,1
UCYzPXprvl5Y-Sf0g4vX-m6g,UCZlNIoMvJRURJXhwQHKwTAQ,Undirected,1,1
UCYzPXprvl5Y-Sf0g4vX-m6g,UCnrBFymnnMqOUsDGgXfCCzg,Undirected,1,1
UCZlNIoMvJRURJXhwQHKwTAQ,UCnrBFymnnMqOUsDGgXfCCzg,Undirected,1,1
UC5OrDvL9DscpcAstz7JnQGA,UCulYu1HEIa7f70L2lYZWHOw,Undirected,12,12
UCS4uaVL8lPHB7gDxXLeBdRg,UCVlYhWH_QEWHlZ1fo4J62_Q,Undirected,1,1
UCS4uaVL8lPHB7gDxXLeBdRg,UCt0xOle0yBQrwlRF433n3_Q,Undirected,1,1
UCS4uaVL8lPHB7gDxXLeBdRg,UCttRpabFYplKO3-xYSapCWw,Undirected,1,1
UCVlYhWH_QEWHlZ1fo4J62_Q,UCt0xOle0yBQrwlRF433n3_Q,Undirected,1,1
UCVlYhWH_QEWHlZ1fo4J62_Q,UCttRpabFYplKO3-xYSapCWw,Undirected,1,1
UCt0xOle0yBQrwlRF433n3_Q,UCttRpabFYplKO3-xYSapCWw,Undirected,1,1
UCQkBKu3VZ6d96KJz_ixCq4g,UClLh70U-NKbh032gaWLd_Bg,Undirected,9,9
UCMEiyV8N2J93GdPNltPYM6w,UCcUa6esT9vBbWftDFNkWSSQ,Undirected,1,1
UCH9H_b9oJtSHBovh94yB5HA,UCcUa6esT9vBbWftDFNkWSSQ,Undirected,1,1
UCDEhH9sddWCTZJ1vZHVrRSQ,UCcUa6esT9vBbWftDFNkWSSQ,Undirected,1,1
UCNhqvQMXIgRfjAGmxQqdNRw,UCpbRCTCwZHVQMqNRKCa8Wqw,Undirected,4,4
UCXXgzvySf5OEVw-PVNcqHtg,UCmcTilRhDqqf5-idg13Jzog,Undirected,1,1
UCB4VcdQutzBBrYq5bDDq4YA,UCFDxyA1H3VEN0VQwfMe2VMQ,Undirected,5,5
UCjhYUoOLDwJAOF4wUzo3Hcw,UCojEXrCBzO-cP2N5YlRcrWw,Undirected,2,2
UCjhYUoOLDwJAOF4wUzo3Hcw,UCz3l6nyODzXLzTxIkARZ8rw,Undirected,2,2
UCojEXrCBzO-cP2N5YlRcrWw,UCz3l6nyODzXLzTxIkARZ8rw,Undirected,2,2
UC2aX5pHwNv9FxFg9Rnp-U0Q,UCjhYUoOLDwJAOF4wUzo3Hcw,Undirected,1,1
UC2aX5pHwNv9FxFg9Rnp-U0Q,UCojEXrCBzO-cP2N5YlRcrWw,Undirected,1,1
UC2aX5pHwNv9FxFg9Rnp-U0Q,UCz3l6nyODzXLzTxIkARZ8rw,Undirected,1,1
UCX6OQ3DkcsbYNE6H8uQQuVA,UCY1kMZp36IQSyNx_9h4mpCg,Undirected,2,2
UCX6OQ3DkcsbYNE6H8uQQuVA,UCp68_FLety0O-n9QU6phsgw,Undirected,1,1
UCLMlPk9m2swXfCq4u3lGWVg,UCRh_RfGWGjQ7ELxC05ckI4g,Undirected,1,1
UCC6Knb0mHq1oIgHIZbiz80A,UC_A_57nokWq_RXsYOjTX1gQ,Undirected,1,1
UCvpredjG93ifbCP1Y77JyFA,UCzIKEtTkedCG0HYwlof6fMw,Undirected,10,10
UC2qn0BbyTywWCuAy1f1ecfg,UC71OmiIzaKrUsjJaAmhZ-gQ,Undirected,1,1
UCRHTWfxHuxozNpmnVlyTzwA,UCXlppUGWeGtHBp_1xKsawmQ,Undirected,1,1
UCXlppUGWeGtHBp_1xKsawmQ,UCiLD9i3O8tY5d-LyQ1GxsTQ,Undirected,2,2
UC2o4gzqNBv5I2DQ0HQJ-LhA,UCXlppUGWeGtHBp_1xKsawmQ,Undirected,1,1
UC-FA2V0ezkr42LDQetasT8g,UC-lmdv0OTb4uQQSzwbzhLsg,Undirected,20,20
UC-FA2V0ezkr42LDQetasT8g,UCFoZROBgY5XDzY1JnBwruaA,Undirected,12,12
UC-FA2V0ezkr42LDQetasT8g,UCqwWrNcvoloB0_ZNBI4irng,Undirected,10,10
UC-lmdv0OTb4uQQSzwbzhLsg,UCFoZROBgY5XDzY1JnBwruaA,Undirected,12,12
UC-lmdv0OTb4uQQSzwbzhLsg,UCqwWrNcvoloB0_ZNBI4irng,Undirected,10,10
UCFoZROBgY5XDzY1JnBwruaA,UCqwWrNcvoloB0_ZNBI4irng,Undirected,18,18
UC4ojxDELqgrrn6DlzHOIIMw,UCIHIFDHvA6loFvr1GwxCITA,Undirected,9,9
UC6uWWnG0xctJyenlzwpk3uQ,UCIHIFDHvA6loFvr1GwxCITA,Undirected,9,9
UCIHIFDHvA6loFvr1GwxCITA,UCOggqMus8RhuG-Spj-NeMNw,Undirected,9,9
UCIHIFDHvA6loFvr1GwxCITA,UCmGNxQsUCHmBR1d7b1h8-nw,Undirected,5,5
UCIHIFDHvA6loFvr1GwxCITA,UCwsV73q1D7y-jxb5rjJjmSQ,Undirected,5,5
UC5l8bnxxl26Q5PDG_jawcuw,UCWQtR6C-KaDS5k6wH4e_Y1Q,Undirected,10,10
UCJk7u2v3Ib7M0e-k8TWPx5Q,UCWQtR6C-KaDS5k6wH4e_Y1Q,Undirected,10,10
UCWQtR6C-KaDS5k6wH4e_Y1Q,UCcHiyP5BmBzbIW61W_tio7Q,Undirected,10,10
UC7fNaSMYW29jHQmYZgZ5rkA,UCWQtR6C-KaDS5k6wH4e_Y1Q,Undirected,6,6
UCAbADxwVOUVjlqWKcCrxdPw,UCFhiWa7jFNK29lDmDfjKjTQ,Undirected,1,1
UCAbADxwVOUVjlqWKcCrxdPw,UCIQkzSpi4KHp3dRV210X8uA,Undirected,1,1
UCAbADxwVOUVjlqWKcCrxdPw,UCXGrsJDbYru8g5-6FIctFNQ,Undirected,1,1
UCAbADxwVOUVjlqWKcCrxdPw,UCtlAfOQoDvjyeqwpdtqo3Tw,Undirected,1,1
UCFhiWa7jFNK29lDmDfjKjTQ,UCIQkzSpi4KHp3dRV210X8uA,Undirected,1,1
UCFhiWa7jFNK29lDmDfjKjTQ,UCXGrsJDbYru8g5-6FIctFNQ,Undirected,1,1
UCFhiWa7jFNK29lDmDfjKjTQ,UCtlAfOQoDvjyeqwpdtqo3Tw,Undirected,1,1
UCIQkzSpi4KHp3dRV210X8uA,UCXGrsJDbYru8g5-6FIctFNQ,Undirected,1,1
UCIQkzSpi4KHp3dRV210X8uA,UCtlAfOQoDvjyeqwpdtqo3Tw,Undirected,1,1
UCXGrsJDbYru8g5-6FIctFNQ,UCtlAfOQoDvjyeqwpdtqo3Tw,Undirected,1,1
UCUBGX0l0vIoOCD89_qdp9uQ,UCY8BofpKHYCna9QZ8L4h5Fw,Undirected,19,19
UCUBGX0l0vIoOCD89_qdp9uQ,UCkjH3cJ8ipb4EN_LTwILKJw,Undirected,9,9
UCY8BofpKHYCna9QZ8L4h5Fw,UCkjH3cJ8ipb4EN_LTwILKJw,Undirected,9,9
UCGYuf8N6TGE6YVNurOqUjSQ,UCRaRL1yyZQF7rKYJDIJvxRA,Undirected,11,11
UCGYuf8N6TGE6YVNurOqUjSQ,UCUBGX0l0vIoOCD89_qdp9uQ,Undirected,1,1
UCGYuf8N6TGE6YVNurOqUjSQ,UCaLdszFqat3-w1iPs2t2BNQ,Undirected,12,12
UCGYuf8N6TGE6YVNurOqUjSQ,UCkjH3cJ8ipb4EN_LTwILKJw,Undirected,1,1
UCRaRL1yyZQF7rKYJDIJvxRA,UCUBGX0l0vIoOCD89_qdp9uQ,Undirected,6,6
UCRaRL1yyZQF7rKYJDIJvxRA,UCY8BofpKHYCna9QZ8L4h5Fw,Undirected,16,16
UCRaRL1yyZQF7rKYJDIJvxRA,UCaLdszFqat3-w1iPs2t2BNQ,Undirected,11,11
UCRaRL1yyZQF7rKYJDIJvxRA,UCkjH3cJ8ipb4EN_LTwILKJw,Undirected,6,6
UCUBGX0l0vIoOCD89_qdp9uQ,UCaLdszFqat3-w1iPs2t2BNQ,Undirected,1,1
UCY8BofpKHYCna9QZ8L4h5Fw,UCaLdszFqat3-w1iPs2t2BNQ,Undirected,21,21
UCaLdszFqat3-w1iPs2t2BNQ,UCkjH3cJ8ipb4EN_LTwILKJw,Undirected,1,1
UCRaRL1yyZQF7rKYJDIJvxRA,UCdVnOfmhI0sNGdaH5yldztg,Undirected,1,1
UCUBGX0l0vIoOCD89_qdp9uQ,UCdVnOfmhI0sNGdaH5yldztg,Undirected,1,1
UCY8BofpKHYCna9QZ8L4h5Fw,UCdVnOfmhI0sNGdaH5yldztg,Undirected,1,1
UCdVnOfmhI0sNGdaH5yldztg,UCkjH3cJ8ipb4EN_LTwILKJw,Undirected,1,1
UC-6qA7JkgQtILNSDMRiR6Tw,UCAIg30ParH9VzFeM4dwHDdw,Undirected,10,10
UC-6qA7JkgQtILNSDMRiR6Tw,UC6_mhpufU3AOn11sdMST2Sw,Undirected,1,1
UC6_mhpufU3AOn11sdMST2Sw,UCAIg30ParH9VzFeM4dwHDdw,Undirected,1,1
UCB8DR-ao7ZfoAwoYRXE3VJw,UCEqBb37k-pKRQPG-_MvtAeA,Undirected,1,1
UCB8DR-ao7ZfoAwoYRXE3VJw,UCGMG8BNfA8gsH9Rn_d_yW2A,Undirected,1,1
UCB8DR-ao7ZfoAwoYRXE3VJw,UCr24Ll7IT2hPquu-n11dNWQ,Undirected,1,1
UCEqBb37k-pKRQPG-_MvtAeA,UCGMG8BNfA8gsH9Rn_d_yW2A,Undirected,2,2
UCEqBb37k-pKRQPG-_MvtAeA,UCr24Ll7IT2hPquu-n11dNWQ,Undirected,2,2
UCGMG8BNfA8gsH9Rn_d_yW2A,UCr24Ll7IT2hPquu-n11dNWQ,Undirected,2,2
UC1FByWnYWrAWcCmijBURkfg,UCGMG8BNfA8gsH9Rn_d_yW2A,Undirected,9,9
UC1FByWnYWrAWcCmijBURkfg,UCs7eh4DZC6HXiizJXLj3_FA,Undirected,2,2
UC1FByWnYWrAWcCmijBURkfg,UCxP9lRliG6xyAbx8Dp3OR1w,Undirected,2,2
UCGMG8BNfA8gsH9Rn_d_yW2A,UCs7eh4DZC6HXiizJXLj3_FA,Undirected,2,2
UCGMG8BNfA8gsH9Rn_d_yW2A,UCxP9lRliG6xyAbx8Dp3OR1w,Undirected,2,2
UCs7eh4DZC6HXiizJXLj3_FA,UCxP9lRliG6xyAbx8Dp3OR1w,Undirected,1,1
UCmYEOuRIVGSO5PlExUYHqYQ,UCzjIkg9DUi9XugOrVxmXkwQ,Undirected,1,1
UCBuLdF0tQn5oZjpvYWSQkaA,UCcvLSRIWJIAGFDyWtzkbiHA,Undirected,1,1
UCBuLdF0tQn5oZjpvYWSQkaA,UCkPhQEwdob-Dc539qnJASvg,Undirected,1,1
UCcvLSRIWJIAGFDyWtzkbiHA,UCf_C-0WsqsIyueQDovsSS0w,Undirected,1,1
UCcvLSRIWJIAGFDyWtzkbiHA,UCkPhQEwdob-Dc539qnJASvg,Undirected,1,1
UCf_C-0WsqsIyueQDovsSS0w,UCkPhQEwdob-Dc539qnJASvg,Undirected,1,1
UCBuLdF0tQn5oZjpvYWSQkaA,UCt5-0i4AVHXaWJrL8Wql3mw,Undirected,1,1
UC6441KFh3-Bp09EVE3F21rg,UCbEqb8JTlcYh0yOX6veIyPg,Undirected,2,2
UC6441KFh3-Bp09EVE3F21rg,UCf_C-0WsqsIyueQDovsSS0w,Undirected,3,3
UC6441KFh3-Bp09EVE3F21rg,UCtmL-ahW1SLAN8Y31zkIJGQ,Undirected,1,1
UCbEqb8JTlcYh0yOX6veIyPg,UCtmL-ahW1SLAN8Y31zkIJGQ,Undirected,1,1
UCf_C-0WsqsIyueQDovsSS0w,UCtmL-ahW1SLAN8Y31zkIJGQ,Undirected,1,1
UCWL543ME-vofvEEvdKe7C1w,UCf_C-0WsqsIyueQDovsSS0w,Undirected,18,18
UCWL543ME-vofvEEvdKe7C1w,UCepkcGa3-DVdNHcHGwEkXTg,Undirected,1,1
UCepkcGa3-DVdNHcHGwEkXTg,UCf_C-0WsqsIyueQDovsSS0w,Undirected,1,1
UCWL543ME-vofvEEvdKe7C1w,UCdaR5dKsHWu8mQtznhDj7uw,Undirected,1,1
UCdaR5dKsHWu8mQtznhDj7uw,UCf_C-0WsqsIyueQDovsSS0w,Undirected,1,1
UC4gtGRAiS5msZfhEhdZO6hw,UCpj3_tK1aDun6euvMCWKulw,Undirected,10,10
UCLWo3HW0AH3SbMDZatQZ6-A,UCpj3_tK1aDun6euvMCWKulw,Undirected,10,10
UCLX7ENStgUX0lsRG4ZzqQKw,UCpj3_tK1aDun6euvMCWKulw,Undirected,10,10
UCUWayq_NJ_Wrg9SSnoJuSVg,UCpj3_tK1aDun6euvMCWKulw,Undirected,10,10
UC_D09TMBeehkIQWp43jW2EQ,UCpj3_tK1aDun6euvMCWKulw,Undirected,10,10
UCQod4Ql6GScyFG4swBLqEZA,UCSspDdadXHACIwgHLQ3q2bw,Undirected,1,1
UCubvrNZIuYcL15GU39rw9Lw,UCzKa8fRPoCbKh8O9yW2JK2g,Undirected,10,10
UC43tgREPXsbYS5Iy6sW3TXQ,UCMNtwSEcPqtYNzILkq0puMw,Undirected,1,1
UC43tgREPXsbYS5Iy6sW3TXQ,UCP9G6sYYefA4mFMbwp2a-tg,Undirected,1,1
UC43tgREPXsbYS5Iy6sW3TXQ,UCkkxn2ldlFUMupTlXU8meAw,Undirected,1,1
UC43tgREPXsbYS5Iy6sW3TXQ,UCubvrNZIuYcL15GU39rw9Lw,Undirected,1,1
UC43tgREPXsbYS5Iy6sW3TXQ,UCzKa8fRPoCbKh8O9yW2JK2g,Undirected,1,1
UCMNtwSEcPqtYNzILkq0puMw,UCP9G6sYYefA4mFMbwp2a-tg,Undirected,3,3
UCMNtwSEcPqtYNzILkq0puMw,UCkkxn2ldlFUMupTlXU8meAw,Undirected,1,1
UCMNtwSEcPqtYNzILkq0puMw,UCubvrNZIuYcL15GU39rw9Lw,Undirected,1,1
UCMNtwSEcPqtYNzILkq0puMw,UCzKa8fRPoCbKh8O9yW2JK2g,Undirected,1,1
UCP9G6sYYefA4mFMbwp2a-tg,UCkkxn2ldlFUMupTlXU8meAw,Undirected,1,1
UCP9G6sYYefA4mFMbwp2a-tg,UCubvrNZIuYcL15GU39rw9Lw,Undirected,1,1
UCP9G6sYYefA4mFMbwp2a-tg,UCzKa8fRPoCbKh8O9yW2JK2g,Undirected,1,1
UCkkxn2ldlFUMupTlXU8meAw,UCubvrNZIuYcL15GU39rw9Lw,Undirected,1,1
UCkkxn2ldlFUMupTlXU8meAw,UCzKa8fRPoCbKh8O9yW2JK2g,Undirected,1,1
UCXBeJIudcnZSWU4FeY3yePw,UCubvrNZIuYcL15GU39rw9Lw,Undirected,1,1
UCXBeJIudcnZSWU4FeY3yePw,UCzKa8fRPoCbKh8O9yW2JK2g,Undirected,1,1
UCl9Crt8sifSX_J2IZTb1pyA,UCubvrNZIuYcL15GU39rw9Lw,Undirected,1,1
UCl9Crt8sifSX_J2IZTb1pyA,UCzKa8fRPoCbKh8O9yW2JK2g,Undirected,1,1
UC0rbVMCStY7IYwwTg4z_EjA,UC3i3znps2Q62tM9tKKHh8Sg,Undirected,1,1
UCJFZiqLMntJufDCHc6bQixg,UCozx5csNhCx1wsVq3SZVkBQ,Undirected,1,1
UC7fk0CB07ly8oSl0aqKkqFg,UCJFZiqLMntJufDCHc6bQixg,Undirected,1,1
UC7fk0CB07ly8oSl0aqKkqFg,UCdn5BQ06XqgXoAxIhbqw5Rg,Undirected,1,1
UC7fk0CB07ly8oSl0aqKkqFg,UCp-5t9SrOQwXMU7iIjQfARg,Undirected,1,1
UCJFZiqLMntJufDCHc6bQixg,UCdn5BQ06XqgXoAxIhbqw5Rg,Undirected,1,1
UCJFZiqLMntJufDCHc6bQixg,UCp-5t9SrOQwXMU7iIjQfARg,Undirected,1,1
UCdn5BQ06XqgXoAxIhbqw5Rg,UCp-5t9SrOQwXMU7iIjQfARg,Undirected,2,2
UCENwRMx5Yh42zWpzURebzTw,UCIBY1ollUsauvVi4hW4cumw,Undirected,2,2
UCENwRMx5Yh42zWpzURebzTw,UCK9V2B22uJYu3N7eR_BT9QA,Undirected,1,1
UCENwRMx5Yh42zWpzURebzTw,UCZlDXzGoo7d44bwdNObFacg,Undirected,1,1
UCENwRMx5Yh42zWpzURebzTw,UCdXAk5MpyLD8594lm_OvtGQ,Undirected,1,1
UCENwRMx5Yh42zWpzURebzTw,UCp-5t9SrOQwXMU7iIjQfARg,Undirected,2,2
UCIBY1ollUsauvVi4hW4cumw,UCK9V2B22uJYu3N7eR_BT9QA,Undirected,1,1
UCIBY1ollUsauvVi4hW4cumw,UCZlDXzGoo7d44bwdNObFacg,Undirected,3,3
UCIBY1ollUsauvVi4hW4cumw,UCdXAk5MpyLD8594lm_OvtGQ,Undirected,1,1
UCIBY1ollUsauvVi4hW4cumw,UCp-5t9SrOQwXMU7iIjQfARg,Undirected,1,1
UCK9V2B22uJYu3N7eR_BT9QA,UCZlDXzGoo7d44bwdNObFacg,Undirected,1,1
UCK9V2B22uJYu3N7eR_BT9QA,UCdXAk5MpyLD8594lm_OvtGQ,Undirected,1,1
UCK9V2B22uJYu3N7eR_BT9QA,UCp-5t9SrOQwXMU7iIjQfARg,Undirected,1,1
UCZlDXzGoo7d44bwdNObFacg,UCdXAk5MpyLD8594lm_OvtGQ,Undirected,1,1
UCZlDXzGoo7d44bwdNObFacg,UCp-5t9SrOQwXMU7iIjQfARg,Undirected,1,1
UCdXAk5MpyLD8594lm_OvtGQ,UCp-5t9SrOQwXMU7iIjQfARg,Undirected,1,1
UC0TXe_LYZ4scaW2XMyi5_kw,UCIBY1ollUsauvVi4hW4cumw,Undirected,1,1
UC0TXe_LYZ4scaW2XMyi5_kw,UCZlDXzGoo7d44bwdNObFacg,Undirected,4,4
UCOyYb1c43VlX9rc_lT6NKQw,UCZlDXzGoo7d44bwdNObFacg,Undirected,1,1
UC0TXe_LYZ4scaW2XMyi5_kw,UC7fk0CB07ly8oSl0aqKkqFg,Undirected,1,1
UC0TXe_LYZ4scaW2XMyi5_kw,UCFKOVgVbGmX65RxO3EtH3iw,Undirected,4,4
UC7fk0CB07ly8oSl0aqKkqFg,UCFKOVgVbGmX65RxO3EtH3iw,Undirected,1,1
UC7fk0CB07ly8oSl0aqKkqFg,UCZlDXzGoo7d44bwdNObFacg,Undirected,1,1
UCFKOVgVbGmX65RxO3EtH3iw,UCZlDXzGoo7d44bwdNObFacg,Undirected,4,4
UC5CwaMl1eIgY8h02uZw7u8A,UCAWSyEs_Io8MtpY3m-zqILA,Undirected,1,1
UC5CwaMl1eIgY8h02uZw7u8A,UCQ0UDLQCjY0rmuxCDE38FGg,Undirected,1,1
UC5CwaMl1eIgY8h02uZw7u8A,UCvInZx9h3jC2JzsIzoOebWg,Undirected,2,2
UCAWSyEs_Io8MtpY3m-zqILA,UCQ0UDLQCjY0rmuxCDE38FGg,Undirected,1,1
UCAWSyEs_Io8MtpY3m-zqILA,UCvInZx9h3jC2JzsIzoOebWg,Undirected,1,1
UCQ0UDLQCjY0rmuxCDE38FGg,UCvInZx9h3jC2JzsIzoOebWg,Undirected,1,1
UC1tk9F5-MGXEq4LWnjmrtpA,UCJFZiqLMntJufDCHc6bQixg,Undirected,7,7
UC1tk9F5-MGXEq4LWnjmrtpA,UCQ0UDLQCjY0rmuxCDE38FGg,Undirected,2,2
UCFIAtyXz7XgNND_2GlE6t3A,UCJFZiqLMntJufDCHc6bQixg,Undirected,2,2
UCFIAtyXz7XgNND_2GlE6t3A,UCQ0UDLQCjY0rmuxCDE38FGg,Undirected,2,2
UCJFZiqLMntJufDCHc6bQixg,UCZ3ryrdsdqezi2q-AfRw6Rw,Undirected,5,5
UCQ0UDLQCjY0rmuxCDE38FGg,UCZ3ryrdsdqezi2q-AfRw6Rw,Undirected,2,2
UC1opHUrw8rvnsadT-iGp7Cg,UC1uv2Oq6kNxgATlCiez59hw,Undirected,2,2
UC1opHUrw8rvnsadT-iGp7Cg,UC5CwaMl1eIgY8h02uZw7u8A,Undirected,2,2
UC1uv2Oq6kNxgATlCiez59hw,UC5CwaMl1eIgY8h02uZw7u8A,Undirected,2,2
UC1opHUrw8rvnsadT-iGp7Cg,UCvaTdHTWBGv3MKj3KVqJVCw,Undirected,1,1
UC9V3Y3_uzU5e-usObb6IE1w,UCllKI7VjyANuS1RXatizfLQ,Undirected,4,4
UC9V3Y3_uzU5e-usObb6IE1w,UCwrjITPwG4q71HzihV2C7Nw,Undirected,4,4
UCllKI7VjyANuS1RXatizfLQ,UCwrjITPwG4q71HzihV2C7Nw,Undirected,4,4
UC9V3Y3_uzU5e-usObb6IE1w,UCPcsJUA8PhOy3c4y1Q1eu3g,Undirected,9,9
UC1CfXB_kRs3C-zaeTG3oGyg,UC9V3Y3_uzU5e-usObb6IE1w,Undirected,1,1
UC9V3Y3_uzU5e-usObb6IE1w,UCo2N7C-Z91waaR6lF3LL_jw,Undirected,2,2
UCllKI7VjyANuS1RXatizfLQ,UCo2N7C-Z91waaR6lF3LL_jw,Undirected,2,2
UCo2N7C-Z91waaR6lF3LL_jw,UCwrjITPwG4q71HzihV2C7Nw,Undirected,2,2
UC9V3Y3_uzU5e-usObb6IE1w,UCD-miitqNY3nyukJ4Fnf4_A,Undirected,1,1
UC9V3Y3_uzU5e-usObb6IE1w,UCZ1xuCK1kNmn5RzPYIZop3w,Undirected,1,1
UC9V3Y3_uzU5e-usObb6IE1w,UC_4tXjqecqox5Uc05ncxpxg,Undirected,1,1
UC9V3Y3_uzU5e-usObb6IE1w,UCgIfLpQvelloDi8I0Ycbwpg,Undirected,1,1
UCD-miitqNY3nyukJ4Fnf4_A,UCZ1xuCK1kNmn5RzPYIZop3w,Undirected,1,1
UCD-miitqNY3nyukJ4Fnf4_A,UC_4tXjqecqox5Uc05ncxpxg,Undirected,1,1
UCD-miitqNY3nyukJ4Fnf4_A,UCgIfLpQvelloDi8I0Ycbwpg,Undirected,1,1
UCZ1xuCK1kNmn5RzPYIZop3w,UC_4tXjqecqox5Uc05ncxpxg,Undirected,2,2
UCZ1xuCK1kNmn5RzPYIZop3w,UCgIfLpQvelloDi8I0Ycbwpg,Undirected,1,1
UC_4tXjqecqox5Uc05ncxpxg,UCgIfLpQvelloDi8I0Ycbwpg,Undirected,1,1
UCO_aKKYxn4tvrqPjcTzZ6EQ,UCoSrY_IQQVpmIRZ9Xf-y93g,Undirected,1,1
UCXTpFs_3PqI41qX2d9tL2Rw,UCoSrY_IQQVpmIRZ9Xf-y93g,Undirected,2,2
UCLz6MG2kx_0xeaW0LowYnMQ,UCgHKqsY-9qQnVW6atVVwVcw,Undirected,1,1
UCLz6MG2kx_0xeaW0LowYnMQ,UCim0N3tvLijU_I3jbJeJV8g,Undirected,1,1
UCgHKqsY-9qQnVW6atVVwVcw,UCim0N3tvLijU_I3jbJeJV8g,Undirected,1,1
UCUXsAnSwGqc1uEvlOBz2GBA,UCjLEmnpCNeisMxy134KPwWw,Undirected,1,1
UCjLEmnpCNeisMxy134KPwWw,UCkT1u65YS49ca_LsFwcTakw,Undirected,1,1
UC4GXMHCwmONp6XFRB5SayAg,UCjLEmnpCNeisMxy134KPwWw,Undirected,2,2
UCA9JBQtcEcEykbMsSund7jQ,UCjLEmnpCNeisMxy134KPwWw,Undirected,1,1
UCKKKYE55BVswHgKihx5YXew,UCjLEmnpCNeisMxy134KPwWw,Undirected,1,1
UC6VSFaHYbR-bhNer7DXxGNQ,UCFRbBdmVBHA7PeAuctRx1rQ,Undirected,9,9
UC6VSFaHYbR-bhNer7DXxGNQ,UCQM1cEQpq2_593GHCPZGo-Q,Undirected,9,9
UCFRbBdmVBHA7PeAuctRx1rQ,UCIU_1WDzifvGu16qzFcKAEA,Undirected,9,9
UCFRbBdmVBHA7PeAuctRx1rQ,UCQM1cEQpq2_593GHCPZGo-Q,Undirected,9,9
UCIU_1WDzifvGu16qzFcKAEA,UCQM1cEQpq2_593GHCPZGo-Q,Undirected,9,9
UCQN0dE15bLy5FyGbEVWC2Qw,UCWmUvVK2xxIK5VMToCDq9_A,Undirected,1,1
UCHw1nFWDnDBXWiYFNGWeU_A,UCMmA7uk0Eq_6nbUqyvuBpZw,Undirected,2,2
UC2QBYE7QabwH_7krAAp2T-g,UCL6F7R0unHipZwsXJ3hVHzg,Undirected,2,2
UC2QBYE7QabwH_7krAAp2T-g,UCJI0Zz7WomTTAx6lQw-HC_Q,Undirected,9,9
UC2QBYE7QabwH_7krAAp2T-g,UCmjOmXcwVXN3SOnW7tCO3vQ,Undirected,9,9
UCJI0Zz7WomTTAx6lQw-HC_Q,UCmjOmXcwVXN3SOnW7tCO3vQ,Undirected,9,9
UC2QBYE7QabwH_7krAAp2T-g,UCzMn-N7XpaTixkmhPQHz0LQ,Undirected,1,1
UCJFVWPOHG4D4Ec2ftDf0TuQ,UCT4WMFyjaLxZU544fOl8p1g,Undirected,6,6
UCJFVWPOHG4D4Ec2ftDf0TuQ,UCUcM7FCAQkBlGc6avyrepVQ,Undirected,6,6
UCJFVWPOHG4D4Ec2ftDf0TuQ,UCamCe0B-RSSCCAxcPGINa0w,Undirected,6,6
UCJFVWPOHG4D4Ec2ftDf0TuQ,UCx7WEPB77cE5XhpQcIRNrdg,Undirected,6,6
UCT4WMFyjaLxZU544fOl8p1g,UCUcM7FCAQkBlGc6avyrepVQ,Undirected,6,6
UCT4WMFyjaLxZU544fOl8p1g,UCamCe0B-RSSCCAxcPGINa0w,Undirected,6,6
UCT4WMFyjaLxZU544fOl8p1g,UCx7WEPB77cE5XhpQcIRNrdg,Undirected,6,6
UCUcM7FCAQkBlGc6avyrepVQ,UCamCe0B-RSSCCAxcPGINa0w,Undirected,6,6
UCUcM7FCAQkBlGc6avyrepVQ,UCx7WEPB77cE5XhpQcIRNrdg,Undirected,6,6
UCamCe0B-RSSCCAxcPGINa0w,UCx7WEPB77cE5XhpQcIRNrdg,Undirected,6,6
UCL_Cr1eJBgDsf2PCmOTAjPQ,UCamCe0B-RSSCCAxcPGINa0w,Undirected,1,1
UC4izfesVPG06aEnfvATCCmw,UCamCe0B-RSSCCAxcPGINa0w,Undirected,1,1
UC-KmLUpWRDcTUVgyrXrXIJg,UC6bCWqIlUT2iC4N9AhajrmA,Undirected,7,7
UC-KmLUpWRDcTUVgyrXrXIJg,UCYXHQVa_Ykv05wQG_aiKDmQ,Undirected,1,1
UC6bCWqIlUT2iC4N9AhajrmA,UCYXHQVa_Ykv05wQG_aiKDmQ,Undirected,2,2
UC-KmLUpWRDcTUVgyrXrXIJg,UCX35JkgOjZAZwZ2sgccZS4w,Undirected,1,1
UC-KmLUpWRDcTUVgyrXrXIJg,UCgY_iyl1wbXzUK7qrs3RkHg,Undirected,3,3
UC6bCWqIlUT2iC4N9AhajrmA,UCX35JkgOjZAZwZ2sgccZS4w,Undirected,1,1
UC6bCWqIlUT2iC4N9AhajrmA,UCgY_iyl1wbXzUK7qrs3RkHg,Undirected,1,1
UC6bCWqIlUT2iC4N9AhajrmA,UCz1RAeb7dVaUcd-4rEgyxPw,Undirected,2,2
UCX35JkgOjZAZwZ2sgccZS4w,UCgY_iyl1wbXzUK7qrs3RkHg,Undirected,1,1
UCX35JkgOjZAZwZ2sgccZS4w,UCz1RAeb7dVaUcd-4rEgyxPw,Undirected,1,1
UCgY_iyl1wbXzUK7qrs3RkHg,UCz1RAeb7dVaUcd-4rEgyxPw,Undirected,1,1
UCD6DI0GaY8v60mh9HfzGZMQ,UCz1RAeb7dVaUcd-4rEgyxPw,Undirected,1,1
UC34OxQ8r0onNMiz84Wta5lA,UC3ahXl8OOwAxBrpwWBa1T_g,Undirected,1,1
UC34OxQ8r0onNMiz84Wta5lA,UC6JKjNboT5184EQAUUbLkQQ,Undirected,1,1
UC34OxQ8r0onNMiz84Wta5lA,UC7jCX2Ji1U7o9RAXxtg8Q5w,Undirected,1,1
UC3ahXl8OOwAxBrpwWBa1T_g,UC6JKjNboT5184EQAUUbLkQQ,Undirected,1,1
UC3ahXl8OOwAxBrpwWBa1T_g,UC7jCX2Ji1U7o9RAXxtg8Q5w,Undirected,1,1
UC6JKjNboT5184EQAUUbLkQQ,UC7jCX2Ji1U7o9RAXxtg8Q5w,Undirected,1,1
UC1tk9F5-MGXEq4LWnjmrtpA,UCI1P0gWwQW_xuYHB8UDlF-A,Undirected,10,10
UC1tk9F5-MGXEq4LWnjmrtpA,UCqYcTSZf45Qo1EntwaTqp2A,Undirected,1,1
UCI1P0gWwQW_xuYHB8UDlF-A,UCqYcTSZf45Qo1EntwaTqp2A,Undirected,1,1
UC1JB3fcLuXw50hyKvJNFXwg,UCD6mLQXIUY3WAA7gnxzVomA,Undirected,1,1
UC1JB3fcLuXw50hyKvJNFXwg,UCK4gAoHR8nqRznSTUTXybuw,Undirected,1,1
UC1JB3fcLuXw50hyKvJNFXwg,UCgonYKw-TJKiHL2J3uXyjKQ,Undirected,1,1
UCD6mLQXIUY3WAA7gnxzVomA,UCK4gAoHR8nqRznSTUTXybuw,Undirected,1,1
UCD6mLQXIUY3WAA7gnxzVomA,UCgonYKw-TJKiHL2J3uXyjKQ,Undirected,1,1
UC5HD7OmnMz3pZQkjQZk0QaQ,UCSktMSoL-WG3IllOyWnBZFQ,Undirected,4,4
UC5HD7OmnMz3pZQkjQZk0QaQ,UCgP3GbgbuVzAhlctGU5yuPA,Undirected,1,1
UCSktMSoL-WG3IllOyWnBZFQ,UCgP3GbgbuVzAhlctGU5yuPA,Undirected,2,2
UCFSQva-mi5Oo8Q3aynyA_dw,UCKKKYE55BVswHgKihx5YXew,Undirected,1,1
UCFSQva-mi5Oo8Q3aynyA_dw,UCSktMSoL-WG3IllOyWnBZFQ,Undirected,1,1
UCKKKYE55BVswHgKihx5YXew,UCSktMSoL-WG3IllOyWnBZFQ,Undirected,2,2
UCHQJD3IW74R509k0nbTKr_w,UCQn1FqrR2OCjSe6Nl4GlVHw,Undirected,1,1
UCHQJD3IW74R509k0nbTKr_w,UCSktMSoL-WG3IllOyWnBZFQ,Undirected,1,1
UCHQJD3IW74R509k0nbTKr_w,UCUEvXLdpCtbzzDkcMI96llg,Undirected,1,1
UCHQJD3IW74R509k0nbTKr_w,UCkvBsBQ9EFxe3NnQdABDj1A,Undirected,2,2
UCHQJD3IW74R509k0nbTKr_w,UCpTsZ0CuqLF643wr1vNHAFw,Undirected,1,1
UCQn1FqrR2OCjSe6Nl4GlVHw,UCSktMSoL-WG3IllOyWnBZFQ,Undirected,1,1
UCQn1FqrR2OCjSe6Nl4GlVHw,UCUEvXLdpCtbzzDkcMI96llg,Undirected,1,1
UCQn1FqrR2OCjSe6Nl4GlVHw,UCkvBsBQ9EFxe3NnQdABDj1A,Undirected,1,1
UCQn1FqrR2OCjSe6Nl4GlVHw,UCpTsZ0CuqLF643wr1vNHAFw,Undirected,1,1
UCSktMSoL-WG3IllOyWnBZFQ,UCUEvXLdpCtbzzDkcMI96llg,Undirected,1,1
UCSktMSoL-WG3IllOyWnBZFQ,UCkvBsBQ9EFxe3NnQdABDj1A,Undirected,1,1
UCSktMSoL-WG3IllOyWnBZFQ,UCpTsZ0CuqLF643wr1vNHAFw,Undirected,1,1
UCUEvXLdpCtbzzDkcMI96llg,UCkvBsBQ9EFxe3NnQdABDj1A,Undirected,1,1
UCUEvXLdpCtbzzDkcMI96llg,UCpTsZ0CuqLF643wr1vNHAFw,Undirected,1,1
UCkvBsBQ9EFxe3NnQdABDj1A,UCpTsZ0CuqLF643wr1vNHAFw,Undirected,1,1
UC2t5bjwHdUX4vM2g8TRDq5g,UC5HD7OmnMz3pZQkjQZk0QaQ,Undirected,1,1
UC2t5bjwHdUX4vM2g8TRDq5g,UCKKKYE55BVswHgKihx5YXew,Undirected,1,1
UC2t5bjwHdUX4vM2g8TRDq5g,UCSktMSoL-WG3IllOyWnBZFQ,Undirected,1,1
UC5HD7OmnMz3pZQkjQZk0QaQ,UCKKKYE55BVswHgKihx5YXew,Undirected,1,1
UCSktMSoL-WG3IllOyWnBZFQ,UCatXx9LPplqgFVSIuLy6XPw,Undirected,3,3
UC9CoOnJkIBMdeijd9qYoT_g,UCIk6z4gxI5ADYK7HmNiJvNg,Undirected,1,1
UC9CoOnJkIBMdeijd9qYoT_g,UCSktMSoL-WG3IllOyWnBZFQ,Undirected,1,1
UCIk6z4gxI5ADYK7HmNiJvNg,UCSktMSoL-WG3IllOyWnBZFQ,Undirected,1,1
UCMaXJGJLXsTi8Td0WNfJFpA,UCSktMSoL-WG3IllOyWnBZFQ,Undirected,1,1
UCMaXJGJLXsTi8Td0WNfJFpA,UCatXx9LPplqgFVSIuLy6XPw,Undirected,1,1
UCMaXJGJLXsTi8Td0WNfJFpA,UCgMvjHTX7jn4iIKNHjIUJiw,Undirected,1,1
UCSktMSoL-WG3IllOyWnBZFQ,UCgMvjHTX7jn4iIKNHjIUJiw,Undirected,1,1
UCatXx9LPplqgFVSIuLy6XPw,UCgMvjHTX7jn4iIKNHjIUJiw,Undirected,1,1
UCSOfUqPoqpp5aWDDnAyv94g,UCSktMSoL-WG3IllOyWnBZFQ,Undirected,1,1
UCSOfUqPoqpp5aWDDnAyv94g,UCatXx9LPplqgFVSIuLy6XPw,Undirected,1,1
UCSOfUqPoqpp5aWDDnAyv94g,UCkksVnsKY9FF0X6JHsFdehA,Undirected,1,1
UCSOfUqPoqpp5aWDDnAyv94g,UCrkImHu9Jbtn6QmZ5aCPDdw,Undirected,1,1
UCSktMSoL-WG3IllOyWnBZFQ,UCkksVnsKY9FF0X6JHsFdehA,Undirected,1,1
UCSktMSoL-WG3IllOyWnBZFQ,UCrkImHu9Jbtn6QmZ5aCPDdw,Undirected,1,1
UCatXx9LPplqgFVSIuLy6XPw,UCkksVnsKY9FF0X6JHsFdehA,Undirected,1,1
UCatXx9LPplqgFVSIuLy6XPw,UCrkImHu9Jbtn6QmZ5aCPDdw,Undirected,1,1
UCkksVnsKY9FF0X6JHsFdehA,UCrkImHu9Jbtn6QmZ5aCPDdw,Undirected,2,2
UCSktMSoL-WG3IllOyWnBZFQ,UCvayv7u6HrpENlleXekJ2fg,Undirected,1,1
UC70KC06PCCjE33OW6JpbMiQ,UCDzT2ahM07g4np7Rf6fDa7A,Undirected,8,8
UC70KC06PCCjE33OW6JpbMiQ,UCV79VEHYpq5XcOHMIfB-WIQ,Undirected,3,3
UC70KC06PCCjE33OW6JpbMiQ,UCaFN8e9NM0sXAyNEZ9SN9XQ,Undirected,1,1
UC70KC06PCCjE33OW6JpbMiQ,UCqubyXLVaeAiVGzdWNQa7Lg,Undirected,5,5
UC70KC06PCCjE33OW6JpbMiQ,UCrxEEPKIg4FGDZ-bo6UtrYw,Undirected,10,10
UCDzT2ahM07g4np7Rf6fDa7A,UCV79VEHYpq5XcOHMIfB-WIQ,Undirected,1,1
UCDzT2ahM07g4np7Rf6fDa7A,UCaFN8e9NM0sXAyNEZ9SN9XQ,Undirected,1,1
UCDzT2ahM07g4np7Rf6fDa7A,UCqubyXLVaeAiVGzdWNQa7Lg,Undirected,1,1
UCDzT2ahM07g4np7Rf6fDa7A,UCrxEEPKIg4FGDZ-bo6UtrYw,Undirected,2,2
UCV79VEHYpq5XcOHMIfB-WIQ,UCaFN8e9NM0sXAyNEZ9SN9XQ,Undirected,1,1
UCV79VEHYpq5XcOHMIfB-WIQ,UCqubyXLVaeAiVGzdWNQa7Lg,Undirected,1,1
UCV79VEHYpq5XcOHMIfB-WIQ,UCrxEEPKIg4FGDZ-bo6UtrYw,Undirected,1,1
UCaFN8e9NM0sXAyNEZ9SN9XQ,UCqubyXLVaeAiVGzdWNQa7Lg,Undirected,1,1
UCaFN8e9NM0sXAyNEZ9SN9XQ,UCrxEEPKIg4FGDZ-bo6UtrYw,Undirected,1,1
UCqubyXLVaeAiVGzdWNQa7Lg,UCrxEEPKIg4FGDZ-bo6UtrYw,Undirected,1,1
UC70KC06PCCjE33OW6JpbMiQ,UChBIx2gHW3l4sJ_wbUumkwA,Undirected,1,1
UC70KC06PCCjE33OW6JpbMiQ,UCvnxCUF9IkmN_9R4TUFhCEA,Undirected,1,1
UChBIx2gHW3l4sJ_wbUumkwA,UCvnxCUF9IkmN_9R4TUFhCEA,Undirected,1,1
UC70KC06PCCjE33OW6JpbMiQ,UCDRq9rLd6BDjNZ_Q3UZmhxA,Undirected,13,13
UC70KC06PCCjE33OW6JpbMiQ,UCzdfCkKHKWhs7t0s9oIja_w,Undirected,1,1
UC70KC06PCCjE33OW6JpbMiQ,UCO4buxhvsew095L9P-JkA4A,Undirected,1,1
UC70KC06PCCjE33OW6JpbMiQ,UCs_JXkJSday559nNwXrhD-A,Undirected,1,1
UCO4buxhvsew095L9P-JkA4A,UCs_JXkJSday559nNwXrhD-A,Undirected,1,1
UC70KC06PCCjE33OW6JpbMiQ,UCES0OcYuXbNOB9fG5SWGFoA,Undirected,1,1
UC70KC06PCCjE33OW6JpbMiQ,UC_8oZk4nysRwc1VJoJ99R5w,Undirected,2,2
UCES0OcYuXbNOB9fG5SWGFoA,UC_8oZk4nysRwc1VJoJ99R5w,Undirected,1,1
UC70KC06PCCjE33OW6JpbMiQ,UC9UHK5vqT0aZZDADyFWteyQ,Undirected,15,15
UC70KC06PCCjE33OW6JpbMiQ,UCaNMWnRubJEaglefIO3gRnQ,Undirected,2,2
UC70KC06PCCjE33OW6JpbMiQ,UCdRN7VtwbDseJNdem3Yi7QQ,Undirected,4,4
UC9UHK5vqT0aZZDADyFWteyQ,UCDzT2ahM07g4np7Rf6fDa7A,Undirected,6,6
UC9UHK5vqT0aZZDADyFWteyQ,UC_8oZk4nysRwc1VJoJ99R5w,Undirected,1,1
UC9UHK5vqT0aZZDADyFWteyQ,UCaNMWnRubJEaglefIO3gRnQ,Undirected,1,1
UC9UHK5vqT0aZZDADyFWteyQ,UCdRN7VtwbDseJNdem3Yi7QQ,Undirected,4,4
UCDzT2ahM07g4np7Rf6fDa7A,UC_8oZk4nysRwc1VJoJ99R5w,Undirected,1,1
UCDzT2ahM07g4np7Rf6fDa7A,UCaNMWnRubJEaglefIO3gRnQ,Undirected,1,1
UCDzT2ahM07g4np7Rf6fDa7A,UCdRN7VtwbDseJNdem3Yi7QQ,Undirected,2,2
UC_8oZk4nysRwc1VJoJ99R5w,UCaNMWnRubJEaglefIO3gRnQ,Undirected,1,1
UC_8oZk4nysRwc1VJoJ99R5w,UCdRN7VtwbDseJNdem3Yi7QQ,Undirected,1,1
UCaNMWnRubJEaglefIO3gRnQ,UCdRN7VtwbDseJNdem3Yi7QQ,Undirected,1,1
UCU_hpPDJbuzCy0agOi6lJXA,UCZp_wOe9YYbFNG6lP6awS9g,Undirected,2,2
UCXbbk1ElvOKTzmBMTxD9a7A,UCtXpSO4eP7exGA4-8NUEw7A,Undirected,6,6
UCeUmhcwM4II1T0ap06N_lFA,UCu8zEfWHw5Yi_I5la_UcMcA,Undirected,1,1
UC1tk9F5-MGXEq4LWnjmrtpA,UCETcDtNT7DF_rp55SW1Kteg,Undirected,7,7
UCCrprKtyLjZ5IjGWmpPtRCw,UCETcDtNT7DF_rp55SW1Kteg,Undirected,1,1
UC-3Hk5H2es2W966cKH5RGvg,UCBKbtnP9_d_cVqX4lGCYjRw,Undirected,9,9
UC-3Hk5H2es2W966cKH5RGvg,UCP6zY82r5KApiCtRa5OkgdA,Undirected,10,10
UC-3Hk5H2es2W966cKH5RGvg,UCZPjfBwompsEmIHoMRT90Rw,Undirected,2,2
UCBKbtnP9_d_cVqX4lGCYjRw,UCP6zY82r5KApiCtRa5OkgdA,Undirected,9,9
UCBKbtnP9_d_cVqX4lGCYjRw,UCZPjfBwompsEmIHoMRT90Rw,Undirected,2,2
UCBKbtnP9_d_cVqX4lGCYjRw,UCvkGCbfaAM4oPeJnTqB7n0g,Undirected,2,2
UCP6zY82r5KApiCtRa5OkgdA,UCZPjfBwompsEmIHoMRT90Rw,Undirected,2,2
UCP6zY82r5KApiCtRa5OkgdA,UCvkGCbfaAM4oPeJnTqB7n0g,Undirected,2,2
UCZPjfBwompsEmIHoMRT90Rw,UCvkGCbfaAM4oPeJnTqB7n0g,Undirected,2,2
UC-3Hk5H2es2W966cKH5RGvg,UCbaUi8R6P1JGFkQJRGu-O_g,Undirected,1,1
UC1VWwzt3YnmchnNR_lHH6aA,UCAfJes8VzWg12NMj6zEynRQ,Undirected,1,1
UC1VWwzt3YnmchnNR_lHH6aA,UCgSUllu5lFYvn3ztHe8_HBA,Undirected,1,1
UC1VWwzt3YnmchnNR_lHH6aA,UCschA9IpOU5dyLQC_TL90EA,Undirected,1,1
UCAfJes8VzWg12NMj6zEynRQ,UCgSUllu5lFYvn3ztHe8_HBA,Undirected,1,1
UCgSUllu5lFYvn3ztHe8_HBA,UCschA9IpOU5dyLQC_TL90EA,Undirected,1,1
UC2kBjjqPIGo1YEsLBua341A,UCHennDqJKgCKCaUhQg9kvTg,Undirected,1,1
UC2kBjjqPIGo1YEsLBua341A,UClMUyVtehvhiRiEHb_MN5cQ,Undirected,4,4
UCHennDqJKgCKCaUhQg9kvTg,UClMUyVtehvhiRiEHb_MN5cQ,Undirected,1,1
UC2kBjjqPIGo1YEsLBua341A,UC7SWvZ-izqdaYnY3pSbDZkw,Undirected,2,2
UC2kBjjqPIGo1YEsLBua341A,UCQePT4_gTnCeNDKCIQ8aEqg,Undirected,1,1
UC2kBjjqPIGo1YEsLBua341A,UC_bGCUlgaYAOiMHG627_fIQ,Undirected,1,1
UC2kBjjqPIGo1YEsLBua341A,UCj49ry9LwMFt_EYv5YakoQw,Undirected,1,1
UCQePT4_gTnCeNDKCIQ8aEqg,UC_bGCUlgaYAOiMHG627_fIQ,Undirected,1,1
UCQePT4_gTnCeNDKCIQ8aEqg,UChX83dpoixHY-ijSJKBeKLg,Undirected,1,1
UCQePT4_gTnCeNDKCIQ8aEqg,UCj49ry9LwMFt_EYv5YakoQw,Undirected,1,1
UCQePT4_gTnCeNDKCIQ8aEqg,UClMUyVtehvhiRiEHb_MN5cQ,Undirected,1,1
UC_bGCUlgaYAOiMHG627_fIQ,UChX83dpoixHY-ijSJKBeKLg,Undirected,1,1
UC_bGCUlgaYAOiMHG627_fIQ,UCj49ry9LwMFt_EYv5YakoQw,Undirected,1,1
UC_bGCUlgaYAOiMHG627_fIQ,UClMUyVtehvhiRiEHb_MN5cQ,Undirected,2,2
UChX83dpoixHY-ijSJKBeKLg,UCj49ry9LwMFt_EYv5YakoQw,Undirected,1,1
UChX83dpoixHY-ijSJKBeKLg,UClMUyVtehvhiRiEHb_MN5cQ,Undirected,1,1
UCj49ry9LwMFt_EYv5YakoQw,UClMUyVtehvhiRiEHb_MN5cQ,Undirected,1,1
UC2kBjjqPIGo1YEsLBua341A,UCXmaDQRCgEeiZw9ql86Lumg,Undirected,1,1
UCXmaDQRCgEeiZw9ql86Lumg,UClMUyVtehvhiRiEHb_MN5cQ,Undirected,1,1
UCFXj9neAswGS-ExDTrv2xKg,UCRu_bgKUZPtu-t29-WXsDBg,Undirected,7,7
UC1tk9F5-MGXEq4LWnjmrtpA,UCEDpYUeXUUCaJJ7vN7JSjzQ,Undirected,1,1
UC1tk9F5-MGXEq4LWnjmrtpA,UCRu_bgKUZPtu-t29-WXsDBg,Undirected,1,1
UCFXj9neAswGS-ExDTrv2xKg,UCc3wu2W3nGfS4pe0NmtvCRw,Undirected,2,2
UCRu_bgKUZPtu-t29-WXsDBg,UCc3wu2W3nGfS4pe0NmtvCRw,Undirected,2,2
UCTcMUeSJpoHWXEbCsvBDrlg,UCl1_THrXFH5Au-lJ3MM77iQ,Undirected,1,1
UCIVKJQ6LUmmqOHadxkPROJQ,UCahV0qNpelNnUJ13aMYDJFg,Undirected,10,10
UCIVKJQ6LUmmqOHadxkPROJQ,UCQeAfXPfpL5Q3tI27Ysc0qw,Undirected,1,1
UCQeAfXPfpL5Q3tI27Ysc0qw,UCahV0qNpelNnUJ13aMYDJFg,Undirected,1,1
UCIVKJQ6LUmmqOHadxkPROJQ,UCl1_THrXFH5Au-lJ3MM77iQ,Undirected,2,2
UCIVKJQ6LUmmqOHadxkPROJQ,UCLKRVZ_80ZZyL7G1NbvpzkQ,Undirected,1,1
UCLKRVZ_80ZZyL7G1NbvpzkQ,UCahV0qNpelNnUJ13aMYDJFg,Undirected,1,1
UCEukkRcukrmAcp1h_Xnjf1Q,UCIVKJQ6LUmmqOHadxkPROJQ,Undirected,2,2
UCEukkRcukrmAcp1h_Xnjf1Q,UCahV0qNpelNnUJ13aMYDJFg,Undirected,2,2
UCGJdNrSd6VV_0VHNBBr4A_w,UCraXgSbyAxXGSIV-BU7KlGg,Undirected,1,1
UC8BJe-dOawC1nvvcVabK8PQ,UCv5JJx89lK5RZhuv15ido1Q,Undirected,1,1
UCL9_9Az2HB1mU9sSUL8zVoQ,UCX3PvjGUu8WaU-CiP8wKzww,Undirected,1,1
UCL9_9Az2HB1mU9sSUL8zVoQ,UCZ1DpCt_emfN3QvBTEvK0Xw,Undirected,1,1
UCL9_9Az2HB1mU9sSUL8zVoQ,UCeaFgoabsZ9Iev8MrrtjguA,Undirected,1,1
UCX3PvjGUu8WaU-CiP8wKzww,UCZ1DpCt_emfN3QvBTEvK0Xw,Undirected,7,7
UCX3PvjGUu8WaU-CiP8wKzww,UCeaFgoabsZ9Iev8MrrtjguA,Undirected,1,1
UCZ1DpCt_emfN3QvBTEvK0Xw,UCeaFgoabsZ9Iev8MrrtjguA,Undirected,1,1
UC3pTz4JgYIQx0DvCZgyOb0Q,UCX3PvjGUu8WaU-CiP8wKzww,Undirected,2,2
UC3pTz4JgYIQx0DvCZgyOb0Q,UCZ1DpCt_emfN3QvBTEvK0Xw,Undirected,1,1
UCPwbaViL5sRJ6yMSEAI5jrg,UCZ1DpCt_emfN3QvBTEvK0Xw,Undirected,1,1
UC8C1LLhBhf_E2IBPLSDJXlQ,UCZ1DpCt_emfN3QvBTEvK0Xw,Undirected,1,1
UC8C1LLhBhf_E2IBPLSDJXlQ,UCmI1ZpKkY3i7tXAQhnXSJvg,Undirected,1,1
UCZ1DpCt_emfN3QvBTEvK0Xw,UCmI1ZpKkY3i7tXAQhnXSJvg,Undirected,4,4
UC8_wmm5DX9mb4jrLiw8ZYzw,UCVohQZCIVC08-V0LWCSQgAQ,Undirected,5,5
UCVohQZCIVC08-V0LWCSQgAQ,UCYNsWA_e9WeWizoazha0N6A,Undirected,5,5
UCVohQZCIVC08-V0LWCSQgAQ,UCj6_0tBpVpmyYSGu6f-uKqw,Undirected,5,5
UCVohQZCIVC08-V0LWCSQgAQ,UCn_cpHcrXjG_XnH9N3fO6qA,Undirected,5,5
UCp7GNebwQ2z8coZ4wV5_Eiw,UCpbu18sbRQlFSo1PtixzktQ,Undirected,20,20
UCp7GNebwQ2z8coZ4wV5_Eiw,UCwQxakTsXvRoPlIb1YEL1fg,Undirected,20,20
UCpbu18sbRQlFSo1PtixzktQ,UCwQxakTsXvRoPlIb1YEL1fg,Undirected,20,20
UCUHKXV102zeGsUo56BSzQJw,UCp7GNebwQ2z8coZ4wV5_Eiw,Undirected,1,1
UCUHKXV102zeGsUo56BSzQJw,UCpbu18sbRQlFSo1PtixzktQ,Undirected,1,1
UCUHKXV102zeGsUo56BSzQJw,UCwQxakTsXvRoPlIb1YEL1fg,Undirected,1,1
UC7e0DonNwc7_7u9C3XhAzmA,UCXsfgk_k3eeRBQ4qKmTu3lw,Undirected,1,1
UC7e0DonNwc7_7u9C3XhAzmA,UCu84IrpgLbmEelD7E_755QA,Undirected,1,1
UCP8Ly9PUyiAfc4GJxKnXyNw,UCdgfRnpHeNFcJ_jtWFs4ydQ,Undirected,10,10
UCP8Ly9PUyiAfc4GJxKnXyNw,UCkFQY9E8yMlLtqGnu82mnkA,Undirected,10,10
UCP8Ly9PUyiAfc4GJxKnXyNw,UCpkC1h5SgR4YeGaFIwH2S4g,Undirected,10,10
UCP8Ly9PUyiAfc4GJxKnXyNw,UCu4kOVEDE85IQ71RcNvPz5g,Undirected,10,10
UCdgfRnpHeNFcJ_jtWFs4ydQ,UCkFQY9E8yMlLtqGnu82mnkA,Undirected,10,10
UCdgfRnpHeNFcJ_jtWFs4ydQ,UCpkC1h5SgR4YeGaFIwH2S4g,Undirected,10,10
UCdgfRnpHeNFcJ_jtWFs4ydQ,UCu4kOVEDE85IQ71RcNvPz5g,Undirected,10,10
UCkFQY9E8yMlLtqGnu82mnkA,UCpkC1h5SgR4YeGaFIwH2S4g,Undirected,10,10
UCkFQY9E8yMlLtqGnu82mnkA,UCu4kOVEDE85IQ71RcNvPz5g,Undirected,10,10
UCpkC1h5SgR4YeGaFIwH2S4g,UCu4kOVEDE85IQ71RcNvPz5g,Undirected,10,10
UCcrxg-NMo2a2Usfmb5rRX2g,UCh6eUVqErIE0B38vbIRzUqQ,Undirected,1,1
UCcrxg-NMo2a2Usfmb5rRX2g,UCrxOjbi4xKHTnkoqKzPvL0Q,Undirected,1,1
UCh6eUVqErIE0B38vbIRzUqQ,UCrxOjbi4xKHTnkoqKzPvL0Q,Undirected,1,1
UCcrxg-NMo2a2Usfmb5rRX2g,UCjl8UBoqlulhOn6OR8fpiUg,Undirected,1,1
UC1BNTyFj6KAeU3fKzTuXhtw,UCs3rdrQv6WCeOIVSvL8jQrw,Undirected,1,1
UC-hM6YJuNYVAmUWxeIr9FeA,UCmSsFxgI-wWK54zsDToRxvg,Undirected,2,2
UCJ6IsDg6y8jFdyHvfXV6aNQ,UCZeWkiM4W_jx2ppjvRlsaIA,Undirected,6,6
UCJ6IsDg6y8jFdyHvfXV6aNQ,UCh-Az1fpS-uDg-wfp-ScvaQ,Undirected,7,7
UCZeWkiM4W_jx2ppjvRlsaIA,UCh-Az1fpS-uDg-wfp-ScvaQ,Undirected,4,4
UC1gIWcMPg7f9dTCm-z5NeqQ,UCJ6IsDg6y8jFdyHvfXV6aNQ,Undirected,2,2
UC1gIWcMPg7f9dTCm-z5NeqQ,UCZeWkiM4W_jx2ppjvRlsaIA,Undirected,1,1
UC1gIWcMPg7f9dTCm-z5NeqQ,UCaDUoaxT9-lNYrB65Drs22Q,Undirected,1,1
UC1gIWcMPg7f9dTCm-z5NeqQ,UCh-Az1fpS-uDg-wfp-ScvaQ,Undirected,3,3
UCJ6IsDg6y8jFdyHvfXV6aNQ,UCaDUoaxT9-lNYrB65Drs22Q,Undirected,3,3
UCZeWkiM4W_jx2ppjvRlsaIA,UCaDUoaxT9-lNYrB65Drs22Q,Undirected,4,4
UCaDUoaxT9-lNYrB65Drs22Q,UCh-Az1fpS-uDg-wfp-ScvaQ,Undirected,1,1
UC9iIFj6J_tkSmmcVq5LhK2w,UCCrRrZ42klvWtDjJtxYWUZw,Undirected,1,1
UC9iIFj6J_tkSmmcVq5LhK2w,UCHXqm6im50_Gr4oKL15XN1A,Undirected,2,2
UC9iIFj6J_tkSmmcVq5LhK2w,UCJ6IsDg6y8jFdyHvfXV6aNQ,Undirected,6,6
UC9iIFj6J_tkSmmcVq5LhK2w,UCZeWkiM4W_jx2ppjvRlsaIA,Undirected,3,3
UC9iIFj6J_tkSmmcVq5LhK2w,UCh-Az1fpS-uDg-wfp-ScvaQ,Undirected,2,2
UCCrRrZ42klvWtDjJtxYWUZw,UCHXqm6im50_Gr4oKL15XN1A,Undirected,3,3
UCCrRrZ42klvWtDjJtxYWUZw,UCJ6IsDg6y8jFdyHvfXV6aNQ,Undirected,1,1
UCCrRrZ42klvWtDjJtxYWUZw,UCZeWkiM4W_jx2ppjvRlsaIA,Undirected,1,1
UCCrRrZ42klvWtDjJtxYWUZw,UCh-Az1fpS-uDg-wfp-ScvaQ,Undirected,1,1
UCHXqm6im50_Gr4oKL15XN1A,UCJ6IsDg6y8jFdyHvfXV6aNQ,Undirected,2,2
UCHXqm6im50_Gr4oKL15XN1A,UCZeWkiM4W_jx2ppjvRlsaIA,Undirected,1,1
UCHXqm6im50_Gr4oKL15XN1A,UCh-Az1fpS-uDg-wfp-ScvaQ,Undirected,1,1
UCEPz7qJRNuQ8EL-lggJXZpQ,UCdIIkWHFR9Esvt5sVLsLq1A,Undirected,1,1
UCEPz7qJRNuQ8EL-lggJXZpQ,UCh-Az1fpS-uDg-wfp-ScvaQ,Undirected,1,1
UCEPz7qJRNuQ8EL-lggJXZpQ,UCihu5ygkTXm8CeFhD1Tx3eg,Undirected,1,1
UCdIIkWHFR9Esvt5sVLsLq1A,UCh-Az1fpS-uDg-wfp-ScvaQ,Undirected,2,2
UCdIIkWHFR9Esvt5sVLsLq1A,UCihu5ygkTXm8CeFhD1Tx3eg,Undirected,1,1
UCh-Az1fpS-uDg-wfp-ScvaQ,UCihu5ygkTXm8CeFhD1Tx3eg,Undirected,1,1
UC-ghCl3ozSpO7L9OvJADt5g,UCxu54sFcSKCrOwN4zjKrp_Q,Undirected,1,1
UCH3rKVI8cDtjWbOIq9cQRDA,UCq_DgJ4y3_WznOZZOM1Z3_A,Undirected,1,1
UCDNa39jm79kTILVf4TpVHSw,UCqcfi3b72kU9PafMtw1Wbow,Undirected,1,1
UCCFALw4YEYRmpOieyBh0daA,UCXG0XkEumybGxbF5gsWJeoA,Undirected,3,3
UC0GPIyhex_7H9msCOTOu_Jw,UCXG0XkEumybGxbF5gsWJeoA,Undirected,1,1
UCCFALw4YEYRmpOieyBh0daA,UCDNa39jm79kTILVf4TpVHSw,Undirected,2,2
UCCFALw4YEYRmpOieyBh0daA,UCHF0NFFfBeyBWKBFpJQsAqQ,Undirected,2,2
UCCFALw4YEYRmpOieyBh0daA,UCMi8t45l3oEqolXgDjonJzQ,Undirected,1,1
UCDNa39jm79kTILVf4TpVHSw,UCMi8t45l3oEqolXgDjonJzQ,Undirected,1,1
UCDNa39jm79kTILVf4TpVHSw,UCXG0XkEumybGxbF5gsWJeoA,Undirected,2,2
UCHF0NFFfBeyBWKBFpJQsAqQ,UCMi8t45l3oEqolXgDjonJzQ,Undirected,2,2
UCMi8t45l3oEqolXgDjonJzQ,UCXG0XkEumybGxbF5gsWJeoA,Undirected,1,1
UCXG0XkEumybGxbF5gsWJeoA,UC_mBznabzUwBhYekmcbMsOA,Undirected,1,1
UC_mBznabzUwBhYekmcbMsOA,UCzvcuV-BZMvBSN8M6dNcyYw,Undirected,1,1
UCHF0NFFfBeyBWKBFpJQsAqQ,UCgO8kYJBkm5jvUJkV9H9mIw,Undirected,2,2
UCXG0XkEumybGxbF5gsWJeoA,UCgO8kYJBkm5jvUJkV9H9mIw,Undirected,1,1
UCgO8kYJBkm5jvUJkV9H9mIw,UCzvcuV-BZMvBSN8M6dNcyYw,Undirected,1,1
UCF4nVNEKxi8r4SHrVp0COKw,UCQ1n_PUxgvTn9nZISqHpylw,Undirected,1,1
UCF4nVNEKxi8r4SHrVp0COKw,UCXG0XkEumybGxbF5gsWJeoA,Undirected,1,1
UCF4nVNEKxi8r4SHrVp0COKw,UCiQqoLW9mk4h5rtAoaxfC1A,Undirected,1,1
UCQ1n_PUxgvTn9nZISqHpylw,UCXG0XkEumybGxbF5gsWJeoA,Undirected,1,1
UCQ1n_PUxgvTn9nZISqHpylw,UCiQqoLW9mk4h5rtAoaxfC1A,Undirected,1,1
UCXG0XkEumybGxbF5gsWJeoA,UCiQqoLW9mk4h5rtAoaxfC1A,Undirected,1,1
UCx36vZi37hlI49AlPyk9srw,UCzvcuV-BZMvBSN8M6dNcyYw,Undirected,3,3
UC-_FWBTlrg9yMgAdym2s0TA,UCS1YAxiFyZ6bF8ubfwRBXxw,Undirected,1,1
UC-_FWBTlrg9yMgAdym2s0TA,UCzvcuV-BZMvBSN8M6dNcyYw,Undirected,1,1
UCS1YAxiFyZ6bF8ubfwRBXxw,UCzvcuV-BZMvBSN8M6dNcyYw,Undirected,1,1
UCwwhJVHR2fQsQPnSo0_qYfA,UCzvcuV-BZMvBSN8M6dNcyYw,Undirected,1,1
UCBS-WyNCcLBA97WCYXlOJLQ,UCIqIPFxLCjCb8YDPFS3avWg,Undirected,1,1
UCBS-WyNCcLBA97WCYXlOJLQ,UCN9Cj0xmL0lDoAsb4d6m5gA,Undirected,1,1
UCBS-WyNCcLBA97WCYXlOJLQ,UCnA-ywG5CEeXlWxWE1K-jNQ,Undirected,1,1
UCBS-WyNCcLBA97WCYXlOJLQ,UCrNI1eJO_1oThZTac-LJiUQ,Undirected,1,1
UCIqIPFxLCjCb8YDPFS3avWg,UCN9Cj0xmL0lDoAsb4d6m5gA,Undirected,1,1
UCIqIPFxLCjCb8YDPFS3avWg,UCrNI1eJO_1oThZTac-LJiUQ,Undirected,1,1
UCN9Cj0xmL0lDoAsb4d6m5gA,UCnA-ywG5CEeXlWxWE1K-jNQ,Undirected,1,1
UCN9Cj0xmL0lDoAsb4d6m5gA,UCrNI1eJO_1oThZTac-LJiUQ,Undirected,1,1
UCnA-ywG5CEeXlWxWE1K-jNQ,UCrNI1eJO_1oThZTac-LJiUQ,Undirected,1,1
UC1OWKjC2Cdu41WT3y69jd0w,UCB5T6jlj4wB52h4oxuhikeA,Undirected,1,1
UC1OWKjC2Cdu41WT3y69jd0w,UCIqIPFxLCjCb8YDPFS3avWg,Undirected,1,1
UC1OWKjC2Cdu41WT3y69jd0w,UCTrrKFc3lUcnHOSmt1OoeNA,Undirected,1,1
UC1OWKjC2Cdu41WT3y69jd0w,UCcdgtlcIai9P73w-X3pNqLA,Undirected,1,1
UCB5T6jlj4wB52h4oxuhikeA,UCIqIPFxLCjCb8YDPFS3avWg,Undirected,1,1
UCB5T6jlj4wB52h4oxuhikeA,UCTrrKFc3lUcnHOSmt1OoeNA,Undirected,1,1
UCB5T6jlj4wB52h4oxuhikeA,UCcdgtlcIai9P73w-X3pNqLA,Undirected,1,1
UCIqIPFxLCjCb8YDPFS3avWg,UCTrrKFc3lUcnHOSmt1OoeNA,Undirected,1,1
UCIqIPFxLCjCb8YDPFS3avWg,UCcdgtlcIai9P73w-X3pNqLA,Undirected,1,1
UCTrrKFc3lUcnHOSmt1OoeNA,UCcdgtlcIai9P73w-X3pNqLA,Undirected,1,1
UCDCiM0R2KDm3uhWkfnW9N-Q,UCGLcxAEJlYzEaLdJcd2bB1Q,Undirected,1,1
UCAZ_PZkpYvF6gg_hAu1nQ_A,UCDCiM0R2KDm3uhWkfnW9N-Q,Undirected,2,2
UCDCiM0R2KDm3uhWkfnW9N-Q,UCGVF0Hm89Vg8LfsjSqi_Hzw,Undirected,1,1
UCSZn0PHX6eo5zhC9RyyeRYg,UCoKQhFQUtg6H09u6fHFN1AA,Undirected,1,1
UCSZn0PHX6eo5zhC9RyyeRYg,UCaQod6Hl4_3OBWsvSHaRVMQ,Undirected,2,2
UCA7tDob1IQiKWXnGktjPKQA,UCD-76VP2pJuTnyY4AnvXVDg,Undirected,4,4
UCA7tDob1IQiKWXnGktjPKQA,UCHJuCpPJkehJbLB6lJTB-vA,Undirected,3,3
UCD-76VP2pJuTnyY4AnvXVDg,UCHJuCpPJkehJbLB6lJTB-vA,Undirected,3,3
UCA7tDob1IQiKWXnGktjPKQA,UCb-cLXWVOGVJHfkIfHt8Dfg,Undirected,1,1
UCD-76VP2pJuTnyY4AnvXVDg,UCb-cLXWVOGVJHfkIfHt8Dfg,Undirected,1,1
UCHJuCpPJkehJbLB6lJTB-vA,UCb-cLXWVOGVJHfkIfHt8Dfg,Undirected,1,1
UCPC3SoyFJq1uwvaqt1k5JbA,UCdABU1aPgGIIIUwItPmiSOg,Undirected,1,1
UCPC3SoyFJq1uwvaqt1k5JbA,UCdZThDseuv1mcRyHRS38hcg,Undirected,1,1
UCdABU1aPgGIIIUwItPmiSOg,UCdZThDseuv1mcRyHRS38hcg,Undirected,1,1
UCL5rj4Z3yvnUTM2ZheJWNvw,UC_bYGVAaAWnvTR-KgaFuExQ,Undirected,3,3
UCL5rj4Z3yvnUTM2ZheJWNvw,UCufmDRojSBjZkU_kJENNP7A,Undirected,1,1
UC5TjZZKMcuzvEFlrh4eL98g,UCJkSh5zE6UYyOCAIF7fu0dA,Undirected,1,1
UC5TjZZKMcuzvEFlrh4eL98g,UCTKLqxkaBwwaVs4Ds3bSCsA,Undirected,1,1
UC5TjZZKMcuzvEFlrh4eL98g,UCwdBK5HWvhrjkKRmPRgyXBQ,Undirected,1,1
UC5TjZZKMcuzvEFlrh4eL98g,UCx7GU8C3cr7vqp_SbS-8P-w,Undirected,1,1
UCJkSh5zE6UYyOCAIF7fu0dA,UCTKLqxkaBwwaVs4Ds3bSCsA,Undirected,1,1
UCJkSh5zE6UYyOCAIF7fu0dA,UCwdBK5HWvhrjkKRmPRgyXBQ,Undirected,1,1
UCJkSh5zE6UYyOCAIF7fu0dA,UCx7GU8C3cr7vqp_SbS-8P-w,Undirected,1,1
UCTKLqxkaBwwaVs4Ds3bSCsA,UCwdBK5HWvhrjkKRmPRgyXBQ,Undirected,1,1
UCTKLqxkaBwwaVs4Ds3bSCsA,UCx7GU8C3cr7vqp_SbS-8P-w,Undirected,1,1
UCwdBK5HWvhrjkKRmPRgyXBQ,UCx7GU8C3cr7vqp_SbS-8P-w,Undirected,1,1
UCBISmsjpeOHFCLVmQXigeMw,UCWoYn-EFLE1AtRFQp0Jfs3w,Undirected,10,10
UCBISmsjpeOHFCLVmQXigeMw,UCa1Tgj7qikpdI-juBZ0HRug,Undirected,10,10
UCBISmsjpeOHFCLVmQXigeMw,UCfj8FsoiPFHn1gZMJaeLEDg,Undirected,20,20
UCBISmsjpeOHFCLVmQXigeMw,UChCVgl2xr-rHpND2-iTmWFg,Undirected,10,10
UCWoYn-EFLE1AtRFQp0Jfs3w,UCa1Tgj7qikpdI-juBZ0HRug,Undirected,10,10
UCWoYn-EFLE1AtRFQp0Jfs3w,UCfj8FsoiPFHn1gZMJaeLEDg,Undirected,18,18
UCWoYn-EFLE1AtRFQp0Jfs3w,UChCVgl2xr-rHpND2-iTmWFg,Undirected,10,10
UCa1Tgj7qikpdI-juBZ0HRug,UCfj8FsoiPFHn1gZMJaeLEDg,Undirected,20,20
UCa1Tgj7qikpdI-juBZ0HRug,UChCVgl2xr-rHpND2-iTmWFg,Undirected,10,10
UC52EYUUSlzcYqHj-qsx0RHg,UC8xxLx0Cb00BxQ1bXCUN5KQ,Undirected,8,8
UC8xxLx0Cb00BxQ1bXCUN5KQ,UCB_Zk_cUcqA-1I9oeeBUBqA,Undirected,8,8
UC8xxLx0Cb00BxQ1bXCUN5KQ,UCOgASZVYeB6U37pL_8Y1Ofw,Undirected,8,8
UC8xxLx0Cb00BxQ1bXCUN5KQ,UCyRy1COnKgKsbJBRHn0YYiw,Undirected,8,8
UCB_Zk_cUcqA-1I9oeeBUBqA,UCyRy1COnKgKsbJBRHn0YYiw,Undirected,8,8
UCHTnX0CSX_KObo5I9WuZ64g,UCmJ4De_H9aSnDDxGKcrpwCw,Undirected,1,1
UC0UKL0fIkNUANaGAgqFERbg,UC9AYHlE2OLcMlZJo3MBlfkQ,Undirected,1,1
UC0UKL0fIkNUANaGAgqFERbg,UCmJ4De_H9aSnDDxGKcrpwCw,Undirected,1,1
UC9AYHlE2OLcMlZJo3MBlfkQ,UCmJ4De_H9aSnDDxGKcrpwCw,Undirected,1,1
UCcXakhq6f5aLOloAvC-GclQ,UCmJ4De_H9aSnDDxGKcrpwCw,Undirected,1,1
UCLz6MG2kx_0xeaW0LowYnMQ,UCm_1n9F3A6pz-Ms2NP93tBA,Undirected,1,1
UCG5X0VE9kGhT3Hluuw1PcUg,UCOr0o1qvib-TDaCUEdrbtPA,Undirected,1,1
UCG5X0VE9kGhT3Hluuw1PcUg,UCiWXRIM5QQBns6KPgbWZAyA,Undirected,1,1
UCOr0o1qvib-TDaCUEdrbtPA,UCiWXRIM5QQBns6KPgbWZAyA,Undirected,1,1
UChl7kAxzdXCUQDQzk5Qm30g,UCiWXRIM5QQBns6KPgbWZAyA,Undirected,1,1
UChl7kAxzdXCUQDQzk5Qm30g,UCz-IailvAsZZK9_By6ZAnfA,Undirected,1,1
UCiWXRIM5QQBns6KPgbWZAyA,UCz-IailvAsZZK9_By6ZAnfA,Undirected,2,2
UCggV1GgBVYxT4NGpt2VYyMQ,UCiWXRIM5QQBns6KPgbWZAyA,Undirected,1,1
UCggV1GgBVYxT4NGpt2VYyMQ,UClryHGaP83tejN3oGqvRZFA,Undirected,1,1
UCggV1GgBVYxT4NGpt2VYyMQ,UCwl_hcsJW11pZiteJsajxEw,Undirected,1,1
UCggV1GgBVYxT4NGpt2VYyMQ,UCz-IailvAsZZK9_By6ZAnfA,Undirected,1,1
UCiWXRIM5QQBns6KPgbWZAyA,UClryHGaP83tejN3oGqvRZFA,Undirected,1,1
UCiWXRIM5QQBns6KPgbWZAyA,UCwl_hcsJW11pZiteJsajxEw,Undirected,1,1
UClryHGaP83tejN3oGqvRZFA,UCwl_hcsJW11pZiteJsajxEw,Undirected,1,1
UClryHGaP83tejN3oGqvRZFA,UCz-IailvAsZZK9_By6ZAnfA,Undirected,1,1
UCwl_hcsJW11pZiteJsajxEw,UCz-IailvAsZZK9_By6ZAnfA,Undirected,1,1
UCdkkQvJoB0kGgYHCYwSkdww,UCfakqZayQe_kTH6IPD6kXKg,Undirected,1,1
UCDsaRDKTCsGBJMUKx-KtukA,UCNm885IMpFM5k-7ICGdMs7w,Undirected,11,11
UCDsaRDKTCsGBJMUKx-KtukA,UCV5szEvKEntY974aMEfNMEw,Undirected,9,9
UCDsaRDKTCsGBJMUKx-KtukA,UCo68uWcA0lTpPlvVTm3nojQ,Undirected,11,11
UCNm885IMpFM5k-7ICGdMs7w,UCV5szEvKEntY974aMEfNMEw,Undirected,9,9
UCNm885IMpFM5k-7ICGdMs7w,UCo68uWcA0lTpPlvVTm3nojQ,Undirected,11,11
UCV5szEvKEntY974aMEfNMEw,UCo68uWcA0lTpPlvVTm3nojQ,Undirected,9,9
UCDsaRDKTCsGBJMUKx-KtukA,UCcI0OYCT-mRuf_3cURyDJzA,Undirected,1,1
UCNm885IMpFM5k-7ICGdMs7w,UCcI0OYCT-mRuf_3cURyDJzA,Undirected,1,1
UCV5szEvKEntY974aMEfNMEw,UCcI0OYCT-mRuf_3cURyDJzA,Undirected,1,1
UCcI0OYCT-mRuf_3cURyDJzA,UCo68uWcA0lTpPlvVTm3nojQ,Undirected,1,1
UCBFgXkSMHi7v0fbETq68zow,UCDsaRDKTCsGBJMUKx-KtukA,Undirected,1,1
UCBFgXkSMHi7v0fbETq68zow,UCLJ2yAEt9pzOqJnchW9Q8dA,Undirected,1,1
UCBFgXkSMHi7v0fbETq68zow,UCNm885IMpFM5k-7ICGdMs7w,Undirected,1,1
UCBFgXkSMHi7v0fbETq68zow,UCV5szEvKEntY974aMEfNMEw,Undirected,2,2
UCBFgXkSMHi7v0fbETq68zow,UCo68uWcA0lTpPlvVTm3nojQ,Undirected,1,1
UCDsaRDKTCsGBJMUKx-KtukA,UCLJ2yAEt9pzOqJnchW9Q8dA,Undirected,1,1
UCLJ2yAEt9pzOqJnchW9Q8dA,UCNm885IMpFM5k-7ICGdMs7w,Undirected,1,1
UCLJ2yAEt9pzOqJnchW9Q8dA,UCV5szEvKEntY974aMEfNMEw,Undirected,1,1
UCLJ2yAEt9pzOqJnchW9Q8dA,UCo68uWcA0lTpPlvVTm3nojQ,Undirected,1,1
UCDsaRDKTCsGBJMUKx-KtukA,UCoR82EwAPKf0D7DZhr-QYdQ,Undirected,2,2
UCNm885IMpFM5k-7ICGdMs7w,UCoR82EwAPKf0D7DZhr-QYdQ,Undirected,2,2
UCV5szEvKEntY974aMEfNMEw,UCoR82EwAPKf0D7DZhr-QYdQ,Undirected,1,1
UCo68uWcA0lTpPlvVTm3nojQ,UCoR82EwAPKf0D7DZhr-QYdQ,Undirected,1,1
UC43WomfrHDRB6ETeKnNQfUg,UCBFgXkSMHi7v0fbETq68zow,Undirected,1,1
UC43WomfrHDRB6ETeKnNQfUg,UCV5szEvKEntY974aMEfNMEw,Undirected,1,1
UC43WomfrHDRB6ETeKnNQfUg,UCpToE5VBKZOPYev0llwFvOw,Undirected,1,1
UCBFgXkSMHi7v0fbETq68zow,UCpToE5VBKZOPYev0llwFvOw,Undirected,1,1
UCV5szEvKEntY974aMEfNMEw,UCpToE5VBKZOPYev0llwFvOw,Undirected,1,1
UCDsaRDKTCsGBJMUKx-KtukA,UCbqqGrk6R24GUb9aPTqvqVw,Undirected,1,1
UCNm885IMpFM5k-7ICGdMs7w,UCbqqGrk6R24GUb9aPTqvqVw,Undirected,1,1
UCV5szEvKEntY974aMEfNMEw,UCbqqGrk6R24GUb9aPTqvqVw,Undirected,1,1
UCbqqGrk6R24GUb9aPTqvqVw,UCo68uWcA0lTpPlvVTm3nojQ,Undirected,1,1
UCDsaRDKTCsGBJMUKx-KtukA,UCLiIT1BzIwxLYKvVJXyvgBQ,Undirected,3,3
UCLiIT1BzIwxLYKvVJXyvgBQ,UCNm885IMpFM5k-7ICGdMs7w,Undirected,2,2
UCLiIT1BzIwxLYKvVJXyvgBQ,UCV5szEvKEntY974aMEfNMEw,Undirected,1,1
UCLiIT1BzIwxLYKvVJXyvgBQ,UCo68uWcA0lTpPlvVTm3nojQ,Undirected,2,2
UCDsaRDKTCsGBJMUKx-KtukA,UCnOBaBYMfILK_IV8W22g_XQ,Undirected,1,1
UCNm885IMpFM5k-7ICGdMs7w,UCnOBaBYMfILK_IV8W22g_XQ,Undirected,1,1
UCV5szEvKEntY974aMEfNMEw,UCnOBaBYMfILK_IV8W22g_XQ,Undirected,1,1
UCnOBaBYMfILK_IV8W22g_XQ,UCo68uWcA0lTpPlvVTm3nojQ,Undirected,1,1
UCYs9KkGgKqcno4k6undRIPQ,UCyUK_5nPZV5nbPMTSQ9bF0g,Undirected,1,1
UC8Ib-XXYNYJTycmQ3jeH1Ug,UCG8oQMEFSIQ4lU1PIYUwRqw,Undirected,2,2
UCCwUeT5NSf0nwWGlAchZPoQ,UCG8oQMEFSIQ4lU1PIYUwRqw,Undirected,1,1
UCEAmxa7oCprEFEwiP-dc0sg,UCc2CD4h79njy-IUv9Jz1WnQ,Undirected,8,8
UCHaI3nApNygH9pFy3Q025ng,UCQJeE0OumzhvzFBJBtzdM5w,Undirected,1,1
UCHaI3nApNygH9pFy3Q025ng,UC_q5WZtFp36adwqhKpZzxwQ,Undirected,1,1
UCHaI3nApNygH9pFy3Q025ng,UCrkczetjm8_lbYKlCD4E1fw,Undirected,1,1
UCQJeE0OumzhvzFBJBtzdM5w,UC_q5WZtFp36adwqhKpZzxwQ,Undirected,1,1
UCQJeE0OumzhvzFBJBtzdM5w,UCrkczetjm8_lbYKlCD4E1fw,Undirected,1,1
UC_q5WZtFp36adwqhKpZzxwQ,UCrkczetjm8_lbYKlCD4E1fw,Undirected,5,5
UCQmE9qgzRd2eGqJ1Z2ACl5A,UC_q5WZtFp36adwqhKpZzxwQ,Undirected,1,1
UCGQwodjaym11y-y3IyKZAiQ,UC_q5WZtFp36adwqhKpZzxwQ,Undirected,1,1
UCGQwodjaym11y-y3IyKZAiQ,UCtXXTHvX5FyQkduUTxvOZzw,Undirected,1,1
UC_q5WZtFp36adwqhKpZzxwQ,UCtXXTHvX5FyQkduUTxvOZzw,Undirected,1,1
UCVDYbtRWurLxFk4lsqI3W4g,UCd8NFPdgSZcQth4fcQZulEQ,Undirected,2,2
UCVDYbtRWurLxFk4lsqI3W4g,UCrgTEmBuoObZiEXvZ6r3PQg,Undirected,9,9
UCd8NFPdgSZcQth4fcQZulEQ,UCrgTEmBuoObZiEXvZ6r3PQg,Undirected,2,2
UCDogdKl7t7NHzQ95aEwkdMw,UCVDYbtRWurLxFk4lsqI3W4g,Undirected,1,1
UCDogdKl7t7NHzQ95aEwkdMw,UCrgTEmBuoObZiEXvZ6r3PQg,Undirected,1,1
UCVDYbtRWurLxFk4lsqI3W4g,UCVtFOytbRpEvzLjvqGG5gxQ,Undirected,1,1
UCVtFOytbRpEvzLjvqGG5gxQ,UCrgTEmBuoObZiEXvZ6r3PQg,Undirected,1,1
UCPbGiUt4Yu8EsaFM-KAmgjg,UCVDYbtRWurLxFk4lsqI3W4g,Undirected,1,1
UCPbGiUt4Yu8EsaFM-KAmgjg,UCrgTEmBuoObZiEXvZ6r3PQg,Undirected,1,1
UCVDYbtRWurLxFk4lsqI3W4g,UCctNbNYKhhzSKXH60vB7x4A,Undirected,1,1
UCctNbNYKhhzSKXH60vB7x4A,UCrgTEmBuoObZiEXvZ6r3PQg,Undirected,1,1
UCCsj3Uk-cuVQejdoX-Pc_Lg,UCagoz5xdDQtz4HLtNOuMkUw,Undirected,1,1
UCCsj3Uk-cuVQejdoX-Pc_Lg,UCnyxus3H0_-F8Q6gQTkg41g,Undirected,1,1
UCCsj3Uk-cuVQejdoX-Pc_Lg,UCyps-v4WNjWDnYRKmZ4BUGw,Undirected,1,1
UCCsj3Uk-cuVQejdoX-Pc_Lg,UCytgnJE6TrzTTq19GYCOyTg,Undirected,1,1
UCagoz5xdDQtz4HLtNOuMkUw,UCnyxus3H0_-F8Q6gQTkg41g,Undirected,1,1
UCagoz5xdDQtz4HLtNOuMkUw,UCyps-v4WNjWDnYRKmZ4BUGw,Undirected,1,1
UCagoz5xdDQtz4HLtNOuMkUw,UCytgnJE6TrzTTq19GYCOyTg,Undirected,1,1
UCnyxus3H0_-F8Q6gQTkg41g,UCyps-v4WNjWDnYRKmZ4BUGw,Undirected,1,1
UCnyxus3H0_-F8Q6gQTkg41g,UCytgnJE6TrzTTq19GYCOyTg,Undirected,1,1
UCyps-v4WNjWDnYRKmZ4BUGw,UCytgnJE6TrzTTq19GYCOyTg,Undirected,14,14
UCC3QcELzK0ioPW2sBJXAHEw,UCZcKjBfT0e4gpm1DdmwQKsw,Undirected,1,1
UCC3QcELzK0ioPW2sBJXAHEw,UCyps-v4WNjWDnYRKmZ4BUGw,Undirected,1,1
UCZcKjBfT0e4gpm1DdmwQKsw,UCyps-v4WNjWDnYRKmZ4BUGw,Undirected,2,2
UCTevXUV9L6_hgvFlLDMmf1w,UCb9iyrxkhvfG2mLUuI_1eUQ,Undirected,1,1
UCTevXUV9L6_hgvFlLDMmf1w,UCey-eDTR5J6xU6pZ2f4guoA,Undirected,1,1
UCTevXUV9L6_hgvFlLDMmf1w,UCsiqlKIUDHZJVG4smMvhF4w,Undirected,1,1
UCTevXUV9L6_hgvFlLDMmf1w,UCyps-v4WNjWDnYRKmZ4BUGw,Undirected,1,1
UCb9iyrxkhvfG2mLUuI_1eUQ,UCey-eDTR5J6xU6pZ2f4guoA,Undirected,1,1
UCb9iyrxkhvfG2mLUuI_1eUQ,UCsiqlKIUDHZJVG4smMvhF4w,Undirected,1,1
UCb9iyrxkhvfG2mLUuI_1eUQ,UCyps-v4WNjWDnYRKmZ4BUGw,Undirected,1,1
UCey-eDTR5J6xU6pZ2f4guoA,UCsiqlKIUDHZJVG4smMvhF4w,Undirected,1,1
UCey-eDTR5J6xU6pZ2f4guoA,UCyps-v4WNjWDnYRKmZ4BUGw,Undirected,1,1
UCsiqlKIUDHZJVG4smMvhF4w,UCyps-v4WNjWDnYRKmZ4BUGw,Undirected,1,1
UCGgJAPk89HEfrPDPhbxHFSA,UCyps-v4WNjWDnYRKmZ4BUGw,Undirected,2,2
UCGgJAPk89HEfrPDPhbxHFSA,UCytgnJE6TrzTTq19GYCOyTg,Undirected,2,2
UCj25EgqxLL4HlUYkug7duig,UCnmgJmPEGl32RGkOL8nhWJA,Undirected,3,3
UCXT06hjHOF6ERJ5Zydr4e-A,UCj25EgqxLL4HlUYkug7duig,Undirected,1,1
UC3xvVkOrs3HV567JY4ERKjw,UC5KQq8QVBOLAMwUNnjpXwbw,Undirected,3,3
UC3xvVkOrs3HV567JY4ERKjw,UCtQ3NfmlxDDWyhfxxgOsJhA,Undirected,11,11
UC5KQq8QVBOLAMwUNnjpXwbw,UCtQ3NfmlxDDWyhfxxgOsJhA,Undirected,3,3
UC3xvVkOrs3HV567JY4ERKjw,UCgON8HBBSs1YzkqS_M6o4AA,Undirected,1,1
UCgON8HBBSs1YzkqS_M6o4AA,UCtQ3NfmlxDDWyhfxxgOsJhA,Undirected,2,2
UC3xvVkOrs3HV567JY4ERKjw,UCFMv8zxmt6bc4lVKyT2PniQ,Undirected,1,1
UCFMv8zxmt6bc4lVKyT2PniQ,UCtQ3NfmlxDDWyhfxxgOsJhA,Undirected,1,1
UC3xvVkOrs3HV567JY4ERKjw,UCVCe4uqy-3f8Ee7dFvZllug,Undirected,1,1
UC3xvVkOrs3HV567JY4ERKjw,UCj-wTLj0p0YvTkS-9-ACm0A,Undirected,1,1
UC3xvVkOrs3HV567JY4ERKjw,UCzOfLNkiScJp3U_h_QlvHHg,Undirected,2,2
UCVCe4uqy-3f8Ee7dFvZllug,UCj-wTLj0p0YvTkS-9-ACm0A,Undirected,6,6
UCVCe4uqy-3f8Ee7dFvZllug,UCtQ3NfmlxDDWyhfxxgOsJhA,Undirected,3,3
UCVCe4uqy-3f8Ee7dFvZllug,UCzOfLNkiScJp3U_h_QlvHHg,Undirected,3,3
UCj-wTLj0p0YvTkS-9-ACm0A,UCtQ3NfmlxDDWyhfxxgOsJhA,Undirected,3,3
UCj-wTLj0p0YvTkS-9-ACm0A,UCzOfLNkiScJp3U_h_QlvHHg,Undirected,3,3
UCtQ3NfmlxDDWyhfxxgOsJhA,UCzOfLNkiScJp3U_h_QlvHHg,Undirected,4,4
UC3xvVkOrs3HV567JY4ERKjw,UCj25EgqxLL4HlUYkug7duig,Undirected,1,1
UC4eLhoPOULG6g66v_w-irXQ,UCYLykz0SL1BiAzRoKPyuxMw,Undirected,1,1
UC4eLhoPOULG6g66v_w-irXQ,UCj2ymBsOWhq1A9fFWtd_aVg,Undirected,1,1
UCYLykz0SL1BiAzRoKPyuxMw,UCj2ymBsOWhq1A9fFWtd_aVg,Undirected,1,1
UCLIA48HKtdafC9Nme0gTrkg,UCgivJUSEde-VsQGFWYFN0NQ,Undirected,1,1
UCGSN_cIgIcBYZhumot7LXhg,UCX-dnA-fM_Udj_XyUY1XNnA,Undirected,14,14
UC3nGUU-1Vmx17Oh7vVhC4Lg,UC7DIEFF46WmrUNhUK_ZmV5g,Undirected,5,5
UC3nGUU-1Vmx17Oh7vVhC4Lg,UC5M-zwNtSM_M2-J-wyRgl4g,Undirected,1,1
UCLkNcN2ort4Rf5VcL1cfx0A,UCUHFOcfiUoYHhMhLNuY_dUg,Undirected,1,1
UCLkNcN2ort4Rf5VcL1cfx0A,UCVzglaKuLai2OwCOyG7AOiA,Undirected,1,1
UCUHFOcfiUoYHhMhLNuY_dUg,UCVzglaKuLai2OwCOyG7AOiA,Undirected,1,1
UC5pbZl4urNZOr9aPxMC1xfg,UCAnb4PnS1cc4k3L_rouYSxw,Undirected,1,1
UCAnb4PnS1cc4k3L_rouYSxw,UCUHFOcfiUoYHhMhLNuY_dUg,Undirected,1,1
UCUHFOcfiUoYHhMhLNuY_dUg,UCfgFnHXoUvMiWxVB8ALnX5g,Undirected,1,1
UC6D6iPcrcPhAb6970f7LCcw,UCIQI-JhkmR3BxliUbopkkFQ,Undirected,1,1
UC2oLDNaqTRNJxpNBSl9kjug,UCe5DHZEhaPnxFX6wriSiu5g,Undirected,1,1
UC842TxhSx8T57RGabqMwYcg,UCb1gWOLQPCgUl_WY-zSvL7A,Undirected,3,3
UC842TxhSx8T57RGabqMwYcg,UCAz5JW1_oryewk0eR-eP7Bw,Undirected,1,1
UC842TxhSx8T57RGabqMwYcg,UCmkTBtGbf0gSPnHN_slNrOQ,Undirected,1,1
UC842TxhSx8T57RGabqMwYcg,UCmuobr4DmrmLI1BaGZD3p5w,Undirected,1,1
UCAz5JW1_oryewk0eR-eP7Bw,UCb1gWOLQPCgUl_WY-zSvL7A,Undirected,1,1
UCAz5JW1_oryewk0eR-eP7Bw,UCmkTBtGbf0gSPnHN_slNrOQ,Undirected,1,1
UCAz5JW1_oryewk0eR-eP7Bw,UCmuobr4DmrmLI1BaGZD3p5w,Undirected,1,1
UCb1gWOLQPCgUl_WY-zSvL7A,UCmkTBtGbf0gSPnHN_slNrOQ,Undirected,1,1
UCb1gWOLQPCgUl_WY-zSvL7A,UCmuobr4DmrmLI1BaGZD3p5w,Undirected,1,1
UCmkTBtGbf0gSPnHN_slNrOQ,UCmuobr4DmrmLI1BaGZD3p5w,Undirected,2,2
UC7TCBDOEA3rkyi1DceRx2eQ,UC842TxhSx8T57RGabqMwYcg,Undirected,1,1
UC-9jtC-fuSz0Qs08YCZVzeg,UC842TxhSx8T57RGabqMwYcg,Undirected,2,2
UC842TxhSx8T57RGabqMwYcg,UCYYry2Bwe6SfJ-kqUfhQbfQ,Undirected,1,1
UC4yb1fKSvCkKes6Kw41wRag,UCR8e2oQ06uYJ6yas1VnEx3Q,Undirected,3,3
UCCZ_iU8loe5ds25r4iHsrgQ,UCDho0k4J3qvekjkqL4sepfQ,Undirected,3,3
UCCZ_iU8loe5ds25r4iHsrgQ,UCIFgOdb3qF5RUHwORP_XFgA,Undirected,2,2
UCCZ_iU8loe5ds25r4iHsrgQ,UCZucaR26EKPH_U4HW2djLzQ,Undirected,4,4
UCCZ_iU8loe5ds25r4iHsrgQ,UCqwowzhSTaRdGqZ80Gb0GBQ,Undirected,1,1
UCDho0k4J3qvekjkqL4sepfQ,UCIFgOdb3qF5RUHwORP_XFgA,Undirected,2,2
UCDho0k4J3qvekjkqL4sepfQ,UCZucaR26EKPH_U4HW2djLzQ,Undirected,2,2
UCDho0k4J3qvekjkqL4sepfQ,UCqwowzhSTaRdGqZ80Gb0GBQ,Undirected,2,2
UCIFgOdb3qF5RUHwORP_XFgA,UCZucaR26EKPH_U4HW2djLzQ,Undirected,8,8
UCIFgOdb3qF5RUHwORP_XFgA,UCqwowzhSTaRdGqZ80Gb0GBQ,Undirected,11,11
UCZucaR26EKPH_U4HW2djLzQ,UCqwowzhSTaRdGqZ80Gb0GBQ,Undirected,7,7
UCDho0k4J3qvekjkqL4sepfQ,UCFbfFv3bjWctmO2IQoHLiHg,Undirected,1,1
UCDho0k4J3qvekjkqL4sepfQ,UCPBxxpnijSZhPvxb1RyJP1w,Undirected,1,1
UCDho0k4J3qvekjkqL4sepfQ,UCmSzil13YD_XmADLT9PBBBg,Undirected,1,1
UCFbfFv3bjWctmO2IQoHLiHg,UCPBxxpnijSZhPvxb1RyJP1w,Undirected,1,1
UCFbfFv3bjWctmO2IQoHLiHg,UCmSzil13YD_XmADLT9PBBBg,Undirected,1,1
UCPBxxpnijSZhPvxb1RyJP1w,UCmSzil13YD_XmADLT9PBBBg,Undirected,1,1
UCCZ_iU8loe5ds25r4iHsrgQ,UCGYhSRkssfQRwgzkvD97qNg,Undirected,2,2
UCCZ_iU8loe5ds25r4iHsrgQ,UCQKBhMmTXoZW5NSUNKIR3bg,Undirected,16,16
UCCZ_iU8loe5ds25r4iHsrgQ,UCjsUCGBofGpdxtwVURGzR2A,Undirected,2,2
UCDho0k4J3qvekjkqL4sepfQ,UCGYhSRkssfQRwgzkvD97qNg,Undirected,2,2
UCDho0k4J3qvekjkqL4sepfQ,UCQKBhMmTXoZW5NSUNKIR3bg,Undirected,2,2
UCDho0k4J3qvekjkqL4sepfQ,UCjsUCGBofGpdxtwVURGzR2A,Undirected,2,2
UCGYhSRkssfQRwgzkvD97qNg,UCQKBhMmTXoZW5NSUNKIR3bg,Undirected,2,2
UCGYhSRkssfQRwgzkvD97qNg,UCjsUCGBofGpdxtwVURGzR2A,Undirected,2,2
UCQKBhMmTXoZW5NSUNKIR3bg,UCjsUCGBofGpdxtwVURGzR2A,Undirected,2,2
UC6_L7fnczNalFZyBthUE9oA,UCDho0k4J3qvekjkqL4sepfQ,Undirected,1,1
UC6_L7fnczNalFZyBthUE9oA,UCWSZlJFcfm4TsQtjZBMbg4g,Undirected,1,1
UCDho0k4J3qvekjkqL4sepfQ,UCWSZlJFcfm4TsQtjZBMbg4g,Undirected,1,1
UCFYMDSW-BzeYZKFSxROw3Rg,UCL8Wk-_MgnFnZV5Hfn9eM7g,Undirected,2,2
UC48fXF20iLbWnKMOYx248Eg,UC8dXwMlwVotPmzCgvN7EkyQ,Undirected,1,1
UC48fXF20iLbWnKMOYx248Eg,UCL8Wk-_MgnFnZV5Hfn9eM7g,Undirected,1,1
UC48fXF20iLbWnKMOYx248Eg,UClE8c2-Q9rYwOApdf3OuTAA,Undirected,1,1
UC48fXF20iLbWnKMOYx248Eg,UCn_FAXem2-e3HQvmK-mOH4g,Undirected,1,1
UC48fXF20iLbWnKMOYx248Eg,UCqvpFAiRcY96CjKwiGHgwpg,Undirected,1,1
UC8dXwMlwVotPmzCgvN7EkyQ,UCL8Wk-_MgnFnZV5Hfn9eM7g,Undirected,1,1
UC8dXwMlwVotPmzCgvN7EkyQ,UClE8c2-Q9rYwOApdf3OuTAA,Undirected,1,1
UC8dXwMlwVotPmzCgvN7EkyQ,UCn_FAXem2-e3HQvmK-mOH4g,Undirected,1,1
UC8dXwMlwVotPmzCgvN7EkyQ,UCqvpFAiRcY96CjKwiGHgwpg,Undirected,1,1
UCL8Wk-_MgnFnZV5Hfn9eM7g,UClE8c2-Q9rYwOApdf3OuTAA,Undirected,1,1
UCL8Wk-_MgnFnZV5Hfn9eM7g,UCn_FAXem2-e3HQvmK-mOH4g,Undirected,1,1
UCL8Wk-_MgnFnZV5Hfn9eM7g,UCqvpFAiRcY96CjKwiGHgwpg,Undirected,1,1
UClE8c2-Q9rYwOApdf3OuTAA,UCn_FAXem2-e3HQvmK-mOH4g,Undirected,1,1
UClE8c2-Q9rYwOApdf3OuTAA,UCqvpFAiRcY96CjKwiGHgwpg,Undirected,1,1
UCR9NuNwCUIhMOLUQnLN7_WA,UCpG_tPlsIkdPJJ77c9tIfWQ,Undirected,1,1
UCHyWlppyelhTaxf9BC8H8PA,UCbnb5Us0My7jf2tB6AMcLPA,Undirected,1,1
UCTXjlJy0yfMgDdPEaV1NWpg,UCbnb5Us0My7jf2tB6AMcLPA,Undirected,1,1
UCYzPXprvl5Y-Sf0g4vX-m6g,UClwIEnjZz02c4CBe_1UNIDg,Undirected,28,28
UC63anZxfVGHUEmfBAf5w7pw,UCr1kbyiJzl-x5YYDxhYJuPw,Undirected,6,6
UC4DP6Lra7Pi0sM0cpKw5MOw,UCDEhH9sddWCTZJ1vZHVrRSQ,Undirected,2,2
UCB9WOAf7gaCLiFnB2R46TIw,UCDEhH9sddWCTZJ1vZHVrRSQ,Undirected,1,1
UCDEhH9sddWCTZJ1vZHVrRSQ,UCLvLAifAoZQUhlYO4t_TQ2A,Undirected,3,3
UCDEhH9sddWCTZJ1vZHVrRSQ,UCcJqlQ6QiejqMJjVg-K56vQ,Undirected,1,1
UC8Wptjp2-WD6ZFBX_39FVSQ,UCU_qXbSw1BIWiwWrNwek_Ew,Undirected,1,1
UC8Wptjp2-WD6ZFBX_39FVSQ,UCvBE52PK51yJTLMT4QzcTTQ,Undirected,1,1
UC8Wptjp2-WD6ZFBX_39FVSQ,UCz3l6nyODzXLzTxIkARZ8rw,Undirected,3,3
UCU_qXbSw1BIWiwWrNwek_Ew,UCvBE52PK51yJTLMT4QzcTTQ,Undirected,1,1
UCU_qXbSw1BIWiwWrNwek_Ew,UCz3l6nyODzXLzTxIkARZ8rw,Undirected,1,1
UCvBE52PK51yJTLMT4QzcTTQ,UCz3l6nyODzXLzTxIkARZ8rw,Undirected,1,1
UCIabPXjvT5BVTxRDPCBBOOQ,UC_p_9arduPuxM8DHTGIuSOg,Undirected,1,1
UCIabPXjvT5BVTxRDPCBBOOQ,UCl7dSJloxuCa9IBFml7sakw,Undirected,1,1
UCIabPXjvT5BVTxRDPCBBOOQ,UCz3l6nyODzXLzTxIkARZ8rw,Undirected,1,1
UC_p_9arduPuxM8DHTGIuSOg,UCl7dSJloxuCa9IBFml7sakw,Undirected,1,1
UC_p_9arduPuxM8DHTGIuSOg,UCz3l6nyODzXLzTxIkARZ8rw,Undirected,1,1
UCl7dSJloxuCa9IBFml7sakw,UCz3l6nyODzXLzTxIkARZ8rw,Undirected,2,2
UC8Wptjp2-WD6ZFBX_39FVSQ,UCbxiFqbJKcGPXNJw9EeV90w,Undirected,2,2
UCbxiFqbJKcGPXNJw9EeV90w,UCz3l6nyODzXLzTxIkARZ8rw,Undirected,2,2
UCUmLRMERmJrmUtgnbFfknAg,UChl_NKOs1qqh_x7yJfaDpDw,Undirected,1,1
UCUmLRMERmJrmUtgnbFfknAg,UCl7dSJloxuCa9IBFml7sakw,Undirected,1,1
UCUmLRMERmJrmUtgnbFfknAg,UCz3l6nyODzXLzTxIkARZ8rw,Undirected,1,1
UChl_NKOs1qqh_x7yJfaDpDw,UCl7dSJloxuCa9IBFml7sakw,Undirected,1,1
UChl_NKOs1qqh_x7yJfaDpDw,UCz3l6nyODzXLzTxIkARZ8rw,Undirected,1,1
UCjal8aQDDOFLEot_W2tG84g,UCjhYUoOLDwJAOF4wUzo3Hcw,Undirected,1,1
UCY1kMZp36IQSyNx_9h4mpCg,UCaYNVIORCDQ30YKHlCbFkCQ,Undirected,22,22
UCY1kMZp36IQSyNx_9h4mpCg,UCklk666oOZN25cRyV5f85Bw,Undirected,1,1
UCaYNVIORCDQ30YKHlCbFkCQ,UCklk666oOZN25cRyV5f85Bw,Undirected,1,1
UCEq2PYMnBNWNzrG69Lm9oXQ,UCY1kMZp36IQSyNx_9h4mpCg,Undirected,1,1
UCEq2PYMnBNWNzrG69Lm9oXQ,UCaYNVIORCDQ30YKHlCbFkCQ,Undirected,1,1
UCEq2PYMnBNWNzrG69Lm9oXQ,UCs_H7Ry5XKs4wjYhYGI8rzw,Undirected,1,1
UCY1kMZp36IQSyNx_9h4mpCg,UCs_H7Ry5XKs4wjYhYGI8rzw,Undirected,19,19
UCaYNVIORCDQ30YKHlCbFkCQ,UCs_H7Ry5XKs4wjYhYGI8rzw,Undirected,19,19
UCJWjiXxsH7Nb2354JHI4q0Q,UCY1kMZp36IQSyNx_9h4mpCg,Undirected,2,2
UCJWjiXxsH7Nb2354JHI4q0Q,UCaYNVIORCDQ30YKHlCbFkCQ,Undirected,2,2
UCJWjiXxsH7Nb2354JHI4q0Q,UCs_H7Ry5XKs4wjYhYGI8rzw,Undirected,2,2
UCafxR2HWJRmMfSdyZXvZMTw,UCkjiScisYL0Kws0Zsk2YTVQ,Undirected,1,1
UCafxR2HWJRmMfSdyZXvZMTw,UCp68_FLety0O-n9QU6phsgw,Undirected,1,1
UCkjiScisYL0Kws0Zsk2YTVQ,UCp68_FLety0O-n9QU6phsgw,Undirected,3,3
UC5UoBrrpfUDOzb4n6Cwtoww,UCLMlPk9m2swXfCq4u3lGWVg,Undirected,1,1
UC6wAOXWeHqXFlhOpuyOcUCA,UCLMlPk9m2swXfCq4u3lGWVg,Undirected,1,1
UC2qn0BbyTywWCuAy1f1ecfg,UCfPgvpTVkGhY05Y3Gg6CbDw,Undirected,1,1
UCiLD9i3O8tY5d-LyQ1GxsTQ,UCzjMLq5pbcpAMCCYW92yJbQ,Undirected,2,2
UCJB5HVP851yu1DYpnesm0hg,UCXlppUGWeGtHBp_1xKsawmQ,Undirected,1,1
UCJB5HVP851yu1DYpnesm0hg,UCiLD9i3O8tY5d-LyQ1GxsTQ,Undirected,1,1
UC2o4gzqNBv5I2DQ0HQJ-LhA,UCpbY17JlE2OTi-4aO7b1FmA,Undirected,1,1
UC-lmdv0OTb4uQQSzwbzhLsg,UCWBjfiypvusK44o9AC9T49g,Undirected,1,1
UC-lmdv0OTb4uQQSzwbzhLsg,UCxMvBVO4oPM7V0nQU3DwU-g,Undirected,2,2
UCFoZROBgY5XDzY1JnBwruaA,UCerc0TvJ33bhEjtKyauXWpQ,Undirected,14,14
UCFoZROBgY5XDzY1JnBwruaA,UCiOMGzGS-mK1vyPQ4h_kt5g,Undirected,12,12
UCerc0TvJ33bhEjtKyauXWpQ,UCiOMGzGS-mK1vyPQ4h_kt5g,Undirected,7,7
UCerc0TvJ33bhEjtKyauXWpQ,UCqwWrNcvoloB0_ZNBI4irng,Undirected,8,8
UCiOMGzGS-mK1vyPQ4h_kt5g,UCqwWrNcvoloB0_ZNBI4irng,Undirected,8,8
UCFoZROBgY5XDzY1JnBwruaA,UComJjpEGvbavdpH7zpNZRxg,Undirected,1,1
UCerc0TvJ33bhEjtKyauXWpQ,UComJjpEGvbavdpH7zpNZRxg,Undirected,3,3
UCFoZROBgY5XDzY1JnBwruaA,UCugriktWCA3YRLx7RHvQCFg,Undirected,1,1
UCerc0TvJ33bhEjtKyauXWpQ,UCugriktWCA3YRLx7RHvQCFg,Undirected,1,1
UCiOMGzGS-mK1vyPQ4h_kt5g,UCugriktWCA3YRLx7RHvQCFg,Undirected,1,1
UCqwWrNcvoloB0_ZNBI4irng,UCugriktWCA3YRLx7RHvQCFg,Undirected,1,1
UC-FA2V0ezkr42LDQetasT8g,UCw0FZbUEuTz5biFJ7XzoYSQ,Undirected,1,1
UC-lmdv0OTb4uQQSzwbzhLsg,UCw0FZbUEuTz5biFJ7XzoYSQ,Undirected,1,1
UCFoZROBgY5XDzY1JnBwruaA,UCw0FZbUEuTz5biFJ7XzoYSQ,Undirected,1,1
UCIQkzSpi4KHp3dRV210X8uA,UCYhq_V9OLCI7aastE0G8zBA,Undirected,20,20
UCN7PqlXD9c5owpmZtrspVsw,UCrApZGe8ZlRy1T1Ud4KQwFQ,Undirected,2,2
UCN7PqlXD9c5owpmZtrspVsw,UCt9_oveY1S0tOaFtbtPMeWg,Undirected,3,3
UCN7PqlXD9c5owpmZtrspVsw,UCtlAfOQoDvjyeqwpdtqo3Tw,Undirected,2,2
UCrApZGe8ZlRy1T1Ud4KQwFQ,UCt9_oveY1S0tOaFtbtPMeWg,Undirected,2,2
UCrApZGe8ZlRy1T1Ud4KQwFQ,UCtlAfOQoDvjyeqwpdtqo3Tw,Undirected,2,2
UCt9_oveY1S0tOaFtbtPMeWg,UCtlAfOQoDvjyeqwpdtqo3Tw,Undirected,2,2
UC3lnJuLsHSZnlcivMjZFmZQ,UCAbADxwVOUVjlqWKcCrxdPw,Undirected,1,1
UC3lnJuLsHSZnlcivMjZFmZQ,UCDtcTrnmDBLAmDfH8BCMVVg,Undirected,1,1
UC3lnJuLsHSZnlcivMjZFmZQ,UCY8BofpKHYCna9QZ8L4h5Fw,Undirected,1,1
UCAbADxwVOUVjlqWKcCrxdPw,UCDtcTrnmDBLAmDfH8BCMVVg,Undirected,1,1
UCAbADxwVOUVjlqWKcCrxdPw,UCY8BofpKHYCna9QZ8L4h5Fw,Undirected,1,1
UCDtcTrnmDBLAmDfH8BCMVVg,UCY8BofpKHYCna9QZ8L4h5Fw,Undirected,1,1
UCAbADxwVOUVjlqWKcCrxdPw,UCpeS9wqRVa7NkKheBb-jJQA,Undirected,3,3
UCFhiWa7jFNK29lDmDfjKjTQ,UCV8ASQ3pgshhYzsXThkaUvA,Undirected,1,1
UCFhiWa7jFNK29lDmDfjKjTQ,UCPPllaNj9i1jKlvK3HmEFuw,Undirected,4,4
UCAxZg_u4S5QN9c6FG1Znxbg,UCFhiWa7jFNK29lDmDfjKjTQ,Undirected,10,10
UCUBGX0l0vIoOCD89_qdp9uQ,UCaEfwwGDuM44x7YhMmpfyAg,Undirected,10,10
UCY8BofpKHYCna9QZ8L4h5Fw,UCaEfwwGDuM44x7YhMmpfyAg,Undirected,20,20
UC1Tlje8tyV0fejlnbNdrvsA,UCGYuf8N6TGE6YVNurOqUjSQ,Undirected,10,10
UC1Tlje8tyV0fejlnbNdrvsA,UCRaRL1yyZQF7rKYJDIJvxRA,Undirected,9,9
UC1Tlje8tyV0fejlnbNdrvsA,UCY8BofpKHYCna9QZ8L4h5Fw,Undirected,4,4
UC1Tlje8tyV0fejlnbNdrvsA,UCaLdszFqat3-w1iPs2t2BNQ,Undirected,4,4
UC1Tlje8tyV0fejlnbNdrvsA,UChsqu8g9SRU9GDvw4EExTyQ,Undirected,4,4
UCGYuf8N6TGE6YVNurOqUjSQ,UChsqu8g9SRU9GDvw4EExTyQ,Undirected,10,10
UCRaRL1yyZQF7rKYJDIJvxRA,UChsqu8g9SRU9GDvw4EExTyQ,Undirected,10,10
UCY8BofpKHYCna9QZ8L4h5Fw,UChsqu8g9SRU9GDvw4EExTyQ,Undirected,10,10
UCaLdszFqat3-w1iPs2t2BNQ,UChsqu8g9SRU9GDvw4EExTyQ,Undirected,10,10
UCdVnOfmhI0sNGdaH5yldztg,UCe7MlnaxzpUZve253jOXJoQ,Undirected,9,9
UCAY8JQWE18AxhvSMTTs9bIQ,UCD0gkJpb0PBY-Nh_mH48tfQ,Undirected,1,1
UCAY8JQWE18AxhvSMTTs9bIQ,UCdVnOfmhI0sNGdaH5yldztg,Undirected,1,1
UCAY8JQWE18AxhvSMTTs9bIQ,UCe7MlnaxzpUZve253jOXJoQ,Undirected,1,1
UCAY8JQWE18AxhvSMTTs9bIQ,UCtQ74RU_J-VhQZX255-WLYw,Undirected,1,1
UCD0gkJpb0PBY-Nh_mH48tfQ,UCdVnOfmhI0sNGdaH5yldztg,Undirected,1,1
UCD0gkJpb0PBY-Nh_mH48tfQ,UCe7MlnaxzpUZve253jOXJoQ,Undirected,1,1
UCD0gkJpb0PBY-Nh_mH48tfQ,UCtQ74RU_J-VhQZX255-WLYw,Undirected,1,1
UCdVnOfmhI0sNGdaH5yldztg,UCtQ74RU_J-VhQZX255-WLYw,Undirected,1,1
UCe7MlnaxzpUZve253jOXJoQ,UCtQ74RU_J-VhQZX255-WLYw,Undirected,1,1
UC1tk9F5-MGXEq4LWnjmrtpA,UCB8DR-ao7ZfoAwoYRXE3VJw,Undirected,1,1
UC1tk9F5-MGXEq4LWnjmrtpA,UCIePNTYsCYSd3o13zXKLOrg,Undirected,4,4
UCB8DR-ao7ZfoAwoYRXE3VJw,UCFIAtyXz7XgNND_2GlE6t3A,Undirected,1,1
UCB8DR-ao7ZfoAwoYRXE3VJw,UCIePNTYsCYSd3o13zXKLOrg,Undirected,1,1
UCB8DR-ao7ZfoAwoYRXE3VJw,UCZ3ryrdsdqezi2q-AfRw6Rw,Undirected,1,1
UCFIAtyXz7XgNND_2GlE6t3A,UCIePNTYsCYSd3o13zXKLOrg,Undirected,4,4
UCIePNTYsCYSd3o13zXKLOrg,UCZ3ryrdsdqezi2q-AfRw6Rw,Undirected,5,5
UC1tk9F5-MGXEq4LWnjmrtpA,UCEqBb37k-pKRQPG-_MvtAeA,Undirected,1,1
UCEqBb37k-pKRQPG-_MvtAeA,UCFIAtyXz7XgNND_2GlE6t3A,Undirected,1,1
UCEqBb37k-pKRQPG-_MvtAeA,UCIePNTYsCYSd3o13zXKLOrg,Undirected,1,1
UCEqBb37k-pKRQPG-_MvtAeA,UCZ3ryrdsdqezi2q-AfRw6Rw,Undirected,1,1
UCMb3GM82bJL7JW1t9e6UEvQ,UCks-DAfflbJtUwy01rwJaGQ,Undirected,1,1
UCMb3GM82bJL7JW1t9e6UEvQ,UCr24Ll7IT2hPquu-n11dNWQ,Undirected,1,1
UCks-DAfflbJtUwy01rwJaGQ,UCr24Ll7IT2hPquu-n11dNWQ,Undirected,1,1
UC1FByWnYWrAWcCmijBURkfg,UC1tk9F5-MGXEq4LWnjmrtpA,Undirected,1,1
UC1FByWnYWrAWcCmijBURkfg,UCFIAtyXz7XgNND_2GlE6t3A,Undirected,1,1
UC1FByWnYWrAWcCmijBURkfg,UCIePNTYsCYSd3o13zXKLOrg,Undirected,1,1
UC1FByWnYWrAWcCmijBURkfg,UCZ3ryrdsdqezi2q-AfRw6Rw,Undirected,1,1
UC1FByWnYWrAWcCmijBURkfg,UCB8DR-ao7ZfoAwoYRXE3VJw,Undirected,1,1
UCB8DR-ao7ZfoAwoYRXE3VJw,UCs7eh4DZC6HXiizJXLj3_FA,Undirected,1,1
UC1tk9F5-MGXEq4LWnjmrtpA,UCxP9lRliG6xyAbx8Dp3OR1w,Undirected,1,1
UCFIAtyXz7XgNND_2GlE6t3A,UCxP9lRliG6xyAbx8Dp3OR1w,Undirected,1,1
UCIePNTYsCYSd3o13zXKLOrg,UCxP9lRliG6xyAbx8Dp3OR1w,Undirected,1,1
UCZ3ryrdsdqezi2q-AfRw6Rw,UCxP9lRliG6xyAbx8Dp3OR1w,Undirected,1,1
UCNwP0ghb6J-xRSTqM3sXVXA,UCkPhQEwdob-Dc539qnJASvg,Undirected,1,1
UCNhplGFoeT_ylmw0MNP_LqA,UCkPhQEwdob-Dc539qnJASvg,Undirected,2,2
UCZwXiIKBc9ok5QsOqXk5kiw,UCkPhQEwdob-Dc539qnJASvg,Undirected,1,1
UC9eX-yFQNy_puCqa-QIKD0Q,UCkPhQEwdob-Dc539qnJASvg,Undirected,2,2
UCJB1hgmiAD4ysg0Ao7uS8Rw,UCYRSuz5cmJeSNnGB7jedITg,Undirected,19,19
UCJB1hgmiAD4ysg0Ao7uS8Rw,UCkPhQEwdob-Dc539qnJASvg,Undirected,2,2
UCYRSuz5cmJeSNnGB7jedITg,UCkPhQEwdob-Dc539qnJASvg,Undirected,3,3
UCTi_rzf5QIkXjhJjkbcAdTg,UCt5-0i4AVHXaWJrL8Wql3mw,Undirected,18,18
UC4l9gz3q65lTBFfFtW5LLeA,UCTi_rzf5QIkXjhJjkbcAdTg,Undirected,1,1
UC4l9gz3q65lTBFfFtW5LLeA,UCt5-0i4AVHXaWJrL8Wql3mw,Undirected,1,1
UCE6y9y5aDYL6ZMziu3CnSBw,UCt5-0i4AVHXaWJrL8Wql3mw,Undirected,1,1
UCNTf7ZKptL1prA2AfUMuFIw,UCSAFgtALLOrJ7P5yJh7YbPw,Undirected,1,1
UCNTf7ZKptL1prA2AfUMuFIw,UCtmL-ahW1SLAN8Y31zkIJGQ,Undirected,1,1
UCSAFgtALLOrJ7P5yJh7YbPw,UCtmL-ahW1SLAN8Y31zkIJGQ,Undirected,1,1
UCkevX8TzdLiIS12WPwKTS7A,UCqEmTmyRamfTHxCVYR_gluA,Undirected,1,1
UCkevX8TzdLiIS12WPwKTS7A,UCtmL-ahW1SLAN8Y31zkIJGQ,Undirected,1,1
UCqEmTmyRamfTHxCVYR_gluA,UCtmL-ahW1SLAN8Y31zkIJGQ,Undirected,3,3
UC8mw-7p1VCpW1PvE3WZvmLQ,UCtmL-ahW1SLAN8Y31zkIJGQ,Undirected,1,1
UCRo9X4fi28EBGc4ABdSW_kg,UCtmL-ahW1SLAN8Y31zkIJGQ,Undirected,1,1
UCBuLdF0tQn5oZjpvYWSQkaA,UCtmL-ahW1SLAN8Y31zkIJGQ,Undirected,2,2
UCBuLdF0tQn5oZjpvYWSQkaA,UCqEmTmyRamfTHxCVYR_gluA,Undirected,1,1
UCKZRL75vTjqbgd0WVdqF3Qg,UCtmL-ahW1SLAN8Y31zkIJGQ,Undirected,1,1
UC6441KFh3-Bp09EVE3F21rg,UCUw-A6ukSFra1ksrxO5sBag,Undirected,2,2
UC6441KFh3-Bp09EVE3F21rg,UCJxIK02Po3xa46jG9RtbGYA,Undirected,1,1
UCJxIK02Po3xa46jG9RtbGYA,UCUw-A6ukSFra1ksrxO5sBag,Undirected,1,1
UC6441KFh3-Bp09EVE3F21rg,UCaIknTQMyeA4rNtUPTZPZAA,Undirected,1,1
UCRDBQBV4msi1L7Zu7p-eLpQ,UCepkcGa3-DVdNHcHGwEkXTg,Undirected,2,2
UCDvZpvrjCMfNDMasZEmkFuQ,UCIYs6nBtvkXWjTNZWNRtD-g,Undirected,1,1
UCDvZpvrjCMfNDMasZEmkFuQ,UCkkxn2ldlFUMupTlXU8meAw,Undirected,1,1
UCDvZpvrjCMfNDMasZEmkFuQ,UCliZ4UHWUq2Y3rWdjqekxsQ,Undirected,1,1
UCDvZpvrjCMfNDMasZEmkFuQ,UCvral4FSI9dOOUV-yRloawA,Undirected,1,1
UCIYs6nBtvkXWjTNZWNRtD-g,UCkkxn2ldlFUMupTlXU8meAw,Undirected,1,1
UCIYs6nBtvkXWjTNZWNRtD-g,UCliZ4UHWUq2Y3rWdjqekxsQ,Undirected,1,1
UCIYs6nBtvkXWjTNZWNRtD-g,UCvral4FSI9dOOUV-yRloawA,Undirected,1,1
UCkkxn2ldlFUMupTlXU8meAw,UCliZ4UHWUq2Y3rWdjqekxsQ,Undirected,1,1
UCkkxn2ldlFUMupTlXU8meAw,UCvral4FSI9dOOUV-yRloawA,Undirected,1,1
UCliZ4UHWUq2Y3rWdjqekxsQ,UCvral4FSI9dOOUV-yRloawA,Undirected,1,1
UC642pLj4GXSj-0Ybdx3ytmA,UCkkxn2ldlFUMupTlXU8meAw,Undirected,1,1
UCP9G6sYYefA4mFMbwp2a-tg,UCgEJWJ9sqkgzBuzZd5vjOow,Undirected,1,1
UCmms2EE02mK4zdECwrHBpaA,UCozx5csNhCx1wsVq3SZVkBQ,Undirected,4,4
UCawGfU44CZxd2ZVf_VGijbA,UCfpWrWvbA34LmrZ9h4Lbwag,Undirected,3,3
UCawGfU44CZxd2ZVf_VGijbA,UCmms2EE02mK4zdECwrHBpaA,Undirected,3,3
UCawGfU44CZxd2ZVf_VGijbA,UCozx5csNhCx1wsVq3SZVkBQ,Undirected,3,3
UCawGfU44CZxd2ZVf_VGijbA,UCp6993wxpyDPHUpavwDFqgg,Undirected,1,1
UCfpWrWvbA34LmrZ9h4Lbwag,UCmms2EE02mK4zdECwrHBpaA,Undirected,3,3
UCfpWrWvbA34LmrZ9h4Lbwag,UCozx5csNhCx1wsVq3SZVkBQ,Undirected,3,3
UCfpWrWvbA34LmrZ9h4Lbwag,UCp6993wxpyDPHUpavwDFqgg,Undirected,1,1
UCmms2EE02mK4zdECwrHBpaA,UCp6993wxpyDPHUpavwDFqgg,Undirected,1,1
UCozx5csNhCx1wsVq3SZVkBQ,UCp6993wxpyDPHUpavwDFqgg,Undirected,1,1
UCENwRMx5Yh42zWpzURebzTw,UCdn5BQ06XqgXoAxIhbqw5Rg,Undirected,1,1
UCENwRMx5Yh42zWpzURebzTw,UChAnqc_AY5_I3Px5dig3X1Q,Undirected,1,1
UCENwRMx5Yh42zWpzURebzTw,UCs9_O1tRPMQTHQ-N_L6FU2g,Undirected,3,3
UCENwRMx5Yh42zWpzURebzTw,UCvaTdHTWBGv3MKj3KVqJVCw,Undirected,1,1
UCdn5BQ06XqgXoAxIhbqw5Rg,UChAnqc_AY5_I3Px5dig3X1Q,Undirected,1,1
UCdn5BQ06XqgXoAxIhbqw5Rg,UCs9_O1tRPMQTHQ-N_L6FU2g,Undirected,2,2
UCdn5BQ06XqgXoAxIhbqw5Rg,UCvaTdHTWBGv3MKj3KVqJVCw,Undirected,2,2
UChAnqc_AY5_I3Px5dig3X1Q,UCp-5t9SrOQwXMU7iIjQfARg,Undirected,1,1
UChAnqc_AY5_I3Px5dig3X1Q,UCs9_O1tRPMQTHQ-N_L6FU2g,Undirected,1,1
UChAnqc_AY5_I3Px5dig3X1Q,UCvaTdHTWBGv3MKj3KVqJVCw,Undirected,1,1
UCp-5t9SrOQwXMU7iIjQfARg,UCs9_O1tRPMQTHQ-N_L6FU2g,Undirected,1,1
UCp-5t9SrOQwXMU7iIjQfARg,UCvaTdHTWBGv3MKj3KVqJVCw,Undirected,1,1
UCs9_O1tRPMQTHQ-N_L6FU2g,UCvaTdHTWBGv3MKj3KVqJVCw,Undirected,2,2
UC-hM6YJuNYVAmUWxeIr9FeA,UC5CwaMl1eIgY8h02uZw7u8A,Undirected,3,3
UC-hM6YJuNYVAmUWxeIr9FeA,UCdn5BQ06XqgXoAxIhbqw5Rg,Undirected,1,1
UC5CwaMl1eIgY8h02uZw7u8A,UCdn5BQ06XqgXoAxIhbqw5Rg,Undirected,1,1
UCZRY9uGGJ4S4JpXT-PXki2g,UCdXAk5MpyLD8594lm_OvtGQ,Undirected,9,9
UC1iA6_NT4mtAcIII6ygrvCw,UCdXAk5MpyLD8594lm_OvtGQ,Undirected,3,3
UC31Q_uUwjOQhZMcovbK6igQ,UCdXAk5MpyLD8594lm_OvtGQ,Undirected,1,1
UCEoAD_2jSLoYQd2MJZxWuxQ,UCdXAk5MpyLD8594lm_OvtGQ,Undirected,3,3
UC1iA6_NT4mtAcIII6ygrvCw,UCWQtYtq9EOB4-I5P-3fh8lA,Undirected,2,2
UC1iA6_NT4mtAcIII6ygrvCw,UCtyWhCj3AqKh2dXctLkDtng,Undirected,2,2
UCWQtYtq9EOB4-I5P-3fh8lA,UCdXAk5MpyLD8594lm_OvtGQ,Undirected,2,2
UCWQtYtq9EOB4-I5P-3fh8lA,UCtyWhCj3AqKh2dXctLkDtng,Undirected,4,4
UCdXAk5MpyLD8594lm_OvtGQ,UCtyWhCj3AqKh2dXctLkDtng,Undirected,2,2
UC6eWCld0KwmyHFbAqK3V-Rw,UCENwRMx5Yh42zWpzURebzTw,Undirected,2,2
UCENwRMx5Yh42zWpzURebzTw,UCWV9E1l5YItrPEAWHoNmieQ,Undirected,1,1
UCJFZiqLMntJufDCHc6bQixg,UCK9V2B22uJYu3N7eR_BT9QA,Undirected,9,9
UC0TXe_LYZ4scaW2XMyi5_kw,UCJFZiqLMntJufDCHc6bQixg,Undirected,21,21
UC0TXe_LYZ4scaW2XMyi5_kw,UC_vMYWcDjmfdpH6r4TTn1MQ,Undirected,1,1
UCJFZiqLMntJufDCHc6bQixg,UC_vMYWcDjmfdpH6r4TTn1MQ,Undirected,1,1
UC0TXe_LYZ4scaW2XMyi5_kw,UC5g0kkbZtBX6_rwRcDSqZBQ,Undirected,12,12
UC5g0kkbZtBX6_rwRcDSqZBQ,UCJFZiqLMntJufDCHc6bQixg,Undirected,12,12
UCFKOVgVbGmX65RxO3EtH3iw,UCJFZiqLMntJufDCHc6bQixg,Undirected,10,10
UCOyYb1c43VlX9rc_lT6NKQw,UCUummegUoc-w7EDdk8Ps7BQ,Undirected,1,1
UC5CwaMl1eIgY8h02uZw7u8A,UCSFCh5NL4qXrAy9u-u2lX3g,Undirected,1,1
UC1uv2Oq6kNxgATlCiez59hw,UCAWSyEs_Io8MtpY3m-zqILA,Undirected,1,1
UCAWSyEs_Io8MtpY3m-zqILA,UCJFZiqLMntJufDCHc6bQixg,Undirected,1,1
UCvDIxerLblmV6RgVnW_z7Yw,UCvInZx9h3jC2JzsIzoOebWg,Undirected,1,1
UC-hM6YJuNYVAmUWxeIr9FeA,UCK9V2B22uJYu3N7eR_BT9QA,Undirected,1,1
UC-hM6YJuNYVAmUWxeIr9FeA,UCdyqAaZDKHXg4Ahi7VENThQ,Undirected,1,1
UC-hM6YJuNYVAmUWxeIr9FeA,UCvInZx9h3jC2JzsIzoOebWg,Undirected,1,1
UC5CwaMl1eIgY8h02uZw7u8A,UCK9V2B22uJYu3N7eR_BT9QA,Undirected,1,1
UC5CwaMl1eIgY8h02uZw7u8A,UCdyqAaZDKHXg4Ahi7VENThQ,Undirected,1,1
UCK9V2B22uJYu3N7eR_BT9QA,UCdyqAaZDKHXg4Ahi7VENThQ,Undirected,1,1
UCK9V2B22uJYu3N7eR_BT9QA,UCvInZx9h3jC2JzsIzoOebWg,Undirected,2,2
UCdyqAaZDKHXg4Ahi7VENThQ,UCvInZx9h3jC2JzsIzoOebWg,Undirected,2,2
UC1uv2Oq6kNxgATlCiez59hw,UCUKD-uaobj9jiqB-VXt71mA,Undirected,1,1
UC1uv2Oq6kNxgATlCiez59hw,UCdn5BQ06XqgXoAxIhbqw5Rg,Undirected,1,1
UCUKD-uaobj9jiqB-VXt71mA,UCdn5BQ06XqgXoAxIhbqw5Rg,Undirected,2,2
UCJFZiqLMntJufDCHc6bQixg,UCvaTdHTWBGv3MKj3KVqJVCw,Undirected,10,10
UCJFZiqLMntJufDCHc6bQixg,UCoSrY_IQQVpmIRZ9Xf-y93g,Undirected,1,1
UCoSrY_IQQVpmIRZ9Xf-y93g,UCvaTdHTWBGv3MKj3KVqJVCw,Undirected,1,1
UCJFZiqLMntJufDCHc6bQixg,UCt5-0i4AVHXaWJrL8Wql3mw,Undirected,1,1
UCt5-0i4AVHXaWJrL8Wql3mw,UCvaTdHTWBGv3MKj3KVqJVCw,Undirected,1,1
UCFKOVgVbGmX65RxO3EtH3iw,UCvaTdHTWBGv3MKj3KVqJVCw,Undirected,1,1
UCJFZiqLMntJufDCHc6bQixg,UCSvGHPOeL9uBwzNRrj0IWyw,Undirected,3,3
UCJFZiqLMntJufDCHc6bQixg,UCU_hpPDJbuzCy0agOi6lJXA,Undirected,3,3
UCJFZiqLMntJufDCHc6bQixg,UCaAm-3HxY1gqxvBX3odjT1g,Undirected,3,3
UCJFZiqLMntJufDCHc6bQixg,UCir67pOSMAaswHt5dj47KDA,Undirected,3,3
UCSvGHPOeL9uBwzNRrj0IWyw,UCU_hpPDJbuzCy0agOi6lJXA,Undirected,3,3
UCSvGHPOeL9uBwzNRrj0IWyw,UCaAm-3HxY1gqxvBX3odjT1g,Undirected,3,3
UCSvGHPOeL9uBwzNRrj0IWyw,UCir67pOSMAaswHt5dj47KDA,Undirected,3,3
UCSvGHPOeL9uBwzNRrj0IWyw,UCvaTdHTWBGv3MKj3KVqJVCw,Undirected,3,3
UCU_hpPDJbuzCy0agOi6lJXA,UCaAm-3HxY1gqxvBX3odjT1g,Undirected,3,3
UCU_hpPDJbuzCy0agOi6lJXA,UCir67pOSMAaswHt5dj47KDA,Undirected,3,3
UCU_hpPDJbuzCy0agOi6lJXA,UCvaTdHTWBGv3MKj3KVqJVCw,Undirected,3,3
UCaAm-3HxY1gqxvBX3odjT1g,UCir67pOSMAaswHt5dj47KDA,Undirected,3,3
UCaAm-3HxY1gqxvBX3odjT1g,UCvaTdHTWBGv3MKj3KVqJVCw,Undirected,3,3
UCir67pOSMAaswHt5dj47KDA,UCvaTdHTWBGv3MKj3KVqJVCw,Undirected,3,3
UCebT4Aq-3XWb5je1S1FvR_A,UCllKI7VjyANuS1RXatizfLQ,Undirected,10,10
UCXW4MqCQn-jCaxlX-nn-BYg,UCebT4Aq-3XWb5je1S1FvR_A,Undirected,3,3
UCXW4MqCQn-jCaxlX-nn-BYg,UCllKI7VjyANuS1RXatizfLQ,Undirected,4,4
UC5dJFf4m-mEcoyJRfhBljoA,UCRm6lqtdxs_Qo6HeL-SRQ-w,Undirected,1,1
UC5dJFf4m-mEcoyJRfhBljoA,UCXW4MqCQn-jCaxlX-nn-BYg,Undirected,2,2
UC5dJFf4m-mEcoyJRfhBljoA,UCebT4Aq-3XWb5je1S1FvR_A,Undirected,1,1
UC5dJFf4m-mEcoyJRfhBljoA,UCllKI7VjyANuS1RXatizfLQ,Undirected,2,2
UCRm6lqtdxs_Qo6HeL-SRQ-w,UCXW4MqCQn-jCaxlX-nn-BYg,Undirected,1,1
UCRm6lqtdxs_Qo6HeL-SRQ-w,UCebT4Aq-3XWb5je1S1FvR_A,Undirected,1,1
UCRm6lqtdxs_Qo6HeL-SRQ-w,UCllKI7VjyANuS1RXatizfLQ,Undirected,1,1
UCXW4MqCQn-jCaxlX-nn-BYg,UC_tyNJ7N8Sz0m58SwivD1Kg,Undirected,1,1
UCXW4MqCQn-jCaxlX-nn-BYg,UCwrjITPwG4q71HzihV2C7Nw,Undirected,3,3
UC_tyNJ7N8Sz0m58SwivD1Kg,UCwrjITPwG4q71HzihV2C7Nw,Undirected,1,1
UC9V3Y3_uzU5e-usObb6IE1w,UCGw7lrT-rVZCWHfdG9Frcgg,Undirected,1,1
UC9V3Y3_uzU5e-usObb6IE1w,UCXW4MqCQn-jCaxlX-nn-BYg,Undirected,1,1
UCGw7lrT-rVZCWHfdG9Frcgg,UCXW4MqCQn-jCaxlX-nn-BYg,Undirected,3,3
UCGw7lrT-rVZCWHfdG9Frcgg,UCllKI7VjyANuS1RXatizfLQ,Undirected,1,1
UCGw7lrT-rVZCWHfdG9Frcgg,UCo2N7C-Z91waaR6lF3LL_jw,Undirected,3,3
UCGw7lrT-rVZCWHfdG9Frcgg,UCwrjITPwG4q71HzihV2C7Nw,Undirected,1,1
UCXW4MqCQn-jCaxlX-nn-BYg,UCo2N7C-Z91waaR6lF3LL_jw,Undirected,3,3
UCBiqkFJljoxAj10SoP2w2Cg,UCwrjITPwG4q71HzihV2C7Nw,Undirected,1,1
UCe22Bcwd_GCpTjLxn83zl7A,UCwrjITPwG4q71HzihV2C7Nw,Undirected,1,1
UC1CfXB_kRs3C-zaeTG3oGyg,UCDqI2jOz0weumE8s7paEk6g,Undirected,1,1
UCgIfLpQvelloDi8I0Ycbwpg,UCivwPlOp0ojnMPZj5pNOPPA,Undirected,1,1
UCD-miitqNY3nyukJ4Fnf4_A,UCWcek7k9UWt_FyrpWxTgjmw,Undirected,1,1
UC0YCzDj9HuC97mr2BzlaSBg,UCD-miitqNY3nyukJ4Fnf4_A,Undirected,1,1
UCL34fAoFim9oHLbVzMKFavQ,UC_4tXjqecqox5Uc05ncxpxg,Undirected,2,2
UCL34fAoFim9oHLbVzMKFavQ,UCsFn_ueskBkMCEyzCEqAOvg,Undirected,4,4
UC_4tXjqecqox5Uc05ncxpxg,UCsFn_ueskBkMCEyzCEqAOvg,Undirected,2,2
UCHFXCNcbybDtlnxI7VzKdUA,UC_4tXjqecqox5Uc05ncxpxg,Undirected,2,2
UCGYAYLDE7TZiiC8U6teciDQ,UC_4tXjqecqox5Uc05ncxpxg,Undirected,3,3
UC_4tXjqecqox5Uc05ncxpxg,UCeLzT-7b2PBcunJplmWtoDg,Undirected,1,1
UCHVXbQzkl3rDfsXWo8xi2qw,UCJubINhCcFXlsBwnHp0wl_g,Undirected,1,1
UCHVXbQzkl3rDfsXWo8xi2qw,UCZ1xuCK1kNmn5RzPYIZop3w,Undirected,3,3
UCHVXbQzkl3rDfsXWo8xi2qw,UCspv01oxUFf_MTSipURRhkA,Undirected,1,1
UCJubINhCcFXlsBwnHp0wl_g,UCZ1xuCK1kNmn5RzPYIZop3w,Undirected,1,1
UCJubINhCcFXlsBwnHp0wl_g,UCspv01oxUFf_MTSipURRhkA,Undirected,1,1
UCZ1xuCK1kNmn5RzPYIZop3w,UCspv01oxUFf_MTSipURRhkA,Undirected,1,1
UCZ1xuCK1kNmn5RzPYIZop3w,UCZN_yTZNc3IsZaoRUoav2jA,Undirected,5,5
UC8C1LLhBhf_E2IBPLSDJXlQ,UCGYAYLDE7TZiiC8U6teciDQ,Undirected,1,1
UC8C1LLhBhf_E2IBPLSDJXlQ,UCZ1xuCK1kNmn5RzPYIZop3w,Undirected,1,1
UC8C1LLhBhf_E2IBPLSDJXlQ,UC_4tXjqecqox5Uc05ncxpxg,Undirected,1,1
UC8C1LLhBhf_E2IBPLSDJXlQ,UCdpUojq0KWZCN9bxXnZwz5w,Undirected,1,1
UCGYAYLDE7TZiiC8U6teciDQ,UCZ1xuCK1kNmn5RzPYIZop3w,Undirected,1,1
UCGYAYLDE7TZiiC8U6teciDQ,UCdpUojq0KWZCN9bxXnZwz5w,Undirected,1,1
UCZ1xuCK1kNmn5RzPYIZop3w,UCdpUojq0KWZCN9bxXnZwz5w,Undirected,1,1
UC_4tXjqecqox5Uc05ncxpxg,UCdpUojq0KWZCN9bxXnZwz5w,Undirected,1,1
UCHVXbQzkl3rDfsXWo8xi2qw,UCXRlIK3Cw_TJIQC5kSJJQMg,Undirected,1,1
UCXRlIK3Cw_TJIQC5kSJJQMg,UCZ1xuCK1kNmn5RzPYIZop3w,Undirected,1,1
UCHVXbQzkl3rDfsXWo8xi2qw,UCZN_yTZNc3IsZaoRUoav2jA,Undirected,1,1
UCZ1xuCK1kNmn5RzPYIZop3w,UCmovZ2th3Sqpd00F5RdeigQ,Undirected,1,1
UCIdEIHpS0TdkqRkHL5OkLtA,UCZ1xuCK1kNmn5RzPYIZop3w,Undirected,1,1
UCIdEIHpS0TdkqRkHL5OkLtA,UCZN_yTZNc3IsZaoRUoav2jA,Undirected,1,1
UCgHKqsY-9qQnVW6atVVwVcw,UCkyKFiCLAsZL-TLk7psDggQ,Undirected,1,1
UC4GXMHCwmONp6XFRB5SayAg,UCC0zLuvujaZRFqR3aNql3Sg,Undirected,10,10
UCFRbBdmVBHA7PeAuctRx1rQ,UCaCiBKglFZkSYXmlWZBDLgw,Undirected,9,9
UC9O_36oN1ceFVETQV9E0SbQ,UCWmUvVK2xxIK5VMToCDq9_A,Undirected,10,10
UC9O_36oN1ceFVETQV9E0SbQ,UC_IwcGjLRPp9-XfR4rIRPdg,Undirected,18,18
UCWmUvVK2xxIK5VMToCDq9_A,UC_IwcGjLRPp9-XfR4rIRPdg,Undirected,10,10
UC30dvUxVhlN-kadV_8jfO3g,UCJI0Zz7WomTTAx6lQw-HC_Q,Undirected,20,20
UC2QBYE7QabwH_7krAAp2T-g,UC30dvUxVhlN-kadV_8jfO3g,Undirected,5,5
UC2QBYE7QabwH_7krAAp2T-g,UC4dGJ7kHjMFq8-3DLfgthbQ,Undirected,5,5
UC30dvUxVhlN-kadV_8jfO3g,UC4dGJ7kHjMFq8-3DLfgthbQ,Undirected,15,15
UC30dvUxVhlN-kadV_8jfO3g,UCL6F7R0unHipZwsXJ3hVHzg,Undirected,1,1
UC30dvUxVhlN-kadV_8jfO3g,UCmjOmXcwVXN3SOnW7tCO3vQ,Undirected,5,5
UC4dGJ7kHjMFq8-3DLfgthbQ,UCJI0Zz7WomTTAx6lQw-HC_Q,Undirected,15,15
UC4dGJ7kHjMFq8-3DLfgthbQ,UCL6F7R0unHipZwsXJ3hVHzg,Undirected,1,1
UC4dGJ7kHjMFq8-3DLfgthbQ,UCmjOmXcwVXN3SOnW7tCO3vQ,Undirected,5,5
UCJI0Zz7WomTTAx6lQw-HC_Q,UCL6F7R0unHipZwsXJ3hVHzg,Undirected,1,1
UCL6F7R0unHipZwsXJ3hVHzg,UCmjOmXcwVXN3SOnW7tCO3vQ,Undirected,1,1
UC9UxIohMyQRbNSkKdM54inA,UCUb1UEv8npuvbzXJZNYEl7Q,Undirected,1,1
UC9UxIohMyQRbNSkKdM54inA,UCx7WEPB77cE5XhpQcIRNrdg,Undirected,1,1
UCUb1UEv8npuvbzXJZNYEl7Q,UCx7WEPB77cE5XhpQcIRNrdg,Undirected,2,2
UCJFVWPOHG4D4Ec2ftDf0TuQ,UCoxKk042uJeE_LM1DjJ8-uQ,Undirected,2,2
UC2KNOBqzElEs8TA7SR2Hm2w,UC4izfesVPG06aEnfvATCCmw,Undirected,2,2
UC2KNOBqzElEs8TA7SR2Hm2w,UCmr-_a2O7s096czLR3macxA,Undirected,2,2
UC4izfesVPG06aEnfvATCCmw,UCmr-_a2O7s096czLR3macxA,Undirected,4,4
UCYXHQVa_Ykv05wQG_aiKDmQ,UCdy0B3fk0VO8PDzpeHbwCjw,Undirected,1,1
UC6bCWqIlUT2iC4N9AhajrmA,UCqdlVTLOc97IJR-UDg5bPdQ,Undirected,1,1
UC6bCWqIlUT2iC4N9AhajrmA,UCFOT_MHIn21HBheJRSV4-ng,Undirected,1,1
UC6bCWqIlUT2iC4N9AhajrmA,UCV9U4NEAvdOs3ATxrVDgeDA,Undirected,4,4
UCX35JkgOjZAZwZ2sgccZS4w,UCyJO3YN5ObsY6lvc9UylxKA,Undirected,2,2
UCFXkDxCa_XVcNC7oOEw7U5g,UCgY_iyl1wbXzUK7qrs3RkHg,Undirected,1,1
UCPKbVouzvWhHeVvy0UbsRCQ,UCgY_iyl1wbXzUK7qrs3RkHg,Undirected,2,2
UCPKbVouzvWhHeVvy0UbsRCQ,UCmtacQZQsysmsHpJKE6VW9g,Undirected,1,1
UCgY_iyl1wbXzUK7qrs3RkHg,UCmtacQZQsysmsHpJKE6VW9g,Undirected,1,1
UCJ36P6CyQWr03Z-EhXNvr1w,UCKuG9aLmm7S02EoM0zBdThA,Undirected,2,2
UCJ36P6CyQWr03Z-EhXNvr1w,UCgY_iyl1wbXzUK7qrs3RkHg,Undirected,1,1
UCJ36P6CyQWr03Z-EhXNvr1w,UCxrNXCJ9C-Ck3fA5rD3d2PQ,Undirected,1,1
UCKuG9aLmm7S02EoM0zBdThA,UCgY_iyl1wbXzUK7qrs3RkHg,Undirected,1,1
UCKuG9aLmm7S02EoM0zBdThA,UCxrNXCJ9C-Ck3fA5rD3d2PQ,Undirected,1,1
UCgY_iyl1wbXzUK7qrs3RkHg,UCxrNXCJ9C-Ck3fA5rD3d2PQ,Undirected,1,1
UC-KmLUpWRDcTUVgyrXrXIJg,UCGmO0S4S-AunjRdmxA6TQYg,Undirected,1,1
UCGmO0S4S-AunjRdmxA6TQYg,UCgY_iyl1wbXzUK7qrs3RkHg,Undirected,1,1
UC97VMXlXgMReYKCCTeDZdDw,UCgY_iyl1wbXzUK7qrs3RkHg,Undirected,1,1
UC97VMXlXgMReYKCCTeDZdDw,UCtwSCTpftyPm4-TBf9S6kfQ,Undirected,1,1
UCgY_iyl1wbXzUK7qrs3RkHg,UCtwSCTpftyPm4-TBf9S6kfQ,Undirected,1,1
UCPKbVouzvWhHeVvy0UbsRCQ,UCWtIDgXZgEPyBBEf_LX2i3g,Undirected,1,1
UCWtIDgXZgEPyBBEf_LX2i3g,UCgY_iyl1wbXzUK7qrs3RkHg,Undirected,1,1
UC34OxQ8r0onNMiz84Wta5lA,UCd99ANH8kytbMFpe2ksAqKA,Undirected,2,2
UC34OxQ8r0onNMiz84Wta5lA,UCKnNI21YMI65yxc9pzuuMOA,Undirected,1,1
UC5HD7OmnMz3pZQkjQZk0QaQ,UCGGY3oTOQ9g9FCu9hLFJsqw,Undirected,1,1
UC5HD7OmnMz3pZQkjQZk0QaQ,UCYqiQ49HXTf2b9MkmtL5FHQ,Undirected,1,1
UCGGY3oTOQ9g9FCu9hLFJsqw,UCYqiQ49HXTf2b9MkmtL5FHQ,Undirected,1,1
UC5HD7OmnMz3pZQkjQZk0QaQ,UC5u0K5MNm_P5jmK3ByM0lpw,Undirected,1,1
UC5HD7OmnMz3pZQkjQZk0QaQ,UCFZ0tXYzXG41QB4ybPBHUgw,Undirected,1,1
UC5HD7OmnMz3pZQkjQZk0QaQ,UCJgP5bbwnEFz_TCpdWZil7Q,Undirected,1,1
UC5u0K5MNm_P5jmK3ByM0lpw,UCFZ0tXYzXG41QB4ybPBHUgw,Undirected,1,1
UC5u0K5MNm_P5jmK3ByM0lpw,UCJgP5bbwnEFz_TCpdWZil7Q,Undirected,1,1
UCFZ0tXYzXG41QB4ybPBHUgw,UCJgP5bbwnEFz_TCpdWZil7Q,Undirected,1,1
UC5HD7OmnMz3pZQkjQZk0QaQ,UCEcyopSb6SUXlb3dXOvwrSA,Undirected,1,1
UC5HD7OmnMz3pZQkjQZk0QaQ,UCxIzG0XIBe1XMh5dz-qUkVg,Undirected,1,1
UCEcyopSb6SUXlb3dXOvwrSA,UCxIzG0XIBe1XMh5dz-qUkVg,Undirected,1,1
UC5HD7OmnMz3pZQkjQZk0QaQ,UCDsaRDKTCsGBJMUKx-KtukA,Undirected,1,1
UC5HD7OmnMz3pZQkjQZk0QaQ,UCLiIT1BzIwxLYKvVJXyvgBQ,Undirected,1,1
UC5HD7OmnMz3pZQkjQZk0QaQ,UCNm885IMpFM5k-7ICGdMs7w,Undirected,1,1
UC5HD7OmnMz3pZQkjQZk0QaQ,UCo68uWcA0lTpPlvVTm3nojQ,Undirected,1,1
UC5HD7OmnMz3pZQkjQZk0QaQ,UCvpZ68qaNKPZUg6adIJ5MeA,Undirected,2,2
UCDsaRDKTCsGBJMUKx-KtukA,UCvpZ68qaNKPZUg6adIJ5MeA,Undirected,1,1
UCLiIT1BzIwxLYKvVJXyvgBQ,UCvpZ68qaNKPZUg6adIJ5MeA,Undirected,1,1
UCNm885IMpFM5k-7ICGdMs7w,UCvpZ68qaNKPZUg6adIJ5MeA,Undirected,1,1
UCo68uWcA0lTpPlvVTm3nojQ,UCvpZ68qaNKPZUg6adIJ5MeA,Undirected,1,1
UC5HD7OmnMz3pZQkjQZk0QaQ,UC9xgd6py76kKuzIRDB60-1Q,Undirected,1,1
UC3TzNHUkiHP1UOTVn9T39pw,UC5HD7OmnMz3pZQkjQZk0QaQ,Undirected,1,1
UC3TzNHUkiHP1UOTVn9T39pw,UCJv03-9nKDpob-tRS0tigVw,Undirected,1,1
UC3TzNHUkiHP1UOTVn9T39pw,UChLkLtpGI5bMPDfP-0s9KjA,Undirected,1,1
UC3TzNHUkiHP1UOTVn9T39pw,UCpXIjrzLXGUf8lVEeeryKLg,Undirected,1,1
UC3TzNHUkiHP1UOTVn9T39pw,UCvpZ68qaNKPZUg6adIJ5MeA,Undirected,1,1
UC5HD7OmnMz3pZQkjQZk0QaQ,UCJv03-9nKDpob-tRS0tigVw,Undirected,1,1
UC5HD7OmnMz3pZQkjQZk0QaQ,UChLkLtpGI5bMPDfP-0s9KjA,Undirected,1,1
UC5HD7OmnMz3pZQkjQZk0QaQ,UCpXIjrzLXGUf8lVEeeryKLg,Undirected,1,1
UCJv03-9nKDpob-tRS0tigVw,UChLkLtpGI5bMPDfP-0s9KjA,Undirected,1,1
UCJv03-9nKDpob-tRS0tigVw,UCpXIjrzLXGUf8lVEeeryKLg,Undirected,1,1
UCJv03-9nKDpob-tRS0tigVw,UCvpZ68qaNKPZUg6adIJ5MeA,Undirected,1,1
UChLkLtpGI5bMPDfP-0s9KjA,UCpXIjrzLXGUf8lVEeeryKLg,Undirected,1,1
UChLkLtpGI5bMPDfP-0s9KjA,UCvpZ68qaNKPZUg6adIJ5MeA,Undirected,1,1
UCpXIjrzLXGUf8lVEeeryKLg,UCvpZ68qaNKPZUg6adIJ5MeA,Undirected,1,1
UC4FUAMK0X0YZWniTV-e5kSg,UCHQJD3IW74R509k0nbTKr_w,Undirected,3,3
UC4FUAMK0X0YZWniTV-e5kSg,UCor-edFGuH9Ok7PNW2Y-ULg,Undirected,2,2
UCHQJD3IW74R509k0nbTKr_w,UCor-edFGuH9Ok7PNW2Y-ULg,Undirected,1,1
UCAXySEVWZ1esIAFl2IWmcJA,UCHQJD3IW74R509k0nbTKr_w,Undirected,1,1
UCAXySEVWZ1esIAFl2IWmcJA,UCRcAwbCAwGh7nw3hwvaNVwg,Undirected,1,1
UCHQJD3IW74R509k0nbTKr_w,UCRcAwbCAwGh7nw3hwvaNVwg,Undirected,1,1
UCHQJD3IW74R509k0nbTKr_w,UCsqKKx2Thc4TT5043IsHPLQ,Undirected,1,1
UC2E-MAJV0UK0Z_we3dbwukA,UC5bE1g942G6Dby4UXvvoejg,Undirected,1,1
UC2E-MAJV0UK0Z_we3dbwukA,UCFl9UaCi5Jik3hikU0H8QaQ,Undirected,1,1
UC2E-MAJV0UK0Z_we3dbwukA,UCHQJD3IW74R509k0nbTKr_w,Undirected,2,2
UC2E-MAJV0UK0Z_we3dbwukA,UCbvR0Z1RmdhuDyyrdVMCdgw,Undirected,1,1
UC2E-MAJV0UK0Z_we3dbwukA,UCo8b-0nKwdFMHg1x8hHTOEQ,Undirected,3,3
UC5bE1g942G6Dby4UXvvoejg,UCFl9UaCi5Jik3hikU0H8QaQ,Undirected,1,1
UC5bE1g942G6Dby4UXvvoejg,UCHQJD3IW74R509k0nbTKr_w,Undirected,1,1
UC5bE1g942G6Dby4UXvvoejg,UCbvR0Z1RmdhuDyyrdVMCdgw,Undirected,1,1
UC5bE1g942G6Dby4UXvvoejg,UCo8b-0nKwdFMHg1x8hHTOEQ,Undirected,1,1
UCFl9UaCi5Jik3hikU0H8QaQ,UCHQJD3IW74R509k0nbTKr_w,Undirected,1,1
UCFl9UaCi5Jik3hikU0H8QaQ,UCbvR0Z1RmdhuDyyrdVMCdgw,Undirected,1,1
UCFl9UaCi5Jik3hikU0H8QaQ,UCo8b-0nKwdFMHg1x8hHTOEQ,Undirected,1,1
UCHQJD3IW74R509k0nbTKr_w,UCbvR0Z1RmdhuDyyrdVMCdgw,Undirected,1,1
UCHQJD3IW74R509k0nbTKr_w,UCo8b-0nKwdFMHg1x8hHTOEQ,Undirected,5,5
UCbvR0Z1RmdhuDyyrdVMCdgw,UCo8b-0nKwdFMHg1x8hHTOEQ,Undirected,1,1
UC3VnSrtlL_9_jjKKT7okHdg,UCHQJD3IW74R509k0nbTKr_w,Undirected,1,1
UC3VnSrtlL_9_jjKKT7okHdg,UCfGgCaFjLXd5-uHOhgQgj_w,Undirected,1,1
UC3VnSrtlL_9_jjKKT7okHdg,UCkvBsBQ9EFxe3NnQdABDj1A,Undirected,1,1
UCHQJD3IW74R509k0nbTKr_w,UCfGgCaFjLXd5-uHOhgQgj_w,Undirected,1,1
UCfGgCaFjLXd5-uHOhgQgj_w,UCkvBsBQ9EFxe3NnQdABDj1A,Undirected,1,1
UCQn1FqrR2OCjSe6Nl4GlVHw,UCZ3ryrdsdqezi2q-AfRw6Rw,Undirected,1,1
UC2t5bjwHdUX4vM2g8TRDq5g,UCHXy48aYSYeRaBuMOedwxAQ,Undirected,1,1
UC2t5bjwHdUX4vM2g8TRDq5g,UCsLWG2t7n9LFsvH0wR2rtpw,Undirected,1,1
UCHXy48aYSYeRaBuMOedwxAQ,UCsLWG2t7n9LFsvH0wR2rtpw,Undirected,1,1
UC2t5bjwHdUX4vM2g8TRDq5g,UCBB6ivhZ4VhGpo2I1lP0N6A,Undirected,1,1
UC2t5bjwHdUX4vM2g8TRDq5g,UCvqRdlKsE5Q8mf8YXbdIJLw,Undirected,1,1
UCBB6ivhZ4VhGpo2I1lP0N6A,UCvqRdlKsE5Q8mf8YXbdIJLw,Undirected,1,1
UCD2ypMeKcZUECvJzJpBlb9w,UCFOcxt77M_pebCbSxBsrwZA,Undirected,6,6
UCD2ypMeKcZUECvJzJpBlb9w,UCJS8RkCXgYHSrYPO6UaUP0Q,Undirected,6,6
UCD2ypMeKcZUECvJzJpBlb9w,UCaCuoeoD67g8wWzI_bsvWKw,Undirected,3,3
UCD2ypMeKcZUECvJzJpBlb9w,UCatXx9LPplqgFVSIuLy6XPw,Undirected,6,6
UCD2ypMeKcZUECvJzJpBlb9w,UCnbip8cn_uACSX_ADT0CflA,Undirected,6,6
UCFOcxt77M_pebCbSxBsrwZA,UCJS8RkCXgYHSrYPO6UaUP0Q,Undirected,6,6
UCFOcxt77M_pebCbSxBsrwZA,UCaCuoeoD67g8wWzI_bsvWKw,Undirected,3,3
UCFOcxt77M_pebCbSxBsrwZA,UCatXx9LPplqgFVSIuLy6XPw,Undirected,6,6
UCFOcxt77M_pebCbSxBsrwZA,UCnbip8cn_uACSX_ADT0CflA,Undirected,6,6
UCJS8RkCXgYHSrYPO6UaUP0Q,UCaCuoeoD67g8wWzI_bsvWKw,Undirected,3,3
UCJS8RkCXgYHSrYPO6UaUP0Q,UCatXx9LPplqgFVSIuLy6XPw,Undirected,6,6
UCJS8RkCXgYHSrYPO6UaUP0Q,UCnbip8cn_uACSX_ADT0CflA,Undirected,6,6
UCaCuoeoD67g8wWzI_bsvWKw,UCatXx9LPplqgFVSIuLy6XPw,Undirected,3,3
UCaCuoeoD67g8wWzI_bsvWKw,UCnbip8cn_uACSX_ADT0CflA,Undirected,3,3
UCatXx9LPplqgFVSIuLy6XPw,UCnbip8cn_uACSX_ADT0CflA,Undirected,6,6
UCAdCvOnZBMwVwrDzQoHlsNA,UCMaXJGJLXsTi8Td0WNfJFpA,Undirected,1,1
UC5ON8_f3vM3DuYkQAQK7fPQ,UCMaXJGJLXsTi8Td0WNfJFpA,Undirected,1,1
UCd4HQrjrZNSuW6-Ue51Lkaw,UCrkImHu9Jbtn6QmZ5aCPDdw,Undirected,4,4
UCSQd6segDRc1Sj_k-zvca2Q,UCdpN_SlX2Ulz19C7BbBbM7w,Undirected,1,1
UCSQd6segDRc1Sj_k-zvca2Q,UCkksVnsKY9FF0X6JHsFdehA,Undirected,1,1
UCSQd6segDRc1Sj_k-zvca2Q,UCw4oC8BM2zK5KRKMnJ5IfIw,Undirected,1,1
UCSQd6segDRc1Sj_k-zvca2Q,UCxWKH_N5Iw0_4MuWmeC1a6g,Undirected,1,1
UCdpN_SlX2Ulz19C7BbBbM7w,UCkksVnsKY9FF0X6JHsFdehA,Undirected,9,9
UCdpN_SlX2Ulz19C7BbBbM7w,UCw4oC8BM2zK5KRKMnJ5IfIw,Undirected,9,9
UCdpN_SlX2Ulz19C7BbBbM7w,UCxWKH_N5Iw0_4MuWmeC1a6g,Undirected,4,4
UCkksVnsKY9FF0X6JHsFdehA,UCw4oC8BM2zK5KRKMnJ5IfIw,Undirected,10,10
UCkksVnsKY9FF0X6JHsFdehA,UCxWKH_N5Iw0_4MuWmeC1a6g,Undirected,4,4
UCw4oC8BM2zK5KRKMnJ5IfIw,UCxWKH_N5Iw0_4MuWmeC1a6g,Undirected,4,4
UCdpN_SlX2Ulz19C7BbBbM7w,UCwERN11OkbSLr5jb9nLw0yw,Undirected,3,3
UCkksVnsKY9FF0X6JHsFdehA,UCwERN11OkbSLr5jb9nLw0yw,Undirected,3,3
UCw4oC8BM2zK5KRKMnJ5IfIw,UCwERN11OkbSLr5jb9nLw0yw,Undirected,3,3
UCdpN_SlX2Ulz19C7BbBbM7w,UCm6jEiJbsblxReW1kLh45hQ,Undirected,1,1
UCkksVnsKY9FF0X6JHsFdehA,UCm6jEiJbsblxReW1kLh45hQ,Undirected,1,1
UCm6jEiJbsblxReW1kLh45hQ,UCw4oC8BM2zK5KRKMnJ5IfIw,Undirected,1,1
UCm6jEiJbsblxReW1kLh45hQ,UCxWKH_N5Iw0_4MuWmeC1a6g,Undirected,1,1
UCwERN11OkbSLr5jb9nLw0yw,UCxWKH_N5Iw0_4MuWmeC1a6g,Undirected,1,1
UCC8aHmAbXyB1rTfiSVTTq4A,UCdpN_SlX2Ulz19C7BbBbM7w,Undirected,1,1
UCC8aHmAbXyB1rTfiSVTTq4A,UCkksVnsKY9FF0X6JHsFdehA,Undirected,1,1
UCC8aHmAbXyB1rTfiSVTTq4A,UCrkImHu9Jbtn6QmZ5aCPDdw,Undirected,1,1
UCC8aHmAbXyB1rTfiSVTTq4A,UCw4oC8BM2zK5KRKMnJ5IfIw,Undirected,1,1
UCdpN_SlX2Ulz19C7BbBbM7w,UCrkImHu9Jbtn6QmZ5aCPDdw,Undirected,1,1
UCrkImHu9Jbtn6QmZ5aCPDdw,UCw4oC8BM2zK5KRKMnJ5IfIw,Undirected,1,1
UCdpN_SlX2Ulz19C7BbBbM7w,UCuRjblLY45sDLdpzZOPaNeQ,Undirected,1,1
UCkksVnsKY9FF0X6JHsFdehA,UCuRjblLY45sDLdpzZOPaNeQ,Undirected,1,1
UCuRjblLY45sDLdpzZOPaNeQ,UCw4oC8BM2zK5KRKMnJ5IfIw,Undirected,1,1
UCuRjblLY45sDLdpzZOPaNeQ,UCxWKH_N5Iw0_4MuWmeC1a6g,Undirected,1,1
UCkksVnsKY9FF0X6JHsFdehA,UCrlcGMMCVLq69M0RZo6PGOA,Undirected,1,1
UCrlcGMMCVLq69M0RZo6PGOA,UCw4oC8BM2zK5KRKMnJ5IfIw,Undirected,1,1
UCMrrA4mjaYpt2FH6QnEP8nw,UCSOfUqPoqpp5aWDDnAyv94g,Undirected,4,4
UCA9T9gGToIod7Q1fNNb1Q4g,UCSOfUqPoqpp5aWDDnAyv94g,Undirected,6,6
UCDRq9rLd6BDjNZ_Q3UZmhxA,UCq6m0VAIJQYf5iFjharyiDQ,Undirected,1,1
UCDRq9rLd6BDjNZ_Q3UZmhxA,UCrxEEPKIg4FGDZ-bo6UtrYw,Undirected,3,3
UCq6m0VAIJQYf5iFjharyiDQ,UCrxEEPKIg4FGDZ-bo6UtrYw,Undirected,2,2
UC70KC06PCCjE33OW6JpbMiQ,UCMfqMhCChLRvdg39J-YbfMw,Undirected,1,1
UC70KC06PCCjE33OW6JpbMiQ,UCq6m0VAIJQYf5iFjharyiDQ,Undirected,1,1
UCMfqMhCChLRvdg39J-YbfMw,UCdRN7VtwbDseJNdem3Yi7QQ,Undirected,1,1
UCMfqMhCChLRvdg39J-YbfMw,UCq6m0VAIJQYf5iFjharyiDQ,Undirected,1,1
UCMfqMhCChLRvdg39J-YbfMw,UCrxEEPKIg4FGDZ-bo6UtrYw,Undirected,1,1
UCdRN7VtwbDseJNdem3Yi7QQ,UCq6m0VAIJQYf5iFjharyiDQ,Undirected,1,1
UCdRN7VtwbDseJNdem3Yi7QQ,UCrxEEPKIg4FGDZ-bo6UtrYw,Undirected,4,4
UCdRN7VtwbDseJNdem3Yi7QQ,UCzA0s7UPiLgjHsP2dUTRa5A,Undirected,1,1
UCrxEEPKIg4FGDZ-bo6UtrYw,UCzA0s7UPiLgjHsP2dUTRa5A,Undirected,2,2
UC9UHK5vqT0aZZDADyFWteyQ,UCns07oxj-Lo4Oo-dN1e8CKA,Undirected,2,2
UC9UHK5vqT0aZZDADyFWteyQ,UCrxEEPKIg4FGDZ-bo6UtrYw,Undirected,5,5
UCdRN7VtwbDseJNdem3Yi7QQ,UCns07oxj-Lo4Oo-dN1e8CKA,Undirected,1,1
UCns07oxj-Lo4Oo-dN1e8CKA,UCrxEEPKIg4FGDZ-bo6UtrYw,Undirected,2,2
UC70KC06PCCjE33OW6JpbMiQ,UCzA0s7UPiLgjHsP2dUTRa5A,Undirected,2,2
UCDRq9rLd6BDjNZ_Q3UZmhxA,UCzA0s7UPiLgjHsP2dUTRa5A,Undirected,1,1
UC70KC06PCCjE33OW6JpbMiQ,UCZfl3VUKKGhO1pTyKD88q-A,Undirected,1,1
UC70KC06PCCjE33OW6JpbMiQ,UCns07oxj-Lo4Oo-dN1e8CKA,Undirected,1,1
UC9UHK5vqT0aZZDADyFWteyQ,UCZfl3VUKKGhO1pTyKD88q-A,Undirected,1,1
UCZfl3VUKKGhO1pTyKD88q-A,UCns07oxj-Lo4Oo-dN1e8CKA,Undirected,1,1
UCZfl3VUKKGhO1pTyKD88q-A,UCrxEEPKIg4FGDZ-bo6UtrYw,Undirected,1,1
UC70KC06PCCjE33OW6JpbMiQ,UCYi97rWysHQHsIgTRmi0Phg,Undirected,1,1
UC9UHK5vqT0aZZDADyFWteyQ,UCYi97rWysHQHsIgTRmi0Phg,Undirected,1,1
UCYi97rWysHQHsIgTRmi0Phg,UCrxEEPKIg4FGDZ-bo6UtrYw,Undirected,1,1
UC9UHK5vqT0aZZDADyFWteyQ,UCDRq9rLd6BDjNZ_Q3UZmhxA,Undirected,8,8
UCDRq9rLd6BDjNZ_Q3UZmhxA,UCdRN7VtwbDseJNdem3Yi7QQ,Undirected,4,4
UC2btfGWRrDc8N_nDvG91vrg,UCqubyXLVaeAiVGzdWNQa7Lg,Undirected,1,1
UC2btfGWRrDc8N_nDvG91vrg,UCyfTZv0BO-12O0t-vfLliXg,Undirected,1,1
UCqubyXLVaeAiVGzdWNQa7Lg,UCyfTZv0BO-12O0t-vfLliXg,Undirected,1,1
UC2QQ8NYbWkQqS-KlmNzOqXA,UCLam0VF0cRczAQZKZxwg7ZA,Undirected,1,1
UC2QQ8NYbWkQqS-KlmNzOqXA,UCqubyXLVaeAiVGzdWNQa7Lg,Undirected,1,1
UCLam0VF0cRczAQZKZxwg7ZA,UCqubyXLVaeAiVGzdWNQa7Lg,Undirected,1,1
UC70KC06PCCjE33OW6JpbMiQ,UCD6gRf04IeY7JInEAD1wRHA,Undirected,3,3
UC70KC06PCCjE33OW6JpbMiQ,UCSAiKB2l3xVfe6n8eO6VvhQ,Undirected,6,6
UCD6gRf04IeY7JInEAD1wRHA,UCSAiKB2l3xVfe6n8eO6VvhQ,Undirected,1,1
UCD6gRf04IeY7JInEAD1wRHA,UCqubyXLVaeAiVGzdWNQa7Lg,Undirected,2,2
UCSAiKB2l3xVfe6n8eO6VvhQ,UCqubyXLVaeAiVGzdWNQa7Lg,Undirected,1,1
UC2yTh7Leliw3dzN7r_RuUnw,UC47rNmkDcNgbOcM-2BwzJTQ,Undirected,1,1
UC2yTh7Leliw3dzN7r_RuUnw,UCRLB3xanJ0-RLL2OttwvSjw,Undirected,1,1
UC2yTh7Leliw3dzN7r_RuUnw,UCkkCjOolP8j0msk0RCxMSLA,Undirected,1,1
UC2yTh7Leliw3dzN7r_RuUnw,UCqubyXLVaeAiVGzdWNQa7Lg,Undirected,1,1
UC47rNmkDcNgbOcM-2BwzJTQ,UCRLB3xanJ0-RLL2OttwvSjw,Undirected,1,1
UC47rNmkDcNgbOcM-2BwzJTQ,UCkkCjOolP8j0msk0RCxMSLA,Undirected,1,1
UC47rNmkDcNgbOcM-2BwzJTQ,UCqubyXLVaeAiVGzdWNQa7Lg,Undirected,1,1
UCRLB3xanJ0-RLL2OttwvSjw,UCkkCjOolP8j0msk0RCxMSLA,Undirected,1,1
UCRLB3xanJ0-RLL2OttwvSjw,UCqubyXLVaeAiVGzdWNQa7Lg,Undirected,1,1
UCkkCjOolP8j0msk0RCxMSLA,UCqubyXLVaeAiVGzdWNQa7Lg,Undirected,1,1
UC70KC06PCCjE33OW6JpbMiQ,UCs0-pPllX1LRo1Uu5X00z9A,Undirected,2,2
UCD6gRf04IeY7JInEAD1wRHA,UCs0-pPllX1LRo1Uu5X00z9A,Undirected,2,2
UCqubyXLVaeAiVGzdWNQa7Lg,UCs0-pPllX1LRo1Uu5X00z9A,Undirected,1,1
UCJlLdDxkFHtxY9IhVWJuK-w,UCdUeCfLZu5sEM_9QCRDjm4A,Undirected,5,5
UCJlLdDxkFHtxY9IhVWJuK-w,UCqubyXLVaeAiVGzdWNQa7Lg,Undirected,1,1
UCdUeCfLZu5sEM_9QCRDjm4A,UCqubyXLVaeAiVGzdWNQa7Lg,Undirected,1,1
UCDRq9rLd6BDjNZ_Q3UZmhxA,UCDzT2ahM07g4np7Rf6fDa7A,Undirected,7,7
UC9UHK5vqT0aZZDADyFWteyQ,UChgIczA16Y0Z6-7va5g_55g,Undirected,1,1
UCDRq9rLd6BDjNZ_Q3UZmhxA,UChgIczA16Y0Z6-7va5g_55g,Undirected,1,1
UCDzT2ahM07g4np7Rf6fDa7A,UChgIczA16Y0Z6-7va5g_55g,Undirected,1,1
UC70KC06PCCjE33OW6JpbMiQ,UCaemRfCnd8w4TkFwi_rmCMw,Undirected,1,1
UC70KC06PCCjE33OW6JpbMiQ,UCk3FjyIa_T5bonkDrG4giWA,Undirected,1,1
UCDzT2ahM07g4np7Rf6fDa7A,UCaemRfCnd8w4TkFwi_rmCMw,Undirected,1,1
UCDzT2ahM07g4np7Rf6fDa7A,UCk3FjyIa_T5bonkDrG4giWA,Undirected,1,1
UCaemRfCnd8w4TkFwi_rmCMw,UCk3FjyIa_T5bonkDrG4giWA,Undirected,1,1
UCaemRfCnd8w4TkFwi_rmCMw,UCrxEEPKIg4FGDZ-bo6UtrYw,Undirected,1,1
UCk3FjyIa_T5bonkDrG4giWA,UCrxEEPKIg4FGDZ-bo6UtrYw,Undirected,1,1
UCDRq9rLd6BDjNZ_Q3UZmhxA,UCRsAsv_dOl_VVs2e_-Z07Ow,Undirected,4,4
UCDRq9rLd6BDjNZ_Q3UZmhxA,UCmhxr4Ky20hRZQGcBnjm8yg,Undirected,1,1
UCDRq9rLd6BDjNZ_Q3UZmhxA,UCv7dAeDF-Z9bNwUI6wIRNiQ,Undirected,1,1
UCDzT2ahM07g4np7Rf6fDa7A,UCRsAsv_dOl_VVs2e_-Z07Ow,Undirected,1,1
UCDzT2ahM07g4np7Rf6fDa7A,UCmhxr4Ky20hRZQGcBnjm8yg,Undirected,1,1
UCDzT2ahM07g4np7Rf6fDa7A,UCv7dAeDF-Z9bNwUI6wIRNiQ,Undirected,1,1
UCRsAsv_dOl_VVs2e_-Z07Ow,UCdRN7VtwbDseJNdem3Yi7QQ,Undirected,3,3
UCRsAsv_dOl_VVs2e_-Z07Ow,UCmhxr4Ky20hRZQGcBnjm8yg,Undirected,1,1
UCRsAsv_dOl_VVs2e_-Z07Ow,UCv7dAeDF-Z9bNwUI6wIRNiQ,Undirected,1,1
UCdRN7VtwbDseJNdem3Yi7QQ,UCmhxr4Ky20hRZQGcBnjm8yg,Undirected,1,1
UCdRN7VtwbDseJNdem3Yi7QQ,UCv7dAeDF-Z9bNwUI6wIRNiQ,Undirected,1,1
UCmhxr4Ky20hRZQGcBnjm8yg,UCv7dAeDF-Z9bNwUI6wIRNiQ,Undirected,1,1
UCImjuO4LYMLZlv6kIoDQJsA,UCV79VEHYpq5XcOHMIfB-WIQ,Undirected,2,2
UCEESKp-1lLJLOSsz-gfpHnw,UCImjuO4LYMLZlv6kIoDQJsA,Undirected,2,2
UCEESKp-1lLJLOSsz-gfpHnw,UCV79VEHYpq5XcOHMIfB-WIQ,Undirected,2,2
UCal7UeYHpoeLMKW06Z8UMbQ,UCvnxCUF9IkmN_9R4TUFhCEA,Undirected,1,1
UCCdH3zfATBwcXk-JRTzIkUw,UCNdPi8bq8lsASQKGVnn6K9w,Undirected,1,1
UCCdH3zfATBwcXk-JRTzIkUw,UCvnxCUF9IkmN_9R4TUFhCEA,Undirected,1,1
UCNdPi8bq8lsASQKGVnn6K9w,UCvnxCUF9IkmN_9R4TUFhCEA,Undirected,1,1
UCrUS5RSX8DXSA17_TInQ7Vw,UCvnxCUF9IkmN_9R4TUFhCEA,Undirected,2,2
UCmMGaRtBqqcmMj1WotyL6sA,UCvnxCUF9IkmN_9R4TUFhCEA,Undirected,1,1
UCuwXBMETP_ah1mrKFPfTFuQ,UCvnxCUF9IkmN_9R4TUFhCEA,Undirected,1,1
UCDRq9rLd6BDjNZ_Q3UZmhxA,UCkJ2rD1YFB6DceMNwrGeX-A,Undirected,1,1
UCUCeZaZeJbEYAAzvMgrKOPQ,UCrnX-RrSu3jK-auhcDGpvAw,Undirected,1,1
UCUCeZaZeJbEYAAzvMgrKOPQ,UCzdfCkKHKWhs7t0s9oIja_w,Undirected,2,2
UCrnX-RrSu3jK-auhcDGpvAw,UCzdfCkKHKWhs7t0s9oIja_w,Undirected,2,2
UCUjrjmN9IyqaXS48mLVzNDA,UCvpredjG93ifbCP1Y77JyFA,Undirected,1,1
UCUjrjmN9IyqaXS48mLVzNDA,UCzdfCkKHKWhs7t0s9oIja_w,Undirected,1,1
UCvpredjG93ifbCP1Y77JyFA,UCzdfCkKHKWhs7t0s9oIja_w,Undirected,1,1
UCQ9WCTYKyfuS_uXmfsK5Yuw,UCs_JXkJSday559nNwXrhD-A,Undirected,1,1
UCOODaB6wSX0UYO9W7jwlLbA,UCs_JXkJSday559nNwXrhD-A,Undirected,1,1
UCs_JXkJSday559nNwXrhD-A,UCyWgKIhhM24GeaudeWtME5g,Undirected,1,1
UC-5MT-BUxTzkPTWMediyV0w,UCs_JXkJSday559nNwXrhD-A,Undirected,1,1
UC9yqlTFEki692RTzQrtOPvw,UCES0OcYuXbNOB9fG5SWGFoA,Undirected,16,16
UC9yqlTFEki692RTzQrtOPvw,UColg0c5OtmPZ2uGuJaQhI7w,Undirected,16,16
UC9yqlTFEki692RTzQrtOPvw,UCvayv7u6HrpENlleXekJ2fg,Undirected,1,1
UCES0OcYuXbNOB9fG5SWGFoA,UColg0c5OtmPZ2uGuJaQhI7w,Undirected,16,16
UCES0OcYuXbNOB9fG5SWGFoA,UCvayv7u6HrpENlleXekJ2fg,Undirected,1,1
UColg0c5OtmPZ2uGuJaQhI7w,UCvayv7u6HrpENlleXekJ2fg,Undirected,1,1
UC9yqlTFEki692RTzQrtOPvw,UCvk9eMiPc347J31zk6aRG4A,Undirected,1,1
UCES0OcYuXbNOB9fG5SWGFoA,UCvk9eMiPc347J31zk6aRG4A,Undirected,1,1
UColg0c5OtmPZ2uGuJaQhI7w,UCvk9eMiPc347J31zk6aRG4A,Undirected,1,1
UC9yqlTFEki692RTzQrtOPvw,UCJ28AWXjdblypBGX5G-kd0A,Undirected,1,1
UCES0OcYuXbNOB9fG5SWGFoA,UCJ28AWXjdblypBGX5G-kd0A,Undirected,1,1
UCJ28AWXjdblypBGX5G-kd0A,UColg0c5OtmPZ2uGuJaQhI7w,Undirected,1,1
UC9yqlTFEki692RTzQrtOPvw,UCoSrY_IQQVpmIRZ9Xf-y93g,Undirected,1,1
UCES0OcYuXbNOB9fG5SWGFoA,UCoSrY_IQQVpmIRZ9Xf-y93g,Undirected,1,1
UCoSrY_IQQVpmIRZ9Xf-y93g,UColg0c5OtmPZ2uGuJaQhI7w,Undirected,1,1
UC9yqlTFEki692RTzQrtOPvw,UCfYdp-zYm8NiavuWaDy0-PQ,Undirected,2,2
UCES0OcYuXbNOB9fG5SWGFoA,UCfYdp-zYm8NiavuWaDy0-PQ,Undirected,2,2
UCfYdp-zYm8NiavuWaDy0-PQ,UColg0c5OtmPZ2uGuJaQhI7w,Undirected,2,2
UCMiO2HMKFPz5aHCZGlgUAEQ,UCSjyOwGqx_BK2Cd9ZsPZkiA,Undirected,1,1
UCMiO2HMKFPz5aHCZGlgUAEQ,UCdRN7VtwbDseJNdem3Yi7QQ,Undirected,1,1
UCSjyOwGqx_BK2Cd9ZsPZkiA,UCdRN7VtwbDseJNdem3Yi7QQ,Undirected,1,1
UCbQ2WBPvmZxiaKCfNiBrvuA,UCdRN7VtwbDseJNdem3Yi7QQ,Undirected,1,1
UC9UHK5vqT0aZZDADyFWteyQ,UCSAiKB2l3xVfe6n8eO6VvhQ,Undirected,1,1
UC70KC06PCCjE33OW6JpbMiQ,UCY0Zb2Bcz81hO1RndNOj6Mw,Undirected,1,1
UC9UHK5vqT0aZZDADyFWteyQ,UCY0Zb2Bcz81hO1RndNOj6Mw,Undirected,1,1
UCDRq9rLd6BDjNZ_Q3UZmhxA,UCY0Zb2Bcz81hO1RndNOj6Mw,Undirected,1,1
UC9UHK5vqT0aZZDADyFWteyQ,UCs0-pPllX1LRo1Uu5X00z9A,Undirected,1,1
UCDzT2ahM07g4np7Rf6fDa7A,UCs0-pPllX1LRo1Uu5X00z9A,Undirected,1,1
UC70KC06PCCjE33OW6JpbMiQ,UCY30JRSgfhYXA6i6xX1erWg,Undirected,1,1
UC9UHK5vqT0aZZDADyFWteyQ,UCY30JRSgfhYXA6i6xX1erWg,Undirected,1,1
UC70KC06PCCjE33OW6JpbMiQ,UCRsAsv_dOl_VVs2e_-Z07Ow,Undirected,2,2
UC9UHK5vqT0aZZDADyFWteyQ,UCRsAsv_dOl_VVs2e_-Z07Ow,Undirected,3,3
UC9UHK5vqT0aZZDADyFWteyQ,UCM6lVJqV-EYcFRXtFm3KaDg,Undirected,1,1
UC9UHK5vqT0aZZDADyFWteyQ,UCVfdOit3UXH_LLLFW03yQDA,Undirected,1,1
UCM6lVJqV-EYcFRXtFm3KaDg,UCVfdOit3UXH_LLLFW03yQDA,Undirected,1,1
UCaNMWnRubJEaglefIO3gRnQ,UCq6m0VAIJQYf5iFjharyiDQ,Undirected,8,8
UC70KC06PCCjE33OW6JpbMiQ,UCvpredjG93ifbCP1Y77JyFA,Undirected,2,2
UCaNMWnRubJEaglefIO3gRnQ,UCvpredjG93ifbCP1Y77JyFA,Undirected,1,1
UCKsD7Yt1Tn8rf5UdNLL4tPQ,UCaNMWnRubJEaglefIO3gRnQ,Undirected,1,1
UCKsD7Yt1Tn8rf5UdNLL4tPQ,UCq6m0VAIJQYf5iFjharyiDQ,Undirected,1,1
UCaNMWnRubJEaglefIO3gRnQ,UCpgxgkifUGSKg9dNFE5Vo7Q,Undirected,1,1
UCpgxgkifUGSKg9dNFE5Vo7Q,UCq6m0VAIJQYf5iFjharyiDQ,Undirected,1,1
UCaNMWnRubJEaglefIO3gRnQ,UCchlf66z1NueAv8xY117Lmw,Undirected,1,1
UCchlf66z1NueAv8xY117Lmw,UCq6m0VAIJQYf5iFjharyiDQ,Undirected,1,1
UC5CzljoHLwvb6VDSTEaEgzw,UC9zurqZbII_zuEEYBaO3QzQ,Undirected,6,6
UC5CzljoHLwvb6VDSTEaEgzw,UCaNMWnRubJEaglefIO3gRnQ,Undirected,1,1
UC5CzljoHLwvb6VDSTEaEgzw,UCdUeCfLZu5sEM_9QCRDjm4A,Undirected,6,6
UC5CzljoHLwvb6VDSTEaEgzw,UCgRgH7nHGEV7q0QrtIuWoUA,Undirected,1,1
UC9zurqZbII_zuEEYBaO3QzQ,UCaNMWnRubJEaglefIO3gRnQ,Undirected,3,3
UC9zurqZbII_zuEEYBaO3QzQ,UCdUeCfLZu5sEM_9QCRDjm4A,Undirected,8,8
UC9zurqZbII_zuEEYBaO3QzQ,UCgRgH7nHGEV7q0QrtIuWoUA,Undirected,2,2
UCaNMWnRubJEaglefIO3gRnQ,UCdUeCfLZu5sEM_9QCRDjm4A,Undirected,3,3
UCaNMWnRubJEaglefIO3gRnQ,UCgRgH7nHGEV7q0QrtIuWoUA,Undirected,1,1
UCdUeCfLZu5sEM_9QCRDjm4A,UCgRgH7nHGEV7q0QrtIuWoUA,Undirected,1,1
UCaNMWnRubJEaglefIO3gRnQ,UCep27mxUiDB2XBOYeUma8dA,Undirected,2,2
UCep27mxUiDB2XBOYeUma8dA,UCq6m0VAIJQYf5iFjharyiDQ,Undirected,3,3
UCU_hpPDJbuzCy0agOi6lJXA,UCbXXdwEVbVbXhosYKn0am6A,Undirected,1,1
UC34c3K7lidpzj6i1PVfsiAA,UCXbbk1ElvOKTzmBMTxD9a7A,Undirected,12,12
UC34c3K7lidpzj6i1PVfsiAA,UCtXpSO4eP7exGA4-8NUEw7A,Undirected,3,3
UC-3Hk5H2es2W966cKH5RGvg,UCYPLPIUCOK3fbMr9ZI2hnbw,Undirected,5,5
UC-3Hk5H2es2W966cKH5RGvg,UCxoKA2D8rwbKK7qNpnpUkDQ,Undirected,5,5
UCYPLPIUCOK3fbMr9ZI2hnbw,UCxoKA2D8rwbKK7qNpnpUkDQ,Undirected,6,6
UCBKbtnP9_d_cVqX4lGCYjRw,UCYPLPIUCOK3fbMr9ZI2hnbw,Undirected,3,3
UCBKbtnP9_d_cVqX4lGCYjRw,UCxoKA2D8rwbKK7qNpnpUkDQ,Undirected,3,3
UCP6zY82r5KApiCtRa5OkgdA,UCYPLPIUCOK3fbMr9ZI2hnbw,Undirected,2,2
UCP6zY82r5KApiCtRa5OkgdA,UCxoKA2D8rwbKK7qNpnpUkDQ,Undirected,2,2
UCBKbtnP9_d_cVqX4lGCYjRw,UCUf1fZH3k9T_WHYouRxT9gQ,Undirected,1,1
UCP6zY82r5KApiCtRa5OkgdA,UCUf1fZH3k9T_WHYouRxT9gQ,Undirected,1,1
UCUf1fZH3k9T_WHYouRxT9gQ,UCYPLPIUCOK3fbMr9ZI2hnbw,Undirected,1,1
UCUf1fZH3k9T_WHYouRxT9gQ,UCxoKA2D8rwbKK7qNpnpUkDQ,Undirected,1,1
UCgSUllu5lFYvn3ztHe8_HBA,UClUi27n4orZIZb4RR5k4fuA,Undirected,1,1
UCgSUllu5lFYvn3ztHe8_HBA,UCq8ZJhr7LVB6kIP6g_y2mDw,Undirected,1,1
UCgSUllu5lFYvn3ztHe8_HBA,UCzrwvapp587lhoRkmjKPDiA,Undirected,1,1
UClUi27n4orZIZb4RR5k4fuA,UCq8ZJhr7LVB6kIP6g_y2mDw,Undirected,1,1
UClUi27n4orZIZb4RR5k4fuA,UCzrwvapp587lhoRkmjKPDiA,Undirected,1,1
UCq8ZJhr7LVB6kIP6g_y2mDw,UCzrwvapp587lhoRkmjKPDiA,Undirected,1,1
UC2Oi_Pfzk-G3HyhnbP5vJLA,UC7SWvZ-izqdaYnY3pSbDZkw,Undirected,4,4
UC2Oi_Pfzk-G3HyhnbP5vJLA,UC2kBjjqPIGo1YEsLBua341A,Undirected,1,1
UC2Oi_Pfzk-G3HyhnbP5vJLA,UC4K0BPhoZW1MzEHnpk_jhHw,Undirected,2,2
UC4K0BPhoZW1MzEHnpk_jhHw,UC7SWvZ-izqdaYnY3pSbDZkw,Undirected,2,2
UC2Oi_Pfzk-G3HyhnbP5vJLA,UCRX5DWtpP2slMfvoiDWW0Rw,Undirected,1,1
UC4K0BPhoZW1MzEHnpk_jhHw,UCRX5DWtpP2slMfvoiDWW0Rw,Undirected,1,1
UC7SWvZ-izqdaYnY3pSbDZkw,UCRX5DWtpP2slMfvoiDWW0Rw,Undirected,1,1
UC6ZQt8cygRUiuIuNUdV70xg,UC_bGCUlgaYAOiMHG627_fIQ,Undirected,1,1
UC6ZQt8cygRUiuIuNUdV70xg,UCi7ld2mR9pvA40qAsw266rg,Undirected,1,1
UC_bGCUlgaYAOiMHG627_fIQ,UCi7ld2mR9pvA40qAsw266rg,Undirected,1,1
UCGWVehdunJpe8gJwUX4j_yQ,UC_bGCUlgaYAOiMHG627_fIQ,Undirected,1,1
UCGWVehdunJpe8gJwUX4j_yQ,UCeF_nhj1NsOx9ACqh358lcA,Undirected,1,1
UCGWVehdunJpe8gJwUX4j_yQ,UClMUyVtehvhiRiEHb_MN5cQ,Undirected,1,1
UC_bGCUlgaYAOiMHG627_fIQ,UCeF_nhj1NsOx9ACqh358lcA,Undirected,1,1
UCeF_nhj1NsOx9ACqh358lcA,UClMUyVtehvhiRiEHb_MN5cQ,Undirected,1,1
UCFXkDxCa_XVcNC7oOEw7U5g,UCQePT4_gTnCeNDKCIQ8aEqg,Undirected,1,1
UC8EuKyUwgP7Ek3Ygow4S8NA,UCQePT4_gTnCeNDKCIQ8aEqg,Undirected,1,1
UCXmaDQRCgEeiZw9ql86Lumg,UCgLEceZtHtnlvDvMIcATXhg,Undirected,1,1
UCXmaDQRCgEeiZw9ql86Lumg,UCd503g4luWdzSsBNKEh1MXQ,Undirected,1,1
UC5SAacRKyV_m533D4W_tKCg,UCXmaDQRCgEeiZw9ql86Lumg,Undirected,3,3
UCBPt2rEhll3CksbZi-e_iug,UCXmaDQRCgEeiZw9ql86Lumg,Undirected,2,2
UCLJiPfQloc2HWiRI02yFxYA,UCRY0lbY0pNJLYGvf_pA7FHw,Undirected,1,1
UCLJiPfQloc2HWiRI02yFxYA,UCTcMUeSJpoHWXEbCsvBDrlg,Undirected,1,1
UCLJiPfQloc2HWiRI02yFxYA,UCUTyHaFnRVkksIWM6ar5gJA,Undirected,1,1
UCLJiPfQloc2HWiRI02yFxYA,UCeqrW5MAQOpPnhtx3d4Jq-g,Undirected,1,1
UCLJiPfQloc2HWiRI02yFxYA,UChSKK9Pfl1ZLnLuAYd3v2dQ,Undirected,1,1
UCRY0lbY0pNJLYGvf_pA7FHw,UCTcMUeSJpoHWXEbCsvBDrlg,Undirected,1,1
UCRY0lbY0pNJLYGvf_pA7FHw,UCUTyHaFnRVkksIWM6ar5gJA,Undirected,1,1
UCRY0lbY0pNJLYGvf_pA7FHw,UCeqrW5MAQOpPnhtx3d4Jq-g,Undirected,1,1
UCRY0lbY0pNJLYGvf_pA7FHw,UChSKK9Pfl1ZLnLuAYd3v2dQ,Undirected,1,1
UCTcMUeSJpoHWXEbCsvBDrlg,UCUTyHaFnRVkksIWM6ar5gJA,Undirected,1,1
UCTcMUeSJpoHWXEbCsvBDrlg,UCeqrW5MAQOpPnhtx3d4Jq-g,Undirected,1,1
UCTcMUeSJpoHWXEbCsvBDrlg,UChSKK9Pfl1ZLnLuAYd3v2dQ,Undirected,1,1
UCUTyHaFnRVkksIWM6ar5gJA,UCeqrW5MAQOpPnhtx3d4Jq-g,Undirected,1,1
UCUTyHaFnRVkksIWM6ar5gJA,UChSKK9Pfl1ZLnLuAYd3v2dQ,Undirected,1,1
UCeqrW5MAQOpPnhtx3d4Jq-g,UChSKK9Pfl1ZLnLuAYd3v2dQ,Undirected,1,1
UCYGb8eLAkV5_PPA5FrIQq0g,UCahV0qNpelNnUJ13aMYDJFg,Undirected,2,2
UCIVKJQ6LUmmqOHadxkPROJQ,UCc3w5ICxoMI1-Ei0llA9QNA,Undirected,1,1
UCahV0qNpelNnUJ13aMYDJFg,UCc3w5ICxoMI1-Ei0llA9QNA,Undirected,2,2
UCahV0qNpelNnUJ13aMYDJFg,UCl1_THrXFH5Au-lJ3MM77iQ,Undirected,1,1
UCc3w5ICxoMI1-Ei0llA9QNA,UCl1_THrXFH5Au-lJ3MM77iQ,Undirected,1,1
UCLKRVZ_80ZZyL7G1NbvpzkQ,UCqVDInNe0qLzDn4dwEALT-g,Undirected,2,2
UCKTA_n4VCxX8W3FcC4c70yQ,UCLKRVZ_80ZZyL7G1NbvpzkQ,Undirected,2,2
UCCLHy8wcmkA-XydMLIJekPg,UCLKRVZ_80ZZyL7G1NbvpzkQ,Undirected,1,1
UC-N8JOegmwj9H2bghzTG0GQ,UCX3PvjGUu8WaU-CiP8wKzww,Undirected,1,1
UCX3PvjGUu8WaU-CiP8wKzww,UCj1dD19IqM7YuuwcoIrykww,Undirected,2,2
UCeaFgoabsZ9Iev8MrrtjguA,UCkcmg8yBpJk5I1fwu0sabJg,Undirected,9,9
UCPwbaViL5sRJ6yMSEAI5jrg,UC_ldsPJ4AvCzNH4vk6Lx-uA,Undirected,15,15
UC_cSAAXCVIw5xNJf5Yby90w,UCmI1ZpKkY3i7tXAQhnXSJvg,Undirected,1,1
UCgP3GbgbuVzAhlctGU5yuPA,UCmI1ZpKkY3i7tXAQhnXSJvg,Undirected,1,1
UC8C1LLhBhf_E2IBPLSDJXlQ,UCt5-0i4AVHXaWJrL8Wql3mw,Undirected,2,2
UC6PuiZi9ICsXT4bIXnwPqKQ,UCUHKXV102zeGsUo56BSzQJw,Undirected,2,2
UCbltu9xinfGdsf5U-BrsRFA,UCu84IrpgLbmEelD7E_755QA,Undirected,20,20
UC0XQFH6lXpEJMJW_NfvO_tg,UCbltu9xinfGdsf5U-BrsRFA,Undirected,1,1
UC0XQFH6lXpEJMJW_NfvO_tg,UCu84IrpgLbmEelD7E_755QA,Undirected,1,1
UCP8Ly9PUyiAfc4GJxKnXyNw,UCjo-udZqf126Mxp9LCxSNMQ,Undirected,1,1
UCdgfRnpHeNFcJ_jtWFs4ydQ,UCyeh3wnN52YJ7emqgCzk4UQ,Undirected,18,18
UCdgfRnpHeNFcJ_jtWFs4ydQ,UCndOUEEJsZf1gwIjegcd1bw,Undirected,1,1
UCndOUEEJsZf1gwIjegcd1bw,UCyeh3wnN52YJ7emqgCzk4UQ,Undirected,1,1
UCh6eUVqErIE0B38vbIRzUqQ,UCupOQ6YCLqiGYRaojRIIw7g,Undirected,20,20
UC_HMXU_4cq-GOHZA3gDBBOQ,UCaak9sggUeIBPOd8iK_BXcQ,Undirected,1,1
UC_HMXU_4cq-GOHZA3gDBBOQ,UCh6eUVqErIE0B38vbIRzUqQ,Undirected,1,1
UC_HMXU_4cq-GOHZA3gDBBOQ,UCupOQ6YCLqiGYRaojRIIw7g,Undirected,1,1
UCaak9sggUeIBPOd8iK_BXcQ,UCh6eUVqErIE0B38vbIRzUqQ,Undirected,1,1
UCaak9sggUeIBPOd8iK_BXcQ,UCupOQ6YCLqiGYRaojRIIw7g,Undirected,1,1
UCAzItoTqkXzroYBY8mxMijg,UCh6eUVqErIE0B38vbIRzUqQ,Undirected,1,1
UCAzItoTqkXzroYBY8mxMijg,UCupOQ6YCLqiGYRaojRIIw7g,Undirected,1,1
UCGygfWDb5Vo3NLBb2Z2RAGQ,UCh6eUVqErIE0B38vbIRzUqQ,Undirected,1,1
UCGygfWDb5Vo3NLBb2Z2RAGQ,UCupOQ6YCLqiGYRaojRIIw7g,Undirected,1,1
UC-hM6YJuNYVAmUWxeIr9FeA,UCCzUftO8KOVkV4wQG1vkUvg,Undirected,1,1
UC-hM6YJuNYVAmUWxeIr9FeA,UCIBY1ollUsauvVi4hW4cumw,Undirected,1,1
UC-hM6YJuNYVAmUWxeIr9FeA,UCZlDXzGoo7d44bwdNObFacg,Undirected,1,1
UC-hM6YJuNYVAmUWxeIr9FeA,UCa9Y57gfeY0Zro_noHRVrnw,Undirected,1,1
UCCzUftO8KOVkV4wQG1vkUvg,UCIBY1ollUsauvVi4hW4cumw,Undirected,1,1
UCCzUftO8KOVkV4wQG1vkUvg,UCa9Y57gfeY0Zro_noHRVrnw,Undirected,1,1
UCIBY1ollUsauvVi4hW4cumw,UCa9Y57gfeY0Zro_noHRVrnw,Undirected,1,1
UCZlDXzGoo7d44bwdNObFacg,UCa9Y57gfeY0Zro_noHRVrnw,Undirected,1,1
UC-hM6YJuNYVAmUWxeIr9FeA,UCJFZiqLMntJufDCHc6bQixg,Undirected,2,2
UC5CwaMl1eIgY8h02uZw7u8A,UCJFZiqLMntJufDCHc6bQixg,Undirected,1,1
UC-hM6YJuNYVAmUWxeIr9FeA,UCvy_1uRgNNu-h3JJCJOGfpw,Undirected,1,1
UCJFZiqLMntJufDCHc6bQixg,UCvy_1uRgNNu-h3JJCJOGfpw,Undirected,1,1
UCGfViBcBEYb2v9P33LALiwQ,UCJ6IsDg6y8jFdyHvfXV6aNQ,Undirected,1,1
UCGfViBcBEYb2v9P33LALiwQ,UCRG_RR8R2mdmQTHVdrvDpAw,Undirected,1,1
UCGfViBcBEYb2v9P33LALiwQ,UCV2h8gmsQDhJ7dWUFTP9wTA,Undirected,1,1
UCGfViBcBEYb2v9P33LALiwQ,UCZeWkiM4W_jx2ppjvRlsaIA,Undirected,1,1
UCGfViBcBEYb2v9P33LALiwQ,UCdIIkWHFR9Esvt5sVLsLq1A,Undirected,1,1
UCJ6IsDg6y8jFdyHvfXV6aNQ,UCRG_RR8R2mdmQTHVdrvDpAw,Undirected,1,1
UCJ6IsDg6y8jFdyHvfXV6aNQ,UCV2h8gmsQDhJ7dWUFTP9wTA,Undirected,2,2
UCJ6IsDg6y8jFdyHvfXV6aNQ,UCdIIkWHFR9Esvt5sVLsLq1A,Undirected,15,15
UCRG_RR8R2mdmQTHVdrvDpAw,UCV2h8gmsQDhJ7dWUFTP9wTA,Undirected,1,1
UCRG_RR8R2mdmQTHVdrvDpAw,UCZeWkiM4W_jx2ppjvRlsaIA,Undirected,1,1
UCRG_RR8R2mdmQTHVdrvDpAw,UCdIIkWHFR9Esvt5sVLsLq1A,Undirected,1,1
UCV2h8gmsQDhJ7dWUFTP9wTA,UCZeWkiM4W_jx2ppjvRlsaIA,Undirected,1,1
UCV2h8gmsQDhJ7dWUFTP9wTA,UCdIIkWHFR9Esvt5sVLsLq1A,Undirected,1,1
UCZeWkiM4W_jx2ppjvRlsaIA,UCdIIkWHFR9Esvt5sVLsLq1A,Undirected,2,2
UC5akOhxdDIU3gZTJSmv_Wgg,UC8saOtRMr4bMetYYAWVdBCw,Undirected,1,1
UC5akOhxdDIU3gZTJSmv_Wgg,UCJ6IsDg6y8jFdyHvfXV6aNQ,Undirected,2,2
UC5akOhxdDIU3gZTJSmv_Wgg,UCTQWfX7UKw7f6bI5Fpczwxg,Undirected,3,3
UC5akOhxdDIU3gZTJSmv_Wgg,UCV4XZYBPE70Xog1OjZnpqgg,Undirected,1,1
UC5akOhxdDIU3gZTJSmv_Wgg,UCdIIkWHFR9Esvt5sVLsLq1A,Undirected,2,2
UC8saOtRMr4bMetYYAWVdBCw,UCJ6IsDg6y8jFdyHvfXV6aNQ,Undirected,1,1
UC8saOtRMr4bMetYYAWVdBCw,UCTQWfX7UKw7f6bI5Fpczwxg,Undirected,1,1
UC8saOtRMr4bMetYYAWVdBCw,UCV4XZYBPE70Xog1OjZnpqgg,Undirected,1,1
UC8saOtRMr4bMetYYAWVdBCw,UCdIIkWHFR9Esvt5sVLsLq1A,Undirected,3,3
UCJ6IsDg6y8jFdyHvfXV6aNQ,UCTQWfX7UKw7f6bI5Fpczwxg,Undirected,6,6
UCJ6IsDg6y8jFdyHvfXV6aNQ,UCV4XZYBPE70Xog1OjZnpqgg,Undirected,2,2
UCTQWfX7UKw7f6bI5Fpczwxg,UCV4XZYBPE70Xog1OjZnpqgg,Undirected,1,1
UCTQWfX7UKw7f6bI5Fpczwxg,UCdIIkWHFR9Esvt5sVLsLq1A,Undirected,5,5
UCV4XZYBPE70Xog1OjZnpqgg,UCdIIkWHFR9Esvt5sVLsLq1A,Undirected,2,2
UCJ6IsDg6y8jFdyHvfXV6aNQ,UCfeYI_o9NTv1Jsi18ta0qKw,Undirected,2,2
UCJ6IsDg6y8jFdyHvfXV6aNQ,UCMKVARdOQoEcHrUfOihpTxQ,Undirected,2,2
UCMKVARdOQoEcHrUfOihpTxQ,UCTQWfX7UKw7f6bI5Fpczwxg,Undirected,1,1
UCMKVARdOQoEcHrUfOihpTxQ,UCdIIkWHFR9Esvt5sVLsLq1A,Undirected,2,2
UCJ6IsDg6y8jFdyHvfXV6aNQ,UCo9jC3agot625b0btY4AZ1Q,Undirected,7,7
UCZeWkiM4W_jx2ppjvRlsaIA,UCo9jC3agot625b0btY4AZ1Q,Undirected,2,2
UCh-Az1fpS-uDg-wfp-ScvaQ,UCo9jC3agot625b0btY4AZ1Q,Undirected,2,2
UCLeIuICd4O8-4PnB0o4l99g,UCaDUoaxT9-lNYrB65Drs22Q,Undirected,6,6
UCLeIuICd4O8-4PnB0o4l99g,UCZeWkiM4W_jx2ppjvRlsaIA,Undirected,2,2
UCDUE-URH7fIA62B6kLprSlA,UCOyV-l0XgKg3objHmzLOAKQ,Undirected,1,1
UCDUE-URH7fIA62B6kLprSlA,UC_MFOIMRgOs7_CT82mr-eIA,Undirected,1,1
UCDUE-URH7fIA62B6kLprSlA,UCaDUoaxT9-lNYrB65Drs22Q,Undirected,1,1
UCDUE-URH7fIA62B6kLprSlA,UCkrP4jIbdp5VaL0GCLKdluQ,Undirected,1,1
UCOyV-l0XgKg3objHmzLOAKQ,UC_MFOIMRgOs7_CT82mr-eIA,Undirected,2,2
UCOyV-l0XgKg3objHmzLOAKQ,UCaDUoaxT9-lNYrB65Drs22Q,Undirected,2,2
UCOyV-l0XgKg3objHmzLOAKQ,UCkrP4jIbdp5VaL0GCLKdluQ,Undirected,1,1
UC_MFOIMRgOs7_CT82mr-eIA,UCaDUoaxT9-lNYrB65Drs22Q,Undirected,1,1
UC_MFOIMRgOs7_CT82mr-eIA,UCkrP4jIbdp5VaL0GCLKdluQ,Undirected,1,1
UCaDUoaxT9-lNYrB65Drs22Q,UCkrP4jIbdp5VaL0GCLKdluQ,Undirected,1,1
UCOyV-l0XgKg3objHmzLOAKQ,UCTQWfX7UKw7f6bI5Fpczwxg,Undirected,1,1
UCTQWfX7UKw7f6bI5Fpczwxg,UCaDUoaxT9-lNYrB65Drs22Q,Undirected,2,2
UCLeIuICd4O8-4PnB0o4l99g,UCMsNS10PzxzEayT7UHS4p6g,Undirected,1,1
UCLeIuICd4O8-4PnB0o4l99g,UCWLoej7Wx1hoEPVxhufZQfw,Undirected,1,1
UCMsNS10PzxzEayT7UHS4p6g,UCWLoej7Wx1hoEPVxhufZQfw,Undirected,1,1
UCMsNS10PzxzEayT7UHS4p6g,UCaDUoaxT9-lNYrB65Drs22Q,Undirected,1,1
UCWLoej7Wx1hoEPVxhufZQfw,UCaDUoaxT9-lNYrB65Drs22Q,Undirected,1,1
UCKYdlncC-QcSUwPfQiJF5xQ,UCaDUoaxT9-lNYrB65Drs22Q,Undirected,2,2
UC9iIFj6J_tkSmmcVq5LhK2w,UCLeIuICd4O8-4PnB0o4l99g,Undirected,2,2
UC9iIFj6J_tkSmmcVq5LhK2w,UCaDUoaxT9-lNYrB65Drs22Q,Undirected,2,2
UC1gIWcMPg7f9dTCm-z5NeqQ,UCKYdlncC-QcSUwPfQiJF5xQ,Undirected,2,2
UC1gIWcMPg7f9dTCm-z5NeqQ,UCo9jC3agot625b0btY4AZ1Q,Undirected,1,1
UCKYdlncC-QcSUwPfQiJF5xQ,UCh-Az1fpS-uDg-wfp-ScvaQ,Undirected,3,3
UCKYdlncC-QcSUwPfQiJF5xQ,UCo9jC3agot625b0btY4AZ1Q,Undirected,3,3
UC1gIWcMPg7f9dTCm-z5NeqQ,UC2lz4sG7IOnJ4HyfCiMLIOA,Undirected,1,1
UC1gIWcMPg7f9dTCm-z5NeqQ,UCQhDb4DdDIyVocU6WwvAAEA,Undirected,1,1
UC1gIWcMPg7f9dTCm-z5NeqQ,UC3JXYNKe44W5qMih4AvbKMg,Undirected,1,1
UC-_GZog9Qz6eqtg4QLnOmlw,UCHXqm6im50_Gr4oKL15XN1A,Undirected,1,1
UC-_GZog9Qz6eqtg4QLnOmlw,UCJFjLQYtIHAQymfDcL7wmMw,Undirected,1,1
UC-_GZog9Qz6eqtg4QLnOmlw,UCkacoqLjkBOB0YInB1jpUXA,Undirected,1,1
UC-_GZog9Qz6eqtg4QLnOmlw,UClsK7joBrIf4CuBnPZvFn2g,Undirected,1,1
UC-_GZog9Qz6eqtg4QLnOmlw,UCy3XqyXzywNL3tBGFkmtppw,Undirected,1,1
UCHXqm6im50_Gr4oKL15XN1A,UCJFjLQYtIHAQymfDcL7wmMw,Undirected,6,6
UCHXqm6im50_Gr4oKL15XN1A,UCkacoqLjkBOB0YInB1jpUXA,Undirected,1,1
UCHXqm6im50_Gr4oKL15XN1A,UClsK7joBrIf4CuBnPZvFn2g,Undirected,2,2
UCHXqm6im50_Gr4oKL15XN1A,UCy3XqyXzywNL3tBGFkmtppw,Undirected,1,1
UCJFjLQYtIHAQymfDcL7wmMw,UCkacoqLjkBOB0YInB1jpUXA,Undirected,1,1
UCJFjLQYtIHAQymfDcL7wmMw,UClsK7joBrIf4CuBnPZvFn2g,Undirected,1,1
UCJFjLQYtIHAQymfDcL7wmMw,UCy3XqyXzywNL3tBGFkmtppw,Undirected,1,1
UCkacoqLjkBOB0YInB1jpUXA,UClsK7joBrIf4CuBnPZvFn2g,Undirected,1,1
UCkacoqLjkBOB0YInB1jpUXA,UCy3XqyXzywNL3tBGFkmtppw,Undirected,1,1
UClsK7joBrIf4CuBnPZvFn2g,UCy3XqyXzywNL3tBGFkmtppw,Undirected,1,1
UCHXqm6im50_Gr4oKL15XN1A,UCKYdlncC-QcSUwPfQiJF5xQ,Undirected,1,1
UCHXqm6im50_Gr4oKL15XN1A,UCkZ1QrqHwxnrW56YNf2GNaA,Undirected,1,1
UCHXqm6im50_Gr4oKL15XN1A,UCiM6B6wtZsl2PXhTRhXRXvA,Undirected,2,2
UCHXqm6im50_Gr4oKL15XN1A,UCkTAEZf9o48XueSubJJ1qLg,Undirected,9,9
UCJFjLQYtIHAQymfDcL7wmMw,UCiM6B6wtZsl2PXhTRhXRXvA,Undirected,1,1
UCJFjLQYtIHAQymfDcL7wmMw,UCkTAEZf9o48XueSubJJ1qLg,Undirected,1,1
UCiM6B6wtZsl2PXhTRhXRXvA,UCkTAEZf9o48XueSubJJ1qLg,Undirected,1,1
UC1Rk0sEJKThLZU0DfH2ekew,UCCrRrZ42klvWtDjJtxYWUZw,Undirected,1,1
UCCrRrZ42klvWtDjJtxYWUZw,UCX5IyHO4ky6t-Ve9KZCsGbg,Undirected,1,1
UCCrRrZ42klvWtDjJtxYWUZw,UCkZ1QrqHwxnrW56YNf2GNaA,Undirected,1,1
UCCrRrZ42klvWtDjJtxYWUZw,UCmDLGnsdQ8nI0RtMtQjUPCQ,Undirected,1,1
UCCrRrZ42klvWtDjJtxYWUZw,UCx-EPHR2ZoVGBMBSIOUo2pg,Undirected,1,1
UCX5IyHO4ky6t-Ve9KZCsGbg,UCkZ1QrqHwxnrW56YNf2GNaA,Undirected,1,1
UCX5IyHO4ky6t-Ve9KZCsGbg,UCmDLGnsdQ8nI0RtMtQjUPCQ,Undirected,1,1
UCX5IyHO4ky6t-Ve9KZCsGbg,UCx-EPHR2ZoVGBMBSIOUo2pg,Undirected,1,1
UCkZ1QrqHwxnrW56YNf2GNaA,UCmDLGnsdQ8nI0RtMtQjUPCQ,Undirected,1,1
UCkZ1QrqHwxnrW56YNf2GNaA,UCx-EPHR2ZoVGBMBSIOUo2pg,Undirected,1,1
UCmDLGnsdQ8nI0RtMtQjUPCQ,UCx-EPHR2ZoVGBMBSIOUo2pg,Undirected,1,1
UCCrRrZ42klvWtDjJtxYWUZw,UCUW7KG8cx8JrS0OWelLPyYg,Undirected,1,1
UC9iIFj6J_tkSmmcVq5LhK2w,UCKYdlncC-QcSUwPfQiJF5xQ,Undirected,5,5
UC9iIFj6J_tkSmmcVq5LhK2w,UCkZ1QrqHwxnrW56YNf2GNaA,Undirected,1,1
UCJ6IsDg6y8jFdyHvfXV6aNQ,UCkZ1QrqHwxnrW56YNf2GNaA,Undirected,1,1
UC1gIWcMPg7f9dTCm-z5NeqQ,UC9iIFj6J_tkSmmcVq5LhK2w,Undirected,1,1
UC1gIWcMPg7f9dTCm-z5NeqQ,UCS5M-k1_OBVQwyDX5yCMW8g,Undirected,1,1
UC9iIFj6J_tkSmmcVq5LhK2w,UCS5M-k1_OBVQwyDX5yCMW8g,Undirected,1,1
UCJ6IsDg6y8jFdyHvfXV6aNQ,UCKYdlncC-QcSUwPfQiJF5xQ,Undirected,6,6
UCJ6IsDg6y8jFdyHvfXV6aNQ,UCS5M-k1_OBVQwyDX5yCMW8g,Undirected,1,1
UCKYdlncC-QcSUwPfQiJF5xQ,UCS5M-k1_OBVQwyDX5yCMW8g,Undirected,1,1
UCS5M-k1_OBVQwyDX5yCMW8g,UCh-Az1fpS-uDg-wfp-ScvaQ,Undirected,1,1
UC9iIFj6J_tkSmmcVq5LhK2w,UCTQWfX7UKw7f6bI5Fpczwxg,Undirected,2,2
UC9iIFj6J_tkSmmcVq5LhK2w,UCdIIkWHFR9Esvt5sVLsLq1A,Undirected,5,5
UC5akOhxdDIU3gZTJSmv_Wgg,UC9AiKsRJBOpjH8n2YgcHnrw,Undirected,1,1
UC5akOhxdDIU3gZTJSmv_Wgg,UC9iIFj6J_tkSmmcVq5LhK2w,Undirected,1,1
UC9AiKsRJBOpjH8n2YgcHnrw,UC9iIFj6J_tkSmmcVq5LhK2w,Undirected,1,1
UC9AiKsRJBOpjH8n2YgcHnrw,UCTQWfX7UKw7f6bI5Fpczwxg,Undirected,1,1
UC9iIFj6J_tkSmmcVq5LhK2w,UCiM6B6wtZsl2PXhTRhXRXvA,Undirected,1,1
UCihu5ygkTXm8CeFhD1Tx3eg,UCmgqVkG7vJHXnr4Q8PfDsQg,Undirected,1,1
UCPp3q-IAFpfquV77qRgJmdQ,UCihu5ygkTXm8CeFhD1Tx3eg,Undirected,1,1
UCaWVCqpIfWFXUHSKANMjVQA,UCihu5ygkTXm8CeFhD1Tx3eg,Undirected,1,1
UC6ne5WddiNBywDDwpCQb1Nw,UCEPz7qJRNuQ8EL-lggJXZpQ,Undirected,2,2
UC6ne5WddiNBywDDwpCQb1Nw,UCIdsh1JntIOhTRDEylOGHtg,Undirected,1,1
UC6ne5WddiNBywDDwpCQb1Nw,UCSNOIKGaKvvJEzQSlpjjB-Q,Undirected,1,1
UCEPz7qJRNuQ8EL-lggJXZpQ,UCIdsh1JntIOhTRDEylOGHtg,Undirected,2,2
UCEPz7qJRNuQ8EL-lggJXZpQ,UCSNOIKGaKvvJEzQSlpjjB-Q,Undirected,2,2
UCIdsh1JntIOhTRDEylOGHtg,UCSNOIKGaKvvJEzQSlpjjB-Q,Undirected,2,2
UCEPz7qJRNuQ8EL-lggJXZpQ,UCh-AKYWui2rGr8F6tpGsNqA,Undirected,1,1
UC6ne5WddiNBywDDwpCQb1Nw,UC8gpTt86zIxmgGnqXs0mw8w,Undirected,1,1
UC6ne5WddiNBywDDwpCQb1Nw,UCGBARla_yqFuvqC1_yvU-Cw,Undirected,1,1
UC8gpTt86zIxmgGnqXs0mw8w,UCEPz7qJRNuQ8EL-lggJXZpQ,Undirected,2,2
UC8gpTt86zIxmgGnqXs0mw8w,UCGBARla_yqFuvqC1_yvU-Cw,Undirected,1,1
UCEPz7qJRNuQ8EL-lggJXZpQ,UCGBARla_yqFuvqC1_yvU-Cw,Undirected,6,6
UCEPz7qJRNuQ8EL-lggJXZpQ,UCO1p5G53s2W_lCmCnwKsbXQ,Undirected,1,1
UC8gpTt86zIxmgGnqXs0mw8w,UCDmjEzKYeHDJyGIHoAb8Xvg,Undirected,1,1
UC8gpTt86zIxmgGnqXs0mw8w,UChXXQczYk7dxynrAypgvsUQ,Undirected,1,1
UCDmjEzKYeHDJyGIHoAb8Xvg,UCEPz7qJRNuQ8EL-lggJXZpQ,Undirected,2,2
UCDmjEzKYeHDJyGIHoAb8Xvg,UChXXQczYk7dxynrAypgvsUQ,Undirected,1,1
UCEPz7qJRNuQ8EL-lggJXZpQ,UChXXQczYk7dxynrAypgvsUQ,Undirected,1,1
UCGso3fqefRJBfJEU67KfFXA,UCJ6IsDg6y8jFdyHvfXV6aNQ,Undirected,2,2
UCGso3fqefRJBfJEU67KfFXA,UCdIIkWHFR9Esvt5sVLsLq1A,Undirected,3,3
UCdIIkWHFR9Esvt5sVLsLq1A,UCrCy-tDKPGMwKLno_S5ny6Q,Undirected,1,1
UCKYdlncC-QcSUwPfQiJF5xQ,UCdIIkWHFR9Esvt5sVLsLq1A,Undirected,5,5
UCH3rKVI8cDtjWbOIq9cQRDA,UCHxCNynuC4MxG6etS35wWkg,Undirected,2,2
UCH3rKVI8cDtjWbOIq9cQRDA,UCS3JjH2kAT6XANy7kjpyQVg,Undirected,1,1
UCH3rKVI8cDtjWbOIq9cQRDA,UCXfykXB6FMSY7Jnbr1aM5KQ,Undirected,1,1
UCHxCNynuC4MxG6etS35wWkg,UCS3JjH2kAT6XANy7kjpyQVg,Undirected,1,1
UCHxCNynuC4MxG6etS35wWkg,UCXfykXB6FMSY7Jnbr1aM5KQ,Undirected,1,1
UCS3JjH2kAT6XANy7kjpyQVg,UCXfykXB6FMSY7Jnbr1aM5KQ,Undirected,1,1
UC0GPIyhex_7H9msCOTOu_Jw,UC6B6N7-2yNGDZtLhAeTj6mA,Undirected,1,1
UC0GPIyhex_7H9msCOTOu_Jw,UCegZUI2nhyazkE3Jr1gw2wQ,Undirected,1,1
UC6B6N7-2yNGDZtLhAeTj6mA,UCegZUI2nhyazkE3Jr1gw2wQ,Undirected,1,1
UCB5T6jlj4wB52h4oxuhikeA,UCH4SbLzzcJD73JGCxvCwvlg,Undirected,1,1
UCB5T6jlj4wB52h4oxuhikeA,UCMi8t45l3oEqolXgDjonJzQ,Undirected,1,1
UCH4SbLzzcJD73JGCxvCwvlg,UCMi8t45l3oEqolXgDjonJzQ,Undirected,1,1
UCF4nVNEKxi8r4SHrVp0COKw,UCSS1NGJlBsnGwntFy1AREAQ,Undirected,5,5
UCA0B7x_M1_JKrFU4z02R-Ng,UCXG0XkEumybGxbF5gsWJeoA,Undirected,4,4
UCQ1n_PUxgvTn9nZISqHpylw,UCmuhkbAcJZHqzCs6u5JtbPA,Undirected,1,1
UCQ1n_PUxgvTn9nZISqHpylw,UCrNI1eJO_1oThZTac-LJiUQ,Undirected,6,6
UCmuhkbAcJZHqzCs6u5JtbPA,UCrNI1eJO_1oThZTac-LJiUQ,Undirected,1,1
UCBuBTkcgN_7Sxta2SXalfdA,UCQ1n_PUxgvTn9nZISqHpylw,Undirected,2,2
UC2Vg1LnYEVqmpjLF2Ws67yA,UCKtzhKtZ6A71G0iOZhaIqqQ,Undirected,1,1
UC2Vg1LnYEVqmpjLF2Ws67yA,UCOUk9bwgpOryObHhsFnlp7Q,Undirected,1,1
UC2Vg1LnYEVqmpjLF2Ws67yA,UCQ1n_PUxgvTn9nZISqHpylw,Undirected,3,3
UC2Vg1LnYEVqmpjLF2Ws67yA,UCrNI1eJO_1oThZTac-LJiUQ,Undirected,1,1
UCKtzhKtZ6A71G0iOZhaIqqQ,UCOUk9bwgpOryObHhsFnlp7Q,Undirected,1,1
UCKtzhKtZ6A71G0iOZhaIqqQ,UCQ1n_PUxgvTn9nZISqHpylw,Undirected,1,1
UCKtzhKtZ6A71G0iOZhaIqqQ,UCrNI1eJO_1oThZTac-LJiUQ,Undirected,1,1
UCOUk9bwgpOryObHhsFnlp7Q,UCQ1n_PUxgvTn9nZISqHpylw,Undirected,1,1
UCOUk9bwgpOryObHhsFnlp7Q,UCrNI1eJO_1oThZTac-LJiUQ,Undirected,1,1
UC2Vg1LnYEVqmpjLF2Ws67yA,UCOFvtauYh2RqSy-bFmhIDUA,Undirected,1,1
UCOFvtauYh2RqSy-bFmhIDUA,UCQ1n_PUxgvTn9nZISqHpylw,Undirected,3,3
UCHF0NFFfBeyBWKBFpJQsAqQ,UCQ1n_PUxgvTn9nZISqHpylw,Undirected,2,2
UCHF0NFFfBeyBWKBFpJQsAqQ,UCYFNiUNpJ_r624tSU12w9aA,Undirected,1,1
UCIqIPFxLCjCb8YDPFS3avWg,UCQ1n_PUxgvTn9nZISqHpylw,Undirected,1,1
UCIqIPFxLCjCb8YDPFS3avWg,UCYFNiUNpJ_r624tSU12w9aA,Undirected,1,1
UCQ1n_PUxgvTn9nZISqHpylw,UCYFNiUNpJ_r624tSU12w9aA,Undirected,1,1
UCQ1n_PUxgvTn9nZISqHpylw,UCnA-ywG5CEeXlWxWE1K-jNQ,Undirected,1,1
UCYFNiUNpJ_r624tSU12w9aA,UCnA-ywG5CEeXlWxWE1K-jNQ,Undirected,1,1
UCQ1n_PUxgvTn9nZISqHpylw,UCx9D32C8ZFaz1kPkBASSAzQ,Undirected,1,1
UC1OWKjC2Cdu41WT3y69jd0w,UCS-lQAki28XjjSDalcWsHCw,Undirected,4,4
UC1OWKjC2Cdu41WT3y69jd0w,UCkmXYtBjhilwv8P2jZPfHMQ,Undirected,1,1
UC1OWKjC2Cdu41WT3y69jd0w,UCrNI1eJO_1oThZTac-LJiUQ,Undirected,4,4
UCS-lQAki28XjjSDalcWsHCw,UCkmXYtBjhilwv8P2jZPfHMQ,Undirected,1,1
UCS-lQAki28XjjSDalcWsHCw,UCrNI1eJO_1oThZTac-LJiUQ,Undirected,4,4
UCkmXYtBjhilwv8P2jZPfHMQ,UCrNI1eJO_1oThZTac-LJiUQ,Undirected,1,1
UC1OWKjC2Cdu41WT3y69jd0w,UCjhMe3wMMbmcTb0Qmo8Rvow,Undirected,1,1
UCS-lQAki28XjjSDalcWsHCw,UCjhMe3wMMbmcTb0Qmo8Rvow,Undirected,1,1
UCjhMe3wMMbmcTb0Qmo8Rvow,UCrNI1eJO_1oThZTac-LJiUQ,Undirected,1,1
UC1OWKjC2Cdu41WT3y69jd0w,UCEvlfz79QPW37xGKkN-4sHA,Undirected,1,1
UCEvlfz79QPW37xGKkN-4sHA,UCS-lQAki28XjjSDalcWsHCw,Undirected,1,1
UCEvlfz79QPW37xGKkN-4sHA,UCrNI1eJO_1oThZTac-LJiUQ,Undirected,1,1
UCEL-pqrBJa7IGcRDlR8FZPQ,UCQ1n_PUxgvTn9nZISqHpylw,Undirected,1,1
UCEL-pqrBJa7IGcRDlR8FZPQ,UCrNI1eJO_1oThZTac-LJiUQ,Undirected,1,1
UCHF0NFFfBeyBWKBFpJQsAqQ,UCQE4g7pyl0CSYqKjbXplgUA,Undirected,1,1
UCHF0NFFfBeyBWKBFpJQsAqQ,UCrNI1eJO_1oThZTac-LJiUQ,Undirected,1,1
UCQ1n_PUxgvTn9nZISqHpylw,UCQE4g7pyl0CSYqKjbXplgUA,Undirected,1,1
UCQE4g7pyl0CSYqKjbXplgUA,UCrNI1eJO_1oThZTac-LJiUQ,Undirected,1,1
UC34L4iz1stvSp-75j5JnqTA,UCcdgtlcIai9P73w-X3pNqLA,Undirected,2,2
UC3iSBXqd2P_IfAHnGtXiiAA,UCHF0NFFfBeyBWKBFpJQsAqQ,Undirected,1,1
UC3iSBXqd2P_IfAHnGtXiiAA,UCJtYY44znndp-xw41hHOeig,Undirected,1,1
UC3iSBXqd2P_IfAHnGtXiiAA,UCcdgtlcIai9P73w-X3pNqLA,Undirected,1,1
UC3iSBXqd2P_IfAHnGtXiiAA,UCgO8kYJBkm5jvUJkV9H9mIw,Undirected,1,1
UCHF0NFFfBeyBWKBFpJQsAqQ,UCJtYY44znndp-xw41hHOeig,Undirected,1,1
UCHF0NFFfBeyBWKBFpJQsAqQ,UCcdgtlcIai9P73w-X3pNqLA,Undirected,2,2
UCJtYY44znndp-xw41hHOeig,UCcdgtlcIai9P73w-X3pNqLA,Undirected,1,1
UCJtYY44znndp-xw41hHOeig,UCgO8kYJBkm5jvUJkV9H9mIw,Undirected,1,1
UCcdgtlcIai9P73w-X3pNqLA,UCgO8kYJBkm5jvUJkV9H9mIw,Undirected,1,1
UC3McQe8tUdOw-yu5KGptLaw,UCHF0NFFfBeyBWKBFpJQsAqQ,Undirected,1,1
UC3McQe8tUdOw-yu5KGptLaw,UCMi8t45l3oEqolXgDjonJzQ,Undirected,1,1
UC3McQe8tUdOw-yu5KGptLaw,UCcdgtlcIai9P73w-X3pNqLA,Undirected,1,1
UCMi8t45l3oEqolXgDjonJzQ,UCcdgtlcIai9P73w-X3pNqLA,Undirected,1,1
UCB5T6jlj4wB52h4oxuhikeA,UCOSHl09WkxT2fXsjN438fqA,Undirected,2,2
UCB5T6jlj4wB52h4oxuhikeA,UCrNI1eJO_1oThZTac-LJiUQ,Undirected,1,1
UCOSHl09WkxT2fXsjN438fqA,UCrNI1eJO_1oThZTac-LJiUQ,Undirected,1,1
UCB5T6jlj4wB52h4oxuhikeA,UCr5TXblXrz1h4925hZc3JvA,Undirected,1,1
UC0MqD5vOWuS6bkCeIBnnzHw,UCB5T6jlj4wB52h4oxuhikeA,Undirected,1,1
UC0MqD5vOWuS6bkCeIBnnzHw,UCHF0NFFfBeyBWKBFpJQsAqQ,Undirected,1,1
UCB5T6jlj4wB52h4oxuhikeA,UCHF0NFFfBeyBWKBFpJQsAqQ,Undirected,1,1
UC1tDJ5pl2Q8zHX9b2ct0RCw,UCB5T6jlj4wB52h4oxuhikeA,Undirected,1,1
UC-CnJoC3l9SSKi6HXS44CNA,UCAZ_PZkpYvF6gg_hAu1nQ_A,Undirected,1,1
UCAZ_PZkpYvF6gg_hAu1nQ_A,UCFn6QNMs31x6hv0CIEyAYiw,Undirected,1,1
UCAZ_PZkpYvF6gg_hAu1nQ_A,UCQBLCpXNxjU-0lljsXsMakg,Undirected,1,1
UCDCiM0R2KDm3uhWkfnW9N-Q,UCQBLCpXNxjU-0lljsXsMakg,Undirected,1,1
UCGVF0Hm89Vg8LfsjSqi_Hzw,UCedUncFff0R2SbOTxkJUPow,Undirected,1,1
UCGVF0Hm89Vg8LfsjSqi_Hzw,UCuZPtWDsczOuztPMUr0mmpw,Undirected,1,1
UCedUncFff0R2SbOTxkJUPow,UCuZPtWDsczOuztPMUr0mmpw,Undirected,1,1
UCGVF0Hm89Vg8LfsjSqi_Hzw,UCP0AYLjqoVV959vZx2XJmAg,Undirected,1,1
UCGVF0Hm89Vg8LfsjSqi_Hzw,UChthsNDWnGTCsAJSY-yGSyg,Undirected,1,1
UCP0AYLjqoVV959vZx2XJmAg,UChthsNDWnGTCsAJSY-yGSyg,Undirected,1,1
UCGVF0Hm89Vg8LfsjSqi_Hzw,UCln9P4Qm3-EAY4aiEPmRwEA,Undirected,1,1
UC10BM9XdLdrvB8japwmRUvA,UC7FdBI7zW5FM8R7s57EZySw,Undirected,1,1
UC10BM9XdLdrvB8japwmRUvA,UCGVF0Hm89Vg8LfsjSqi_Hzw,Undirected,1,1
UC10BM9XdLdrvB8japwmRUvA,UCNKU7EjcHbK36gGUL7BaP4w,Undirected,1,1
UC10BM9XdLdrvB8japwmRUvA,UCkKhLYOjRXiNHsV0c8dmI_g,Undirected,1,1
UC10BM9XdLdrvB8japwmRUvA,UCvpHZYWHqry787AVncZDDKQ,Undirected,1,1
UC7FdBI7zW5FM8R7s57EZySw,UCGVF0Hm89Vg8LfsjSqi_Hzw,Undirected,2,2
UC7FdBI7zW5FM8R7s57EZySw,UCNKU7EjcHbK36gGUL7BaP4w,Undirected,1,1
UC7FdBI7zW5FM8R7s57EZySw,UCkKhLYOjRXiNHsV0c8dmI_g,Undirected,1,1
UC7FdBI7zW5FM8R7s57EZySw,UCvpHZYWHqry787AVncZDDKQ,Undirected,1,1
UCGVF0Hm89Vg8LfsjSqi_Hzw,UCNKU7EjcHbK36gGUL7BaP4w,Undirected,1,1
UCGVF0Hm89Vg8LfsjSqi_Hzw,UCkKhLYOjRXiNHsV0c8dmI_g,Undirected,1,1
UCGVF0Hm89Vg8LfsjSqi_Hzw,UCvpHZYWHqry787AVncZDDKQ,Undirected,1,1
UCNKU7EjcHbK36gGUL7BaP4w,UCkKhLYOjRXiNHsV0c8dmI_g,Undirected,1,1
UCNKU7EjcHbK36gGUL7BaP4w,UCvpHZYWHqry787AVncZDDKQ,Undirected,1,1
UCkKhLYOjRXiNHsV0c8dmI_g,UCvpHZYWHqry787AVncZDDKQ,Undirected,1,1
UCA7tDob1IQiKWXnGktjPKQA,UCK4lZqiWNuOf-CTyX3Qbj1w,Undirected,2,2
UCA7tDob1IQiKWXnGktjPKQA,UCcdBPXzeUZMvkcyby45eNfQ,Undirected,2,2
UCA7tDob1IQiKWXnGktjPKQA,UCXp26d9RQqUnCeRwaulXZgA,Undirected,1,1
UCD-76VP2pJuTnyY4AnvXVDg,UCXp26d9RQqUnCeRwaulXZgA,Undirected,1,1
UCD-76VP2pJuTnyY4AnvXVDg,UCcdBPXzeUZMvkcyby45eNfQ,Undirected,1,1
UCXp26d9RQqUnCeRwaulXZgA,UCcdBPXzeUZMvkcyby45eNfQ,Undirected,1,1
UCD-76VP2pJuTnyY4AnvXVDg,UCTX1udX1s_n4OFt5MlxEmiw,Undirected,1,1
UCD-76VP2pJuTnyY4AnvXVDg,UCGhCsFMqLK25ntddKGoPQSg,Undirected,2,2
UCD-76VP2pJuTnyY4AnvXVDg,UCmpdlff7cyIRI-WRkOwbBfQ,Undirected,1,1
UC9L0rdQoBOUPwiwl4VgDqYw,UCb-cLXWVOGVJHfkIfHt8Dfg,Undirected,1,1
UC9L0rdQoBOUPwiwl4VgDqYw,UCyxWSWSyWkGL8cklraOQcvA,Undirected,1,1
UCb-cLXWVOGVJHfkIfHt8Dfg,UCyxWSWSyWkGL8cklraOQcvA,Undirected,7,7
UCXdqM01i5loJv2b45KNzoLw,UC_bYGVAaAWnvTR-KgaFuExQ,Undirected,2,2
UCXdqM01i5loJv2b45KNzoLw,UCoPUMQH-DiKlaJu1E_Sloqw,Undirected,1,1
UC_bYGVAaAWnvTR-KgaFuExQ,UCoPUMQH-DiKlaJu1E_Sloqw,Undirected,1,1
UCCxVDnuUc9FtjUXUzTd0LJA,UC_bYGVAaAWnvTR-KgaFuExQ,Undirected,1,1
UC_bYGVAaAWnvTR-KgaFuExQ,UCeBuESc6vN_IiFR3je4NYTg,Undirected,1,1
UC_bYGVAaAWnvTR-KgaFuExQ,UCo8YLMpsKZYTfVaQyh0XyoQ,Undirected,1,1
UCeBuESc6vN_IiFR3je4NYTg,UCo8YLMpsKZYTfVaQyh0XyoQ,Undirected,1,1
UCAZPERjpsQIx3nPOVAx_y4g,UCL5rj4Z3yvnUTM2ZheJWNvw,Undirected,1,1
UCAZPERjpsQIx3nPOVAx_y4g,UC_bYGVAaAWnvTR-KgaFuExQ,Undirected,1,1
UC_bYGVAaAWnvTR-KgaFuExQ,UCtcYuWVYV2XJOunU_vlXGBg,Undirected,2,2
UC_bYGVAaAWnvTR-KgaFuExQ,UCuajCUqONzGf-fT9T7av1iQ,Undirected,1,1
UCtcYuWVYV2XJOunU_vlXGBg,UCuajCUqONzGf-fT9T7av1iQ,Undirected,1,1
UC3_tcjJS_a1NpDpYaCCTwcw,UC_bYGVAaAWnvTR-KgaFuExQ,Undirected,1,1
UC3_tcjJS_a1NpDpYaCCTwcw,UCtcYuWVYV2XJOunU_vlXGBg,Undirected,1,1
UC_bYGVAaAWnvTR-KgaFuExQ,UCdaEnOrG9JoPvp4QN0vZrnw,Undirected,1,1
UC_bYGVAaAWnvTR-KgaFuExQ,UCzNXpqpdvlibmNc1JpM1o4g,Undirected,1,1
UCdaEnOrG9JoPvp4QN0vZrnw,UCzNXpqpdvlibmNc1JpM1o4g,Undirected,1,1
UCKdj49SxPcZChockGr4XKGg,UCufmDRojSBjZkU_kJENNP7A,Undirected,1,1
UCJS5R13nmDI_Npmx-zneRtQ,UCufmDRojSBjZkU_kJENNP7A,Undirected,4,4
UCNIdLqe9wWUaaNFvNMi8lKA,UCufmDRojSBjZkU_kJENNP7A,Undirected,2,2
UC0bzut01UZEf9hBLAOlGxJA,UC2HejkTaAD5O0VrRXjdpXxw,Undirected,2,2
UC0bzut01UZEf9hBLAOlGxJA,UC5TjZZKMcuzvEFlrh4eL98g,Undirected,1,1
UC0bzut01UZEf9hBLAOlGxJA,UC73zug1oyUSpyVCK6hrhRSg,Undirected,1,1
UC0bzut01UZEf9hBLAOlGxJA,UCu8Q3UbGlmIOH82PAgPV9Yw,Undirected,1,1
UC2HejkTaAD5O0VrRXjdpXxw,UC5TjZZKMcuzvEFlrh4eL98g,Undirected,2,2
UC2HejkTaAD5O0VrRXjdpXxw,UC73zug1oyUSpyVCK6hrhRSg,Undirected,1,1
UC2HejkTaAD5O0VrRXjdpXxw,UCu8Q3UbGlmIOH82PAgPV9Yw,Undirected,2,2
UC5TjZZKMcuzvEFlrh4eL98g,UC73zug1oyUSpyVCK6hrhRSg,Undirected,1,1
UC5TjZZKMcuzvEFlrh4eL98g,UCu8Q3UbGlmIOH82PAgPV9Yw,Undirected,2,2
UC73zug1oyUSpyVCK6hrhRSg,UCu8Q3UbGlmIOH82PAgPV9Yw,Undirected,1,1
UC2HejkTaAD5O0VrRXjdpXxw,UCIluhwUtoEKl_PrYbPR3eKw,Undirected,1,1
UC5TjZZKMcuzvEFlrh4eL98g,UCIluhwUtoEKl_PrYbPR3eKw,Undirected,1,1
UCIluhwUtoEKl_PrYbPR3eKw,UCu8Q3UbGlmIOH82PAgPV9Yw,Undirected,1,1
UC52EYUUSlzcYqHj-qsx0RHg,UCWoYn-EFLE1AtRFQp0Jfs3w,Undirected,8,8
UCWoYn-EFLE1AtRFQp0Jfs3w,UCp8cPvx_Od76EL66vvCnhRA,Undirected,8,8
UCWoYn-EFLE1AtRFQp0Jfs3w,UCxyU_HQTotlpcQ_95t5kmmQ,Undirected,8,8
UC52EYUUSlzcYqHj-qsx0RHg,UCa1Tgj7qikpdI-juBZ0HRug,Undirected,10,10
UCa1Tgj7qikpdI-juBZ0HRug,UCp8cPvx_Od76EL66vvCnhRA,Undirected,10,10
UCa1Tgj7qikpdI-juBZ0HRug,UCxyU_HQTotlpcQ_95t5kmmQ,Undirected,10,10
UC52EYUUSlzcYqHj-qsx0RHg,UCBISmsjpeOHFCLVmQXigeMw,Undirected,10,10
UCBISmsjpeOHFCLVmQXigeMw,UCp8cPvx_Od76EL66vvCnhRA,Undirected,10,10
UC9AYHlE2OLcMlZJo3MBlfkQ,UCRs9zyFN4vI1yKo08y0tLRQ,Undirected,1,1
UC9AYHlE2OLcMlZJo3MBlfkQ,UCah4_WVjmr8XA7i5aigwV-Q,Undirected,1,1
UC9AYHlE2OLcMlZJo3MBlfkQ,UCm_1n9F3A6pz-Ms2NP93tBA,Undirected,1,1
UCah4_WVjmr8XA7i5aigwV-Q,UCm_1n9F3A6pz-Ms2NP93tBA,Undirected,1,1
UC0UKL0fIkNUANaGAgqFERbg,UC8fC0rjHhH7-HyyrKUmiZVA,Undirected,1,1
UC0UKL0fIkNUANaGAgqFERbg,UCO8dQsjFAV_n4OpRQFFU_4w,Undirected,1,1
UC0UKL0fIkNUANaGAgqFERbg,UC_fYA9QRK-aJnFTgvR_4zug,Undirected,1,1
UC0UKL0fIkNUANaGAgqFERbg,UCoupL81t75_Z4XRKzOSHLbg,Undirected,1,1
UCO8dQsjFAV_n4OpRQFFU_4w,UC_fYA9QRK-aJnFTgvR_4zug,Undirected,1,1
UCO8dQsjFAV_n4OpRQFFU_4w,UCoupL81t75_Z4XRKzOSHLbg,Undirected,1,1
UC_fYA9QRK-aJnFTgvR_4zug,UCoupL81t75_Z4XRKzOSHLbg,Undirected,1,1
UC7Gow-kNHq21oejSIDg9PAg,UCm_1n9F3A6pz-Ms2NP93tBA,Undirected,2,2
UCE7gtjLeZKNXLp5YURzYYeg,UCm_1n9F3A6pz-Ms2NP93tBA,Undirected,6,6
UCE7gtjLeZKNXLp5YURzYYeg,UChl7kAxzdXCUQDQzk5Qm30g,Undirected,1,1
UChl7kAxzdXCUQDQzk5Qm30g,UCm_1n9F3A6pz-Ms2NP93tBA,Undirected,1,1
UCJIJNGZ9a53bqBdcjII4cgA,UChl7kAxzdXCUQDQzk5Qm30g,Undirected,1,1
UCQ1U65-CQdIoZ2_NA4Z4F7A,UCm_1n9F3A6pz-Ms2NP93tBA,Undirected,2,2
UCQ1U65-CQdIoZ2_NA4Z4F7A,UCz-IailvAsZZK9_By6ZAnfA,Undirected,1,1
UCm_1n9F3A6pz-Ms2NP93tBA,UCz-IailvAsZZK9_By6ZAnfA,Undirected,1,1
UCRu9LBf2hAp7saEYYQZFFTQ,UCggV1GgBVYxT4NGpt2VYyMQ,Undirected,19,19
UCm_1n9F3A6pz-Ms2NP93tBA,UCwl_hcsJW11pZiteJsajxEw,Undirected,2,2
UCE7gtjLeZKNXLp5YURzYYeg,UCwl_hcsJW11pZiteJsajxEw,Undirected,1,1
UCDsaRDKTCsGBJMUKx-KtukA,UCDzdRLILLWlHxXnj3HhXW0A,Undirected,1,1
UCDsaRDKTCsGBJMUKx-KtukA,UCHf9og9JlOD7YNYezW_tVew,Undirected,3,3
UCDzdRLILLWlHxXnj3HhXW0A,UCHf9og9JlOD7YNYezW_tVew,Undirected,1,1
UCHf9og9JlOD7YNYezW_tVew,UCo68uWcA0lTpPlvVTm3nojQ,Undirected,1,1
UCLSVmJdBOcoPEXZFXV5kBuA,UCNm885IMpFM5k-7ICGdMs7w,Undirected,3,3
UCLSVmJdBOcoPEXZFXV5kBuA,UCPdZOrR0I5DGNcl3C6RnWhg,Undirected,1,1
UCNm885IMpFM5k-7ICGdMs7w,UCPdZOrR0I5DGNcl3C6RnWhg,Undirected,1,1
UCJ5k-jf-8fzMGnpEy27X4DQ,UCLSVmJdBOcoPEXZFXV5kBuA,Undirected,1,1
UCJ5k-jf-8fzMGnpEy27X4DQ,UCNm885IMpFM5k-7ICGdMs7w,Undirected,1,1
UCJ5k-jf-8fzMGnpEy27X4DQ,UCruawUHjUtIaYRqXqElyZqA,Undirected,1,1
UCLSVmJdBOcoPEXZFXV5kBuA,UCruawUHjUtIaYRqXqElyZqA,Undirected,1,1
UCNm885IMpFM5k-7ICGdMs7w,UCruawUHjUtIaYRqXqElyZqA,Undirected,1,1
UCLSVmJdBOcoPEXZFXV5kBuA,UCo68uWcA0lTpPlvVTm3nojQ,Undirected,1,1
UCNm885IMpFM5k-7ICGdMs7w,UCrq2qxXTl7u-YKeSqIJ5xZA,Undirected,1,1
UCH4Okh3kaBIs6yjukOdCvRQ,UCLiIT1BzIwxLYKvVJXyvgBQ,Undirected,1,1
UCDsaRDKTCsGBJMUKx-KtukA,UCoPZGwLBlAj6OsmR-jSifPg,Undirected,3,3
UCLiIT1BzIwxLYKvVJXyvgBQ,UCoPZGwLBlAj6OsmR-jSifPg,Undirected,1,1
UC5p3u7zr79oFMSxWTMtVp3Q,UCnOBaBYMfILK_IV8W22g_XQ,Undirected,1,1
UChIsLLz4UvdJVT0yBku1qOw,UCnOBaBYMfILK_IV8W22g_XQ,Undirected,1,1
UChIsLLz4UvdJVT0yBku1qOw,UCpLKk1TqiGRqLWcR9_ZcNaA,Undirected,1,1
UCnOBaBYMfILK_IV8W22g_XQ,UCpLKk1TqiGRqLWcR9_ZcNaA,Undirected,1,1
UCdBFH0GhWvlntZaVoWBceXA,UCyUK_5nPZV5nbPMTSQ9bF0g,Undirected,1,1
UC8Ib-XXYNYJTycmQ3jeH1Ug,UCYNbTyu6pb1XsMHIWLAyuYQ,Undirected,1,1
UC8Ib-XXYNYJTycmQ3jeH1Ug,UCywhnhPP3dAw7huG_y0hdEg,Undirected,1,1
UC71YOe3AUHZ4ep_ATiYGZjw,UC8Ib-XXYNYJTycmQ3jeH1Ug,Undirected,1,1
UC87PQkY3dDS-FastDm97emA,UC8Ib-XXYNYJTycmQ3jeH1Ug,Undirected,1,1
UC87PQkY3dDS-FastDm97emA,UCoOJyqvSBVWbcxCiQfz74Ew,Undirected,1,1
UC87PQkY3dDS-FastDm97emA,UCobJseYd3Z4Kd9igg8PWXpQ,Undirected,1,1
UC8Ib-XXYNYJTycmQ3jeH1Ug,UCoOJyqvSBVWbcxCiQfz74Ew,Undirected,1,1
UC8Ib-XXYNYJTycmQ3jeH1Ug,UCobJseYd3Z4Kd9igg8PWXpQ,Undirected,1,1
UCoOJyqvSBVWbcxCiQfz74Ew,UCobJseYd3Z4Kd9igg8PWXpQ,Undirected,1,1
UC8Ib-XXYNYJTycmQ3jeH1Ug,UCWLeX1gPvS5ooyyytGRufLg,Undirected,1,1
UCaQgdQV-LkpZPDzCogWkWFg,UCh0mYnolR2jJ4rjQa8upK8Q,Undirected,2,2
UCaQgdQV-LkpZPDzCogWkWFg,UCrgTEmBuoObZiEXvZ6r3PQg,Undirected,7,7
UCaQgdQV-LkpZPDzCogWkWFg,UCrkczetjm8_lbYKlCD4E1fw,Undirected,7,7
UCh0mYnolR2jJ4rjQa8upK8Q,UCrgTEmBuoObZiEXvZ6r3PQg,Undirected,2,2
UCh0mYnolR2jJ4rjQa8upK8Q,UCrkczetjm8_lbYKlCD4E1fw,Undirected,7,7
UCrgTEmBuoObZiEXvZ6r3PQg,UCrkczetjm8_lbYKlCD4E1fw,Undirected,8,8
UCQU7IcK9uo9k5bVoJm8GM4A,UC_q5WZtFp36adwqhKpZzxwQ,Undirected,2,2
UCQU7IcK9uo9k5bVoJm8GM4A,UCaQgdQV-LkpZPDzCogWkWFg,Undirected,2,2
UCQU7IcK9uo9k5bVoJm8GM4A,UCrgTEmBuoObZiEXvZ6r3PQg,Undirected,2,2
UCQU7IcK9uo9k5bVoJm8GM4A,UCrkczetjm8_lbYKlCD4E1fw,Undirected,2,2
UC_q5WZtFp36adwqhKpZzxwQ,UCaQgdQV-LkpZPDzCogWkWFg,Undirected,3,3
UC_q5WZtFp36adwqhKpZzxwQ,UCl7uP8M7BH-sScwPokp7U4w,Undirected,1,1
UCl7uP8M7BH-sScwPokp7U4w,UCrgTEmBuoObZiEXvZ6r3PQg,Undirected,1,1
UCl7uP8M7BH-sScwPokp7U4w,UCrkczetjm8_lbYKlCD4E1fw,Undirected,1,1
UCl7uP8M7BH-sScwPokp7U4w,UCt9nYeSz90lnOnaVFjxFJzw,Undirected,1,1
UCrkczetjm8_lbYKlCD4E1fw,UCt9nYeSz90lnOnaVFjxFJzw,Undirected,1,1
UCQJeE0OumzhvzFBJBtzdM5w,UCUqg5urMmozEucr5xAKTa5g,Undirected,1,1
UCQJeE0OumzhvzFBJBtzdM5w,UClRhBEk6jWCU1Fyj_sjQ8kw,Undirected,2,2
UCTl3QQTvqHFjurroKxexy2Q,UCVDYbtRWurLxFk4lsqI3W4g,Undirected,1,1
UCDogdKl7t7NHzQ95aEwkdMw,UCIKGhmu-KdHCG5vZvOuNaww,Undirected,1,1
UCPbGiUt4Yu8EsaFM-KAmgjg,UCQNWIrUCkl0VIr6y2FOrWeA,Undirected,18,18
UCPbGiUt4Yu8EsaFM-KAmgjg,UCRuNOupskvYyQITuirXvmCQ,Undirected,18,18
UCPbGiUt4Yu8EsaFM-KAmgjg,UCVyga8l4ARgDIqs8h76QzHw,Undirected,4,4
UCPbGiUt4Yu8EsaFM-KAmgjg,UCg7YVrx6Xim2zOMb3OpRtBg,Undirected,18,18
UCPbGiUt4Yu8EsaFM-KAmgjg,UCmdCl2LVcr19NQ-wDO4q_Gg,Undirected,8,8
UCQNWIrUCkl0VIr6y2FOrWeA,UCRuNOupskvYyQITuirXvmCQ,Undirected,18,18
UCQNWIrUCkl0VIr6y2FOrWeA,UCVyga8l4ARgDIqs8h76QzHw,Undirected,2,2
UCQNWIrUCkl0VIr6y2FOrWeA,UCg7YVrx6Xim2zOMb3OpRtBg,Undirected,18,18
UCQNWIrUCkl0VIr6y2FOrWeA,UCmdCl2LVcr19NQ-wDO4q_Gg,Undirected,8,8
UCRuNOupskvYyQITuirXvmCQ,UCVyga8l4ARgDIqs8h76QzHw,Undirected,2,2
UCRuNOupskvYyQITuirXvmCQ,UCg7YVrx6Xim2zOMb3OpRtBg,Undirected,18,18
UCRuNOupskvYyQITuirXvmCQ,UCmdCl2LVcr19NQ-wDO4q_Gg,Undirected,8,8
UCVyga8l4ARgDIqs8h76QzHw,UCg7YVrx6Xim2zOMb3OpRtBg,Undirected,2,2
UCVyga8l4ARgDIqs8h76QzHw,UCmdCl2LVcr19NQ-wDO4q_Gg,Undirected,1,1
UCg7YVrx6Xim2zOMb3OpRtBg,UCmdCl2LVcr19NQ-wDO4q_Gg,Undirected,8,8
UCMNEVbszv8ZyvSXoTn3yhpQ,UCctNbNYKhhzSKXH60vB7x4A,Undirected,1,1
UCnyxus3H0_-F8Q6gQTkg41g,UCrKtE31-9nGxqIPK1Og0NDQ,Undirected,10,10
UC0xxXOouv4ueyG5pfIAWlhA,UCAH5YrOwdOrqif4H4VbLN5w,Undirected,4,4
UC0xxXOouv4ueyG5pfIAWlhA,UCLHcr2Yg1AYyHmMKW7r7lMw,Undirected,1,1
UC0xxXOouv4ueyG5pfIAWlhA,UCwY28xcOJxY_hrDhlzer6Kg,Undirected,4,4
UC0xxXOouv4ueyG5pfIAWlhA,UCytgnJE6TrzTTq19GYCOyTg,Undirected,5,5
UCAH5YrOwdOrqif4H4VbLN5w,UCLHcr2Yg1AYyHmMKW7r7lMw,Undirected,1,1
UCAH5YrOwdOrqif4H4VbLN5w,UCwY28xcOJxY_hrDhlzer6Kg,Undirected,5,5
UCAH5YrOwdOrqif4H4VbLN5w,UCytgnJE6TrzTTq19GYCOyTg,Undirected,5,5
UCLHcr2Yg1AYyHmMKW7r7lMw,UCwY28xcOJxY_hrDhlzer6Kg,Undirected,1,1
UCLHcr2Yg1AYyHmMKW7r7lMw,UCytgnJE6TrzTTq19GYCOyTg,Undirected,1,1
UCwY28xcOJxY_hrDhlzer6Kg,UCytgnJE6TrzTTq19GYCOyTg,Undirected,5,5
UC6nJLzpsncQW4d88YrpZAsg,UCAH5YrOwdOrqif4H4VbLN5w,Undirected,1,1
UC6nJLzpsncQW4d88YrpZAsg,UCwY28xcOJxY_hrDhlzer6Kg,Undirected,1,1
UC6nJLzpsncQW4d88YrpZAsg,UCyps-v4WNjWDnYRKmZ4BUGw,Undirected,1,1
UC6nJLzpsncQW4d88YrpZAsg,UCytgnJE6TrzTTq19GYCOyTg,Undirected,1,1
UCAH5YrOwdOrqif4H4VbLN5w,UCyps-v4WNjWDnYRKmZ4BUGw,Undirected,1,1
UCwY28xcOJxY_hrDhlzer6Kg,UCyps-v4WNjWDnYRKmZ4BUGw,Undirected,1,1
UCCsj3Uk-cuVQejdoX-Pc_Lg,UCgtBfURWQHUiImS7StRTkhA,Undirected,1,1
UCCsj3Uk-cuVQejdoX-Pc_Lg,UCyBtqQsXh0Wq0gZLDljzNvA,Undirected,1,1
UCgtBfURWQHUiImS7StRTkhA,UCyBtqQsXh0Wq0gZLDljzNvA,Undirected,1,1
UCWOA1ZGywLbqmigxE4Qlvuw,UCagoz5xdDQtz4HLtNOuMkUw,Undirected,6,6
UCObk_g1hQBy0RKKriVX_zOQ,UCWOA1ZGywLbqmigxE4Qlvuw,Undirected,1,1
UCObk_g1hQBy0RKKriVX_zOQ,UCagoz5xdDQtz4HLtNOuMkUw,Undirected,1,1
UC5bqgtz_UodNhxQolE0spTQ,UCTevXUV9L6_hgvFlLDMmf1w,Undirected,10,10
UCe_FhoPnvWiyrJdkoDbTRQw,UCey-eDTR5J6xU6pZ2f4guoA,Undirected,11,11
UCe_FhoPnvWiyrJdkoDbTRQw,UCpq0Ou2ObQr-LbTB6hsl8BA,Undirected,11,11
UCey-eDTR5J6xU6pZ2f4guoA,UCpq0Ou2ObQr-LbTB6hsl8BA,Undirected,11,11
UCnmgJmPEGl32RGkOL8nhWJA,UCs1rnF_c_VSg74M5CQ-HKWg,Undirected,1,1
UCj25EgqxLL4HlUYkug7duig,UCnAKuzfWjjWQoGJS4ORJXag,Undirected,1,1
UCnAKuzfWjjWQoGJS4ORJXag,UCnmgJmPEGl32RGkOL8nhWJA,Undirected,1,1
UCVCe4uqy-3f8Ee7dFvZllug,UCXT06hjHOF6ERJ5Zydr4e-A,Undirected,5,5
UCBLGReH8wxPMiBzScGLbFjQ,UCLIA48HKtdafC9Nme0gTrkg,Undirected,1,1
UCBLGReH8wxPMiBzScGLbFjQ,UCROnD_BAmmF05jLqJ1jbpEA,Undirected,1,1
UCBLGReH8wxPMiBzScGLbFjQ,UCXT06hjHOF6ERJ5Zydr4e-A,Undirected,1,1
UCLIA48HKtdafC9Nme0gTrkg,UCROnD_BAmmF05jLqJ1jbpEA,Undirected,2,2
UCLIA48HKtdafC9Nme0gTrkg,UCXT06hjHOF6ERJ5Zydr4e-A,Undirected,1,1
UCROnD_BAmmF05jLqJ1jbpEA,UCXT06hjHOF6ERJ5Zydr4e-A,Undirected,1,1
UC5KQq8QVBOLAMwUNnjpXwbw,UCvzFjzp1IOLyeTW6B7aop-Q,Undirected,1,1
UC5KQq8QVBOLAMwUNnjpXwbw,UCGmkSbQQ5dxwQNNP5ju9H8Q,Undirected,1,1
UC5KQq8QVBOLAMwUNnjpXwbw,UCeSEutT90M258eWTYCILvzA,Undirected,1,1
UCGmkSbQQ5dxwQNNP5ju9H8Q,UCeSEutT90M258eWTYCILvzA,Undirected,1,1
UC3xvVkOrs3HV567JY4ERKjw,UCW_iyt349eJC3NN-a3gLG6g,Undirected,1,1
UC3xvVkOrs3HV567JY4ERKjw,UCkwvr9omfO9WXsjAa9LR15w,Undirected,1,1
UC3xvVkOrs3HV567JY4ERKjw,UCzenbf_-ZJLUKTOy-D4dinA,Undirected,1,1
UCW_iyt349eJC3NN-a3gLG6g,UCkwvr9omfO9WXsjAa9LR15w,Undirected,1,1
UCW_iyt349eJC3NN-a3gLG6g,UCtQ3NfmlxDDWyhfxxgOsJhA,Undirected,1,1
UCW_iyt349eJC3NN-a3gLG6g,UCzOfLNkiScJp3U_h_QlvHHg,Undirected,1,1
UCW_iyt349eJC3NN-a3gLG6g,UCzenbf_-ZJLUKTOy-D4dinA,Undirected,1,1
UCkwvr9omfO9WXsjAa9LR15w,UCtQ3NfmlxDDWyhfxxgOsJhA,Undirected,1,1
UCkwvr9omfO9WXsjAa9LR15w,UCzOfLNkiScJp3U_h_QlvHHg,Undirected,1,1
UCkwvr9omfO9WXsjAa9LR15w,UCzenbf_-ZJLUKTOy-D4dinA,Undirected,1,1
UCtQ3NfmlxDDWyhfxxgOsJhA,UCzenbf_-ZJLUKTOy-D4dinA,Undirected,1,1
UCzOfLNkiScJp3U_h_QlvHHg,UCzenbf_-ZJLUKTOy-D4dinA,Undirected,1,1
UCcUszRpgRDBbZNLygszTYSA,UCgON8HBBSs1YzkqS_M6o4AA,Undirected,1,1
UCgON8HBBSs1YzkqS_M6o4AA,UCkwvr9omfO9WXsjAa9LR15w,Undirected,1,1
UCgON8HBBSs1YzkqS_M6o4AA,UCj-wTLj0p0YvTkS-9-ACm0A,Undirected,2,2
UCcmCDlPtOv9RsAQM4aSC83A,UCgON8HBBSs1YzkqS_M6o4AA,Undirected,1,1
UCX-EhyoNi5sm7sijOg8TA_g,UCXPGIxSgugR_rqYr2Bb2LIA,Undirected,1,1
UCX-EhyoNi5sm7sijOg8TA_g,UCgON8HBBSs1YzkqS_M6o4AA,Undirected,1,1
UCXPGIxSgugR_rqYr2Bb2LIA,UCgON8HBBSs1YzkqS_M6o4AA,Undirected,1,1
UCFMv8zxmt6bc4lVKyT2PniQ,UCIKCOBJoceaflvVLgTIM82A,Undirected,2,2
UCFMv8zxmt6bc4lVKyT2PniQ,UCbvwGzSKXa31P6yDRyoNJnA,Undirected,4,4
UCFMv8zxmt6bc4lVKyT2PniQ,UCkKby3SmV9XGW_U_u1RsyCg,Undirected,3,3
UCFMv8zxmt6bc4lVKyT2PniQ,UCxhofOoSmF_RQgSpi48JkMg,Undirected,1,1
UCIKCOBJoceaflvVLgTIM82A,UCbvwGzSKXa31P6yDRyoNJnA,Undirected,1,1
UCIKCOBJoceaflvVLgTIM82A,UCkKby3SmV9XGW_U_u1RsyCg,Undirected,5,5
UCIKCOBJoceaflvVLgTIM82A,UCxhofOoSmF_RQgSpi48JkMg,Undirected,1,1
UCbvwGzSKXa31P6yDRyoNJnA,UCkKby3SmV9XGW_U_u1RsyCg,Undirected,1,1
UCbvwGzSKXa31P6yDRyoNJnA,UCxhofOoSmF_RQgSpi48JkMg,Undirected,2,2
UCkKby3SmV9XGW_U_u1RsyCg,UCxhofOoSmF_RQgSpi48JkMg,Undirected,1,1
UCFMv8zxmt6bc4lVKyT2PniQ,UCetuPjY6ia4FAEFWBjhmv1w,Undirected,2,2
UCFMv8zxmt6bc4lVKyT2PniQ,UCOEt6Go0JO_fC4Uuh_J1IEA,Undirected,1,1
UCEJ28Q8fpjyjsqpISMwvrvg,UCFMv8zxmt6bc4lVKyT2PniQ,Undirected,1,1
UCEJ28Q8fpjyjsqpISMwvrvg,UCkKby3SmV9XGW_U_u1RsyCg,Undirected,1,1
UCFMv8zxmt6bc4lVKyT2PniQ,UC_RTgfzw-lHCxCoDCnXDbtg,Undirected,1,1
UCIKCOBJoceaflvVLgTIM82A,UC_RTgfzw-lHCxCoDCnXDbtg,Undirected,1,1
UC_RTgfzw-lHCxCoDCnXDbtg,UCkKby3SmV9XGW_U_u1RsyCg,Undirected,1,1
UCFMv8zxmt6bc4lVKyT2PniQ,UCmQA44-0bETSJS9D1oyWy3g,Undirected,1,1
UCgON8HBBSs1YzkqS_M6o4AA,UChLgZFcCFw1ktfvyoLGiRTQ,Undirected,1,1
UChLgZFcCFw1ktfvyoLGiRTQ,UCj-wTLj0p0YvTkS-9-ACm0A,Undirected,7,7
UCVCe4uqy-3f8Ee7dFvZllug,UChLgZFcCFw1ktfvyoLGiRTQ,Undirected,1,1
UC8SHCHvApI1aPlX8jagFZ9Q,UCj-wTLj0p0YvTkS-9-ACm0A,Undirected,4,4
UCXPGIxSgugR_rqYr2Bb2LIA,UChLgZFcCFw1ktfvyoLGiRTQ,Undirected,2,2
UCXPGIxSgugR_rqYr2Bb2LIA,UCj-wTLj0p0YvTkS-9-ACm0A,Undirected,2,2
UC0h91OxHExPxenGmUENhuLw,UCj-wTLj0p0YvTkS-9-ACm0A,Undirected,3,3
UC8SHCHvApI1aPlX8jagFZ9Q,UCAYOMpSQugVgFe4wnqZCCKQ,Undirected,11,11
UC8SHCHvApI1aPlX8jagFZ9Q,UCXPGIxSgugR_rqYr2Bb2LIA,Undirected,1,1
UC8SHCHvApI1aPlX8jagFZ9Q,UChLgZFcCFw1ktfvyoLGiRTQ,Undirected,1,1
UCAYOMpSQugVgFe4wnqZCCKQ,UCXPGIxSgugR_rqYr2Bb2LIA,Undirected,1,1
UCAYOMpSQugVgFe4wnqZCCKQ,UChLgZFcCFw1ktfvyoLGiRTQ,Undirected,1,1
UCAYOMpSQugVgFe4wnqZCCKQ,UCj-wTLj0p0YvTkS-9-ACm0A,Undirected,3,3
UCCo6EC0MOfJSnHbD3LI6iFA,UChLgZFcCFw1ktfvyoLGiRTQ,Undirected,1,1
UCCo6EC0MOfJSnHbD3LI6iFA,UCj-wTLj0p0YvTkS-9-ACm0A,Undirected,1,1
UCW3TWRg3EIrtGWHF-Mg6bbw,UChLgZFcCFw1ktfvyoLGiRTQ,Undirected,1,1
UCW3TWRg3EIrtGWHF-Mg6bbw,UCj-wTLj0p0YvTkS-9-ACm0A,Undirected,3,3
UCW3TWRg3EIrtGWHF-Mg6bbw,UClMuosUutVxH7hTGVyUzppA,Undirected,1,1
UChLgZFcCFw1ktfvyoLGiRTQ,UClMuosUutVxH7hTGVyUzppA,Undirected,1,1
UCj-wTLj0p0YvTkS-9-ACm0A,UClMuosUutVxH7hTGVyUzppA,Undirected,1,1
UCgYBxwW1sqqKMb4KjfvDZgQ,UCzOfLNkiScJp3U_h_QlvHHg,Undirected,11,11
UCgYBxwW1sqqKMb4KjfvDZgQ,UCj25EgqxLL4HlUYkug7duig,Undirected,2,2
UCj25EgqxLL4HlUYkug7duig,UCzOfLNkiScJp3U_h_QlvHHg,Undirected,2,2
UCBLGReH8wxPMiBzScGLbFjQ,UCgYBxwW1sqqKMb4KjfvDZgQ,Undirected,1,1
UCBLGReH8wxPMiBzScGLbFjQ,UCzOfLNkiScJp3U_h_QlvHHg,Undirected,1,1
UCW3TWRg3EIrtGWHF-Mg6bbw,UCgYBxwW1sqqKMb4KjfvDZgQ,Undirected,2,2
UCW3TWRg3EIrtGWHF-Mg6bbw,UCzOfLNkiScJp3U_h_QlvHHg,Undirected,4,4
UCW3TWRg3EIrtGWHF-Mg6bbw,UCiqcn4M1ONHkQCJNl4XXfuA,Undirected,1,1
UCgYBxwW1sqqKMb4KjfvDZgQ,UCiqcn4M1ONHkQCJNl4XXfuA,Undirected,1,1
UCiqcn4M1ONHkQCJNl4XXfuA,UCzOfLNkiScJp3U_h_QlvHHg,Undirected,1,1
UCVCe4uqy-3f8Ee7dFvZllug,UCW3TWRg3EIrtGWHF-Mg6bbw,Undirected,2,2
UCW3TWRg3EIrtGWHF-Mg6bbw,UCtQ3NfmlxDDWyhfxxgOsJhA,Undirected,2,2
UCNAePsTyyXAMV0wCmJW0JCg,UCVCe4uqy-3f8Ee7dFvZllug,Undirected,2,2
UCNAePsTyyXAMV0wCmJW0JCg,UCj-wTLj0p0YvTkS-9-ACm0A,Undirected,7,7
UCNAePsTyyXAMV0wCmJW0JCg,UCzenbf_-ZJLUKTOy-D4dinA,Undirected,1,1
UCVCe4uqy-3f8Ee7dFvZllug,UCzenbf_-ZJLUKTOy-D4dinA,Undirected,2,2
UCj-wTLj0p0YvTkS-9-ACm0A,UCzenbf_-ZJLUKTOy-D4dinA,Undirected,1,1
UC4FTyM4MesUnFNwuw9S1XRw,UCVCe4uqy-3f8Ee7dFvZllug,Undirected,1,1
UC4FTyM4MesUnFNwuw9S1XRw,UCXT06hjHOF6ERJ5Zydr4e-A,Undirected,1,1
UC4FTyM4MesUnFNwuw9S1XRw,UCnd5gkf-ODpm5Qo9TEJKUrw,Undirected,1,1
UCVCe4uqy-3f8Ee7dFvZllug,UCnd5gkf-ODpm5Qo9TEJKUrw,Undirected,1,1
UCXT06hjHOF6ERJ5Zydr4e-A,UCnd5gkf-ODpm5Qo9TEJKUrw,Undirected,1,1
UCVCe4uqy-3f8Ee7dFvZllug,UCisv_Rgs-q5a7ziVFhgnrgQ,Undirected,3,3
UCVCe4uqy-3f8Ee7dFvZllug,UCo9ecSGBMStWG5uDZv3dgIw,Undirected,1,1
UCisv_Rgs-q5a7ziVFhgnrgQ,UCo9ecSGBMStWG5uDZv3dgIw,Undirected,1,1
UCisv_Rgs-q5a7ziVFhgnrgQ,UCzenbf_-ZJLUKTOy-D4dinA,Undirected,1,1
UCo9ecSGBMStWG5uDZv3dgIw,UCzenbf_-ZJLUKTOy-D4dinA,Undirected,1,1
UCXT06hjHOF6ERJ5Zydr4e-A,UCisv_Rgs-q5a7ziVFhgnrgQ,Undirected,2,2
UCgivJUSEde-VsQGFWYFN0NQ,UCha7Gw9Ubs8ucjqqzKE0D_Q,Undirected,2,2
UCPLMPHT-d8GZOqL_AHJFdQQ,UCfgFnHXoUvMiWxVB8ALnX5g,Undirected,1,1
UCfgFnHXoUvMiWxVB8ALnX5g,UCfmjemnU0R2XgfAncXrMSlg,Undirected,1,1
UC-EBRkXpG5dFHV-zaqDonrg,UCfgFnHXoUvMiWxVB8ALnX5g,Undirected,1,1
UCA-8abzeuoKeSfcaysVlT8Q,UCfgFnHXoUvMiWxVB8ALnX5g,Undirected,1,1
UCA-8abzeuoKeSfcaysVlT8Q,UChPsCwzLIghlUKodG5zijfA,Undirected,1,1
UCA-8abzeuoKeSfcaysVlT8Q,UChicEtffabIKdVJThpPwqhQ,Undirected,1,1
UCA-8abzeuoKeSfcaysVlT8Q,UCzDxWU19jeXdIaRMyWyDVJA,Undirected,1,1
UCfgFnHXoUvMiWxVB8ALnX5g,UChPsCwzLIghlUKodG5zijfA,Undirected,1,1
UCfgFnHXoUvMiWxVB8ALnX5g,UChicEtffabIKdVJThpPwqhQ,Undirected,1,1
UCfgFnHXoUvMiWxVB8ALnX5g,UCzDxWU19jeXdIaRMyWyDVJA,Undirected,1,1
UChPsCwzLIghlUKodG5zijfA,UChicEtffabIKdVJThpPwqhQ,Undirected,2,2
UChPsCwzLIghlUKodG5zijfA,UCzDxWU19jeXdIaRMyWyDVJA,Undirected,1,1
UChicEtffabIKdVJThpPwqhQ,UCzDxWU19jeXdIaRMyWyDVJA,Undirected,1,1
UCMIFZlIm3E7fxattsuRoqgA,UCb1gWOLQPCgUl_WY-zSvL7A,Undirected,1,1
UC4SY1zf6VswIzD6vGku2NwA,UCb1gWOLQPCgUl_WY-zSvL7A,Undirected,1,1
UCAz5JW1_oryewk0eR-eP7Bw,UCXBpBWML1asnSekXn43UoJg,Undirected,9,9
UCAz5JW1_oryewk0eR-eP7Bw,UCRzNmYGvKNRHEwAfs1yLHWA,Undirected,4,4
UCRzNmYGvKNRHEwAfs1yLHWA,UCXBpBWML1asnSekXn43UoJg,Undirected,4,4
UC9fL3wCScZUbAln6hvsqsuQ,UCAz5JW1_oryewk0eR-eP7Bw,Undirected,2,2
UC9fL3wCScZUbAln6hvsqsuQ,UCXBpBWML1asnSekXn43UoJg,Undirected,2,2
UC5p_l5ZeB_wGjO_yDXwiqvw,UCAz5JW1_oryewk0eR-eP7Bw,Undirected,2,2
UC5p_l5ZeB_wGjO_yDXwiqvw,UCVhZyGllAVd-Wl6kNufV0uA,Undirected,6,6
UC5p_l5ZeB_wGjO_yDXwiqvw,UCXBpBWML1asnSekXn43UoJg,Undirected,1,1
UCAz5JW1_oryewk0eR-eP7Bw,UCVhZyGllAVd-Wl6kNufV0uA,Undirected,6,6
UCVhZyGllAVd-Wl6kNufV0uA,UCXBpBWML1asnSekXn43UoJg,Undirected,2,2
UCA2tt9GSU2sl8rAqjlLR3mQ,UCAz5JW1_oryewk0eR-eP7Bw,Undirected,1,1
UCA2tt9GSU2sl8rAqjlLR3mQ,UCVhZyGllAVd-Wl6kNufV0uA,Undirected,2,2
UCA2tt9GSU2sl8rAqjlLR3mQ,UCXBpBWML1asnSekXn43UoJg,Undirected,1,1
UCA2tt9GSU2sl8rAqjlLR3mQ,UC_bjOaM7jR8lmPoAmaRPPnQ,Undirected,1,1
UCAz5JW1_oryewk0eR-eP7Bw,UC_bjOaM7jR8lmPoAmaRPPnQ,Undirected,3,3
UCVhZyGllAVd-Wl6kNufV0uA,UC_bjOaM7jR8lmPoAmaRPPnQ,Undirected,5,5
UCXBpBWML1asnSekXn43UoJg,UC_bjOaM7jR8lmPoAmaRPPnQ,Undirected,1,1
UC1hkAIJnb2CSmm7SPJaPR-A,UCAz5JW1_oryewk0eR-eP7Bw,Undirected,1,1
UC1hkAIJnb2CSmm7SPJaPR-A,UCLCdyRg3u5O-EVP5p46QxcQ,Undirected,1,1
UC1hkAIJnb2CSmm7SPJaPR-A,UCljOs0NF73lGWMMrNWtw5Ig,Undirected,1,1
UCAz5JW1_oryewk0eR-eP7Bw,UCLCdyRg3u5O-EVP5p46QxcQ,Undirected,1,1
UCAz5JW1_oryewk0eR-eP7Bw,UCljOs0NF73lGWMMrNWtw5Ig,Undirected,1,1
UCLCdyRg3u5O-EVP5p46QxcQ,UCljOs0NF73lGWMMrNWtw5Ig,Undirected,1,1
UC8XRMXF47NXg_IPhZ3G8NKg,UCmuobr4DmrmLI1BaGZD3p5w,Undirected,3,3
UC8XRMXF47NXg_IPhZ3G8NKg,UCgyLY7lLmtU2G7BXXosL89g,Undirected,1,1
UCgyLY7lLmtU2G7BXXosL89g,UCmuobr4DmrmLI1BaGZD3p5w,Undirected,1,1
UC-9jtC-fuSz0Qs08YCZVzeg,UCL8Wk-_MgnFnZV5Hfn9eM7g,Undirected,1,1
UC-9jtC-fuSz0Qs08YCZVzeg,UCPM1bCbT-dVAHAEIpUUpVLQ,Undirected,3,3
UC-9jtC-fuSz0Qs08YCZVzeg,UCZfl3VUKKGhO1pTyKD88q-A,Undirected,1,1
UC-9jtC-fuSz0Qs08YCZVzeg,UCmkTBtGbf0gSPnHN_slNrOQ,Undirected,5,5
UC-9jtC-fuSz0Qs08YCZVzeg,UCxjzRL0zDkypQKZjSgEk3bw,Undirected,5,5
UCL8Wk-_MgnFnZV5Hfn9eM7g,UCPM1bCbT-dVAHAEIpUUpVLQ,Undirected,1,1
UCL8Wk-_MgnFnZV5Hfn9eM7g,UCZfl3VUKKGhO1pTyKD88q-A,Undirected,1,1
UCL8Wk-_MgnFnZV5Hfn9eM7g,UCmkTBtGbf0gSPnHN_slNrOQ,Undirected,2,2
UCL8Wk-_MgnFnZV5Hfn9eM7g,UCxjzRL0zDkypQKZjSgEk3bw,Undirected,2,2
UCPM1bCbT-dVAHAEIpUUpVLQ,UCZfl3VUKKGhO1pTyKD88q-A,Undirected,1,1
UCPM1bCbT-dVAHAEIpUUpVLQ,UCmkTBtGbf0gSPnHN_slNrOQ,Undirected,2,2
UCPM1bCbT-dVAHAEIpUUpVLQ,UCxjzRL0zDkypQKZjSgEk3bw,Undirected,2,2
UCZfl3VUKKGhO1pTyKD88q-A,UCmkTBtGbf0gSPnHN_slNrOQ,Undirected,2,2
UCZfl3VUKKGhO1pTyKD88q-A,UCxjzRL0zDkypQKZjSgEk3bw,Undirected,1,1
UCmkTBtGbf0gSPnHN_slNrOQ,UCxjzRL0zDkypQKZjSgEk3bw,Undirected,8,8
UCN2SmGmFSkjrh2DciCptwwA,UCPM1bCbT-dVAHAEIpUUpVLQ,Undirected,1,1
UCN2SmGmFSkjrh2DciCptwwA,UCkRByFN6eWfRjUH0MajJhBw,Undirected,1,1
UCN2SmGmFSkjrh2DciCptwwA,UCmkTBtGbf0gSPnHN_slNrOQ,Undirected,1,1
UCN2SmGmFSkjrh2DciCptwwA,UCxjzRL0zDkypQKZjSgEk3bw,Undirected,1,1
UCPM1bCbT-dVAHAEIpUUpVLQ,UCkRByFN6eWfRjUH0MajJhBw,Undirected,1,1
UCkRByFN6eWfRjUH0MajJhBw,UCmkTBtGbf0gSPnHN_slNrOQ,Undirected,1,1
UCkRByFN6eWfRjUH0MajJhBw,UCxjzRL0zDkypQKZjSgEk3bw,Undirected,1,1
UC-9jtC-fuSz0Qs08YCZVzeg,UCSSMzAWtQ-iJYemInv6_pRw,Undirected,1,1
UC-9jtC-fuSz0Qs08YCZVzeg,UCxY9Rkil9PtqcHpOVb3aAKQ,Undirected,1,1
UCSSMzAWtQ-iJYemInv6_pRw,UCmkTBtGbf0gSPnHN_slNrOQ,Undirected,1,1
UCSSMzAWtQ-iJYemInv6_pRw,UCxY9Rkil9PtqcHpOVb3aAKQ,Undirected,1,1
UCSSMzAWtQ-iJYemInv6_pRw,UCxjzRL0zDkypQKZjSgEk3bw,Undirected,1,1
UCmkTBtGbf0gSPnHN_slNrOQ,UCxY9Rkil9PtqcHpOVb3aAKQ,Undirected,1,1
UCxY9Rkil9PtqcHpOVb3aAKQ,UCxjzRL0zDkypQKZjSgEk3bw,Undirected,1,1
UC40gs0opj389ohjLnJIAJzA,UCL8Wk-_MgnFnZV5Hfn9eM7g,Undirected,1,1
UC40gs0opj389ohjLnJIAJzA,UCmkTBtGbf0gSPnHN_slNrOQ,Undirected,3,3
UC40gs0opj389ohjLnJIAJzA,UCxjzRL0zDkypQKZjSgEk3bw,Undirected,2,2
UC40gs0opj389ohjLnJIAJzA,UCyqEcHPKLH7KVzzqHN1n3vw,Undirected,1,1
UCL8Wk-_MgnFnZV5Hfn9eM7g,UCyqEcHPKLH7KVzzqHN1n3vw,Undirected,1,1
UCmkTBtGbf0gSPnHN_slNrOQ,UCyqEcHPKLH7KVzzqHN1n3vw,Undirected,2,2
UCxjzRL0zDkypQKZjSgEk3bw,UCyqEcHPKLH7KVzzqHN1n3vw,Undirected,2,2
UCmSlt58ydJnsKRrA81CWiKw,UCmkTBtGbf0gSPnHN_slNrOQ,Undirected,1,1
UCmSlt58ydJnsKRrA81CWiKw,UCxzod11aqeU2H2cp7JQNB8A,Undirected,1,1
UCmkTBtGbf0gSPnHN_slNrOQ,UCxzod11aqeU2H2cp7JQNB8A,Undirected,1,1
UCdy2LP0rec6sRxFhkqItEXQ,UChgPVLjqugDQpRLWvC7zzig,Undirected,1,1
UCdy2LP0rec6sRxFhkqItEXQ,UCmkTBtGbf0gSPnHN_slNrOQ,Undirected,1,1
UCdy2LP0rec6sRxFhkqItEXQ,UCxjzRL0zDkypQKZjSgEk3bw,Undirected,1,1
UChgPVLjqugDQpRLWvC7zzig,UCmkTBtGbf0gSPnHN_slNrOQ,Undirected,1,1
UChgPVLjqugDQpRLWvC7zzig,UCxjzRL0zDkypQKZjSgEk3bw,Undirected,1,1
UC-9jtC-fuSz0Qs08YCZVzeg,UCyqEcHPKLH7KVzzqHN1n3vw,Undirected,2,2
UC-9jtC-fuSz0Qs08YCZVzeg,UC40gs0opj389ohjLnJIAJzA,Undirected,1,1
UC-9jtC-fuSz0Qs08YCZVzeg,UCmuobr4DmrmLI1BaGZD3p5w,Undirected,1,1
UC40gs0opj389ohjLnJIAJzA,UCmuobr4DmrmLI1BaGZD3p5w,Undirected,1,1
UCmuobr4DmrmLI1BaGZD3p5w,UCxjzRL0zDkypQKZjSgEk3bw,Undirected,1,1
UC-9jtC-fuSz0Qs08YCZVzeg,UC60w8W3VrDJ_nuocfeOwgsg,Undirected,3,3
UC-9jtC-fuSz0Qs08YCZVzeg,UCrG-uAJHiLBnhO4YFMDyVDA,Undirected,1,1
UCrG-uAJHiLBnhO4YFMDyVDA,UCyqEcHPKLH7KVzzqHN1n3vw,Undirected,1,1
UC-9jtC-fuSz0Qs08YCZVzeg,UCZFRimDdCFhUFWNCmfz39mg,Undirected,1,1
UC-9jtC-fuSz0Qs08YCZVzeg,UC_yh_EYy8lNVtsuzdecz9oA,Undirected,1,1
UCPM1bCbT-dVAHAEIpUUpVLQ,UCZFRimDdCFhUFWNCmfz39mg,Undirected,1,1
UCPM1bCbT-dVAHAEIpUUpVLQ,UC_yh_EYy8lNVtsuzdecz9oA,Undirected,1,1
UCZFRimDdCFhUFWNCmfz39mg,UC_yh_EYy8lNVtsuzdecz9oA,Undirected,1,1
UCT15Whb1wFyd4g4qrQ_3s6Q,UCYYry2Bwe6SfJ-kqUfhQbfQ,Undirected,1,1
UCT15Whb1wFyd4g4qrQ_3s6Q,UCmgdsC5YUNml15FgkOU0q5g,Undirected,1,1
UCYYry2Bwe6SfJ-kqUfhQbfQ,UCmgdsC5YUNml15FgkOU0q5g,Undirected,19,19
UCYYry2Bwe6SfJ-kqUfhQbfQ,UCrqVceyjP4PtqRsiQNOZqjg,Undirected,1,1
UCmgdsC5YUNml15FgkOU0q5g,UCrqVceyjP4PtqRsiQNOZqjg,Undirected,1,1
UCYYry2Bwe6SfJ-kqUfhQbfQ,UCbKEKu3wkx_f97vKL_Og8pw,Undirected,1,1
UCbKEKu3wkx_f97vKL_Og8pw,UCmgdsC5YUNml15FgkOU0q5g,Undirected,1,1
UCYYry2Bwe6SfJ-kqUfhQbfQ,UCYnehH2tHxmTRqjTiuzzA8w,Undirected,1,1
UCYnehH2tHxmTRqjTiuzzA8w,UCmgdsC5YUNml15FgkOU0q5g,Undirected,1,1
UC4yb1fKSvCkKes6Kw41wRag,UClFPqygSZ026JV5Az1el2rg,Undirected,10,10
UC2mP7il3YV7TxM_3m6U0bwA,UC4yb1fKSvCkKes6Kw41wRag,Undirected,1,1
UC2mP7il3YV7TxM_3m6U0bwA,UC5p_l5ZeB_wGjO_yDXwiqvw,Undirected,2,2
UC2mP7il3YV7TxM_3m6U0bwA,UCNpcQ002WElJqT9r--R-Xfg,Undirected,1,1
UC2mP7il3YV7TxM_3m6U0bwA,UClFPqygSZ026JV5Az1el2rg,Undirected,1,1
UC2mP7il3YV7TxM_3m6U0bwA,UCvM9kVL4Xz-3xumOJ0Fvb3g,Undirected,1,1
UC4yb1fKSvCkKes6Kw41wRag,UC5p_l5ZeB_wGjO_yDXwiqvw,Undirected,1,1
UC4yb1fKSvCkKes6Kw41wRag,UCNpcQ002WElJqT9r--R-Xfg,Undirected,1,1
UC4yb1fKSvCkKes6Kw41wRag,UCvM9kVL4Xz-3xumOJ0Fvb3g,Undirected,1,1
UC5p_l5ZeB_wGjO_yDXwiqvw,UCNpcQ002WElJqT9r--R-Xfg,Undirected,1,1
UC5p_l5ZeB_wGjO_yDXwiqvw,UClFPqygSZ026JV5Az1el2rg,Undirected,1,1
UC5p_l5ZeB_wGjO_yDXwiqvw,UCvM9kVL4Xz-3xumOJ0Fvb3g,Undirected,2,2
UCNpcQ002WElJqT9r--R-Xfg,UClFPqygSZ026JV5Az1el2rg,Undirected,1,1
UCNpcQ002WElJqT9r--R-Xfg,UCvM9kVL4Xz-3xumOJ0Fvb3g,Undirected,1,1
UClFPqygSZ026JV5Az1el2rg,UCvM9kVL4Xz-3xumOJ0Fvb3g,Undirected,1,1
UC4yb1fKSvCkKes6Kw41wRag,UC5QPjg_HP9sioUNXiCy80xw,Undirected,1,1
UC4yb1fKSvCkKes6Kw41wRag,UCLCdyRg3u5O-EVP5p46QxcQ,Undirected,2,2
UC5QPjg_HP9sioUNXiCy80xw,UCLCdyRg3u5O-EVP5p46QxcQ,Undirected,1,1
UC5QPjg_HP9sioUNXiCy80xw,UClFPqygSZ026JV5Az1el2rg,Undirected,1,1
UCLCdyRg3u5O-EVP5p46QxcQ,UClFPqygSZ026JV5Az1el2rg,Undirected,1,1
UC4yb1fKSvCkKes6Kw41wRag,UC5UHdMOwhHWxY9AQraqve4A,Undirected,3,3
UC5UHdMOwhHWxY9AQraqve4A,UClFPqygSZ026JV5Az1el2rg,Undirected,1,1
UC4yb1fKSvCkKes6Kw41wRag,UC6XqKiKQGKyVtNJ4_SAMWTg,Undirected,1,1
UC6XqKiKQGKyVtNJ4_SAMWTg,UClFPqygSZ026JV5Az1el2rg,Undirected,1,1
UC4yb1fKSvCkKes6Kw41wRag,UCDhka7XkllGxop0_abgGfdA,Undirected,1,1
UCDhka7XkllGxop0_abgGfdA,UClFPqygSZ026JV5Az1el2rg,Undirected,1,1
UC6hcqdVx4yYJDu7gPrQKP9w,UCCZ_iU8loe5ds25r4iHsrgQ,Undirected,2,2
UC6hcqdVx4yYJDu7gPrQKP9w,UCQKBhMmTXoZW5NSUNKIR3bg,Undirected,2,2
UC6hcqdVx4yYJDu7gPrQKP9w,UCXQuTtJ70B_mVqlYJNoyNxQ,Undirected,1,1
UC6hcqdVx4yYJDu7gPrQKP9w,UCcEIg59v68mXkwmjrUovLWQ,Undirected,1,1
UCCZ_iU8loe5ds25r4iHsrgQ,UCXQuTtJ70B_mVqlYJNoyNxQ,Undirected,2,2
UCCZ_iU8loe5ds25r4iHsrgQ,UCcEIg59v68mXkwmjrUovLWQ,Undirected,2,2
UCQKBhMmTXoZW5NSUNKIR3bg,UCXQuTtJ70B_mVqlYJNoyNxQ,Undirected,3,3
UCQKBhMmTXoZW5NSUNKIR3bg,UCcEIg59v68mXkwmjrUovLWQ,Undirected,2,2
UCXQuTtJ70B_mVqlYJNoyNxQ,UCcEIg59v68mXkwmjrUovLWQ,Undirected,1,1
UC3Vx3Zh7V7EG3PytRWuYXag,UC4DHi-wM1wYL-soN_ilJjEQ,Undirected,1,1
UC3Vx3Zh7V7EG3PytRWuYXag,UCCZ_iU8loe5ds25r4iHsrgQ,Undirected,1,1
UC3Vx3Zh7V7EG3PytRWuYXag,UCQKBhMmTXoZW5NSUNKIR3bg,Undirected,1,1
UC3Vx3Zh7V7EG3PytRWuYXag,UCXQuTtJ70B_mVqlYJNoyNxQ,Undirected,2,2
UC4DHi-wM1wYL-soN_ilJjEQ,UCCZ_iU8loe5ds25r4iHsrgQ,Undirected,2,2
UC4DHi-wM1wYL-soN_ilJjEQ,UCQKBhMmTXoZW5NSUNKIR3bg,Undirected,2,2
UC4DHi-wM1wYL-soN_ilJjEQ,UCXQuTtJ70B_mVqlYJNoyNxQ,Undirected,1,1
UCA82Wt6_sjmTqwx48qr2fOA,UCCZ_iU8loe5ds25r4iHsrgQ,Undirected,2,2
UCA82Wt6_sjmTqwx48qr2fOA,UCKffbsBoqqgAhyJbnkFuGHg,Undirected,1,1
UCA82Wt6_sjmTqwx48qr2fOA,UCQKBhMmTXoZW5NSUNKIR3bg,Undirected,2,2
UCA82Wt6_sjmTqwx48qr2fOA,UCpeiIo13MsqPgp25vU0a7vQ,Undirected,2,2
UCCZ_iU8loe5ds25r4iHsrgQ,UCKffbsBoqqgAhyJbnkFuGHg,Undirected,6,6
UCCZ_iU8loe5ds25r4iHsrgQ,UCpeiIo13MsqPgp25vU0a7vQ,Undirected,3,3
UCKffbsBoqqgAhyJbnkFuGHg,UCQKBhMmTXoZW5NSUNKIR3bg,Undirected,6,6
UCKffbsBoqqgAhyJbnkFuGHg,UCpeiIo13MsqPgp25vU0a7vQ,Undirected,1,1
UCQKBhMmTXoZW5NSUNKIR3bg,UCpeiIo13MsqPgp25vU0a7vQ,Undirected,3,3
UCCZ_iU8loe5ds25r4iHsrgQ,UCv4c5_S6aj0SQWOOep9fd4A,Undirected,1,1
UCQKBhMmTXoZW5NSUNKIR3bg,UCv4c5_S6aj0SQWOOep9fd4A,Undirected,1,1
UCA82Wt6_sjmTqwx48qr2fOA,UC_Tcm94cJjq6JwpUdB_N4lA,Undirected,1,1
UCCZ_iU8loe5ds25r4iHsrgQ,UC_Tcm94cJjq6JwpUdB_N4lA,Undirected,1,1
UCQKBhMmTXoZW5NSUNKIR3bg,UC_Tcm94cJjq6JwpUdB_N4lA,Undirected,1,1
UC_Tcm94cJjq6JwpUdB_N4lA,UCpeiIo13MsqPgp25vU0a7vQ,Undirected,1,1
UC6hcqdVx4yYJDu7gPrQKP9w,UCaAqNrRBRO4Le2j9veyZiLw,Undirected,1,1
UCCZ_iU8loe5ds25r4iHsrgQ,UCaAqNrRBRO4Le2j9veyZiLw,Undirected,1,1
UCQKBhMmTXoZW5NSUNKIR3bg,UCaAqNrRBRO4Le2j9veyZiLw,Undirected,2,2
UC0JAMz2KJxCqFs1arYy_E1g,UCCZ_iU8loe5ds25r4iHsrgQ,Undirected,1,1
UC0JAMz2KJxCqFs1arYy_E1g,UCQKBhMmTXoZW5NSUNKIR3bg,Undirected,1,1
UC0JAMz2KJxCqFs1arYy_E1g,UCf-upvfcuXI6anpYOkC80RQ,Undirected,1,1
UC0JAMz2KJxCqFs1arYy_E1g,UCpeiIo13MsqPgp25vU0a7vQ,Undirected,1,1
UCCZ_iU8loe5ds25r4iHsrgQ,UCf-upvfcuXI6anpYOkC80RQ,Undirected,1,1
UCQKBhMmTXoZW5NSUNKIR3bg,UCf-upvfcuXI6anpYOkC80RQ,Undirected,1,1
UCf-upvfcuXI6anpYOkC80RQ,UCpeiIo13MsqPgp25vU0a7vQ,Undirected,1,1
UCCZ_iU8loe5ds25r4iHsrgQ,UCEcsDOzFZg7DughFiIeYBiQ,Undirected,1,1
UCCZ_iU8loe5ds25r4iHsrgQ,UCdZRs1GmZt5W5OSeS4QHtXQ,Undirected,1,1
UCEcsDOzFZg7DughFiIeYBiQ,UCKffbsBoqqgAhyJbnkFuGHg,Undirected,1,1
UCEcsDOzFZg7DughFiIeYBiQ,UCQKBhMmTXoZW5NSUNKIR3bg,Undirected,1,1
UCEcsDOzFZg7DughFiIeYBiQ,UCdZRs1GmZt5W5OSeS4QHtXQ,Undirected,1,1
UCKffbsBoqqgAhyJbnkFuGHg,UCdZRs1GmZt5W5OSeS4QHtXQ,Undirected,1,1
UCQKBhMmTXoZW5NSUNKIR3bg,UCdZRs1GmZt5W5OSeS4QHtXQ,Undirected,1,1
UCCZ_iU8loe5ds25r4iHsrgQ,UCnBOcUE_Bv6Pdvj89Y4ITVg,Undirected,1,1
UCKffbsBoqqgAhyJbnkFuGHg,UCnBOcUE_Bv6Pdvj89Y4ITVg,Undirected,1,1
UCQKBhMmTXoZW5NSUNKIR3bg,UCnBOcUE_Bv6Pdvj89Y4ITVg,Undirected,1,1
UCBTvRep6wXqyhgW0KO2qVQg,UCIFgOdb3qF5RUHwORP_XFgA,Undirected,1,1
UCBTvRep6wXqyhgW0KO2qVQg,UCXQuTtJ70B_mVqlYJNoyNxQ,Undirected,1,1
UCBTvRep6wXqyhgW0KO2qVQg,UCg7qoKyPByllqELez2p6iRg,Undirected,1,1
UCBTvRep6wXqyhgW0KO2qVQg,UCmzE7kjCEDDurkvzWkoCyhQ,Undirected,1,1
UCBTvRep6wXqyhgW0KO2qVQg,UCqwowzhSTaRdGqZ80Gb0GBQ,Undirected,1,1
UCIFgOdb3qF5RUHwORP_XFgA,UCXQuTtJ70B_mVqlYJNoyNxQ,Undirected,1,1
UCIFgOdb3qF5RUHwORP_XFgA,UCg7qoKyPByllqELez2p6iRg,Undirected,1,1
UCIFgOdb3qF5RUHwORP_XFgA,UCmzE7kjCEDDurkvzWkoCyhQ,Undirected,6,6
UCXQuTtJ70B_mVqlYJNoyNxQ,UCg7qoKyPByllqELez2p6iRg,Undirected,1,1
UCXQuTtJ70B_mVqlYJNoyNxQ,UCmzE7kjCEDDurkvzWkoCyhQ,Undirected,1,1
UCXQuTtJ70B_mVqlYJNoyNxQ,UCqwowzhSTaRdGqZ80Gb0GBQ,Undirected,1,1
UCg7qoKyPByllqELez2p6iRg,UCmzE7kjCEDDurkvzWkoCyhQ,Undirected,1,1
UCg7qoKyPByllqELez2p6iRg,UCqwowzhSTaRdGqZ80Gb0GBQ,Undirected,1,1
UCmzE7kjCEDDurkvzWkoCyhQ,UCqwowzhSTaRdGqZ80Gb0GBQ,Undirected,6,6
UCIFgOdb3qF5RUHwORP_XFgA,UCoRq5guLwavXVti96Ek1VDA,Undirected,1,1
UCmzE7kjCEDDurkvzWkoCyhQ,UCoRq5guLwavXVti96Ek1VDA,Undirected,1,1
UCoRq5guLwavXVti96Ek1VDA,UCqwowzhSTaRdGqZ80Gb0GBQ,Undirected,1,1
UCIFgOdb3qF5RUHwORP_XFgA,UCpeiIo13MsqPgp25vU0a7vQ,Undirected,2,2
UCZucaR26EKPH_U4HW2djLzQ,UCmzE7kjCEDDurkvzWkoCyhQ,Undirected,2,2
UCZucaR26EKPH_U4HW2djLzQ,UCpeiIo13MsqPgp25vU0a7vQ,Undirected,1,1
UCmzE7kjCEDDurkvzWkoCyhQ,UCpeiIo13MsqPgp25vU0a7vQ,Undirected,2,2
UCpeiIo13MsqPgp25vU0a7vQ,UCqwowzhSTaRdGqZ80Gb0GBQ,Undirected,2,2
UCIFgOdb3qF5RUHwORP_XFgA,UCsHkOlyMrHPwH7kR8BLQBcg,Undirected,1,1
UCmzE7kjCEDDurkvzWkoCyhQ,UCsHkOlyMrHPwH7kR8BLQBcg,Undirected,1,1
UCpeiIo13MsqPgp25vU0a7vQ,UCsHkOlyMrHPwH7kR8BLQBcg,Undirected,1,1
UCqwowzhSTaRdGqZ80Gb0GBQ,UCsHkOlyMrHPwH7kR8BLQBcg,Undirected,1,1
UC28nW7PGgNxf7ez7z31kv9A,UCIFgOdb3qF5RUHwORP_XFgA,Undirected,1,1
UC28nW7PGgNxf7ez7z31kv9A,UCkqhSJuZLdsUTYWNWuuIQKA,Undirected,1,1
UC28nW7PGgNxf7ez7z31kv9A,UCmzE7kjCEDDurkvzWkoCyhQ,Undirected,1,1
UC28nW7PGgNxf7ez7z31kv9A,UCqwowzhSTaRdGqZ80Gb0GBQ,Undirected,1,1
UC28nW7PGgNxf7ez7z31kv9A,UCzZCT-7IkupbxpLn9BcjwXA,Undirected,1,1
UCIFgOdb3qF5RUHwORP_XFgA,UCkqhSJuZLdsUTYWNWuuIQKA,Undirected,1,1
UCIFgOdb3qF5RUHwORP_XFgA,UCzZCT-7IkupbxpLn9BcjwXA,Undirected,1,1
UCkqhSJuZLdsUTYWNWuuIQKA,UCmzE7kjCEDDurkvzWkoCyhQ,Undirected,1,1
UCkqhSJuZLdsUTYWNWuuIQKA,UCqwowzhSTaRdGqZ80Gb0GBQ,Undirected,1,1
UCkqhSJuZLdsUTYWNWuuIQKA,UCzZCT-7IkupbxpLn9BcjwXA,Undirected,1,1
UCmzE7kjCEDDurkvzWkoCyhQ,UCzZCT-7IkupbxpLn9BcjwXA,Undirected,1,1
UCqwowzhSTaRdGqZ80Gb0GBQ,UCzZCT-7IkupbxpLn9BcjwXA,Undirected,1,1
UCZucaR26EKPH_U4HW2djLzQ,UCxBxCs3FxgYY_VvMgr9Dx2w,Undirected,2,2
UC-Re3P-t9Kop1kLSLYBUHHg,UCCZ_iU8loe5ds25r4iHsrgQ,Undirected,1,1
UC-Re3P-t9Kop1kLSLYBUHHg,UCZucaR26EKPH_U4HW2djLzQ,Undirected,1,1
UC-Re3P-t9Kop1kLSLYBUHHg,UCxBxCs3FxgYY_VvMgr9Dx2w,Undirected,1,1
UCCZ_iU8loe5ds25r4iHsrgQ,UCxBxCs3FxgYY_VvMgr9Dx2w,Undirected,2,2
UCCZ_iU8loe5ds25r4iHsrgQ,UCLiWTvbalVNSttpfqQKijFw,Undirected,2,2
UCLiWTvbalVNSttpfqQKijFw,UCZucaR26EKPH_U4HW2djLzQ,Undirected,3,3
UC-UCkx1U8UhjGWqIqakkaLg,UC9flAu2neZbbKs2E4J7wDNQ,Undirected,1,1
UC-UCkx1U8UhjGWqIqakkaLg,UCCS-KM4AQYjQ6R8OPHuwpoQ,Undirected,2,2
UC-UCkx1U8UhjGWqIqakkaLg,UCZucaR26EKPH_U4HW2djLzQ,Undirected,1,1
UC-UCkx1U8UhjGWqIqakkaLg,UCnDpPoH39FnN65iafaAD5sA,Undirected,2,2
UC9flAu2neZbbKs2E4J7wDNQ,UCCS-KM4AQYjQ6R8OPHuwpoQ,Undirected,1,1
UC9flAu2neZbbKs2E4J7wDNQ,UCZucaR26EKPH_U4HW2djLzQ,Undirected,1,1
UC9flAu2neZbbKs2E4J7wDNQ,UCnDpPoH39FnN65iafaAD5sA,Undirected,1,1
UCCS-KM4AQYjQ6R8OPHuwpoQ,UCZucaR26EKPH_U4HW2djLzQ,Undirected,1,1
UCCS-KM4AQYjQ6R8OPHuwpoQ,UCnDpPoH39FnN65iafaAD5sA,Undirected,1,1
UCZucaR26EKPH_U4HW2djLzQ,UCnDpPoH39FnN65iafaAD5sA,Undirected,4,4
UC8h6_iA5lhinUut3YJ1kM2A,UCIFgOdb3qF5RUHwORP_XFgA,Undirected,1,1
UC8h6_iA5lhinUut3YJ1kM2A,UCZucaR26EKPH_U4HW2djLzQ,Undirected,1,1
UC8h6_iA5lhinUut3YJ1kM2A,UC_zHTrjvfa7xifSqneAL31Q,Undirected,1,1
UC8h6_iA5lhinUut3YJ1kM2A,UCmzE7kjCEDDurkvzWkoCyhQ,Undirected,1,1
UC8h6_iA5lhinUut3YJ1kM2A,UCqwowzhSTaRdGqZ80Gb0GBQ,Undirected,1,1
UCIFgOdb3qF5RUHwORP_XFgA,UC_zHTrjvfa7xifSqneAL31Q,Undirected,2,2
UCZucaR26EKPH_U4HW2djLzQ,UC_zHTrjvfa7xifSqneAL31Q,Undirected,1,1
UC_zHTrjvfa7xifSqneAL31Q,UCmzE7kjCEDDurkvzWkoCyhQ,Undirected,1,1
UC_zHTrjvfa7xifSqneAL31Q,UCqwowzhSTaRdGqZ80Gb0GBQ,Undirected,1,1
UCIFgOdb3qF5RUHwORP_XFgA,UCLiWTvbalVNSttpfqQKijFw,Undirected,2,2
UCIFgOdb3qF5RUHwORP_XFgA,UCmSzil13YD_XmADLT9PBBBg,Undirected,1,1
UCLiWTvbalVNSttpfqQKijFw,UCmSzil13YD_XmADLT9PBBBg,Undirected,1,1
UCLiWTvbalVNSttpfqQKijFw,UCqwowzhSTaRdGqZ80Gb0GBQ,Undirected,1,1
UCZucaR26EKPH_U4HW2djLzQ,UCmSzil13YD_XmADLT9PBBBg,Undirected,1,1
UCmSzil13YD_XmADLT9PBBBg,UCqwowzhSTaRdGqZ80Gb0GBQ,Undirected,1,1
UCIFgOdb3qF5RUHwORP_XFgA,UCnDpPoH39FnN65iafaAD5sA,Undirected,3,3
UCnDpPoH39FnN65iafaAD5sA,UCqwowzhSTaRdGqZ80Gb0GBQ,Undirected,2,2
UCIFgOdb3qF5RUHwORP_XFgA,UCTODYF5-i-ndt9QdUWwzsjQ,Undirected,1,1
UCTODYF5-i-ndt9QdUWwzsjQ,UCZucaR26EKPH_U4HW2djLzQ,Undirected,1,1
UCTODYF5-i-ndt9QdUWwzsjQ,UCnDpPoH39FnN65iafaAD5sA,Undirected,2,2
UCTODYF5-i-ndt9QdUWwzsjQ,UCqwowzhSTaRdGqZ80Gb0GBQ,Undirected,1,1
UCCZ_iU8loe5ds25r4iHsrgQ,UCnDpPoH39FnN65iafaAD5sA,Undirected,1,1
UCLiWTvbalVNSttpfqQKijFw,UCnDpPoH39FnN65iafaAD5sA,Undirected,1,1
UCFbfFv3bjWctmO2IQoHLiHg,UCJ1t1GZGEnE0Okiww_jtX3Q,Undirected,2,2
UCD_oolOCW-KckgB-G1jgucA,UCmSzil13YD_XmADLT9PBBBg,Undirected,1,1
UC-Re3P-t9Kop1kLSLYBUHHg,UCBOLkKr86qP9S-2Blc0ANbg,Undirected,2,2
UC-Re3P-t9Kop1kLSLYBUHHg,UCmSzil13YD_XmADLT9PBBBg,Undirected,2,2
UCBOLkKr86qP9S-2Blc0ANbg,UCmSzil13YD_XmADLT9PBBBg,Undirected,2,2
UC-Re3P-t9Kop1kLSLYBUHHg,UC87bvudGUQ12Jeage8VIsig,Undirected,1,1
UC87bvudGUQ12Jeage8VIsig,UCBOLkKr86qP9S-2Blc0ANbg,Undirected,1,1
UC87bvudGUQ12Jeage8VIsig,UCmSzil13YD_XmADLT9PBBBg,Undirected,1,1
UCV70Ibtck3aQUFEmYfLzEKw,UCmSzil13YD_XmADLT9PBBBg,Undirected,2,2
UC6bRN3rZWosqO3BmoEvb_aw,UCV70Ibtck3aQUFEmYfLzEKw,Undirected,1,1
UC6bRN3rZWosqO3BmoEvb_aw,UCgDPMGUOzErYPL0Sx4WlyQw,Undirected,1,1
UC6bRN3rZWosqO3BmoEvb_aw,UCk07Frlwca8ZSCg2N7VNOXg,Undirected,1,1
UC6bRN3rZWosqO3BmoEvb_aw,UCmSzil13YD_XmADLT9PBBBg,Undirected,1,1
UCV70Ibtck3aQUFEmYfLzEKw,UCgDPMGUOzErYPL0Sx4WlyQw,Undirected,1,1
UCV70Ibtck3aQUFEmYfLzEKw,UCk07Frlwca8ZSCg2N7VNOXg,Undirected,1,1
UCgDPMGUOzErYPL0Sx4WlyQw,UCk07Frlwca8ZSCg2N7VNOXg,Undirected,1,1
UCgDPMGUOzErYPL0Sx4WlyQw,UCmSzil13YD_XmADLT9PBBBg,Undirected,1,1
UCk07Frlwca8ZSCg2N7VNOXg,UCmSzil13YD_XmADLT9PBBBg,Undirected,1,1
UCOKxuxxW6r0JT8DT6pZ_JuQ,UCmSzil13YD_XmADLT9PBBBg,Undirected,11,11
UCOKxuxxW6r0JT8DT6pZ_JuQ,UCw7REb2fzLigMTJL4D65Aig,Undirected,2,2
UCmSzil13YD_XmADLT9PBBBg,UCw7REb2fzLigMTJL4D65Aig,Undirected,2,2
UC2g7xkk7QdlnkUDargFczwg,UCOKxuxxW6r0JT8DT6pZ_JuQ,Undirected,1,1
UC2g7xkk7QdlnkUDargFczwg,UCmSzil13YD_XmADLT9PBBBg,Undirected,2,2
UC2g7xkk7QdlnkUDargFczwg,UCw7REb2fzLigMTJL4D65Aig,Undirected,1,1
UCGYhSRkssfQRwgzkvD97qNg,UCHZUXF7WclTrpteIu2yA9Kg,Undirected,2,2
UCGYhSRkssfQRwgzkvD97qNg,UCR244Tsgbk1oZ8JNJtDV9_Q,Undirected,1,1
UCGYhSRkssfQRwgzkvD97qNg,UCXQuTtJ70B_mVqlYJNoyNxQ,Undirected,7,7
UCGYhSRkssfQRwgzkvD97qNg,UCzBBR4MBBKN0aMRo1oo2_Ug,Undirected,2,2
UCHZUXF7WclTrpteIu2yA9Kg,UCR244Tsgbk1oZ8JNJtDV9_Q,Undirected,1,1
UCHZUXF7WclTrpteIu2yA9Kg,UCXQuTtJ70B_mVqlYJNoyNxQ,Undirected,2,2
UCHZUXF7WclTrpteIu2yA9Kg,UCzBBR4MBBKN0aMRo1oo2_Ug,Undirected,1,1
UCR244Tsgbk1oZ8JNJtDV9_Q,UCXQuTtJ70B_mVqlYJNoyNxQ,Undirected,1,1
UCR244Tsgbk1oZ8JNJtDV9_Q,UCzBBR4MBBKN0aMRo1oo2_Ug,Undirected,1,1
UCXQuTtJ70B_mVqlYJNoyNxQ,UCzBBR4MBBKN0aMRo1oo2_Ug,Undirected,2,2
UC-hHjDbMTWrM0_Hpf_tkBEg,UCGYhSRkssfQRwgzkvD97qNg,Undirected,1,1
UC-hHjDbMTWrM0_Hpf_tkBEg,UCXQuTtJ70B_mVqlYJNoyNxQ,Undirected,1,1
UC-hHjDbMTWrM0_Hpf_tkBEg,UCkC4G7crNXA-6njT6wD07zA,Undirected,1,1
UCGYhSRkssfQRwgzkvD97qNg,UCkC4G7crNXA-6njT6wD07zA,Undirected,1,1
UCXQuTtJ70B_mVqlYJNoyNxQ,UCkC4G7crNXA-6njT6wD07zA,Undirected,1,1
UC9Pibc4PVsCsEJFqakaHkOA,UCGYhSRkssfQRwgzkvD97qNg,Undirected,1,1
UC9Pibc4PVsCsEJFqakaHkOA,UCHZUXF7WclTrpteIu2yA9Kg,Undirected,1,1
UC9Pibc4PVsCsEJFqakaHkOA,UCVz-NJ8lHEYmHgqPgTnBzOQ,Undirected,1,1
UC9Pibc4PVsCsEJFqakaHkOA,UCXHh9s6OJz_c7z9JZD0Rhvw,Undirected,1,1
UCGYhSRkssfQRwgzkvD97qNg,UCVz-NJ8lHEYmHgqPgTnBzOQ,Undirected,1,1
UCGYhSRkssfQRwgzkvD97qNg,UCXHh9s6OJz_c7z9JZD0Rhvw,Undirected,2,2
UCHZUXF7WclTrpteIu2yA9Kg,UCVz-NJ8lHEYmHgqPgTnBzOQ,Undirected,4,4
UCHZUXF7WclTrpteIu2yA9Kg,UCXHh9s6OJz_c7z9JZD0Rhvw,Undirected,1,1
UCVz-NJ8lHEYmHgqPgTnBzOQ,UCXHh9s6OJz_c7z9JZD0Rhvw,Undirected,1,1
UCFyIpPcsQvQ1-VqQRpFEmkA,UCGYhSRkssfQRwgzkvD97qNg,Undirected,1,1
UCGYhSRkssfQRwgzkvD97qNg,UCmq_ATsVYLMZlwSJK7I8I7w,Undirected,1,1
UCGYhSRkssfQRwgzkvD97qNg,UCmr_4QqfR9vFeyEqQ42nUjQ,Undirected,1,1
UCXHh9s6OJz_c7z9JZD0Rhvw,UCmq_ATsVYLMZlwSJK7I8I7w,Undirected,5,5
UCXHh9s6OJz_c7z9JZD0Rhvw,UCmr_4QqfR9vFeyEqQ42nUjQ,Undirected,1,1
UCmq_ATsVYLMZlwSJK7I8I7w,UCmr_4QqfR9vFeyEqQ42nUjQ,Undirected,1,1
UCGYhSRkssfQRwgzkvD97qNg,UCZ54-1MNL2foufu8hBomzBw,Undirected,1,1
UC-8yNcBtKG6d8RPTTf86YSg,UCGYhSRkssfQRwgzkvD97qNg,Undirected,1,1
UCGYhSRkssfQRwgzkvD97qNg,UCOqfOsy9mt0UkjpJta5pP7Q,Undirected,1,1
UCGYhSRkssfQRwgzkvD97qNg,UCsHkOlyMrHPwH7kR8BLQBcg,Undirected,1,1
UCOqfOsy9mt0UkjpJta5pP7Q,UCXQuTtJ70B_mVqlYJNoyNxQ,Undirected,1,1
UCOqfOsy9mt0UkjpJta5pP7Q,UCsHkOlyMrHPwH7kR8BLQBcg,Undirected,1,1
UCXQuTtJ70B_mVqlYJNoyNxQ,UCsHkOlyMrHPwH7kR8BLQBcg,Undirected,1,1
UC2v2rpKd070T_opILBWx-FQ,UC5i2NHIT1NQ4Aqya12syNmA,Undirected,1,1
UC2v2rpKd070T_opILBWx-FQ,UCBVxTuCSo3OTvHElb_AjXxA,Undirected,1,1
UC2v2rpKd070T_opILBWx-FQ,UCCZ_iU8loe5ds25r4iHsrgQ,Undirected,1,1
UC2v2rpKd070T_opILBWx-FQ,UCQKBhMmTXoZW5NSUNKIR3bg,Undirected,1,1
UC5i2NHIT1NQ4Aqya12syNmA,UCBVxTuCSo3OTvHElb_AjXxA,Undirected,1,1
UC5i2NHIT1NQ4Aqya12syNmA,UCCZ_iU8loe5ds25r4iHsrgQ,Undirected,1,1
UC5i2NHIT1NQ4Aqya12syNmA,UCQKBhMmTXoZW5NSUNKIR3bg,Undirected,3,3
UCBVxTuCSo3OTvHElb_AjXxA,UCCZ_iU8loe5ds25r4iHsrgQ,Undirected,1,1
UCBVxTuCSo3OTvHElb_AjXxA,UCQKBhMmTXoZW5NSUNKIR3bg,Undirected,1,1
UC5i2NHIT1NQ4Aqya12syNmA,UC7eV_DKDWeE6VgvI8KaFWHw,Undirected,1,1
UC7eV_DKDWeE6VgvI8KaFWHw,UCQKBhMmTXoZW5NSUNKIR3bg,Undirected,1,1
UC5c4K_XhBKBUeAlPKq5-iMw,UCQKBhMmTXoZW5NSUNKIR3bg,Undirected,1,1
UC5c4K_XhBKBUeAlPKq5-iMw,UCfvhiiGAUoDiKAIOFAxvNww,Undirected,1,1
UC5c4K_XhBKBUeAlPKq5-iMw,UCutZpUm5pGMD6ltY9IMoQxA,Undirected,1,1
UCQKBhMmTXoZW5NSUNKIR3bg,UCfvhiiGAUoDiKAIOFAxvNww,Undirected,1,1
UCQKBhMmTXoZW5NSUNKIR3bg,UCutZpUm5pGMD6ltY9IMoQxA,Undirected,2,2
UCfvhiiGAUoDiKAIOFAxvNww,UCutZpUm5pGMD6ltY9IMoQxA,Undirected,1,1
UC5i2NHIT1NQ4Aqya12syNmA,UCVz-NJ8lHEYmHgqPgTnBzOQ,Undirected,1,1
UC5i2NHIT1NQ4Aqya12syNmA,UCutZpUm5pGMD6ltY9IMoQxA,Undirected,1,1
UCQKBhMmTXoZW5NSUNKIR3bg,UCVz-NJ8lHEYmHgqPgTnBzOQ,Undirected,1,1
UCVz-NJ8lHEYmHgqPgTnBzOQ,UCutZpUm5pGMD6ltY9IMoQxA,Undirected,1,1
UCBTvRep6wXqyhgW0KO2qVQg,UCC6QkEx-RZwB-CFTfctFzcA,Undirected,1,1
UCBTvRep6wXqyhgW0KO2qVQg,UCQKBhMmTXoZW5NSUNKIR3bg,Undirected,1,1
UCBTvRep6wXqyhgW0KO2qVQg,UC_Ww4JXElWHNunQ0hoT4STQ,Undirected,1,1
UCBTvRep6wXqyhgW0KO2qVQg,UCaAqNrRBRO4Le2j9veyZiLw,Undirected,1,1
UCBTvRep6wXqyhgW0KO2qVQg,UCcEIg59v68mXkwmjrUovLWQ,Undirected,1,1
UCC6QkEx-RZwB-CFTfctFzcA,UCQKBhMmTXoZW5NSUNKIR3bg,Undirected,1,1
UCC6QkEx-RZwB-CFTfctFzcA,UC_Ww4JXElWHNunQ0hoT4STQ,Undirected,1,1
UCC6QkEx-RZwB-CFTfctFzcA,UCaAqNrRBRO4Le2j9veyZiLw,Undirected,1,1
UCC6QkEx-RZwB-CFTfctFzcA,UCcEIg59v68mXkwmjrUovLWQ,Undirected,1,1
UCQKBhMmTXoZW5NSUNKIR3bg,UC_Ww4JXElWHNunQ0hoT4STQ,Undirected,1,1
UC_Ww4JXElWHNunQ0hoT4STQ,UCaAqNrRBRO4Le2j9veyZiLw,Undirected,1,1
UC_Ww4JXElWHNunQ0hoT4STQ,UCcEIg59v68mXkwmjrUovLWQ,Undirected,1,1
UCaAqNrRBRO4Le2j9veyZiLw,UCcEIg59v68mXkwmjrUovLWQ,Undirected,2,2
UCT8iW11Pk6HLELCH_mcaQNA,UCWSZlJFcfm4TsQtjZBMbg4g,Undirected,2,2
UCT8iW11Pk6HLELCH_mcaQNA,UCjsUCGBofGpdxtwVURGzR2A,Undirected,1,1
UCWSZlJFcfm4TsQtjZBMbg4g,UCjsUCGBofGpdxtwVURGzR2A,Undirected,1,1
UCEhK6YuibQ4OL_vIg6DhFNg,UCjsUCGBofGpdxtwVURGzR2A,Undirected,2,2
UCEhK6YuibQ4OL_vIg6DhFNg,UCnAj1s3VZ3EbJRvMm5lRg_A,Undirected,1,1
UCEhK6YuibQ4OL_vIg6DhFNg,UCrqY8mTp7kk2Hyv21rLLtYg,Undirected,2,2
UCjsUCGBofGpdxtwVURGzR2A,UCnAj1s3VZ3EbJRvMm5lRg_A,Undirected,1,1
UCjsUCGBofGpdxtwVURGzR2A,UCrqY8mTp7kk2Hyv21rLLtYg,Undirected,4,4
UCnAj1s3VZ3EbJRvMm5lRg_A,UCrqY8mTp7kk2Hyv21rLLtYg,Undirected,1,1
UCUHebud9XYkKzwuKhp6hiRA,UCjsUCGBofGpdxtwVURGzR2A,Undirected,1,1
UCEhK6YuibQ4OL_vIg6DhFNg,UCZfl3VUKKGhO1pTyKD88q-A,Undirected,1,1
UCZfl3VUKKGhO1pTyKD88q-A,UCjsUCGBofGpdxtwVURGzR2A,Undirected,1,1
UCZfl3VUKKGhO1pTyKD88q-A,UCrqY8mTp7kk2Hyv21rLLtYg,Undirected,1,1
UCbEMJBSwIBx-k7Ayrr1tt9Q,UCjsUCGBofGpdxtwVURGzR2A,Undirected,1,1
UC_zHTrjvfa7xifSqneAL31Q,UCjsUCGBofGpdxtwVURGzR2A,Undirected,1,1
UC_zHTrjvfa7xifSqneAL31Q,UCrqY8mTp7kk2Hyv21rLLtYg,Undirected,1,1
UCGvtln8uec0veqSIeCYdWeQ,UCjsUCGBofGpdxtwVURGzR2A,Undirected,1,1
UCGvtln8uec0veqSIeCYdWeQ,UCrqY8mTp7kk2Hyv21rLLtYg,Undirected,1,1
UC6_L7fnczNalFZyBthUE9oA,UCAeWbcsNkTkVIjv9-8Bus-A,Undirected,1,1
UCUooRPXedqC-hilDQA5dnCQ,UCWSZlJFcfm4TsQtjZBMbg4g,Undirected,1,1
UCUooRPXedqC-hilDQA5dnCQ,UC_zHTrjvfa7xifSqneAL31Q,Undirected,1,1
UCWSZlJFcfm4TsQtjZBMbg4g,UC_zHTrjvfa7xifSqneAL31Q,Undirected,1,1
UC8dXwMlwVotPmzCgvN7EkyQ,UCGBI4plRDLTJPBu24nBJ6oA,Undirected,1,1
UCHyWlppyelhTaxf9BC8H8PA,UCRijo3ddMTht_IHyNSNXpNQ,Undirected,1,1
UCHyWlppyelhTaxf9BC8H8PA,UCKYb5XBe-5OSEgLijLSoDtw,Undirected,1,1
UC8LcA3grYZg0GNpxlXh8owg,UCHyWlppyelhTaxf9BC8H8PA,Undirected,1,1
UCHyWlppyelhTaxf9BC8H8PA,UCQ1NXps0onlktNoDqipVIWA,Undirected,1,1
UC5H_KXkPbEsGs0tFt8R35mA,UCHyWlppyelhTaxf9BC8H8PA,Undirected,1,1
UCHyWlppyelhTaxf9BC8H8PA,UCOaMOXfe8EWH1GJyhqhXrAA,Undirected,1,1
UCEWHPFNilsT0IfQfutVzsag,UCHyWlppyelhTaxf9BC8H8PA,Undirected,1,1
UCHyWlppyelhTaxf9BC8H8PA,UCyWqModMQlbIo8274Wh_ZsQ,Undirected,1,1
UCA2tt9GSU2sl8rAqjlLR3mQ,UCHyWlppyelhTaxf9BC8H8PA,Undirected,1,1
UC9Tu_16EZ5jN0dSom62C5XA,UCHyWlppyelhTaxf9BC8H8PA,Undirected,2,2
UCH24v1ept6lGkMaTkxvkUNw,UCTXjlJy0yfMgDdPEaV1NWpg,Undirected,1,1
UC2_u8z29dETjWYYc61Zba7g,UClwIEnjZz02c4CBe_1UNIDg,Undirected,1,1
UCB9WOAf7gaCLiFnB2R46TIw,UCo1D6QXPYxlreDFS8FtAc4Q,Undirected,1,1
UCIabPXjvT5BVTxRDPCBBOOQ,UCU_qXbSw1BIWiwWrNwek_Ew,Undirected,1,1
UCIabPXjvT5BVTxRDPCBBOOQ,UCn7E5qFz-BML6o7XnjtlytA,Undirected,3,3
UCU_qXbSw1BIWiwWrNwek_Ew,UCn7E5qFz-BML6o7XnjtlytA,Undirected,1,1
UCD7su0UF7u8qApkLJEO-Iqw,UCvBE52PK51yJTLMT4QzcTTQ,Undirected,1,1
UCGTiQy1L8rsutN-COhaQizg,UCvBE52PK51yJTLMT4QzcTTQ,Undirected,1,1
UC6Z3OKpeKAgCNyj75PHA3PA,UCvBE52PK51yJTLMT4QzcTTQ,Undirected,1,1
UC8Wptjp2-WD6ZFBX_39FVSQ,UCOzBszcE-YbtX7AcUB6Q3wg,Undirected,1,1
UC8Wptjp2-WD6ZFBX_39FVSQ,UCTxxF_8ioj3G_1toRL-v_hQ,Undirected,2,2
UCIabPXjvT5BVTxRDPCBBOOQ,UCLyVUwlB_Hahir_VsKkGPIA,Undirected,1,1
UCXXjwIWjg7ad6ecJ0tdq1Dg,UC_p_9arduPuxM8DHTGIuSOg,Undirected,1,1
UC0szxwii-u4CZkJIt2iu4_A,UCTod_-Lbwz4cy0hi0GIRHBA,Undirected,2,2
UC0szxwii-u4CZkJIt2iu4_A,UC_p_9arduPuxM8DHTGIuSOg,Undirected,2,2
UCTod_-Lbwz4cy0hi0GIRHBA,UC_p_9arduPuxM8DHTGIuSOg,Undirected,2,2
UC_p_9arduPuxM8DHTGIuSOg,UCalc80nzzbREWYmRkERy5JA,Undirected,1,1
UCEq2PYMnBNWNzrG69Lm9oXQ,UCuCs6DrARMBP0oJ_p4GzBjQ,Undirected,1,1
UCFiswEI_awoQBRQ1JK6v0cA,UCJWjiXxsH7Nb2354JHI4q0Q,Undirected,1,1
UCGwyQM5eQOTxoeHOZaMwzSg,UCJWjiXxsH7Nb2354JHI4q0Q,Undirected,1,1
UCGwyQM5eQOTxoeHOZaMwzSg,UCsqWal94GlykVNOfz7XZ3SQ,Undirected,1,1
UCJWjiXxsH7Nb2354JHI4q0Q,UCsqWal94GlykVNOfz7XZ3SQ,Undirected,1,1
UCWDVNw6mZgbi4aUnoesvXtw,UCkjiScisYL0Kws0Zsk2YTVQ,Undirected,1,1
UCafxR2HWJRmMfSdyZXvZMTw,UCeckCFiSw5JN5q5koJUVXPQ,Undirected,1,1
UCafxR2HWJRmMfSdyZXvZMTw,UCeovElJP0n0i8ADaPsRSd8g,Undirected,3,3
UCeckCFiSw5JN5q5koJUVXPQ,UCeovElJP0n0i8ADaPsRSd8g,Undirected,1,1
UC0-QuVLhCc4hmJaiLSCMwcw,UCafxR2HWJRmMfSdyZXvZMTw,Undirected,1,1
UC0-QuVLhCc4hmJaiLSCMwcw,UCfs2QrfWJ2x4ozPg7aF70XQ,Undirected,1,1
UCafxR2HWJRmMfSdyZXvZMTw,UCfs2QrfWJ2x4ozPg7aF70XQ,Undirected,1,1
UCIW-MBQUZ05Wz1DFIprlFcw,UCTMmBTMYOoa1_nr1JG13GzQ,Undirected,7,7
UCIW-MBQUZ05Wz1DFIprlFcw,UCfPgvpTVkGhY05Y3Gg6CbDw,Undirected,10,10
UCTMmBTMYOoa1_nr1JG13GzQ,UCfPgvpTVkGhY05Y3Gg6CbDw,Undirected,7,7
UCerc0TvJ33bhEjtKyauXWpQ,UChUyrHNkU49k9rnQfPqxnDg,Undirected,1,1
UCFoZROBgY5XDzY1JnBwruaA,UCJR9t8QCsyoMusay3Osix1A,Undirected,5,5
UCJR9t8QCsyoMusay3Osix1A,UCerc0TvJ33bhEjtKyauXWpQ,Undirected,6,6
UCFoZROBgY5XDzY1JnBwruaA,UCkOP0sU6tBfQ170Hogk8xxg,Undirected,1,1
UCJR9t8QCsyoMusay3Osix1A,UCkOP0sU6tBfQ170Hogk8xxg,Undirected,1,1
UCerc0TvJ33bhEjtKyauXWpQ,UCkOP0sU6tBfQ170Hogk8xxg,Undirected,2,2
UCJR9t8QCsyoMusay3Osix1A,UCiOMGzGS-mK1vyPQ4h_kt5g,Undirected,1,1
UCJR9t8QCsyoMusay3Osix1A,UCqwWrNcvoloB0_ZNBI4irng,Undirected,1,1
UC9v0__KCSdofI-exPshnLuw,UCfwBt8Kr8EeEV_Jft9L4TYA,Undirected,6,6
UC9v0__KCSdofI-exPshnLuw,UComJjpEGvbavdpH7zpNZRxg,Undirected,5,5
UCfwBt8Kr8EeEV_Jft9L4TYA,UComJjpEGvbavdpH7zpNZRxg,Undirected,5,5
UC9v0__KCSdofI-exPshnLuw,UCweSVT6HVb3SxJBFfkw3D7w,Undirected,1,1
UCfwBt8Kr8EeEV_Jft9L4TYA,UCweSVT6HVb3SxJBFfkw3D7w,Undirected,1,1
UComJjpEGvbavdpH7zpNZRxg,UCweSVT6HVb3SxJBFfkw3D7w,Undirected,1,1
UC45FGxp-I8D98Zemy81WBqQ,UC9v0__KCSdofI-exPshnLuw,Undirected,1,1
UC45FGxp-I8D98Zemy81WBqQ,UCfwBt8Kr8EeEV_Jft9L4TYA,Undirected,1,1
UC45FGxp-I8D98Zemy81WBqQ,UComJjpEGvbavdpH7zpNZRxg,Undirected,1,1
UC24vciyRYZfaYnFOhKrSKyQ,UC6HHrxInpfWdXlsv2Rkb2qw,Undirected,1,1
UC24vciyRYZfaYnFOhKrSKyQ,UCbEsOqFZBTJ8q_FTS5lM8Qw,Undirected,1,1
UC24vciyRYZfaYnFOhKrSKyQ,UCfAPTv1LgeEWevG8X_6PUOQ,Undirected,1,1
UC24vciyRYZfaYnFOhKrSKyQ,UComJjpEGvbavdpH7zpNZRxg,Undirected,1,1
UC6HHrxInpfWdXlsv2Rkb2qw,UCbEsOqFZBTJ8q_FTS5lM8Qw,Undirected,1,1
UC6HHrxInpfWdXlsv2Rkb2qw,UCfAPTv1LgeEWevG8X_6PUOQ,Undirected,1,1
UC6HHrxInpfWdXlsv2Rkb2qw,UComJjpEGvbavdpH7zpNZRxg,Undirected,1,1
UCbEsOqFZBTJ8q_FTS5lM8Qw,UCfAPTv1LgeEWevG8X_6PUOQ,Undirected,1,1
UCbEsOqFZBTJ8q_FTS5lM8Qw,UComJjpEGvbavdpH7zpNZRxg,Undirected,1,1
UCfAPTv1LgeEWevG8X_6PUOQ,UComJjpEGvbavdpH7zpNZRxg,Undirected,1,1
UCCCMGWpbgh42gtCYr06ovIw,UComJjpEGvbavdpH7zpNZRxg,Undirected,2,2
UC-lmdv0OTb4uQQSzwbzhLsg,UCugriktWCA3YRLx7RHvQCFg,Undirected,1,1
UCbEsOqFZBTJ8q_FTS5lM8Qw,UCw0FZbUEuTz5biFJ7XzoYSQ,Undirected,2,2
UC61K1rlTcu3whbzjlHIa2dA,UCIQkzSpi4KHp3dRV210X8uA,Undirected,1,1
UC61K1rlTcu3whbzjlHIa2dA,UCYhq_V9OLCI7aastE0G8zBA,Undirected,1,1
UCN7PqlXD9c5owpmZtrspVsw,UCt_y4m1SeaOgJ-vpsQKlG3A,Undirected,2,2
UCDTdcAqZRWubUiDFUzmdNeA,UCY8BofpKHYCna9QZ8L4h5Fw,Undirected,9,9
UCDTdcAqZRWubUiDFUzmdNeA,UC_ZHdtpRZiYr6PbLUW3j-9w,Undirected,11,11
UCDTdcAqZRWubUiDFUzmdNeA,UCaEfwwGDuM44x7YhMmpfyAg,Undirected,11,11
UCDTdcAqZRWubUiDFUzmdNeA,UCaLdszFqat3-w1iPs2t2BNQ,Undirected,11,11
UCDTdcAqZRWubUiDFUzmdNeA,UCaUyiKbp35G7QcAH4GeVauA,Undirected,11,11
UCY8BofpKHYCna9QZ8L4h5Fw,UC_ZHdtpRZiYr6PbLUW3j-9w,Undirected,10,10
UC_ZHdtpRZiYr6PbLUW3j-9w,UCaEfwwGDuM44x7YhMmpfyAg,Undirected,19,19
UC_ZHdtpRZiYr6PbLUW3j-9w,UCaLdszFqat3-w1iPs2t2BNQ,Undirected,19,19
UC_ZHdtpRZiYr6PbLUW3j-9w,UCaUyiKbp35G7QcAH4GeVauA,Undirected,12,12
UCaEfwwGDuM44x7YhMmpfyAg,UCaLdszFqat3-w1iPs2t2BNQ,Undirected,19,19
UCaEfwwGDuM44x7YhMmpfyAg,UCaUyiKbp35G7QcAH4GeVauA,Undirected,12,12
UCaLdszFqat3-w1iPs2t2BNQ,UCaUyiKbp35G7QcAH4GeVauA,Undirected,12,12
UC1CTpswOmqaxN5NXKVD1dUg,UC1Tlje8tyV0fejlnbNdrvsA,Undirected,16,16
UC1CTpswOmqaxN5NXKVD1dUg,UCRaRL1yyZQF7rKYJDIJvxRA,Undirected,5,5
UC1CTpswOmqaxN5NXKVD1dUg,UCSI-MJZCm1cW9sAX40qru6A,Undirected,3,3
UC1Tlje8tyV0fejlnbNdrvsA,UCSI-MJZCm1cW9sAX40qru6A,Undirected,9,9
UCRaRL1yyZQF7rKYJDIJvxRA,UCSI-MJZCm1cW9sAX40qru6A,Undirected,3,3
UC3YUjC9f7GMRWzOKYgibk3A,UCAY8JQWE18AxhvSMTTs9bIQ,Undirected,1,1
UCAY8JQWE18AxhvSMTTs9bIQ,UCVXRSAEw9hgqw1Ew6iv4acQ,Undirected,1,1
UCAY8JQWE18AxhvSMTTs9bIQ,UCPQ8YQtPYOQq8UzitdSmRcw,Undirected,1,1
UCCWF6OqaHQDioXmjgGtXtHg,UCMFzkc3RujclrXuvm59afPA,Undirected,1,1
UCCWF6OqaHQDioXmjgGtXtHg,UCei5QXhI1ZMprw88O9Fmd_Q,Undirected,1,1
UCCWF6OqaHQDioXmjgGtXtHg,UCtQ74RU_J-VhQZX255-WLYw,Undirected,1,1
UCMFzkc3RujclrXuvm59afPA,UCei5QXhI1ZMprw88O9Fmd_Q,Undirected,1,1
UCMFzkc3RujclrXuvm59afPA,UCtQ74RU_J-VhQZX255-WLYw,Undirected,2,2
UCei5QXhI1ZMprw88O9Fmd_Q,UCtQ74RU_J-VhQZX255-WLYw,Undirected,1,1
UCA58ULi3cMi5K3mcliFWysA,UCMFzkc3RujclrXuvm59afPA,Undirected,5,5
UCA58ULi3cMi5K3mcliFWysA,UCTBpvLs79mE03BeD6PVsWHg,Undirected,1,1
UCA58ULi3cMi5K3mcliFWysA,UCtQ74RU_J-VhQZX255-WLYw,Undirected,1,1
UCMFzkc3RujclrXuvm59afPA,UCTBpvLs79mE03BeD6PVsWHg,Undirected,1,1
UCTBpvLs79mE03BeD6PVsWHg,UCtQ74RU_J-VhQZX255-WLYw,Undirected,1,1
UC5S-LQHxIU9ha-tAjGuGeAQ,UCiFqXmTwHyqd6Of_H0YOh1w,Undirected,4,4
UC5S-LQHxIU9ha-tAjGuGeAQ,UCtQ74RU_J-VhQZX255-WLYw,Undirected,1,1
UC5S-LQHxIU9ha-tAjGuGeAQ,UCxghAnYqBmcDCMILs3LqVmg,Undirected,4,4
UCiFqXmTwHyqd6Of_H0YOh1w,UCtQ74RU_J-VhQZX255-WLYw,Undirected,1,1
UCiFqXmTwHyqd6Of_H0YOh1w,UCxghAnYqBmcDCMILs3LqVmg,Undirected,4,4
UCtQ74RU_J-VhQZX255-WLYw,UCxghAnYqBmcDCMILs3LqVmg,Undirected,1,1
UC9V3Y3_uzU5e-usObb6IE1w,UCMb3GM82bJL7JW1t9e6UEvQ,Undirected,1,1
UC1p2e-h0zIrvKvm_IPOv9Kg,UCNwP0ghb6J-xRSTqM3sXVXA,Undirected,3,3
UC9VrCA3SVAQxV1LJuXO_aVQ,UCNhplGFoeT_ylmw0MNP_LqA,Undirected,1,1
UC9VrCA3SVAQxV1LJuXO_aVQ,UCyjlxPcoYAbpwlr5wjUA_5g,Undirected,1,1
UCNhplGFoeT_ylmw0MNP_LqA,UCyjlxPcoYAbpwlr5wjUA_5g,Undirected,1,1
UCBmY_77ZQUUGH34TXT36HNw,UCZwXiIKBc9ok5QsOqXk5kiw,Undirected,1,1
UCY2HO97JW-iWSrIUOUh5cIA,UCZwXiIKBc9ok5QsOqXk5kiw,Undirected,3,3
UCAaGaynFpku5cAx6OOSrW-w,UCCv2mDzPFrmsIQrWTC17j9w,Undirected,10,10
UCAaGaynFpku5cAx6OOSrW-w,UCJB1hgmiAD4ysg0Ao7uS8Rw,Undirected,10,10
UCAaGaynFpku5cAx6OOSrW-w,UCYRSuz5cmJeSNnGB7jedITg,Undirected,19,19
UCAaGaynFpku5cAx6OOSrW-w,UCpB2SrsRs7rGp3wzdRX1l2Q,Undirected,19,19
UCCv2mDzPFrmsIQrWTC17j9w,UCJB1hgmiAD4ysg0Ao7uS8Rw,Undirected,11,11
UCCv2mDzPFrmsIQrWTC17j9w,UCYRSuz5cmJeSNnGB7jedITg,Undirected,10,10
UCCv2mDzPFrmsIQrWTC17j9w,UCpB2SrsRs7rGp3wzdRX1l2Q,Undirected,10,10
UCJB1hgmiAD4ysg0Ao7uS8Rw,UCpB2SrsRs7rGp3wzdRX1l2Q,Undirected,10,10
UCYRSuz5cmJeSNnGB7jedITg,UCpB2SrsRs7rGp3wzdRX1l2Q,Undirected,19,19
UCAaGaynFpku5cAx6OOSrW-w,UCkPhQEwdob-Dc539qnJASvg,Undirected,2,2
UCCv2mDzPFrmsIQrWTC17j9w,UCkPhQEwdob-Dc539qnJASvg,Undirected,1,1
UCkPhQEwdob-Dc539qnJASvg,UCpB2SrsRs7rGp3wzdRX1l2Q,Undirected,2,2
UC3ql_EU4JnaE3Rh3cqbHu6g,UCAaGaynFpku5cAx6OOSrW-w,Undirected,10,10
UC3ql_EU4JnaE3Rh3cqbHu6g,UCCv2mDzPFrmsIQrWTC17j9w,Undirected,1,1
UC3ql_EU4JnaE3Rh3cqbHu6g,UCJB1hgmiAD4ysg0Ao7uS8Rw,Undirected,9,9
UC3ql_EU4JnaE3Rh3cqbHu6g,UCYRSuz5cmJeSNnGB7jedITg,Undirected,18,18
UC3ql_EU4JnaE3Rh3cqbHu6g,UCpB2SrsRs7rGp3wzdRX1l2Q,Undirected,10,10
UCTi_rzf5QIkXjhJjkbcAdTg,UCb5JxV6vKlYVknoJB8TnyYg,Undirected,1,1
UCb5JxV6vKlYVknoJB8TnyYg,UCt5-0i4AVHXaWJrL8Wql3mw,Undirected,2,2
UCL34fAoFim9oHLbVzMKFavQ,UCTi_rzf5QIkXjhJjkbcAdTg,Undirected,1,1
UCL34fAoFim9oHLbVzMKFavQ,UCt5-0i4AVHXaWJrL8Wql3mw,Undirected,1,1
UCTi_rzf5QIkXjhJjkbcAdTg,UCspv01oxUFf_MTSipURRhkA,Undirected,1,1
UCspv01oxUFf_MTSipURRhkA,UCt5-0i4AVHXaWJrL8Wql3mw,Undirected,1,1
UC4l9gz3q65lTBFfFtW5LLeA,UChK8kgGU767nKTxp4f4GD6g,Undirected,1,1
UC4l9gz3q65lTBFfFtW5LLeA,UCgmFrRcyH7d1zR9sIVQhFow,Undirected,1,1
UC5jnkxwILkgNePRe1FacHzw,UCE6y9y5aDYL6ZMziu3CnSBw,Undirected,1,1
UC5jnkxwILkgNePRe1FacHzw,UCl2aT0nRejTCQO_LHZAftBw,Undirected,1,1
UCE6y9y5aDYL6ZMziu3CnSBw,UCl2aT0nRejTCQO_LHZAftBw,Undirected,3,3
UCCPkJMeZHhxKck-EptqQbBA,UCE6y9y5aDYL6ZMziu3CnSBw,Undirected,3,3
UCE6y9y5aDYL6ZMziu3CnSBw,UCo7M2--Qb0DTFezpyKeCLOw,Undirected,2,2
UCE6y9y5aDYL6ZMziu3CnSBw,UClQG3SoBUoX1J6e5WR7Xj-g,Undirected,2,2
UCE6y9y5aDYL6ZMziu3CnSBw,UCN-bFIdJM0gQlgX7h6LKcZA,Undirected,2,2
UCE6y9y5aDYL6ZMziu3CnSBw,UCrWC59UUMETuCp9IYUdjVbg,Undirected,2,2
UCN-bFIdJM0gQlgX7h6LKcZA,UCl2aT0nRejTCQO_LHZAftBw,Undirected,1,1
UCN-bFIdJM0gQlgX7h6LKcZA,UCrWC59UUMETuCp9IYUdjVbg,Undirected,2,2
UCl2aT0nRejTCQO_LHZAftBw,UCrWC59UUMETuCp9IYUdjVbg,Undirected,1,1
UCE6y9y5aDYL6ZMziu3CnSBw,UCjQbxfB4R0mEVvd86LNETdQ,Undirected,1,1
UCjQbxfB4R0mEVvd86LNETdQ,UCl2aT0nRejTCQO_LHZAftBw,Undirected,1,1
UCPMp2UuxV8Tz8GzcABKPsCA,UCSAFgtALLOrJ7P5yJh7YbPw,Undirected,10,10
UCBuLdF0tQn5oZjpvYWSQkaA,UCEqBb37k-pKRQPG-_MvtAeA,Undirected,1,1
UCBuLdF0tQn5oZjpvYWSQkaA,UCNTf7ZKptL1prA2AfUMuFIw,Undirected,1,1
UCEqBb37k-pKRQPG-_MvtAeA,UCNTf7ZKptL1prA2AfUMuFIw,Undirected,1,1
UCEqBb37k-pKRQPG-_MvtAeA,UCbEqb8JTlcYh0yOX6veIyPg,Undirected,1,1
UCNTf7ZKptL1prA2AfUMuFIw,UCbEqb8JTlcYh0yOX6veIyPg,Undirected,1,1
UCRBKNfQGGTREOpQG34NB_eQ,UCqEmTmyRamfTHxCVYR_gluA,Undirected,1,1
UCRBKNfQGGTREOpQG34NB_eQ,UCt09C9DPSuOGpHoitbcyCIQ,Undirected,1,1
UCqEmTmyRamfTHxCVYR_gluA,UCt09C9DPSuOGpHoitbcyCIQ,Undirected,1,1
UCf_C-0WsqsIyueQDovsSS0w,UCqEmTmyRamfTHxCVYR_gluA,Undirected,1,1
UCaIknTQMyeA4rNtUPTZPZAA,UCqEmTmyRamfTHxCVYR_gluA,Undirected,1,1
UCf_C-0WsqsIyueQDovsSS0w,UCkevX8TzdLiIS12WPwKTS7A,Undirected,10,10
UC6441KFh3-Bp09EVE3F21rg,UCkevX8TzdLiIS12WPwKTS7A,Undirected,1,1
UCf_C-0WsqsIyueQDovsSS0w,UCrALFGPubY9rNwVOOJUYu4g,Undirected,1,1
UCkevX8TzdLiIS12WPwKTS7A,UCrALFGPubY9rNwVOOJUYu4g,Undirected,1,1
UC2nNjwGJYczaeSfyO1MA01w,UC8mw-7p1VCpW1PvE3WZvmLQ,Undirected,2,2
UC8mw-7p1VCpW1PvE3WZvmLQ,UCA-Eor5NomlN_BwwoXtofIg,Undirected,1,1
UC2aadeZ6f8hpymlYiLuY99A,UC8mw-7p1VCpW1PvE3WZvmLQ,Undirected,1,1
UC2aadeZ6f8hpymlYiLuY99A,UCiTjDptKRqDXM-iod7xM1vA,Undirected,2,2
UC2aadeZ6f8hpymlYiLuY99A,UCzUae-ACn_k5xAWprIb6U1w,Undirected,2,2
UC8mw-7p1VCpW1PvE3WZvmLQ,UCiTjDptKRqDXM-iod7xM1vA,Undirected,11,11
UC8mw-7p1VCpW1PvE3WZvmLQ,UCzUae-ACn_k5xAWprIb6U1w,Undirected,11,11
UCiTjDptKRqDXM-iod7xM1vA,UCzUae-ACn_k5xAWprIb6U1w,Undirected,11,11
UC8mw-7p1VCpW1PvE3WZvmLQ,UCVFaA17XwUjvE-pyERKmhIQ,Undirected,7,7
UC-SUuB6sRvLajVPpYGEb9SQ,UC8mw-7p1VCpW1PvE3WZvmLQ,Undirected,1,1
UC8mw-7p1VCpW1PvE3WZvmLQ,UCNXJbjuxghHLKFtg-8nc8EQ,Undirected,1,1
UC8mvsWqEWLRwKYepgqceDAg,UCRo9X4fi28EBGc4ABdSW_kg,Undirected,1,1
UC8mvsWqEWLRwKYepgqceDAg,UCs81POPvKXMnHxaoUKGbzww,Undirected,1,1
UCRo9X4fi28EBGc4ABdSW_kg,UCs81POPvKXMnHxaoUKGbzww,Undirected,1,1
UC-eqIaDajkyGO02KgZZwWTw,UCQMZpnnl9SCmplHGGVau-0w,Undirected,1,1
UC-eqIaDajkyGO02KgZZwWTw,UCRo9X4fi28EBGc4ABdSW_kg,Undirected,1,1
UCQMZpnnl9SCmplHGGVau-0w,UCRo9X4fi28EBGc4ABdSW_kg,Undirected,1,1
UCKZRL75vTjqbgd0WVdqF3Qg,UCY_10f4ef0e1T2skAbHBQTg,Undirected,8,8
UC5dhDlvz7Cu_livPLOjmZQg,UCA6XK10V6LK4V-KOP2ubmlg,Undirected,1,1
UC5dhDlvz7Cu_livPLOjmZQg,UCNTf7ZKptL1prA2AfUMuFIw,Undirected,2,2
UC5dhDlvz7Cu_livPLOjmZQg,UCUw-A6ukSFra1ksrxO5sBag,Undirected,1,1
UC5dhDlvz7Cu_livPLOjmZQg,UCWLaEpflX3UZW2kYJCr98qQ,Undirected,2,2
UC5dhDlvz7Cu_livPLOjmZQg,UCaIknTQMyeA4rNtUPTZPZAA,Undirected,11,11
UCA6XK10V6LK4V-KOP2ubmlg,UCNTf7ZKptL1prA2AfUMuFIw,Undirected,11,11
UCA6XK10V6LK4V-KOP2ubmlg,UCUw-A6ukSFra1ksrxO5sBag,Undirected,1,1
UCA6XK10V6LK4V-KOP2ubmlg,UCWLaEpflX3UZW2kYJCr98qQ,Undirected,11,11
UCA6XK10V6LK4V-KOP2ubmlg,UCaIknTQMyeA4rNtUPTZPZAA,Undirected,11,11
UCNTf7ZKptL1prA2AfUMuFIw,UCUw-A6ukSFra1ksrxO5sBag,Undirected,1,1
UCNTf7ZKptL1prA2AfUMuFIw,UCWLaEpflX3UZW2kYJCr98qQ,Undirected,12,12
UCNTf7ZKptL1prA2AfUMuFIw,UCaIknTQMyeA4rNtUPTZPZAA,Undirected,12,12
UCUw-A6ukSFra1ksrxO5sBag,UCWLaEpflX3UZW2kYJCr98qQ,Undirected,1,1
UCUw-A6ukSFra1ksrxO5sBag,UCaIknTQMyeA4rNtUPTZPZAA,Undirected,1,1
UCWLaEpflX3UZW2kYJCr98qQ,UCaIknTQMyeA4rNtUPTZPZAA,Undirected,12,12
UCFgDfnoYhWM48p072kjJ8zQ,UCRDBQBV4msi1L7Zu7p-eLpQ,Undirected,1,1
UC1uHbAbleaXjfegbmFV9TVQ,UCvral4FSI9dOOUV-yRloawA,Undirected,10,10
UCDvZpvrjCMfNDMasZEmkFuQ,UCELkU9QDaeb46TX-5m40BqQ,Undirected,4,4
UCDvZpvrjCMfNDMasZEmkFuQ,UCIIm28HWOIqCeqhCGJ1zMKw,Undirected,3,3
UCDvZpvrjCMfNDMasZEmkFuQ,UCsQc6fSakJ2ptE8ba9MX-MQ,Undirected,5,5
UCELkU9QDaeb46TX-5m40BqQ,UCIIm28HWOIqCeqhCGJ1zMKw,Undirected,2,2
UCELkU9QDaeb46TX-5m40BqQ,UCsQc6fSakJ2ptE8ba9MX-MQ,Undirected,9,9
UCIIm28HWOIqCeqhCGJ1zMKw,UCsQc6fSakJ2ptE8ba9MX-MQ,Undirected,3,3
UCimdxu6aHTiB8O_rY1QEiBQ,UCliZ4UHWUq2Y3rWdjqekxsQ,Undirected,5,5
UC37so-pB6Lhmertb39NulOQ,UCimdxu6aHTiB8O_rY1QEiBQ,Undirected,1,1
UC37so-pB6Lhmertb39NulOQ,UCliZ4UHWUq2Y3rWdjqekxsQ,Undirected,1,1
UCB7Fd1xNEnSw4zYvCz1CE2g,UCIYs6nBtvkXWjTNZWNRtD-g,Undirected,11,11
UCB7Fd1xNEnSw4zYvCz1CE2g,UCM8ItM1fZ7VuhL7m2ypwrTw,Undirected,8,8
UCB7Fd1xNEnSw4zYvCz1CE2g,UCeJp8OAlTw1DUYDT3vxQSrA,Undirected,17,17
UCIYs6nBtvkXWjTNZWNRtD-g,UCM8ItM1fZ7VuhL7m2ypwrTw,Undirected,8,8
UCIYs6nBtvkXWjTNZWNRtD-g,UCeJp8OAlTw1DUYDT3vxQSrA,Undirected,11,11
UCM8ItM1fZ7VuhL7m2ypwrTw,UCeJp8OAlTw1DUYDT3vxQSrA,Undirected,8,8
UCB7Fd1xNEnSw4zYvCz1CE2g,UCL9KXuGkAt5qCfUlMrJayMQ,Undirected,1,1
UCIYs6nBtvkXWjTNZWNRtD-g,UCL9KXuGkAt5qCfUlMrJayMQ,Undirected,1,1
UCL9KXuGkAt5qCfUlMrJayMQ,UCM8ItM1fZ7VuhL7m2ypwrTw,Undirected,1,1
UCL9KXuGkAt5qCfUlMrJayMQ,UCeJp8OAlTw1DUYDT3vxQSrA,Undirected,1,1
UCAW6oRUDItNDGBnbW6d0y8g,UCB7Fd1xNEnSw4zYvCz1CE2g,Undirected,1,1
UCAW6oRUDItNDGBnbW6d0y8g,UCIYs6nBtvkXWjTNZWNRtD-g,Undirected,1,1
UCAW6oRUDItNDGBnbW6d0y8g,UCM8ItM1fZ7VuhL7m2ypwrTw,Undirected,1,1
UCAW6oRUDItNDGBnbW6d0y8g,UCeJp8OAlTw1DUYDT3vxQSrA,Undirected,1,1
UC642pLj4GXSj-0Ybdx3ytmA,UC9R1Lkqwhzjf7-uu2iXusqA,Undirected,46,46
UC642pLj4GXSj-0Ybdx3ytmA,UCaweVLFU1fA7C3HQwmQNLDA,Undirected,46,46
UC642pLj4GXSj-0Ybdx3ytmA,UCdEpbrlHoqnUGMRy2LICtRw,Undirected,46,46
UC642pLj4GXSj-0Ybdx3ytmA,UCwoMkWY2z_-i2egjuzTXYrQ,Undirected,46,46
UC9R1Lkqwhzjf7-uu2iXusqA,UCaweVLFU1fA7C3HQwmQNLDA,Undirected,46,46
UC9R1Lkqwhzjf7-uu2iXusqA,UCdEpbrlHoqnUGMRy2LICtRw,Undirected,46,46
UC9R1Lkqwhzjf7-uu2iXusqA,UCwoMkWY2z_-i2egjuzTXYrQ,Undirected,46,46
UCaweVLFU1fA7C3HQwmQNLDA,UCdEpbrlHoqnUGMRy2LICtRw,Undirected,46,46
UCaweVLFU1fA7C3HQwmQNLDA,UCwoMkWY2z_-i2egjuzTXYrQ,Undirected,46,46
UCdEpbrlHoqnUGMRy2LICtRw,UCwoMkWY2z_-i2egjuzTXYrQ,Undirected,46,46
UC642pLj4GXSj-0Ybdx3ytmA,UCJBcP0_cg3PB9KObAVBhA5A,Undirected,3,3
UC9R1Lkqwhzjf7-uu2iXusqA,UCJBcP0_cg3PB9KObAVBhA5A,Undirected,3,3
UCJBcP0_cg3PB9KObAVBhA5A,UCaweVLFU1fA7C3HQwmQNLDA,Undirected,3,3
UCJBcP0_cg3PB9KObAVBhA5A,UCdEpbrlHoqnUGMRy2LICtRw,Undirected,3,3
UCJBcP0_cg3PB9KObAVBhA5A,UCwoMkWY2z_-i2egjuzTXYrQ,Undirected,3,3
UC642pLj4GXSj-0Ybdx3ytmA,UCblYfXF_9LSpYgf2eZmmGKQ,Undirected,1,1
UC9R1Lkqwhzjf7-uu2iXusqA,UCblYfXF_9LSpYgf2eZmmGKQ,Undirected,1,1
UCaweVLFU1fA7C3HQwmQNLDA,UCblYfXF_9LSpYgf2eZmmGKQ,Undirected,1,1
UCblYfXF_9LSpYgf2eZmmGKQ,UCdEpbrlHoqnUGMRy2LICtRw,Undirected,1,1
UCblYfXF_9LSpYgf2eZmmGKQ,UCwoMkWY2z_-i2egjuzTXYrQ,Undirected,1,1
UC3G2QylAJ8NN3_ZzrPV6vzg,UCJFZiqLMntJufDCHc6bQixg,Undirected,6,6
UC3G2QylAJ8NN3_ZzrPV6vzg,UCp6993wxpyDPHUpavwDFqgg,Undirected,15,15
UCJFZiqLMntJufDCHc6bQixg,UCp6993wxpyDPHUpavwDFqgg,Undirected,6,6
UC1iA6_NT4mtAcIII6ygrvCw,UC6eWCld0KwmyHFbAqK3V-Rw,Undirected,1,1
UC1iA6_NT4mtAcIII6ygrvCw,UC9DsUroR0zageG7qFxHT68Q,Undirected,1,1
UC1iA6_NT4mtAcIII6ygrvCw,UCMGfV7TVTmHhEErVJg1oHBQ,Undirected,2,2
UC1iA6_NT4mtAcIII6ygrvCw,UCgmPnx-EEeOrZSg5Tiw7ZRQ,Undirected,1,1
UC1iA6_NT4mtAcIII6ygrvCw,UCp6993wxpyDPHUpavwDFqgg,Undirected,1,1
UC6eWCld0KwmyHFbAqK3V-Rw,UC9DsUroR0zageG7qFxHT68Q,Undirected,1,1
UC6eWCld0KwmyHFbAqK3V-Rw,UCMGfV7TVTmHhEErVJg1oHBQ,Undirected,1,1
UC6eWCld0KwmyHFbAqK3V-Rw,UCgmPnx-EEeOrZSg5Tiw7ZRQ,Undirected,1,1
UC6eWCld0KwmyHFbAqK3V-Rw,UCp6993wxpyDPHUpavwDFqgg,Undirected,1,1
UC9DsUroR0zageG7qFxHT68Q,UCMGfV7TVTmHhEErVJg1oHBQ,Undirected,1,1
UC9DsUroR0zageG7qFxHT68Q,UCgmPnx-EEeOrZSg5Tiw7ZRQ,Undirected,1,1
UC9DsUroR0zageG7qFxHT68Q,UCp6993wxpyDPHUpavwDFqgg,Undirected,1,1
UCMGfV7TVTmHhEErVJg1oHBQ,UCgmPnx-EEeOrZSg5Tiw7ZRQ,Undirected,1,1
UCMGfV7TVTmHhEErVJg1oHBQ,UCp6993wxpyDPHUpavwDFqgg,Undirected,1,1
UCgmPnx-EEeOrZSg5Tiw7ZRQ,UCp6993wxpyDPHUpavwDFqgg,Undirected,1,1
UC3Ruo_5doyu514PesWGvCAg,UCp6993wxpyDPHUpavwDFqgg,Undirected,1,1
UCT1AQFit-Eaj_YQMsfV0RhQ,UCp6993wxpyDPHUpavwDFqgg,Undirected,1,1
UCs9_O1tRPMQTHQ-N_L6FU2g,UCt5-0i4AVHXaWJrL8Wql3mw,Undirected,1,1
UCKu59gTZ_rdEmerdx5rV4Yg,UCs9_O1tRPMQTHQ-N_L6FU2g,Undirected,1,1
UC1tk9F5-MGXEq4LWnjmrtpA,UCs9_O1tRPMQTHQ-N_L6FU2g,Undirected,3,3
UCJFZiqLMntJufDCHc6bQixg,UCs9_O1tRPMQTHQ-N_L6FU2g,Undirected,3,3
UCZ3ryrdsdqezi2q-AfRw6Rw,UCs9_O1tRPMQTHQ-N_L6FU2g,Undirected,3,3
UC31Q_uUwjOQhZMcovbK6igQ,UCmpsvoDaDcn9EuwngrYKRkw,Undirected,1,1
UC31Q_uUwjOQhZMcovbK6igQ,UCVggjBr4w5tZ95FCYhc4SAw,Undirected,1,1
UCEoAD_2jSLoYQd2MJZxWuxQ,UCYlUpdkyLYrC4puebEeP_YA,Undirected,1,1
UC40s5z5yrd02Ngy8nQZXE5w,UCEoAD_2jSLoYQd2MJZxWuxQ,Undirected,1,1
UCWQtYtq9EOB4-I5P-3fh8lA,UCZ3ryrdsdqezi2q-AfRw6Rw,Undirected,1,1
UCt30jJgChL8qeT9VPadidSw,UCtyWhCj3AqKh2dXctLkDtng,Undirected,1,1
UC0TXe_LYZ4scaW2XMyi5_kw,UC6eWCld0KwmyHFbAqK3V-Rw,Undirected,1,1
UC0TXe_LYZ4scaW2XMyi5_kw,UCZYyhgoV314CM14zBD6vd4A,Undirected,1,1
UC0TXe_LYZ4scaW2XMyi5_kw,UCtyWhCj3AqKh2dXctLkDtng,Undirected,1,1
UC6eWCld0KwmyHFbAqK3V-Rw,UCZYyhgoV314CM14zBD6vd4A,Undirected,1,1
UC6eWCld0KwmyHFbAqK3V-Rw,UCZlDXzGoo7d44bwdNObFacg,Undirected,1,1
UC6eWCld0KwmyHFbAqK3V-Rw,UCtyWhCj3AqKh2dXctLkDtng,Undirected,1,1
UCZYyhgoV314CM14zBD6vd4A,UCZlDXzGoo7d44bwdNObFacg,Undirected,1,1
UCZYyhgoV314CM14zBD6vd4A,UCtyWhCj3AqKh2dXctLkDtng,Undirected,1,1
UCZlDXzGoo7d44bwdNObFacg,UCtyWhCj3AqKh2dXctLkDtng,Undirected,1,1
UC6eWCld0KwmyHFbAqK3V-Rw,UCIBY1ollUsauvVi4hW4cumw,Undirected,2,2
UC6eWCld0KwmyHFbAqK3V-Rw,UC_vMYWcDjmfdpH6r4TTn1MQ,Undirected,1,1
UC6eWCld0KwmyHFbAqK3V-Rw,UCs9_O1tRPMQTHQ-N_L6FU2g,Undirected,1,1
UCENwRMx5Yh42zWpzURebzTw,UC_vMYWcDjmfdpH6r4TTn1MQ,Undirected,2,2
UCIBY1ollUsauvVi4hW4cumw,UC_vMYWcDjmfdpH6r4TTn1MQ,Undirected,1,1
UCIBY1ollUsauvVi4hW4cumw,UCs9_O1tRPMQTHQ-N_L6FU2g,Undirected,1,1
UC_vMYWcDjmfdpH6r4TTn1MQ,UCs9_O1tRPMQTHQ-N_L6FU2g,Undirected,1,1
UC8rcEBzJSleTkf_-agPM20g,UCDHABijvPBnJm7F-KlNME3w,Undirected,1,1
UC8rcEBzJSleTkf_-agPM20g,UCL_qhgtOy0dy1Agp8vkySQg,Undirected,1,1
UC8rcEBzJSleTkf_-agPM20g,UCvDIxerLblmV6RgVnW_z7Yw,Undirected,1,1
UCDHABijvPBnJm7F-KlNME3w,UCL_qhgtOy0dy1Agp8vkySQg,Undirected,1,1
UCDHABijvPBnJm7F-KlNME3w,UCvDIxerLblmV6RgVnW_z7Yw,Undirected,2,2
UCL_qhgtOy0dy1Agp8vkySQg,UCvDIxerLblmV6RgVnW_z7Yw,Undirected,1,1
UC9p_lqQ0FEDz327Vgf5JwqA,UCDHABijvPBnJm7F-KlNME3w,Undirected,1,1
UC9p_lqQ0FEDz327Vgf5JwqA,UCvDIxerLblmV6RgVnW_z7Yw,Undirected,2,2
UC1uv2Oq6kNxgATlCiez59hw,UCENwRMx5Yh42zWpzURebzTw,Undirected,1,1
UC1uv2Oq6kNxgATlCiez59hw,UCvDIxerLblmV6RgVnW_z7Yw,Undirected,1,1
UCENwRMx5Yh42zWpzURebzTw,UCvDIxerLblmV6RgVnW_z7Yw,Undirected,1,1
UCmbs8T6MWqUHP1tIQvSgKrg,UCvDIxerLblmV6RgVnW_z7Yw,Undirected,2,2
UC3n5uGu18FoCy23ggWWp8tA,UCvDIxerLblmV6RgVnW_z7Yw,Undirected,1,1
UCoSrY_IQQVpmIRZ9Xf-y93g,UCvDIxerLblmV6RgVnW_z7Yw,Undirected,1,1
UCl69AEx4MdqMZH7Jtsm7Tig,UCvDIxerLblmV6RgVnW_z7Yw,Undirected,1,1
UCJFZiqLMntJufDCHc6bQixg,UCdyqAaZDKHXg4Ahi7VENThQ,Undirected,10,10
UC1tk9F5-MGXEq4LWnjmrtpA,UC9H5tuwHqu9TnZbI26hD02Q,Undirected,1,1
UC1tk9F5-MGXEq4LWnjmrtpA,UCNvA1JanA__nJrwcTEpz5zQ,Undirected,1,1
UC1tk9F5-MGXEq4LWnjmrtpA,UCdyqAaZDKHXg4Ahi7VENThQ,Undirected,1,1
UC9H5tuwHqu9TnZbI26hD02Q,UCJFZiqLMntJufDCHc6bQixg,Undirected,1,1
UC9H5tuwHqu9TnZbI26hD02Q,UCNvA1JanA__nJrwcTEpz5zQ,Undirected,1,1
UC9H5tuwHqu9TnZbI26hD02Q,UCdyqAaZDKHXg4Ahi7VENThQ,Undirected,1,1
UCJFZiqLMntJufDCHc6bQixg,UCNvA1JanA__nJrwcTEpz5zQ,Undirected,1,1
UCNvA1JanA__nJrwcTEpz5zQ,UCdyqAaZDKHXg4Ahi7VENThQ,Undirected,1,1
UCJFZiqLMntJufDCHc6bQixg,UCUKD-uaobj9jiqB-VXt71mA,Undirected,8,8
UCJFZiqLMntJufDCHc6bQixg,UCqm3BQLlJfvkTsX_hvm0UmA,Undirected,2,2
UCUKD-uaobj9jiqB-VXt71mA,UCqm3BQLlJfvkTsX_hvm0UmA,Undirected,3,3
UCJFZiqLMntJufDCHc6bQixg,UChAnqc_AY5_I3Px5dig3X1Q,Undirected,1,1
UCUKD-uaobj9jiqB-VXt71mA,UChAnqc_AY5_I3Px5dig3X1Q,Undirected,1,1
UCA3k-GCjCBKrqc8xigdi3_w,UCJFZiqLMntJufDCHc6bQixg,Undirected,1,1
UCA3k-GCjCBKrqc8xigdi3_w,UCUKD-uaobj9jiqB-VXt71mA,Undirected,5,5
UC70gUNj4giONxsM--NxujlA,UCJFZiqLMntJufDCHc6bQixg,Undirected,3,3
UC70gUNj4giONxsM--NxujlA,UCUKD-uaobj9jiqB-VXt71mA,Undirected,4,4
UC24epYNaMXwtMCLDChmtUkQ,UC70gUNj4giONxsM--NxujlA,Undirected,1,1
UC24epYNaMXwtMCLDChmtUkQ,UCUKD-uaobj9jiqB-VXt71mA,Undirected,1,1
UCL_O_HXgLJx3Auteer0n0pA,UCebT4Aq-3XWb5je1S1FvR_A,Undirected,10,10
UC1zFJrfEKvCixhsjNSb1toQ,UCebT4Aq-3XWb5je1S1FvR_A,Undirected,1,1
UCSCmu_VjL4RR7rBjrvSAwSg,UCXW4MqCQn-jCaxlX-nn-BYg,Undirected,1,1
UC48jH1ul-6HOrcSSfoR02fQ,UC5dJFf4m-mEcoyJRfhBljoA,Undirected,1,1
UC48jH1ul-6HOrcSSfoR02fQ,UCAQDFeCTVdx90GtwohwjHzQ,Undirected,1,1
UC48jH1ul-6HOrcSSfoR02fQ,UCXW4MqCQn-jCaxlX-nn-BYg,Undirected,1,1
UC48jH1ul-6HOrcSSfoR02fQ,UCllKI7VjyANuS1RXatizfLQ,Undirected,1,1
UC5dJFf4m-mEcoyJRfhBljoA,UCAQDFeCTVdx90GtwohwjHzQ,Undirected,1,1
UCAQDFeCTVdx90GtwohwjHzQ,UCXW4MqCQn-jCaxlX-nn-BYg,Undirected,1,1
UCAQDFeCTVdx90GtwohwjHzQ,UCllKI7VjyANuS1RXatizfLQ,Undirected,1,1
UC5dJFf4m-mEcoyJRfhBljoA,UCGw7lrT-rVZCWHfdG9Frcgg,Undirected,1,1
UC5dJFf4m-mEcoyJRfhBljoA,UCIVqvhyo8ttjYOmMJuhq_YQ,Undirected,1,1
UC5dJFf4m-mEcoyJRfhBljoA,UCgP3GbgbuVzAhlctGU5yuPA,Undirected,1,1
UCGYAYLDE7TZiiC8U6teciDQ,UCRm6lqtdxs_Qo6HeL-SRQ-w,Undirected,1,1
UCGYAYLDE7TZiiC8U6teciDQ,UCV5ZZlLjk5MKGg3L0n0vbzw,Undirected,1,1
UCGYAYLDE7TZiiC8U6teciDQ,UCuep1JCrMvSxOGgGhBfJuYw,Undirected,2,2
UCRm6lqtdxs_Qo6HeL-SRQ-w,UCV5ZZlLjk5MKGg3L0n0vbzw,Undirected,1,1
UCRm6lqtdxs_Qo6HeL-SRQ-w,UCuep1JCrMvSxOGgGhBfJuYw,Undirected,1,1
UCV5ZZlLjk5MKGg3L0n0vbzw,UCuep1JCrMvSxOGgGhBfJuYw,Undirected,1,1
UCJubINhCcFXlsBwnHp0wl_g,UCRm6lqtdxs_Qo6HeL-SRQ-w,Undirected,1,1
UCJubINhCcFXlsBwnHp0wl_g,UCXU7YYxy_iQd3ulXyO-zC2w,Undirected,1,1
UCRm6lqtdxs_Qo6HeL-SRQ-w,UCXU7YYxy_iQd3ulXyO-zC2w,Undirected,1,1
UCGw7lrT-rVZCWHfdG9Frcgg,UCnRQYHTnRLSF0cLJwMnedCg,Undirected,1,1
UCGw7lrT-rVZCWHfdG9Frcgg,UCt5-0i4AVHXaWJrL8Wql3mw,Undirected,1,1
UCnRQYHTnRLSF0cLJwMnedCg,UCt5-0i4AVHXaWJrL8Wql3mw,Undirected,1,1
UC1zFJrfEKvCixhsjNSb1toQ,UCGw7lrT-rVZCWHfdG9Frcgg,Undirected,2,2
UC1zFJrfEKvCixhsjNSb1toQ,UCN2XDalhsXg8OdXJBIeyBJA,Undirected,1,1
UC1zFJrfEKvCixhsjNSb1toQ,UCtHY-tP0dyykhTRMmnfPs_g,Undirected,1,1
UC1zFJrfEKvCixhsjNSb1toQ,UCuvk5PilcvDECU7dDZhQiEw,Undirected,1,1
UCGw7lrT-rVZCWHfdG9Frcgg,UCN2XDalhsXg8OdXJBIeyBJA,Undirected,2,2
UCGw7lrT-rVZCWHfdG9Frcgg,UCtHY-tP0dyykhTRMmnfPs_g,Undirected,1,1
UCGw7lrT-rVZCWHfdG9Frcgg,UCuvk5PilcvDECU7dDZhQiEw,Undirected,1,1
UCN2XDalhsXg8OdXJBIeyBJA,UCtHY-tP0dyykhTRMmnfPs_g,Undirected,1,1
UCN2XDalhsXg8OdXJBIeyBJA,UCuvk5PilcvDECU7dDZhQiEw,Undirected,1,1
UCtHY-tP0dyykhTRMmnfPs_g,UCuvk5PilcvDECU7dDZhQiEw,Undirected,1,1
UCe22Bcwd_GCpTjLxn83zl7A,UCw_VMnV67muXs-uZr-xyADA,Undirected,1,1
UCDqI2jOz0weumE8s7paEk6g,UCQAdXyrF2fYcqdXUUW3YxUg,Undirected,1,1
UCiA-trSZfB0i92V_-dyDqBw,UCivwPlOp0ojnMPZj5pNOPPA,Undirected,1,1
UCD5Aep8Bviw8eVBZ3LruLIA,UCWcek7k9UWt_FyrpWxTgjmw,Undirected,13,13
UC1zFJrfEKvCixhsjNSb1toQ,UCJubINhCcFXlsBwnHp0wl_g,Undirected,1,1
UC1zFJrfEKvCixhsjNSb1toQ,UCKMYISTJAQ8xTplUPHiABlA,Undirected,1,1
UC1zFJrfEKvCixhsjNSb1toQ,UChUJbHiTVeGrSkTdBzVfNCQ,Undirected,1,1
UC1zFJrfEKvCixhsjNSb1toQ,UCks41vQN-hN-1KHmpZyPY3A,Undirected,1,1
UC1zFJrfEKvCixhsjNSb1toQ,UCsFn_ueskBkMCEyzCEqAOvg,Undirected,1,1
UCJubINhCcFXlsBwnHp0wl_g,UCKMYISTJAQ8xTplUPHiABlA,Undirected,1,1
UCJubINhCcFXlsBwnHp0wl_g,UChUJbHiTVeGrSkTdBzVfNCQ,Undirected,2,2
UCJubINhCcFXlsBwnHp0wl_g,UCks41vQN-hN-1KHmpZyPY3A,Undirected,1,1
UCJubINhCcFXlsBwnHp0wl_g,UCsFn_ueskBkMCEyzCEqAOvg,Undirected,1,1
UCKMYISTJAQ8xTplUPHiABlA,UChUJbHiTVeGrSkTdBzVfNCQ,Undirected,1,1
UCKMYISTJAQ8xTplUPHiABlA,UCks41vQN-hN-1KHmpZyPY3A,Undirected,1,1
UCKMYISTJAQ8xTplUPHiABlA,UCsFn_ueskBkMCEyzCEqAOvg,Undirected,2,2
UChUJbHiTVeGrSkTdBzVfNCQ,UCks41vQN-hN-1KHmpZyPY3A,Undirected,1,1
UChUJbHiTVeGrSkTdBzVfNCQ,UCsFn_ueskBkMCEyzCEqAOvg,Undirected,1,1
UCks41vQN-hN-1KHmpZyPY3A,UCsFn_ueskBkMCEyzCEqAOvg,Undirected,1,1
UCKMYISTJAQ8xTplUPHiABlA,UCTIE7LM5X15NVugV7Krp9Hw,Undirected,1,1
UCKMYISTJAQ8xTplUPHiABlA,UCmovZ2th3Sqpd00F5RdeigQ,Undirected,1,1
UCTIE7LM5X15NVugV7Krp9Hw,UCmovZ2th3Sqpd00F5RdeigQ,Undirected,1,1
UCTIE7LM5X15NVugV7Krp9Hw,UCsFn_ueskBkMCEyzCEqAOvg,Undirected,1,1
UCmovZ2th3Sqpd00F5RdeigQ,UCsFn_ueskBkMCEyzCEqAOvg,Undirected,4,4
UCL34fAoFim9oHLbVzMKFavQ,UCX7YkU9nEeaoZbkVLVajcMg,Undirected,1,1
UCGYAYLDE7TZiiC8U6teciDQ,UCL34fAoFim9oHLbVzMKFavQ,Undirected,4,4
UCGYAYLDE7TZiiC8U6teciDQ,UCmovZ2th3Sqpd00F5RdeigQ,Undirected,4,4
UCL34fAoFim9oHLbVzMKFavQ,UCmovZ2th3Sqpd00F5RdeigQ,Undirected,6,6
UCHFXCNcbybDtlnxI7VzKdUA,UCQqLRLxlzkZuf7LGQwSAikQ,Undirected,1,1
UCHFXCNcbybDtlnxI7VzKdUA,UCTBsKJaXFmK8rj1OuboNesw,Undirected,1,1
UCHFXCNcbybDtlnxI7VzKdUA,UCabr_YRuRIixVeQy8BMsMPg,Undirected,1,1
UCHFXCNcbybDtlnxI7VzKdUA,UCskh11uxbzX3GQTzHMOJZSQ,Undirected,1,1
UCHFXCNcbybDtlnxI7VzKdUA,UCwoMZOFegv8DAW0tyccukPg,Undirected,1,1
UCQqLRLxlzkZuf7LGQwSAikQ,UCTBsKJaXFmK8rj1OuboNesw,Undirected,1,1
UCQqLRLxlzkZuf7LGQwSAikQ,UCabr_YRuRIixVeQy8BMsMPg,Undirected,1,1
UCQqLRLxlzkZuf7LGQwSAikQ,UCskh11uxbzX3GQTzHMOJZSQ,Undirected,1,1
UCQqLRLxlzkZuf7LGQwSAikQ,UCwoMZOFegv8DAW0tyccukPg,Undirected,1,1
UCTBsKJaXFmK8rj1OuboNesw,UCabr_YRuRIixVeQy8BMsMPg,Undirected,1,1
UCTBsKJaXFmK8rj1OuboNesw,UCskh11uxbzX3GQTzHMOJZSQ,Undirected,1,1
UCTBsKJaXFmK8rj1OuboNesw,UCwoMZOFegv8DAW0tyccukPg,Undirected,1,1
UCabr_YRuRIixVeQy8BMsMPg,UCskh11uxbzX3GQTzHMOJZSQ,Undirected,1,1
UCabr_YRuRIixVeQy8BMsMPg,UCwoMZOFegv8DAW0tyccukPg,Undirected,1,1
UCskh11uxbzX3GQTzHMOJZSQ,UCwoMZOFegv8DAW0tyccukPg,Undirected,1,1
UC2qxMP86cqdqftwJdEe1ABg,UCGYAYLDE7TZiiC8U6teciDQ,Undirected,8,8
UC2qxMP86cqdqftwJdEe1ABg,UCGkrmvTw66Lo8feYb0IqtPw,Undirected,1,1
UCGYAYLDE7TZiiC8U6teciDQ,UCGkrmvTw66Lo8feYb0IqtPw,Undirected,1,1
UC2qxMP86cqdqftwJdEe1ABg,UCuep1JCrMvSxOGgGhBfJuYw,Undirected,1,1
UC2qxMP86cqdqftwJdEe1ABg,UC_4tXjqecqox5Uc05ncxpxg,Undirected,1,1
UC2hc-00y-MSR6eYA4eQ4tjQ,UCDh2bWI5EDu7PavqwICkVpA,Undirected,1,1
UC2hc-00y-MSR6eYA4eQ4tjQ,UCXp7sNC0F_qkjickvlYkg-Q,Undirected,2,2
UC2hc-00y-MSR6eYA4eQ4tjQ,UCeLzT-7b2PBcunJplmWtoDg,Undirected,1,1
UCDh2bWI5EDu7PavqwICkVpA,UCXp7sNC0F_qkjickvlYkg-Q,Undirected,1,1
UCDh2bWI5EDu7PavqwICkVpA,UCeLzT-7b2PBcunJplmWtoDg,Undirected,3,3
UCXp7sNC0F_qkjickvlYkg-Q,UCeLzT-7b2PBcunJplmWtoDg,Undirected,1,1
UCDh2bWI5EDu7PavqwICkVpA,UCYTz3uIgwVY3ZU-IQJS8r3A,Undirected,2,2
UCDh2bWI5EDu7PavqwICkVpA,UCwePpiw1ocZRSNSkpKvVISw,Undirected,1,1
UCYTz3uIgwVY3ZU-IQJS8r3A,UCeLzT-7b2PBcunJplmWtoDg,Undirected,1,1
UCYTz3uIgwVY3ZU-IQJS8r3A,UCwePpiw1ocZRSNSkpKvVISw,Undirected,2,2
UCeLzT-7b2PBcunJplmWtoDg,UCwePpiw1ocZRSNSkpKvVISw,Undirected,1,1
UC0WwEfE-jOM2rzjpdfhTzZA,UCHVXbQzkl3rDfsXWo8xi2qw,Undirected,1,1
UC0WwEfE-jOM2rzjpdfhTzZA,UCUc8GZfFxtmk7ZwSO7ccQ0g,Undirected,1,1
UC0WwEfE-jOM2rzjpdfhTzZA,UCWMwHoGz5QhhRDc3K8SQ6cw,Undirected,1,1
UCHVXbQzkl3rDfsXWo8xi2qw,UCUc8GZfFxtmk7ZwSO7ccQ0g,Undirected,1,1
UCHVXbQzkl3rDfsXWo8xi2qw,UCWMwHoGz5QhhRDc3K8SQ6cw,Undirected,1,1
UCUc8GZfFxtmk7ZwSO7ccQ0g,UCWMwHoGz5QhhRDc3K8SQ6cw,Undirected,1,1
UCAaGaynFpku5cAx6OOSrW-w,UCHVXbQzkl3rDfsXWo8xi2qw,Undirected,1,1
UCAaGaynFpku5cAx6OOSrW-w,UC_iQgxZYNLOt8KUbKTQv8Rw,Undirected,1,1
UCAaGaynFpku5cAx6OOSrW-w,UCt5-0i4AVHXaWJrL8Wql3mw,Undirected,1,1
UCHVXbQzkl3rDfsXWo8xi2qw,UC_iQgxZYNLOt8KUbKTQv8Rw,Undirected,1,1
UCHVXbQzkl3rDfsXWo8xi2qw,UCt5-0i4AVHXaWJrL8Wql3mw,Undirected,1,1
UC_iQgxZYNLOt8KUbKTQv8Rw,UCt5-0i4AVHXaWJrL8Wql3mw,Undirected,1,1
UCHVXbQzkl3rDfsXWo8xi2qw,UCo_nZN5yB0rmfoPBVjYRMmw,Undirected,1,1
UCHVXbQzkl3rDfsXWo8xi2qw,UCVFaA17XwUjvE-pyERKmhIQ,Undirected,1,1
UCHVXbQzkl3rDfsXWo8xi2qw,UCiTjDptKRqDXM-iod7xM1vA,Undirected,1,1
UCHVXbQzkl3rDfsXWo8xi2qw,UCt3rABhjmM6O_YIEgbf4zCQ,Undirected,1,1
UCHVXbQzkl3rDfsXWo8xi2qw,UCvsjE1LW3lVVF0O0fPDnO7w,Undirected,1,1
UCVFaA17XwUjvE-pyERKmhIQ,UCiTjDptKRqDXM-iod7xM1vA,Undirected,2,2
UCVFaA17XwUjvE-pyERKmhIQ,UCt3rABhjmM6O_YIEgbf4zCQ,Undirected,1,1
UCVFaA17XwUjvE-pyERKmhIQ,UCvsjE1LW3lVVF0O0fPDnO7w,Undirected,1,1
UCiTjDptKRqDXM-iod7xM1vA,UCt3rABhjmM6O_YIEgbf4zCQ,Undirected,1,1
UCiTjDptKRqDXM-iod7xM1vA,UCvsjE1LW3lVVF0O0fPDnO7w,Undirected,1,1
UCt3rABhjmM6O_YIEgbf4zCQ,UCvsjE1LW3lVVF0O0fPDnO7w,Undirected,1,1
UCdpUojq0KWZCN9bxXnZwz5w,UCq15_9MvmxT1r2-LLjtkokg,Undirected,9,9
UC_VFb6Q52lbZJwTuE8Rb5AA,UCdpUojq0KWZCN9bxXnZwz5w,Undirected,1,1
UC_VFb6Q52lbZJwTuE8Rb5AA,UCq15_9MvmxT1r2-LLjtkokg,Undirected,1,1
UCXRlIK3Cw_TJIQC5kSJJQMg,UCo7TRj3cS-f_1D9ZDmuTsjw,Undirected,2,2
UC4l9gz3q65lTBFfFtW5LLeA,UCXRlIK3Cw_TJIQC5kSJJQMg,Undirected,1,1
UCkyKFiCLAsZL-TLk7psDggQ,UCw3baysP2Ufu6aAdgyl0Fcw,Undirected,5,5
UCUCLhQyvJ6daYdfKkv_0Cbg,UCkyKFiCLAsZL-TLk7psDggQ,Undirected,1,1
UCUCLhQyvJ6daYdfKkv_0Cbg,UCvP4TQTpBxm4AjFQOSKRrdA,Undirected,1,1
UCkyKFiCLAsZL-TLk7psDggQ,UCvP4TQTpBxm4AjFQOSKRrdA,Undirected,1,1
UC9W9ef-fndKfImqbPUilhFQ,UCMGMFLZlNZXwvKCHoA91ASA,Undirected,9,9
UC9W9ef-fndKfImqbPUilhFQ,UCNe668-4r9j7h2mXtGt0maw,Undirected,9,9
UC9W9ef-fndKfImqbPUilhFQ,UCkyKFiCLAsZL-TLk7psDggQ,Undirected,9,9
UCMGMFLZlNZXwvKCHoA91ASA,UCNe668-4r9j7h2mXtGt0maw,Undirected,9,9
UCMGMFLZlNZXwvKCHoA91ASA,UCkyKFiCLAsZL-TLk7psDggQ,Undirected,9,9
UCNe668-4r9j7h2mXtGt0maw,UCkyKFiCLAsZL-TLk7psDggQ,Undirected,9,9
UC0UKL0fIkNUANaGAgqFERbg,UCkyKFiCLAsZL-TLk7psDggQ,Undirected,1,1
UC0UKL0fIkNUANaGAgqFERbg,UCw3baysP2Ufu6aAdgyl0Fcw,Undirected,1,1
UCkyKFiCLAsZL-TLk7psDggQ,UCmhtmUBjkXOAetnaDq-XJ1g,Undirected,1,1
UCQHCHIoeu0FRJTJNMG2_Ezw,UCkyKFiCLAsZL-TLk7psDggQ,Undirected,1,1
UCaCiBKglFZkSYXmlWZBDLgw,UCjalTisWDx3D3n317R1AObw,Undirected,1,1
UC9O_36oN1ceFVETQV9E0SbQ,UCEXCEsV_t1X_d4gSirFLgvA,Undirected,1,1
UC9O_36oN1ceFVETQV9E0SbQ,UCl2XCgm2Nb4LHzpmUDK6iaw,Undirected,1,1
UCYeSQzTDi4kpflF3ozwoLog,UC_IwcGjLRPp9-XfR4rIRPdg,Undirected,2,2
UCYeSQzTDi4kpflF3ozwoLog,UCoq1U0ZXHpZjBis5ru8tX9Q,Undirected,1,1
UC_IwcGjLRPp9-XfR4rIRPdg,UCoq1U0ZXHpZjBis5ru8tX9Q,Undirected,1,1
UC7RAC2rOqNUOrE9u70nqYRA,UCYeSQzTDi4kpflF3ozwoLog,Undirected,1,1
UC7RAC2rOqNUOrE9u70nqYRA,UC_IwcGjLRPp9-XfR4rIRPdg,Undirected,11,11
UCZMRuagdTBKmmrFtSMN48Xw,UCcAGc7BqTIyEjeXZM6QhGiQ,Undirected,10,10
UCZMRuagdTBKmmrFtSMN48Xw,UCmr-_a2O7s096czLR3macxA,Undirected,10,10
UCcAGc7BqTIyEjeXZM6QhGiQ,UCmr-_a2O7s096czLR3macxA,Undirected,10,10
UCZMRuagdTBKmmrFtSMN48Xw,UCZrm6tHpAvD5BwjNyTsYY9g,Undirected,5,5
UCZMRuagdTBKmmrFtSMN48Xw,UCv_jreWfYg70AcUQHrdJwNQ,Undirected,5,5
UCZrm6tHpAvD5BwjNyTsYY9g,UCcAGc7BqTIyEjeXZM6QhGiQ,Undirected,5,5
UCZrm6tHpAvD5BwjNyTsYY9g,UCmr-_a2O7s096czLR3macxA,Undirected,5,5
UCZrm6tHpAvD5BwjNyTsYY9g,UCv_jreWfYg70AcUQHrdJwNQ,Undirected,5,5
UCcAGc7BqTIyEjeXZM6QhGiQ,UCv_jreWfYg70AcUQHrdJwNQ,Undirected,5,5
UCmr-_a2O7s096czLR3macxA,UCv_jreWfYg70AcUQHrdJwNQ,Undirected,5,5
UCV9U4NEAvdOs3ATxrVDgeDA,UCxrNXCJ9C-Ck3fA5rD3d2PQ,Undirected,1,1
UC-KmLUpWRDcTUVgyrXrXIJg,UCV9U4NEAvdOs3ATxrVDgeDA,Undirected,1,1
UCnukdQmLBjW-mGRUXTLtGFA,UCyJO3YN5ObsY6lvc9UylxKA,Undirected,4,4
UCPKbVouzvWhHeVvy0UbsRCQ,UCdMGYXL38w6htx6Yf9YJa-w,Undirected,1,1
UCJ36P6CyQWr03Z-EhXNvr1w,UCVaF0JK21BWNs2XQBjav2Gw,Undirected,1,1
UCKuG9aLmm7S02EoM0zBdThA,UCft5HulDeuKloukyShxyOZA,Undirected,1,1
UCKuG9aLmm7S02EoM0zBdThA,UChK8kgGU767nKTxp4f4GD6g,Undirected,1,1
UCft5HulDeuKloukyShxyOZA,UChK8kgGU767nKTxp4f4GD6g,Undirected,1,1
UC1laSZHo_6VBXU9FmfGNwFA,UCKuG9aLmm7S02EoM0zBdThA,Undirected,1,1
UCJ36P6CyQWr03Z-EhXNvr1w,UCOfESRUR5duQ2hMnTQ4oqhA,Undirected,1,1
UCKuG9aLmm7S02EoM0zBdThA,UCOfESRUR5duQ2hMnTQ4oqhA,Undirected,1,1
UCKuG9aLmm7S02EoM0zBdThA,UCZo9YdkaghMLh08GauwS44Q,Undirected,2,2
UCKuG9aLmm7S02EoM0zBdThA,UCvhyNM7DgVGKWXf0mhtJFog,Undirected,2,2
UCZo9YdkaghMLh08GauwS44Q,UCvhyNM7DgVGKWXf0mhtJFog,Undirected,2,2
UCKuG9aLmm7S02EoM0zBdThA,UCUCeZaZeJbEYAAzvMgrKOPQ,Undirected,1,1
UC1EB8moGYdkoZQfWHjh7Ivw,UCKuG9aLmm7S02EoM0zBdThA,Undirected,1,1
UC1EB8moGYdkoZQfWHjh7Ivw,UCmgWMQkenFc72QnYkdxdoKA,Undirected,8,8
UCKuG9aLmm7S02EoM0zBdThA,UCmgWMQkenFc72QnYkdxdoKA,Undirected,1,1
UCKuG9aLmm7S02EoM0zBdThA,UCURoC-bsNMU3VF0iBb8z95A,Undirected,1,1
UC79FQTDzf416-h6fh85RmNA,UC97VMXlXgMReYKCCTeDZdDw,Undirected,1,1
UC79FQTDzf416-h6fh85RmNA,UCoVfdd-BGgwCInk08Rwv7xw,Undirected,1,1
UC97VMXlXgMReYKCCTeDZdDw,UCoVfdd-BGgwCInk08Rwv7xw,Undirected,6,6
UC97VMXlXgMReYKCCTeDZdDw,UCnXG8TFIJsJYRFeFamsE9sg,Undirected,1,1
UCQ1U65-CQdIoZ2_NA4Z4F7A,UCtwSCTpftyPm4-TBf9S6kfQ,Undirected,1,1
UCm_1n9F3A6pz-Ms2NP93tBA,UCtwSCTpftyPm4-TBf9S6kfQ,Undirected,2,2
UC7Gow-kNHq21oejSIDg9PAg,UCtwSCTpftyPm4-TBf9S6kfQ,Undirected,1,1
UCWtIDgXZgEPyBBEf_LX2i3g,UCuo15K2zRA5rp1D1MHNaHaQ,Undirected,1,1
UC5TiZw3uothFedw8bJCAPdQ,UC91isbh786JTse-fiLXvi6A,Undirected,1,1
UC5TiZw3uothFedw8bJCAPdQ,UCHkkl4TnOzfOb3iPxnkl0vA,Undirected,1,1
UC5TiZw3uothFedw8bJCAPdQ,UCKnNI21YMI65yxc9pzuuMOA,Undirected,1,1
UC5TiZw3uothFedw8bJCAPdQ,UCLlt_KBDnbpZHNu2f_V0RLg,Undirected,1,1
UC91isbh786JTse-fiLXvi6A,UCHkkl4TnOzfOb3iPxnkl0vA,Undirected,1,1
UC91isbh786JTse-fiLXvi6A,UCKnNI21YMI65yxc9pzuuMOA,Undirected,1,1
UC91isbh786JTse-fiLXvi6A,UCLlt_KBDnbpZHNu2f_V0RLg,Undirected,1,1
UCHkkl4TnOzfOb3iPxnkl0vA,UCKnNI21YMI65yxc9pzuuMOA,Undirected,1,1
UCHkkl4TnOzfOb3iPxnkl0vA,UCLlt_KBDnbpZHNu2f_V0RLg,Undirected,1,1
UCKnNI21YMI65yxc9pzuuMOA,UCLlt_KBDnbpZHNu2f_V0RLg,Undirected,1,1
UCAUbLLlam6ayzmWVhG_qzmQ,UCGGY3oTOQ9g9FCu9hLFJsqw,Undirected,11,11
UCAUbLLlam6ayzmWVhG_qzmQ,UCrpam9cHUuF7qfXJC084Tcg,Undirected,11,11
UCGGY3oTOQ9g9FCu9hLFJsqw,UCrpam9cHUuF7qfXJC084Tcg,Undirected,12,12
UC5u0K5MNm_P5jmK3ByM0lpw,UCL_qhgtOy0dy1Agp8vkySQg,Undirected,1,1
UCFZ0tXYzXG41QB4ybPBHUgw,UCk7S76uQrkOoFnSesUtt_jg,Undirected,3,3
UC8iFHqWjzEIgZnvqpH-wUsQ,UCFZ0tXYzXG41QB4ybPBHUgw,Undirected,1,1
UC8iFHqWjzEIgZnvqpH-wUsQ,UCRG_RR8R2mdmQTHVdrvDpAw,Undirected,1,1
UC8iFHqWjzEIgZnvqpH-wUsQ,UCYuzSfHn3E22B2gUOkSqGAQ,Undirected,1,1
UC8iFHqWjzEIgZnvqpH-wUsQ,UCdiLRf3RW-CezWRUuVSCwgg,Undirected,1,1
UCFZ0tXYzXG41QB4ybPBHUgw,UCRG_RR8R2mdmQTHVdrvDpAw,Undirected,1,1
UCFZ0tXYzXG41QB4ybPBHUgw,UCYuzSfHn3E22B2gUOkSqGAQ,Undirected,1,1
UCFZ0tXYzXG41QB4ybPBHUgw,UCdiLRf3RW-CezWRUuVSCwgg,Undirected,1,1
UCRG_RR8R2mdmQTHVdrvDpAw,UCYuzSfHn3E22B2gUOkSqGAQ,Undirected,1,1
UCRG_RR8R2mdmQTHVdrvDpAw,UCdiLRf3RW-CezWRUuVSCwgg,Undirected,1,1
UCYuzSfHn3E22B2gUOkSqGAQ,UCdiLRf3RW-CezWRUuVSCwgg,Undirected,1,1
UC6kGlpZg2tcemPrqwkpuCUQ,UC8PM-52zOsBq6xb_HWCZWUQ,Undirected,1,1
UC6kGlpZg2tcemPrqwkpuCUQ,UCFZ0tXYzXG41QB4ybPBHUgw,Undirected,1,1
UC6kGlpZg2tcemPrqwkpuCUQ,UCHV60B-ox9Ra-jo9V3tz-jQ,Undirected,1,1
UC6kGlpZg2tcemPrqwkpuCUQ,UCjF7PDcaUKCtMhJnLNnTpNA,Undirected,1,1
UC6kGlpZg2tcemPrqwkpuCUQ,UCk7S76uQrkOoFnSesUtt_jg,Undirected,1,1
UC8PM-52zOsBq6xb_HWCZWUQ,UCFZ0tXYzXG41QB4ybPBHUgw,Undirected,4,4
UC8PM-52zOsBq6xb_HWCZWUQ,UCHV60B-ox9Ra-jo9V3tz-jQ,Undirected,2,2
UC8PM-52zOsBq6xb_HWCZWUQ,UCjF7PDcaUKCtMhJnLNnTpNA,Undirected,2,2
UC8PM-52zOsBq6xb_HWCZWUQ,UCk7S76uQrkOoFnSesUtt_jg,Undirected,1,1
UCFZ0tXYzXG41QB4ybPBHUgw,UCHV60B-ox9Ra-jo9V3tz-jQ,Undirected,1,1
UCFZ0tXYzXG41QB4ybPBHUgw,UCjF7PDcaUKCtMhJnLNnTpNA,Undirected,2,2
UCHV60B-ox9Ra-jo9V3tz-jQ,UCjF7PDcaUKCtMhJnLNnTpNA,Undirected,1,1
UCHV60B-ox9Ra-jo9V3tz-jQ,UCk7S76uQrkOoFnSesUtt_jg,Undirected,1,1
UCjF7PDcaUKCtMhJnLNnTpNA,UCk7S76uQrkOoFnSesUtt_jg,Undirected,1,1
UCFZ0tXYzXG41QB4ybPBHUgw,UCtquWoOcTIDVHv5dj6Z1Wxg,Undirected,1,1
UC2X643A7Hu0sqeet_wcJ-0g,UCFZ0tXYzXG41QB4ybPBHUgw,Undirected,1,1
UC2X643A7Hu0sqeet_wcJ-0g,UCk7S76uQrkOoFnSesUtt_jg,Undirected,1,1
UC2X643A7Hu0sqeet_wcJ-0g,UCoDeGl8J4Yon316NM7I89-A,Undirected,1,1
UCFZ0tXYzXG41QB4ybPBHUgw,UCoDeGl8J4Yon316NM7I89-A,Undirected,1,1
UCk7S76uQrkOoFnSesUtt_jg,UCoDeGl8J4Yon316NM7I89-A,Undirected,1,1
UC0NJU1K-_S1EKYzTHFb0_dg,UC8PM-52zOsBq6xb_HWCZWUQ,Undirected,1,1
UC0NJU1K-_S1EKYzTHFb0_dg,UCFZ0tXYzXG41QB4ybPBHUgw,Undirected,1,1
UC0NJU1K-_S1EKYzTHFb0_dg,UCHXqm6im50_Gr4oKL15XN1A,Undirected,1,1
UC0NJU1K-_S1EKYzTHFb0_dg,UCJv03-9nKDpob-tRS0tigVw,Undirected,1,1
UC0NJU1K-_S1EKYzTHFb0_dg,UCnF90orO3D1vBRzkO9H2hxQ,Undirected,1,1
UC8PM-52zOsBq6xb_HWCZWUQ,UCHXqm6im50_Gr4oKL15XN1A,Undirected,1,1
UC8PM-52zOsBq6xb_HWCZWUQ,UCJv03-9nKDpob-tRS0tigVw,Undirected,1,1
UC8PM-52zOsBq6xb_HWCZWUQ,UCnF90orO3D1vBRzkO9H2hxQ,Undirected,1,1
UCFZ0tXYzXG41QB4ybPBHUgw,UCHXqm6im50_Gr4oKL15XN1A,Undirected,1,1
UCFZ0tXYzXG41QB4ybPBHUgw,UCJv03-9nKDpob-tRS0tigVw,Undirected,1,1
UCFZ0tXYzXG41QB4ybPBHUgw,UCnF90orO3D1vBRzkO9H2hxQ,Undirected,1,1
UCHXqm6im50_Gr4oKL15XN1A,UCJv03-9nKDpob-tRS0tigVw,Undirected,1,1
UCHXqm6im50_Gr4oKL15XN1A,UCnF90orO3D1vBRzkO9H2hxQ,Undirected,1,1
UCJv03-9nKDpob-tRS0tigVw,UCnF90orO3D1vBRzkO9H2hxQ,Undirected,1,1
UC8PM-52zOsBq6xb_HWCZWUQ,UChuDlRrbn5Ri-v6Gi0bPfXg,Undirected,1,1
UCFZ0tXYzXG41QB4ybPBHUgw,UChuDlRrbn5Ri-v6Gi0bPfXg,Undirected,1,1
UC10BM9XdLdrvB8japwmRUvA,UCxIzG0XIBe1XMh5dz-qUkVg,Undirected,1,1
UCEcyopSb6SUXlb3dXOvwrSA,UCFURJLN9L-9Z5nJrICG8b2g,Undirected,1,1
UCEcyopSb6SUXlb3dXOvwrSA,UCsgxccKEyaQxcB3ZMEm8xfg,Undirected,1,1
UCFURJLN9L-9Z5nJrICG8b2g,UCsgxccKEyaQxcB3ZMEm8xfg,Undirected,1,1
UC9xgd6py76kKuzIRDB60-1Q,UChG97vxBXd3hVUF-Mnqowtg,Undirected,1,1
UC3skl9MGuEiKVIxrueBHTIg,UC9xgd6py76kKuzIRDB60-1Q,Undirected,1,1
UCSEOEvtbZNGzA4uR9m26SIA,UCWUSh-fqEDi_-JBALWfH3yA,Undirected,1,1
UCSEOEvtbZNGzA4uR9m26SIA,UChLkLtpGI5bMPDfP-0s9KjA,Undirected,1,1
UCWUSh-fqEDi_-JBALWfH3yA,UChLkLtpGI5bMPDfP-0s9KjA,Undirected,2,2
UC5H_wBYA0rtyTvZBqw6fN7A,UCJv03-9nKDpob-tRS0tigVw,Undirected,1,1
UCV_2a6mNwcTjVnEXWjtho6g,UCc5BWE93Gpyol7XVZPZTddg,Undirected,1,1
UCV_2a6mNwcTjVnEXWjtho6g,UCpXIjrzLXGUf8lVEeeryKLg,Undirected,2,2
UCV_2a6mNwcTjVnEXWjtho6g,UCwGFqo2u8eIJ5qZmkyg7eDQ,Undirected,2,2
UCc5BWE93Gpyol7XVZPZTddg,UCpXIjrzLXGUf8lVEeeryKLg,Undirected,1,1
UCc5BWE93Gpyol7XVZPZTddg,UCwGFqo2u8eIJ5qZmkyg7eDQ,Undirected,1,1
UCpXIjrzLXGUf8lVEeeryKLg,UCwGFqo2u8eIJ5qZmkyg7eDQ,Undirected,3,3
UCOTR1tcOAhjgi6YukrPpZxg,UCpXIjrzLXGUf8lVEeeryKLg,Undirected,1,1
UC-NWTh87VIIEd6B5iNNFQMw,UCpXIjrzLXGUf8lVEeeryKLg,Undirected,2,2
UC-NWTh87VIIEd6B5iNNFQMw,UCrO7ERk6BdGg5kaoU0odhZw,Undirected,2,2
UCpXIjrzLXGUf8lVEeeryKLg,UCrO7ERk6BdGg5kaoU0odhZw,Undirected,2,2
UCFStNGUbRmUSkZarLFQu4mA,UCpXIjrzLXGUf8lVEeeryKLg,Undirected,11,11
UC-U3uWhd70NPh-OoGYu3T1g,UC4FUAMK0X0YZWniTV-e5kSg,Undirected,1,1
UCN2vYj_GQp3xaPkaLbmprHw,UCor-edFGuH9Ok7PNW2Y-ULg,Undirected,2,2
UCor-edFGuH9Ok7PNW2Y-ULg,UCpmSwekVKXnObCY7hpdHXdQ,Undirected,1,1
UCor-edFGuH9Ok7PNW2Y-ULg,UCvsjE1LW3lVVF0O0fPDnO7w,Undirected,1,1
UCpmSwekVKXnObCY7hpdHXdQ,UCvsjE1LW3lVVF0O0fPDnO7w,Undirected,1,1
UCGmO0S4S-AunjRdmxA6TQYg,UCor-edFGuH9Ok7PNW2Y-ULg,Undirected,1,1
UC1l7wYrva1qCH-wgqcHaaRg,UCor-edFGuH9Ok7PNW2Y-ULg,Undirected,1,1
UCRQX-dpFt_osBpH71ItuuvA,UCor-edFGuH9Ok7PNW2Y-ULg,Undirected,1,1
UC4FUAMK0X0YZWniTV-e5kSg,UCN2vYj_GQp3xaPkaLbmprHw,Undirected,1,1
UCAXySEVWZ1esIAFl2IWmcJA,UCYdKnt8tOEyz23NaNGXdF5Q,Undirected,1,1
UCRcAwbCAwGh7nw3hwvaNVwg,UCm_1n9F3A6pz-Ms2NP93tBA,Undirected,1,1
UCeb6GxmcUBoyfNVmWzfIXSQ,UCkMSWaP9sXMfZos43gugikg,Undirected,1,1
UCeb6GxmcUBoyfNVmWzfIXSQ,UCpRtBdw2Ka5PhqtBVsD3RXg,Undirected,1,1
UCeb6GxmcUBoyfNVmWzfIXSQ,UCsqKKx2Thc4TT5043IsHPLQ,Undirected,2,2
UCkMSWaP9sXMfZos43gugikg,UCpRtBdw2Ka5PhqtBVsD3RXg,Undirected,1,1
UCkMSWaP9sXMfZos43gugikg,UCsqKKx2Thc4TT5043IsHPLQ,Undirected,1,1
UCpRtBdw2Ka5PhqtBVsD3RXg,UCsqKKx2Thc4TT5043IsHPLQ,Undirected,1,1
UCFl9UaCi5Jik3hikU0H8QaQ,UCc5BWE93Gpyol7XVZPZTddg,Undirected,1,1
UC2E-MAJV0UK0Z_we3dbwukA,UCxm87ETj1m1rEeixlAgrEhQ,Undirected,3,3
UC2E-MAJV0UK0Z_we3dbwukA,UCy3XqyXzywNL3tBGFkmtppw,Undirected,4,4
UCo8b-0nKwdFMHg1x8hHTOEQ,UCxm87ETj1m1rEeixlAgrEhQ,Undirected,1,1
UCo8b-0nKwdFMHg1x8hHTOEQ,UCy3XqyXzywNL3tBGFkmtppw,Undirected,5,5
UCxm87ETj1m1rEeixlAgrEhQ,UCy3XqyXzywNL3tBGFkmtppw,Undirected,1,1
UC2E-MAJV0UK0Z_we3dbwukA,UCux_dQh8898bsMOPVUieuGw,Undirected,1,1
UCux_dQh8898bsMOPVUieuGw,UCy3XqyXzywNL3tBGFkmtppw,Undirected,2,2
UC2E-MAJV0UK0Z_we3dbwukA,UCGnqFQAc4yOM-2iLPqIihQg,Undirected,3,3
UCGnqFQAc4yOM-2iLPqIihQg,UCy3XqyXzywNL3tBGFkmtppw,Undirected,3,3
UC2E-MAJV0UK0Z_we3dbwukA,UCDvaGLWIBM57kQDktDizJIw,Undirected,1,1
UC2E-MAJV0UK0Z_we3dbwukA,UCb4yp2vETNvqhwl4WnNwEfA,Undirected,1,1
UCDvaGLWIBM57kQDktDizJIw,UCGnqFQAc4yOM-2iLPqIihQg,Undirected,1,1
UCDvaGLWIBM57kQDktDizJIw,UCb4yp2vETNvqhwl4WnNwEfA,Undirected,1,1
UCDvaGLWIBM57kQDktDizJIw,UCxm87ETj1m1rEeixlAgrEhQ,Undirected,1,1
UCGnqFQAc4yOM-2iLPqIihQg,UCb4yp2vETNvqhwl4WnNwEfA,Undirected,1,1
UCGnqFQAc4yOM-2iLPqIihQg,UCxm87ETj1m1rEeixlAgrEhQ,Undirected,1,1
UCb4yp2vETNvqhwl4WnNwEfA,UCxm87ETj1m1rEeixlAgrEhQ,Undirected,1,1
UC1O-4nUrEeslr94pxCBNpmA,UC2E-MAJV0UK0Z_we3dbwukA,Undirected,2,2
UC1O-4nUrEeslr94pxCBNpmA,UCGnqFQAc4yOM-2iLPqIihQg,Undirected,3,3
UC1O-4nUrEeslr94pxCBNpmA,UCSNOIKGaKvvJEzQSlpjjB-Q,Undirected,1,1
UC2E-MAJV0UK0Z_we3dbwukA,UCSNOIKGaKvvJEzQSlpjjB-Q,Undirected,2,2
UCGnqFQAc4yOM-2iLPqIihQg,UCSNOIKGaKvvJEzQSlpjjB-Q,Undirected,1,1
UC2E-MAJV0UK0Z_we3dbwukA,UC5akOhxdDIU3gZTJSmv_Wgg,Undirected,1,1
UC2E-MAJV0UK0Z_we3dbwukA,UCHGKS3VDKxu3N1u9naM0XYA,Undirected,1,1
UC5akOhxdDIU3gZTJSmv_Wgg,UCHGKS3VDKxu3N1u9naM0XYA,Undirected,1,1
UC10BM9XdLdrvB8japwmRUvA,UC5bE1g942G6Dby4UXvvoejg,Undirected,1,1
UC5bE1g942G6Dby4UXvvoejg,UCgP3GbgbuVzAhlctGU5yuPA,Undirected,1,1
UC4GXMHCwmONp6XFRB5SayAg,UC5bE1g942G6Dby4UXvvoejg,Undirected,1,1
UC5bE1g942G6Dby4UXvvoejg,UCUCeZaZeJbEYAAzvMgrKOPQ,Undirected,1,1
UC7iIwmiLHXUQy88PTYpRtAA,UCGnqFQAc4yOM-2iLPqIihQg,Undirected,3,3
UC7iIwmiLHXUQy88PTYpRtAA,UCo8b-0nKwdFMHg1x8hHTOEQ,Undirected,4,4
UCGnqFQAc4yOM-2iLPqIihQg,UCo8b-0nKwdFMHg1x8hHTOEQ,Undirected,6,6
UCGnqFQAc4yOM-2iLPqIihQg,UCi-q7y_Y_ivk5krWhk4MX5Q,Undirected,1,1
UCi-q7y_Y_ivk5krWhk4MX5Q,UCo8b-0nKwdFMHg1x8hHTOEQ,Undirected,2,2
UC7iIwmiLHXUQy88PTYpRtAA,UCHQJD3IW74R509k0nbTKr_w,Undirected,2,2
UC1O-4nUrEeslr94pxCBNpmA,UC7iIwmiLHXUQy88PTYpRtAA,Undirected,6,6
UC1O-4nUrEeslr94pxCBNpmA,UCHQJD3IW74R509k0nbTKr_w,Undirected,1,1
UC1O-4nUrEeslr94pxCBNpmA,UCmAYx8Wy4IXxBwNZAcc-3Fg,Undirected,1,1
UC1O-4nUrEeslr94pxCBNpmA,UCo8b-0nKwdFMHg1x8hHTOEQ,Undirected,1,1
UC7iIwmiLHXUQy88PTYpRtAA,UCmAYx8Wy4IXxBwNZAcc-3Fg,Undirected,1,1
UCHQJD3IW74R509k0nbTKr_w,UCmAYx8Wy4IXxBwNZAcc-3Fg,Undirected,1,1
UCmAYx8Wy4IXxBwNZAcc-3Fg,UCo8b-0nKwdFMHg1x8hHTOEQ,Undirected,1,1
UC-3qYQ5ESEYs-7qz-nhL__g,UC7iIwmiLHXUQy88PTYpRtAA,Undirected,1,1
UC-3qYQ5ESEYs-7qz-nhL__g,UCSNOIKGaKvvJEzQSlpjjB-Q,Undirected,1,1
UC-3qYQ5ESEYs-7qz-nhL__g,UChGJl-rLmEonGgIwxJgSRgA,Undirected,1,1
UC-3qYQ5ESEYs-7qz-nhL__g,UCo8b-0nKwdFMHg1x8hHTOEQ,Undirected,1,1
UC-3qYQ5ESEYs-7qz-nhL__g,UCy3XqyXzywNL3tBGFkmtppw,Undirected,1,1
UC7iIwmiLHXUQy88PTYpRtAA,UCSNOIKGaKvvJEzQSlpjjB-Q,Undirected,1,1
UC7iIwmiLHXUQy88PTYpRtAA,UChGJl-rLmEonGgIwxJgSRgA,Undirected,1,1
UC7iIwmiLHXUQy88PTYpRtAA,UCy3XqyXzywNL3tBGFkmtppw,Undirected,1,1
UCSNOIKGaKvvJEzQSlpjjB-Q,UChGJl-rLmEonGgIwxJgSRgA,Undirected,1,1
UCSNOIKGaKvvJEzQSlpjjB-Q,UCo8b-0nKwdFMHg1x8hHTOEQ,Undirected,2,2
UCSNOIKGaKvvJEzQSlpjjB-Q,UCy3XqyXzywNL3tBGFkmtppw,Undirected,1,1
UChGJl-rLmEonGgIwxJgSRgA,UCo8b-0nKwdFMHg1x8hHTOEQ,Undirected,1,1
UChGJl-rLmEonGgIwxJgSRgA,UCy3XqyXzywNL3tBGFkmtppw,Undirected,1,1
UC2E-MAJV0UK0Z_we3dbwukA,UCGsz7IyhbV8RwmVzHqv-1pw,Undirected,1,1
UC2E-MAJV0UK0Z_we3dbwukA,UCp1hnfE3mv95pl0R6XHwUGQ,Undirected,1,1
UCGsz7IyhbV8RwmVzHqv-1pw,UCHQJD3IW74R509k0nbTKr_w,Undirected,1,1
UCGsz7IyhbV8RwmVzHqv-1pw,UCSNOIKGaKvvJEzQSlpjjB-Q,Undirected,1,1
UCGsz7IyhbV8RwmVzHqv-1pw,UCo8b-0nKwdFMHg1x8hHTOEQ,Undirected,1,1
UCGsz7IyhbV8RwmVzHqv-1pw,UCp1hnfE3mv95pl0R6XHwUGQ,Undirected,1,1
UCHQJD3IW74R509k0nbTKr_w,UCSNOIKGaKvvJEzQSlpjjB-Q,Undirected,1,1
UCHQJD3IW74R509k0nbTKr_w,UCp1hnfE3mv95pl0R6XHwUGQ,Undirected,1,1
UCSNOIKGaKvvJEzQSlpjjB-Q,UCp1hnfE3mv95pl0R6XHwUGQ,Undirected,1,1
UCo8b-0nKwdFMHg1x8hHTOEQ,UCp1hnfE3mv95pl0R6XHwUGQ,Undirected,1,1
UCDWOGiHxu_kOe2IsKV7kF0g,UCGnqFQAc4yOM-2iLPqIihQg,Undirected,1,1
UCDWOGiHxu_kOe2IsKV7kF0g,UCgVyGvdtFy06VdoFHWFSA4g,Undirected,1,1
UCDWOGiHxu_kOe2IsKV7kF0g,UCo8b-0nKwdFMHg1x8hHTOEQ,Undirected,1,1
UCGnqFQAc4yOM-2iLPqIihQg,UCgVyGvdtFy06VdoFHWFSA4g,Undirected,1,1
UCgVyGvdtFy06VdoFHWFSA4g,UCo8b-0nKwdFMHg1x8hHTOEQ,Undirected,2,2
UC5akOhxdDIU3gZTJSmv_Wgg,UCHQJD3IW74R509k0nbTKr_w,Undirected,1,1
UC5akOhxdDIU3gZTJSmv_Wgg,UCi-q7y_Y_ivk5krWhk4MX5Q,Undirected,1,1
UC5akOhxdDIU3gZTJSmv_Wgg,UCo8b-0nKwdFMHg1x8hHTOEQ,Undirected,1,1
UCHQJD3IW74R509k0nbTKr_w,UCi-q7y_Y_ivk5krWhk4MX5Q,Undirected,1,1
UCHXy48aYSYeRaBuMOedwxAQ,UCYfwqXM_RH9o1b5eDlqDA9w,Undirected,3,3
UCHXy48aYSYeRaBuMOedwxAQ,UC_S_Dho26-L_V5B-gKirM-g,Undirected,1,1
UCYfwqXM_RH9o1b5eDlqDA9w,UC_S_Dho26-L_V5B-gKirM-g,Undirected,1,1
UCHXy48aYSYeRaBuMOedwxAQ,UCx1IRonk2K6dv9awmxWVlfQ,Undirected,1,1
UCYfwqXM_RH9o1b5eDlqDA9w,UCx1IRonk2K6dv9awmxWVlfQ,Undirected,1,1
UCHXy48aYSYeRaBuMOedwxAQ,UCRXaOr2-9CJTMqQH5A5GYZQ,Undirected,1,1
UCRXaOr2-9CJTMqQH5A5GYZQ,UCYfwqXM_RH9o1b5eDlqDA9w,Undirected,1,1
UCHXy48aYSYeRaBuMOedwxAQ,UCyacMWc-JhzX6iq2PCF-4jw,Undirected,1,1
UC6gzgtR4PnwrA7O4dPWV2QQ,UCHXy48aYSYeRaBuMOedwxAQ,Undirected,1,1
UC32Qa2vczFNupEFfr02mTeQ,UCJS8RkCXgYHSrYPO6UaUP0Q,Undirected,8,8
UC32Qa2vczFNupEFfr02mTeQ,UCuBOZcsAsD71qt-cIU07wKw,Undirected,1,1
UCJS8RkCXgYHSrYPO6UaUP0Q,UCuBOZcsAsD71qt-cIU07wKw,Undirected,1,1
UCJS8RkCXgYHSrYPO6UaUP0Q,UCz67JGLSLjT7IlI6Hw7J2NQ,Undirected,1,1
UC01zPOisyi57EmRaci9CBAg,UCJS8RkCXgYHSrYPO6UaUP0Q,Undirected,1,1
UC01zPOisyi57EmRaci9CBAg,UCT7u_4qwBmIjr5mhhgdpB9A,Undirected,1,1
UCJS8RkCXgYHSrYPO6UaUP0Q,UCT7u_4qwBmIjr5mhhgdpB9A,Undirected,1,1
UC32Qa2vczFNupEFfr02mTeQ,UCnF90orO3D1vBRzkO9H2hxQ,Undirected,2,2
UCJS8RkCXgYHSrYPO6UaUP0Q,UCnF90orO3D1vBRzkO9H2hxQ,Undirected,1,1
UCYwwzX5CMc46DpMq1yHPy3Q,UCaCuoeoD67g8wWzI_bsvWKw,Undirected,6,6
UCYwwzX5CMc46DpMq1yHPy3Q,UCdul1KtejTwOIYevouD2wSg,Undirected,2,2
UCYwwzX5CMc46DpMq1yHPy3Q,UCgP3GbgbuVzAhlctGU5yuPA,Undirected,1,1
UCaCuoeoD67g8wWzI_bsvWKw,UCdul1KtejTwOIYevouD2wSg,Undirected,2,2
UCaCuoeoD67g8wWzI_bsvWKw,UCgP3GbgbuVzAhlctGU5yuPA,Undirected,1,1
UCdul1KtejTwOIYevouD2wSg,UCgP3GbgbuVzAhlctGU5yuPA,Undirected,1,1
UCIwFjwMjI0y7PDBVEO9-bkQ,UCYwwzX5CMc46DpMq1yHPy3Q,Undirected,1,1
UCIwFjwMjI0y7PDBVEO9-bkQ,UCaCuoeoD67g8wWzI_bsvWKw,Undirected,1,1
UCIwFjwMjI0y7PDBVEO9-bkQ,UCdul1KtejTwOIYevouD2wSg,Undirected,1,1
UC25MbIGo_hLcyFCI8UbVbsA,UCYwwzX5CMc46DpMq1yHPy3Q,Undirected,1,1
UC25MbIGo_hLcyFCI8UbVbsA,UCaCuoeoD67g8wWzI_bsvWKw,Undirected,1,1
UC32Qa2vczFNupEFfr02mTeQ,UCT7u_4qwBmIjr5mhhgdpB9A,Undirected,1,1
UC32Qa2vczFNupEFfr02mTeQ,UCaCuoeoD67g8wWzI_bsvWKw,Undirected,1,1
UCT7u_4qwBmIjr5mhhgdpB9A,UCaCuoeoD67g8wWzI_bsvWKw,Undirected,1,1
UCYwwzX5CMc46DpMq1yHPy3Q,UCh8ohZaTRfvQpn1ZWlvdSyg,Undirected,1,1
UCaCuoeoD67g8wWzI_bsvWKw,UCh8ohZaTRfvQpn1ZWlvdSyg,Undirected,1,1
UCYwwzX5CMc46DpMq1yHPy3Q,UCdWvmX1WinPz98UKKT2nIxg,Undirected,1,1
UCYwwzX5CMc46DpMq1yHPy3Q,UCfdFNsR_tvF8bwp0KhMaJZQ,Undirected,1,1
UCaCuoeoD67g8wWzI_bsvWKw,UCdWvmX1WinPz98UKKT2nIxg,Undirected,1,1
UCaCuoeoD67g8wWzI_bsvWKw,UCfdFNsR_tvF8bwp0KhMaJZQ,Undirected,1,1
UCdWvmX1WinPz98UKKT2nIxg,UCfdFNsR_tvF8bwp0KhMaJZQ,Undirected,1,1
UCCK072ns5Bt1nYqX1CoaZ-g,UCaCuoeoD67g8wWzI_bsvWKw,Undirected,1,1
UCYwwzX5CMc46DpMq1yHPy3Q,UCaw0rNYSe89OPzix05flcsg,Undirected,2,2
UCaCuoeoD67g8wWzI_bsvWKw,UCaw0rNYSe89OPzix05flcsg,Undirected,1,1
UC6pM_fjt__KO-KS61goPlGQ,UCdTnJMrLiC_PTVjNWMQ7vrg,Undirected,1,1
UC6pM_fjt__KO-KS61goPlGQ,UCnbip8cn_uACSX_ADT0CflA,Undirected,5,5
UCdTnJMrLiC_PTVjNWMQ7vrg,UCnbip8cn_uACSX_ADT0CflA,Undirected,1,1
UC2PeMPA8PAOp-bynLoCeMLA,UC6pM_fjt__KO-KS61goPlGQ,Undirected,2,2
UC2PeMPA8PAOp-bynLoCeMLA,UCnbip8cn_uACSX_ADT0CflA,Undirected,2,2
UC6pM_fjt__KO-KS61goPlGQ,UCiS882YPwZt1NfaM0gR0D9Q,Undirected,1,1
UCiS882YPwZt1NfaM0gR0D9Q,UCnbip8cn_uACSX_ADT0CflA,Undirected,1,1
UC5WWwx-zHWs0TQZMU-wF02g,UCf946EqWivpr4ei3CYWkP8Q,Undirected,1,1
UC5WWwx-zHWs0TQZMU-wF02g,UCkB8HnJSDSJ2hkLQFUc-YrQ,Undirected,1,1
UC5WWwx-zHWs0TQZMU-wF02g,UCnbip8cn_uACSX_ADT0CflA,Undirected,1,1
UCf946EqWivpr4ei3CYWkP8Q,UCkB8HnJSDSJ2hkLQFUc-YrQ,Undirected,1,1
UCf946EqWivpr4ei3CYWkP8Q,UCnbip8cn_uACSX_ADT0CflA,Undirected,1,1
UCkB8HnJSDSJ2hkLQFUc-YrQ,UCnbip8cn_uACSX_ADT0CflA,Undirected,1,1
UC2PeMPA8PAOp-bynLoCeMLA,UCemWUaSsUwgeYpGfkbvSQjg,Undirected,1,1
UC6pM_fjt__KO-KS61goPlGQ,UCemWUaSsUwgeYpGfkbvSQjg,Undirected,1,1
UCemWUaSsUwgeYpGfkbvSQjg,UCnbip8cn_uACSX_ADT0CflA,Undirected,1,1
UCjLEmnpCNeisMxy134KPwWw,UCnbip8cn_uACSX_ADT0CflA,Undirected,2,2
UC6pM_fjt__KO-KS61goPlGQ,UCOQye-L7SZ4-NHrJBp6YAkA,Undirected,1,1
UC6pM_fjt__KO-KS61goPlGQ,UCYonnZSZPYSSJ1zwDRSj3Uw,Undirected,1,1
UCOQye-L7SZ4-NHrJBp6YAkA,UCYonnZSZPYSSJ1zwDRSj3Uw,Undirected,1,1
UCOQye-L7SZ4-NHrJBp6YAkA,UCnbip8cn_uACSX_ADT0CflA,Undirected,1,1
UCYonnZSZPYSSJ1zwDRSj3Uw,UCnbip8cn_uACSX_ADT0CflA,Undirected,1,1
UC4GXMHCwmONp6XFRB5SayAg,UC5CwaMl1eIgY8h02uZw7u8A,Undirected,1,1
UC4GXMHCwmONp6XFRB5SayAg,UCnbip8cn_uACSX_ADT0CflA,Undirected,1,1
UC5CwaMl1eIgY8h02uZw7u8A,UCjLEmnpCNeisMxy134KPwWw,Undirected,1,1
UC5CwaMl1eIgY8h02uZw7u8A,UCnbip8cn_uACSX_ADT0CflA,Undirected,1,1
UCFOcxt77M_pebCbSxBsrwZA,UCKppxpSfuXRWMmGbFN2ZUEQ,Undirected,5,5
UCFOcxt77M_pebCbSxBsrwZA,UCvpredjG93ifbCP1Y77JyFA,Undirected,1,1
UCKppxpSfuXRWMmGbFN2ZUEQ,UCvpredjG93ifbCP1Y77JyFA,Undirected,1,1
UCFOcxt77M_pebCbSxBsrwZA,UCdIA3_m9b1gEsjPr211lS7A,Undirected,1,1
UCFOcxt77M_pebCbSxBsrwZA,UCdt9QfUqyRhovK2W68-xktg,Undirected,1,1
UCdIA3_m9b1gEsjPr211lS7A,UCdt9QfUqyRhovK2W68-xktg,Undirected,1,1
UC65YjvB_xdnzvaQEOoVjHNg,UC8UGx8xLoQ-w8PmrRDIUu3g,Undirected,1,1
UC65YjvB_xdnzvaQEOoVjHNg,UCFOcxt77M_pebCbSxBsrwZA,Undirected,1,1
UC65YjvB_xdnzvaQEOoVjHNg,UCKppxpSfuXRWMmGbFN2ZUEQ,Undirected,1,1
UC65YjvB_xdnzvaQEOoVjHNg,UCln9P4Qm3-EAY4aiEPmRwEA,Undirected,1,1
UC65YjvB_xdnzvaQEOoVjHNg,UCrcuTVIDYfOeY8_EBz99gpQ,Undirected,1,1
UC8UGx8xLoQ-w8PmrRDIUu3g,UCFOcxt77M_pebCbSxBsrwZA,Undirected,3,3
UC8UGx8xLoQ-w8PmrRDIUu3g,UCKppxpSfuXRWMmGbFN2ZUEQ,Undirected,2,2
UC8UGx8xLoQ-w8PmrRDIUu3g,UCln9P4Qm3-EAY4aiEPmRwEA,Undirected,1,1
UC8UGx8xLoQ-w8PmrRDIUu3g,UCrcuTVIDYfOeY8_EBz99gpQ,Undirected,1,1
UCFOcxt77M_pebCbSxBsrwZA,UCln9P4Qm3-EAY4aiEPmRwEA,Undirected,2,2
UCFOcxt77M_pebCbSxBsrwZA,UCrcuTVIDYfOeY8_EBz99gpQ,Undirected,1,1
UCKppxpSfuXRWMmGbFN2ZUEQ,UCln9P4Qm3-EAY4aiEPmRwEA,Undirected,1,1
UCKppxpSfuXRWMmGbFN2ZUEQ,UCrcuTVIDYfOeY8_EBz99gpQ,Undirected,1,1
UCln9P4Qm3-EAY4aiEPmRwEA,UCrcuTVIDYfOeY8_EBz99gpQ,Undirected,1,1
UC8UGx8xLoQ-w8PmrRDIUu3g,UCYwwzX5CMc46DpMq1yHPy3Q,Undirected,2,2
UC8UGx8xLoQ-w8PmrRDIUu3g,UCaw0rNYSe89OPzix05flcsg,Undirected,1,1
UCFOcxt77M_pebCbSxBsrwZA,UCYwwzX5CMc46DpMq1yHPy3Q,Undirected,5,5
UCFOcxt77M_pebCbSxBsrwZA,UCaw0rNYSe89OPzix05flcsg,Undirected,1,1
UCKppxpSfuXRWMmGbFN2ZUEQ,UCYwwzX5CMc46DpMq1yHPy3Q,Undirected,1,1
UCKppxpSfuXRWMmGbFN2ZUEQ,UCaw0rNYSe89OPzix05flcsg,Undirected,1,1
UCEc1YzMOSKKtJD7H-q71HgQ,UCFOcxt77M_pebCbSxBsrwZA,Undirected,1,1
UCEc1YzMOSKKtJD7H-q71HgQ,UCYwwzX5CMc46DpMq1yHPy3Q,Undirected,1,1
UCEc1YzMOSKKtJD7H-q71HgQ,UChdXqecYJK9a8g4XI1wuxjA,Undirected,1,1
UCFOcxt77M_pebCbSxBsrwZA,UChdXqecYJK9a8g4XI1wuxjA,Undirected,1,1
UCYwwzX5CMc46DpMq1yHPy3Q,UChdXqecYJK9a8g4XI1wuxjA,Undirected,1,1
UCFOcxt77M_pebCbSxBsrwZA,UCTx_ayciDLzGiFN1PuEuc4g,Undirected,1,1
UCFOcxt77M_pebCbSxBsrwZA,UCfdFNsR_tvF8bwp0KhMaJZQ,Undirected,1,1
UCFOcxt77M_pebCbSxBsrwZA,UCoJWOIuyOqHA2_hlGAb97DQ,Undirected,1,1
UCKppxpSfuXRWMmGbFN2ZUEQ,UCTx_ayciDLzGiFN1PuEuc4g,Undirected,1,1
UCKppxpSfuXRWMmGbFN2ZUEQ,UCfdFNsR_tvF8bwp0KhMaJZQ,Undirected,1,1
UCKppxpSfuXRWMmGbFN2ZUEQ,UCoJWOIuyOqHA2_hlGAb97DQ,Undirected,1,1
UCTx_ayciDLzGiFN1PuEuc4g,UCfdFNsR_tvF8bwp0KhMaJZQ,Undirected,1,1
UCTx_ayciDLzGiFN1PuEuc4g,UCoJWOIuyOqHA2_hlGAb97DQ,Undirected,1,1
UCfdFNsR_tvF8bwp0KhMaJZQ,UCoJWOIuyOqHA2_hlGAb97DQ,Undirected,1,1
UC8UGx8xLoQ-w8PmrRDIUu3g,UCbJM_Y06iuUOl3hVPqYcvng,Undirected,1,1
UCFOcxt77M_pebCbSxBsrwZA,UCbJM_Y06iuUOl3hVPqYcvng,Undirected,2,2
UCYwwzX5CMc46DpMq1yHPy3Q,UCbJM_Y06iuUOl3hVPqYcvng,Undirected,1,1
UCFOcxt77M_pebCbSxBsrwZA,UCPNz1U9erM08PMmpa8eT71g,Undirected,1,1
UCFOcxt77M_pebCbSxBsrwZA,UCw4oC8BM2zK5KRKMnJ5IfIw,Undirected,1,1
UCKppxpSfuXRWMmGbFN2ZUEQ,UCPNz1U9erM08PMmpa8eT71g,Undirected,1,1
UCKppxpSfuXRWMmGbFN2ZUEQ,UCbJM_Y06iuUOl3hVPqYcvng,Undirected,1,1
UCKppxpSfuXRWMmGbFN2ZUEQ,UCw4oC8BM2zK5KRKMnJ5IfIw,Undirected,1,1
UCPNz1U9erM08PMmpa8eT71g,UCbJM_Y06iuUOl3hVPqYcvng,Undirected,1,1
UCPNz1U9erM08PMmpa8eT71g,UCw4oC8BM2zK5KRKMnJ5IfIw,Undirected,1,1
UCbJM_Y06iuUOl3hVPqYcvng,UCw4oC8BM2zK5KRKMnJ5IfIw,Undirected,1,1
UCFOcxt77M_pebCbSxBsrwZA,UCch9Dmg5Juwp8MZGvAmAp4Q,Undirected,1,1
UCYwwzX5CMc46DpMq1yHPy3Q,UCch9Dmg5Juwp8MZGvAmAp4Q,Undirected,1,1
UCYwwzX5CMc46DpMq1yHPy3Q,UCln9P4Qm3-EAY4aiEPmRwEA,Undirected,1,1
UC32Qa2vczFNupEFfr02mTeQ,UCD2ypMeKcZUECvJzJpBlb9w,Undirected,4,4
UC32Qa2vczFNupEFfr02mTeQ,UCFOcxt77M_pebCbSxBsrwZA,Undirected,3,3
UC32Qa2vczFNupEFfr02mTeQ,UCatXx9LPplqgFVSIuLy6XPw,Undirected,3,3
UC32Qa2vczFNupEFfr02mTeQ,UCnbip8cn_uACSX_ADT0CflA,Undirected,3,3
UCgP3GbgbuVzAhlctGU5yuPA,UCxWKH_N5Iw0_4MuWmeC1a6g,Undirected,1,1
UCA9T9gGToIod7Q1fNNb1Q4g,UCMrrA4mjaYpt2FH6QnEP8nw,Undirected,2,2
UCDdW5GYI5OUphOvfy7An_ew,UCq6m0VAIJQYf5iFjharyiDQ,Undirected,1,1
UCLxt0pm5sFwh2K-Qs0W-qrg,UCSgY4JSNSZek4GYyaNabZew,Undirected,2,2
UCLxt0pm5sFwh2K-Qs0W-qrg,UCq6m0VAIJQYf5iFjharyiDQ,Undirected,2,2
UCSgY4JSNSZek4GYyaNabZew,UCq6m0VAIJQYf5iFjharyiDQ,Undirected,2,2
UCJlLdDxkFHtxY9IhVWJuK-w,UCzA0s7UPiLgjHsP2dUTRa5A,Undirected,1,1
UC2yTh7Leliw3dzN7r_RuUnw,UC7r2M7OWT6wojP7EgGGB8_g,Undirected,1,1
UC2yTh7Leliw3dzN7r_RuUnw,UCDV5PZep5Wk4JL5XFTU8wNg,Undirected,1,1
UC2yTh7Leliw3dzN7r_RuUnw,UCSAiKB2l3xVfe6n8eO6VvhQ,Undirected,1,1
UC2yTh7Leliw3dzN7r_RuUnw,UCzA0s7UPiLgjHsP2dUTRa5A,Undirected,2,2
UC7r2M7OWT6wojP7EgGGB8_g,UCDV5PZep5Wk4JL5XFTU8wNg,Undirected,1,1
UC7r2M7OWT6wojP7EgGGB8_g,UCSAiKB2l3xVfe6n8eO6VvhQ,Undirected,1,1
UC7r2M7OWT6wojP7EgGGB8_g,UCzA0s7UPiLgjHsP2dUTRa5A,Undirected,1,1
UCDV5PZep5Wk4JL5XFTU8wNg,UCSAiKB2l3xVfe6n8eO6VvhQ,Undirected,1,1
UCDV5PZep5Wk4JL5XFTU8wNg,UCzA0s7UPiLgjHsP2dUTRa5A,Undirected,1,1
UCSAiKB2l3xVfe6n8eO6VvhQ,UCzA0s7UPiLgjHsP2dUTRa5A,Undirected,1,1
UCR3mFffKgJKKY6Byf7GKU0g,UCpNGw0hSa6BdZfPtsre5hvQ,Undirected,1,1
UCR3mFffKgJKKY6Byf7GKU0g,UCucP-ebgl1AmfKT5xL29U3Q,Undirected,1,1
UCR3mFffKgJKKY6Byf7GKU0g,UCzA0s7UPiLgjHsP2dUTRa5A,Undirected,1,1
UCpNGw0hSa6BdZfPtsre5hvQ,UCucP-ebgl1AmfKT5xL29U3Q,Undirected,1,1
UCpNGw0hSa6BdZfPtsre5hvQ,UCzA0s7UPiLgjHsP2dUTRa5A,Undirected,2,2
UCucP-ebgl1AmfKT5xL29U3Q,UCzA0s7UPiLgjHsP2dUTRa5A,Undirected,1,1
UC10BM9XdLdrvB8japwmRUvA,UC7By-GvQxKNakmNkKQsQABA,Undirected,1,1
UC10BM9XdLdrvB8japwmRUvA,UCZX96EI7UOhGAUiZYuCs1Lw,Undirected,1,1
UC10BM9XdLdrvB8japwmRUvA,UCpNGw0hSa6BdZfPtsre5hvQ,Undirected,1,1
UC10BM9XdLdrvB8japwmRUvA,UCzA0s7UPiLgjHsP2dUTRa5A,Undirected,1,1
UC7By-GvQxKNakmNkKQsQABA,UCZX96EI7UOhGAUiZYuCs1Lw,Undirected,1,1
UC7By-GvQxKNakmNkKQsQABA,UCpNGw0hSa6BdZfPtsre5hvQ,Undirected,1,1
UC7By-GvQxKNakmNkKQsQABA,UCzA0s7UPiLgjHsP2dUTRa5A,Undirected,1,1
UCZX96EI7UOhGAUiZYuCs1Lw,UCpNGw0hSa6BdZfPtsre5hvQ,Undirected,1,1
UCZX96EI7UOhGAUiZYuCs1Lw,UCzA0s7UPiLgjHsP2dUTRa5A,Undirected,1,1
UC2yTh7Leliw3dzN7r_RuUnw,UCuNlrb3G0BLLDbwhz7EqF8w,Undirected,1,1
UCuNlrb3G0BLLDbwhz7EqF8w,UCzA0s7UPiLgjHsP2dUTRa5A,Undirected,1,1
UCbTZMuPZmULogYao8mHevYw,UCzA0s7UPiLgjHsP2dUTRa5A,Undirected,1,1
UC6L5nMDS15ReWfyrAPqr-VQ,UC70KC06PCCjE33OW6JpbMiQ,Undirected,1,1
UC6L5nMDS15ReWfyrAPqr-VQ,UC9UHK5vqT0aZZDADyFWteyQ,Undirected,1,1
UC6L5nMDS15ReWfyrAPqr-VQ,UCzA0s7UPiLgjHsP2dUTRa5A,Undirected,1,1
UC9UHK5vqT0aZZDADyFWteyQ,UCzA0s7UPiLgjHsP2dUTRa5A,Undirected,1,1
UCVT7E4zdyUwyKiIrUgQ07DA,UCns07oxj-Lo4Oo-dN1e8CKA,Undirected,1,1
UCns07oxj-Lo4Oo-dN1e8CKA,UCyDQKOgEjuIiuPXctcuQKlg,Undirected,1,1
UC1wY7eZbkt38PeLLQ5CpIOw,UCZfl3VUKKGhO1pTyKD88q-A,Undirected,1,1
UC1wY7eZbkt38PeLLQ5CpIOw,UC_iTwYnjVJvJURFPURA8dQA,Undirected,1,1
UC1wY7eZbkt38PeLLQ5CpIOw,UCqeHbI0rfexnHhhEgrg8Exg,Undirected,1,1
UC1wY7eZbkt38PeLLQ5CpIOw,UCuUWyJYmhWrriJTAbO1P6Bg,Undirected,1,1
UCZfl3VUKKGhO1pTyKD88q-A,UC_iTwYnjVJvJURFPURA8dQA,Undirected,2,2
UCZfl3VUKKGhO1pTyKD88q-A,UCqeHbI0rfexnHhhEgrg8Exg,Undirected,2,2
UCZfl3VUKKGhO1pTyKD88q-A,UCuUWyJYmhWrriJTAbO1P6Bg,Undirected,2,2
UC_iTwYnjVJvJURFPURA8dQA,UCqeHbI0rfexnHhhEgrg8Exg,Undirected,1,1
UC_iTwYnjVJvJURFPURA8dQA,UCuUWyJYmhWrriJTAbO1P6Bg,Undirected,2,2
UCqeHbI0rfexnHhhEgrg8Exg,UCuUWyJYmhWrriJTAbO1P6Bg,Undirected,1,1
UCVMmBsIBWUKxkqpmAMEZPlw,UCZfl3VUKKGhO1pTyKD88q-A,Undirected,1,1
UCFgYlgzh0nQXbMICgpDaKig,UCZfl3VUKKGhO1pTyKD88q-A,Undirected,1,1
UCFgYlgzh0nQXbMICgpDaKig,UCmkTBtGbf0gSPnHN_slNrOQ,Undirected,1,1
UCFgYlgzh0nQXbMICgpDaKig,UCoEYJF9EZ01ev077gyZmrOg,Undirected,1,1
UCFgYlgzh0nQXbMICgpDaKig,UCqeHbI0rfexnHhhEgrg8Exg,Undirected,1,1
UCFgYlgzh0nQXbMICgpDaKig,UCwUsZ3K6ZJPqRKceUU8YZ3Q,Undirected,1,1
UCZfl3VUKKGhO1pTyKD88q-A,UCoEYJF9EZ01ev077gyZmrOg,Undirected,1,1
UCZfl3VUKKGhO1pTyKD88q-A,UCwUsZ3K6ZJPqRKceUU8YZ3Q,Undirected,1,1
UCmkTBtGbf0gSPnHN_slNrOQ,UCoEYJF9EZ01ev077gyZmrOg,Undirected,1,1
UCmkTBtGbf0gSPnHN_slNrOQ,UCqeHbI0rfexnHhhEgrg8Exg,Undirected,1,1
UCmkTBtGbf0gSPnHN_slNrOQ,UCwUsZ3K6ZJPqRKceUU8YZ3Q,Undirected,1,1
UCoEYJF9EZ01ev077gyZmrOg,UCqeHbI0rfexnHhhEgrg8Exg,Undirected,1,1
UCoEYJF9EZ01ev077gyZmrOg,UCwUsZ3K6ZJPqRKceUU8YZ3Q,Undirected,1,1
UCqeHbI0rfexnHhhEgrg8Exg,UCwUsZ3K6ZJPqRKceUU8YZ3Q,Undirected,1,1
UCZfl3VUKKGhO1pTyKD88q-A,UCpRLi63Nu9KZuEFvHvdGprQ,Undirected,1,1
UCZfl3VUKKGhO1pTyKD88q-A,UCfguohQ13Uez5UWqJbZA5Qg,Undirected,1,1
UCZfl3VUKKGhO1pTyKD88q-A,UCg19N_xEATl7XPmTgvchbFA,Undirected,1,1
UCYi97rWysHQHsIgTRmi0Phg,UCdhSDqyhifxMpuMprX2fmeg,Undirected,2,2
UCYi97rWysHQHsIgTRmi0Phg,UCfqX6XvqeKIzJLxc-8s2pCg,Undirected,2,2
UCFrhNDuIwI46cxoiWmvuJBQ,UCYi97rWysHQHsIgTRmi0Phg,Undirected,1,1
UCFrhNDuIwI46cxoiWmvuJBQ,UCfqX6XvqeKIzJLxc-8s2pCg,Undirected,1,1
UCPqlWiyJqCSS5qWD50GBfgA,UCYi97rWysHQHsIgTRmi0Phg,Undirected,2,2
UC2btfGWRrDc8N_nDvG91vrg,UC_Kgd2nzUMetFxEHdH3x8KA,Undirected,1,1
UC2btfGWRrDc8N_nDvG91vrg,UCqCPrll5YYAARUFBKZTnVqw,Undirected,1,1
UC2btfGWRrDc8N_nDvG91vrg,UCt-7kUDKZODDnYcb6HW8ajw,Undirected,1,1
UC2QQ8NYbWkQqS-KlmNzOqXA,UCNlGnS9rcKfQG_5h1V6TfJQ,Undirected,1,1
UC2QQ8NYbWkQqS-KlmNzOqXA,UCLeD7cJ5M-c9y5-rPw2EsVQ,Undirected,1,1
UC2QQ8NYbWkQqS-KlmNzOqXA,UCTr0VOWDDZAR1ij4CjkD0VA,Undirected,1,1
UCLam0VF0cRczAQZKZxwg7ZA,UCSPDcFvsoIVx2uJ0QKY6TDQ,Undirected,1,1
UCLam0VF0cRczAQZKZxwg7ZA,UCe1GhX-KqmGFcWkFgkyMwRw,Undirected,1,1
UCLam0VF0cRczAQZKZxwg7ZA,UClN12dGsP5V-rU8xiWxISHA,Undirected,1,1
UCSPDcFvsoIVx2uJ0QKY6TDQ,UCe1GhX-KqmGFcWkFgkyMwRw,Undirected,1,1
UCSPDcFvsoIVx2uJ0QKY6TDQ,UClN12dGsP5V-rU8xiWxISHA,Undirected,1,1
UCe1GhX-KqmGFcWkFgkyMwRw,UClN12dGsP5V-rU8xiWxISHA,Undirected,1,1
UCA4SLuLx18m0eZuOvm_wlwQ,UCBwXLkk3ic69gqiJz8HktIw,Undirected,1,1
UCA4SLuLx18m0eZuOvm_wlwQ,UCLam0VF0cRczAQZKZxwg7ZA,Undirected,1,1
UCBwXLkk3ic69gqiJz8HktIw,UCLam0VF0cRczAQZKZxwg7ZA,Undirected,1,1
UCLam0VF0cRczAQZKZxwg7ZA,UCuuUbLYqL2Z2DPQuibBIixA,Undirected,2,2
UCD6gRf04IeY7JInEAD1wRHA,UCJlLdDxkFHtxY9IhVWJuK-w,Undirected,1,1
UCD6gRf04IeY7JInEAD1wRHA,UCep27mxUiDB2XBOYeUma8dA,Undirected,1,1
UCD6gRf04IeY7JInEAD1wRHA,UCq6m0VAIJQYf5iFjharyiDQ,Undirected,2,2
UCJlLdDxkFHtxY9IhVWJuK-w,UCep27mxUiDB2XBOYeUma8dA,Undirected,1,1
UCJlLdDxkFHtxY9IhVWJuK-w,UCq6m0VAIJQYf5iFjharyiDQ,Undirected,1,1
UC70KC06PCCjE33OW6JpbMiQ,UCMDrBcWP7r-fXX3XOy06Smw,Undirected,1,1
UC70KC06PCCjE33OW6JpbMiQ,UCdUeCfLZu5sEM_9QCRDjm4A,Undirected,1,1
UCD6gRf04IeY7JInEAD1wRHA,UCMDrBcWP7r-fXX3XOy06Smw,Undirected,1,1
UCD6gRf04IeY7JInEAD1wRHA,UCdUeCfLZu5sEM_9QCRDjm4A,Undirected,1,1
UCMDrBcWP7r-fXX3XOy06Smw,UCdUeCfLZu5sEM_9QCRDjm4A,Undirected,1,1
UCD6gRf04IeY7JInEAD1wRHA,UCDRq9rLd6BDjNZ_Q3UZmhxA,Undirected,1,1
UCD6gRf04IeY7JInEAD1wRHA,UCUUzzC6n3fEIqgrDrvolnuQ,Undirected,1,1
UCD6gRf04IeY7JInEAD1wRHA,UCgrtbLQsox2EYtF0iVclZjA,Undirected,1,1
UCD6gRf04IeY7JInEAD1wRHA,UCk3FjyIa_T5bonkDrG4giWA,Undirected,1,1
UCD6gRf04IeY7JInEAD1wRHA,UCxXu4WI6AcROBT_zO0DgWEw,Undirected,1,1
UCDRq9rLd6BDjNZ_Q3UZmhxA,UCUUzzC6n3fEIqgrDrvolnuQ,Undirected,1,1
UCDRq9rLd6BDjNZ_Q3UZmhxA,UCgrtbLQsox2EYtF0iVclZjA,Undirected,1,1
UCDRq9rLd6BDjNZ_Q3UZmhxA,UCk3FjyIa_T5bonkDrG4giWA,Undirected,1,1
UCDRq9rLd6BDjNZ_Q3UZmhxA,UCxXu4WI6AcROBT_zO0DgWEw,Undirected,1,1
UCUUzzC6n3fEIqgrDrvolnuQ,UCgrtbLQsox2EYtF0iVclZjA,Undirected,1,1
UCUUzzC6n3fEIqgrDrvolnuQ,UCk3FjyIa_T5bonkDrG4giWA,Undirected,1,1
UCUUzzC6n3fEIqgrDrvolnuQ,UCxXu4WI6AcROBT_zO0DgWEw,Undirected,1,1
UCgrtbLQsox2EYtF0iVclZjA,UCk3FjyIa_T5bonkDrG4giWA,Undirected,1,1
UCgrtbLQsox2EYtF0iVclZjA,UCxXu4WI6AcROBT_zO0DgWEw,Undirected,1,1
UCk3FjyIa_T5bonkDrG4giWA,UCxXu4WI6AcROBT_zO0DgWEw,Undirected,1,1
UC-Oo8aK68a9_L3lxxqSr2TQ,UC9zurqZbII_zuEEYBaO3QzQ,Undirected,1,1
UC-Oo8aK68a9_L3lxxqSr2TQ,UCD6gRf04IeY7JInEAD1wRHA,Undirected,1,1
UC-Oo8aK68a9_L3lxxqSr2TQ,UCMfvOfKDSIeUvKkhCtgPWoQ,Undirected,1,1
UC-Oo8aK68a9_L3lxxqSr2TQ,UCXockhlMY9idwbFm_mPNQAA,Undirected,1,1
UC-Oo8aK68a9_L3lxxqSr2TQ,UCw4oC8BM2zK5KRKMnJ5IfIw,Undirected,1,1
UC9zurqZbII_zuEEYBaO3QzQ,UCD6gRf04IeY7JInEAD1wRHA,Undirected,1,1
UC9zurqZbII_zuEEYBaO3QzQ,UCMfvOfKDSIeUvKkhCtgPWoQ,Undirected,1,1
UC9zurqZbII_zuEEYBaO3QzQ,UCXockhlMY9idwbFm_mPNQAA,Undirected,1,1
UC9zurqZbII_zuEEYBaO3QzQ,UCw4oC8BM2zK5KRKMnJ5IfIw,Undirected,1,1
UCD6gRf04IeY7JInEAD1wRHA,UCMfvOfKDSIeUvKkhCtgPWoQ,Undirected,1,1
UCD6gRf04IeY7JInEAD1wRHA,UCXockhlMY9idwbFm_mPNQAA,Undirected,1,1
UCD6gRf04IeY7JInEAD1wRHA,UCw4oC8BM2zK5KRKMnJ5IfIw,Undirected,1,1
UCMfvOfKDSIeUvKkhCtgPWoQ,UCXockhlMY9idwbFm_mPNQAA,Undirected,1,1
UCMfvOfKDSIeUvKkhCtgPWoQ,UCw4oC8BM2zK5KRKMnJ5IfIw,Undirected,1,1
UCXockhlMY9idwbFm_mPNQAA,UCw4oC8BM2zK5KRKMnJ5IfIw,Undirected,1,1
UCD6gRf04IeY7JInEAD1wRHA,UCY47aDuWPpH18NJlidLg04A,Undirected,1,1
UCD6gRf04IeY7JInEAD1wRHA,UCfoUhBr5ysUpl9kqlfoIhlQ,Undirected,1,1
UCD6gRf04IeY7JInEAD1wRHA,UCf55YniOM5IU4aazqftUMuA,Undirected,1,1
UCf55YniOM5IU4aazqftUMuA,UCq6m0VAIJQYf5iFjharyiDQ,Undirected,1,1
UCf55YniOM5IU4aazqftUMuA,UCs0-pPllX1LRo1Uu5X00z9A,Undirected,2,2
UCq6m0VAIJQYf5iFjharyiDQ,UCs0-pPllX1LRo1Uu5X00z9A,Undirected,1,1
UC70KC06PCCjE33OW6JpbMiQ,UCQhDb4DdDIyVocU6WwvAAEA,Undirected,6,6
UCQhDb4DdDIyVocU6WwvAAEA,UCSAiKB2l3xVfe6n8eO6VvhQ,Undirected,1,1
UCDRq9rLd6BDjNZ_Q3UZmhxA,UCSAiKB2l3xVfe6n8eO6VvhQ,Undirected,2,2
UCDzT2ahM07g4np7Rf6fDa7A,UCSAiKB2l3xVfe6n8eO6VvhQ,Undirected,1,1
UCSAiKB2l3xVfe6n8eO6VvhQ,UCUXfRsEIJ9xO1DT7TbEWksw,Undirected,1,1
UCSAiKB2l3xVfe6n8eO6VvhQ,UCs5knpjw12MTr7diL56ayDw,Undirected,1,1
UCUXfRsEIJ9xO1DT7TbEWksw,UCs5knpjw12MTr7diL56ayDw,Undirected,1,1
UCSAiKB2l3xVfe6n8eO6VvhQ,UCs0-pPllX1LRo1Uu5X00z9A,Undirected,1,1
UCSAiKB2l3xVfe6n8eO6VvhQ,UCxkYm_7hqaUHTJzS35syn7A,Undirected,2,2
UCs0-pPllX1LRo1Uu5X00z9A,UCxkYm_7hqaUHTJzS35syn7A,Undirected,1,1
UCDRq9rLd6BDjNZ_Q3UZmhxA,UCkhxfhPabJqOjfF-mfJdf1g,Undirected,1,1
UCDRq9rLd6BDjNZ_Q3UZmhxA,UCxkYm_7hqaUHTJzS35syn7A,Undirected,1,1
UCSAiKB2l3xVfe6n8eO6VvhQ,UCkhxfhPabJqOjfF-mfJdf1g,Undirected,1,1
UCkhxfhPabJqOjfF-mfJdf1g,UCxkYm_7hqaUHTJzS35syn7A,Undirected,1,1
UC70KC06PCCjE33OW6JpbMiQ,UCep27mxUiDB2XBOYeUma8dA,Undirected,1,1
UCSAiKB2l3xVfe6n8eO6VvhQ,UCep27mxUiDB2XBOYeUma8dA,Undirected,1,1
UCSAiKB2l3xVfe6n8eO6VvhQ,UCkX_6yy5bWHFpzX7ayO6E7Q,Undirected,1,1
UC4KZqxRMS3RWG-OPx8n5MMA,UCSAiKB2l3xVfe6n8eO6VvhQ,Undirected,1,1
UC2yTh7Leliw3dzN7r_RuUnw,UCWZN7dgS2Ny-6sZk4IEARVw,Undirected,1,1
UC2yTh7Leliw3dzN7r_RuUnw,UCaq_YAt-87Of9TwZTTGJyyg,Undirected,1,1
UCWZN7dgS2Ny-6sZk4IEARVw,UCaq_YAt-87Of9TwZTTGJyyg,Undirected,1,1
UC2yTh7Leliw3dzN7r_RuUnw,UCH_22DnGxDLIu5fnQR6MeHw,Undirected,1,1
UC2yTh7Leliw3dzN7r_RuUnw,UCYMByU25Sq9TzS2FAGR8jhQ,Undirected,1,1
UCH_22DnGxDLIu5fnQR6MeHw,UCYMByU25Sq9TzS2FAGR8jhQ,Undirected,1,1
UC2yTh7Leliw3dzN7r_RuUnw,UC36Hhx1OYYdOFqMhgv8i5xQ,Undirected,1,1
UCcUtds473jpSlrM3XTgaO9w,UCkkCjOolP8j0msk0RCxMSLA,Undirected,1,1
UC47rNmkDcNgbOcM-2BwzJTQ,UCwMJFtRyZtDPupoqIYwn95g,Undirected,1,1
UC47rNmkDcNgbOcM-2BwzJTQ,UC5p3u7zr79oFMSxWTMtVp3Q,Undirected,2,2
UC47rNmkDcNgbOcM-2BwzJTQ,UCGhqxhovNfaPBpxfCruy9EA,Undirected,1,1
UC47rNmkDcNgbOcM-2BwzJTQ,UCIeSUTOTkF9Hs7q3SGcO-Ow,Undirected,1,1
UC47rNmkDcNgbOcM-2BwzJTQ,UCKu59gTZ_rdEmerdx5rV4Yg,Undirected,1,1
UC47rNmkDcNgbOcM-2BwzJTQ,UCR6qhsLpn62WVxCBK1dkLow,Undirected,2,2
UC5p3u7zr79oFMSxWTMtVp3Q,UCGhqxhovNfaPBpxfCruy9EA,Undirected,1,1
UC5p3u7zr79oFMSxWTMtVp3Q,UCIeSUTOTkF9Hs7q3SGcO-Ow,Undirected,1,1
UC5p3u7zr79oFMSxWTMtVp3Q,UCKu59gTZ_rdEmerdx5rV4Yg,Undirected,1,1
UC5p3u7zr79oFMSxWTMtVp3Q,UCR6qhsLpn62WVxCBK1dkLow,Undirected,2,2
UCGhqxhovNfaPBpxfCruy9EA,UCIeSUTOTkF9Hs7q3SGcO-Ow,Undirected,1,1
UCGhqxhovNfaPBpxfCruy9EA,UCKu59gTZ_rdEmerdx5rV4Yg,Undirected,1,1
UCGhqxhovNfaPBpxfCruy9EA,UCR6qhsLpn62WVxCBK1dkLow,Undirected,1,1
UCIeSUTOTkF9Hs7q3SGcO-Ow,UCKu59gTZ_rdEmerdx5rV4Yg,Undirected,1,1
UCIeSUTOTkF9Hs7q3SGcO-Ow,UCR6qhsLpn62WVxCBK1dkLow,Undirected,1,1
UCKu59gTZ_rdEmerdx5rV4Yg,UCR6qhsLpn62WVxCBK1dkLow,Undirected,1,1
UC47rNmkDcNgbOcM-2BwzJTQ,UCBURM8S4LH7cRZ0Clea9RDA,Undirected,1,1
UC47rNmkDcNgbOcM-2BwzJTQ,UCkieJGn3pgJikVW8gmMXE2w,Undirected,1,1
UC5p3u7zr79oFMSxWTMtVp3Q,UCBURM8S4LH7cRZ0Clea9RDA,Undirected,1,1
UC5p3u7zr79oFMSxWTMtVp3Q,UCkieJGn3pgJikVW8gmMXE2w,Undirected,1,1
UCBURM8S4LH7cRZ0Clea9RDA,UCR6qhsLpn62WVxCBK1dkLow,Undirected,1,1
UCBURM8S4LH7cRZ0Clea9RDA,UCkieJGn3pgJikVW8gmMXE2w,Undirected,1,1
UCR6qhsLpn62WVxCBK1dkLow,UCkieJGn3pgJikVW8gmMXE2w,Undirected,1,1
UC3Bjw_Ek1FTbhEKZsh9uo1w,UCs0-pPllX1LRo1Uu5X00z9A,Undirected,1,1
UC3Bjw_Ek1FTbhEKZsh9uo1w,UCw4oC8BM2zK5KRKMnJ5IfIw,Undirected,1,1
UCs0-pPllX1LRo1Uu5X00z9A,UCw4oC8BM2zK5KRKMnJ5IfIw,Undirected,3,3
UCEs9OSGJ5zTId6b3SLvpgYQ,UCs0-pPllX1LRo1Uu5X00z9A,Undirected,4,4
UCEs9OSGJ5zTId6b3SLvpgYQ,UCyhjGn46dsnjNjM8RN-5PAA,Undirected,1,1
UCs0-pPllX1LRo1Uu5X00z9A,UCyhjGn46dsnjNjM8RN-5PAA,Undirected,1,1
UCC-mxKzoZBBys475oah1EbQ,UCm0qsuAG6RN2FYKZ_r1nPyg,Undirected,1,1
UCC-mxKzoZBBys475oah1EbQ,UCs0-pPllX1LRo1Uu5X00z9A,Undirected,1,1
UCm0qsuAG6RN2FYKZ_r1nPyg,UCs0-pPllX1LRo1Uu5X00z9A,Undirected,1,1
UC7MvTslTWkE1HKNYkXiGv1Q,UCEs9OSGJ5zTId6b3SLvpgYQ,Undirected,1,1
UC7MvTslTWkE1HKNYkXiGv1Q,UCmlWvlqqOrRxaA6WecNIwew,Undirected,1,1
UC7MvTslTWkE1HKNYkXiGv1Q,UCs0-pPllX1LRo1Uu5X00z9A,Undirected,1,1
UCEs9OSGJ5zTId6b3SLvpgYQ,UCmlWvlqqOrRxaA6WecNIwew,Undirected,1,1
UCmlWvlqqOrRxaA6WecNIwew,UCs0-pPllX1LRo1Uu5X00z9A,Undirected,1,1
UCq_BVlZHqL5UdUwJOWnnAgw,UCs0-pPllX1LRo1Uu5X00z9A,Undirected,1,1
UCEc1YzMOSKKtJD7H-q71HgQ,UCjuV2sAsfqhm5tjwxKSsDvw,Undirected,1,1
UCEc1YzMOSKKtJD7H-q71HgQ,UCs0-pPllX1LRo1Uu5X00z9A,Undirected,1,1
UCjuV2sAsfqhm5tjwxKSsDvw,UCs0-pPllX1LRo1Uu5X00z9A,Undirected,2,2
UC2tN8yIRVdZ8-Ig2REhPPWg,UC4F1I7876Yur9E63Ha1etxA,Undirected,1,1
UC2tN8yIRVdZ8-Ig2REhPPWg,UC72rDSyfRYW5JXCULXZX4HA,Undirected,1,1
UC2tN8yIRVdZ8-Ig2REhPPWg,UCjuV2sAsfqhm5tjwxKSsDvw,Undirected,1,1
UC2tN8yIRVdZ8-Ig2REhPPWg,UCs0-pPllX1LRo1Uu5X00z9A,Undirected,1,1
UC4F1I7876Yur9E63Ha1etxA,UC72rDSyfRYW5JXCULXZX4HA,Undirected,1,1
UC4F1I7876Yur9E63Ha1etxA,UCjuV2sAsfqhm5tjwxKSsDvw,Undirected,1,1
UC4F1I7876Yur9E63Ha1etxA,UCs0-pPllX1LRo1Uu5X00z9A,Undirected,1,1
UC72rDSyfRYW5JXCULXZX4HA,UCjuV2sAsfqhm5tjwxKSsDvw,Undirected,1,1
UC72rDSyfRYW5JXCULXZX4HA,UCs0-pPllX1LRo1Uu5X00z9A,Undirected,2,2
UC72rDSyfRYW5JXCULXZX4HA,UC9w_u-Cxz-MCCmql1KdiADA,Undirected,1,1
UC72rDSyfRYW5JXCULXZX4HA,UCEs9OSGJ5zTId6b3SLvpgYQ,Undirected,1,1
UC72rDSyfRYW5JXCULXZX4HA,UCcd-GOvl9DdyPVHQxy58bOw,Undirected,1,1
UC9w_u-Cxz-MCCmql1KdiADA,UCEs9OSGJ5zTId6b3SLvpgYQ,Undirected,1,1
UC9w_u-Cxz-MCCmql1KdiADA,UCcd-GOvl9DdyPVHQxy58bOw,Undirected,1,1
UC9w_u-Cxz-MCCmql1KdiADA,UCs0-pPllX1LRo1Uu5X00z9A,Undirected,1,1
UCEs9OSGJ5zTId6b3SLvpgYQ,UCcd-GOvl9DdyPVHQxy58bOw,Undirected,1,1
UCcd-GOvl9DdyPVHQxy58bOw,UCs0-pPllX1LRo1Uu5X00z9A,Undirected,1,1
UC1FQWQ3y3-e8l1pCtWhJt5A,UCs0-pPllX1LRo1Uu5X00z9A,Undirected,1,1
UC1FQWQ3y3-e8l1pCtWhJt5A,UCw4oC8BM2zK5KRKMnJ5IfIw,Undirected,1,1
UC3OvESMThc9sA0MzZwkpmhg,UC70KC06PCCjE33OW6JpbMiQ,Undirected,1,1
UC3OvESMThc9sA0MzZwkpmhg,UCJlLdDxkFHtxY9IhVWJuK-w,Undirected,1,1
UC3OvESMThc9sA0MzZwkpmhg,UCUCeZaZeJbEYAAzvMgrKOPQ,Undirected,1,1
UC70KC06PCCjE33OW6JpbMiQ,UCJlLdDxkFHtxY9IhVWJuK-w,Undirected,2,2
UC70KC06PCCjE33OW6JpbMiQ,UCUCeZaZeJbEYAAzvMgrKOPQ,Undirected,2,2
UCJlLdDxkFHtxY9IhVWJuK-w,UCUCeZaZeJbEYAAzvMgrKOPQ,Undirected,2,2
UC1FQWQ3y3-e8l1pCtWhJt5A,UCJlLdDxkFHtxY9IhVWJuK-w,Undirected,1,1
UC1FQWQ3y3-e8l1pCtWhJt5A,UCKsD7Yt1Tn8rf5UdNLL4tPQ,Undirected,1,1
UC1FQWQ3y3-e8l1pCtWhJt5A,UCxSWEVq2kKxjD_LoMWnDuow,Undirected,1,1
UC1FQWQ3y3-e8l1pCtWhJt5A,UCxe7RhBKw1EImE6BIPVLOxg,Undirected,1,1
UC1FQWQ3y3-e8l1pCtWhJt5A,UCzqCZPhNYYlD8g0cnwSltvw,Undirected,1,1
UCJlLdDxkFHtxY9IhVWJuK-w,UCKsD7Yt1Tn8rf5UdNLL4tPQ,Undirected,4,4
UCJlLdDxkFHtxY9IhVWJuK-w,UCxSWEVq2kKxjD_LoMWnDuow,Undirected,1,1
UCJlLdDxkFHtxY9IhVWJuK-w,UCxe7RhBKw1EImE6BIPVLOxg,Undirected,1,1
UCJlLdDxkFHtxY9IhVWJuK-w,UCzqCZPhNYYlD8g0cnwSltvw,Undirected,1,1
UCKsD7Yt1Tn8rf5UdNLL4tPQ,UCxSWEVq2kKxjD_LoMWnDuow,Undirected,1,1
UCKsD7Yt1Tn8rf5UdNLL4tPQ,UCxe7RhBKw1EImE6BIPVLOxg,Undirected,1,1
UCKsD7Yt1Tn8rf5UdNLL4tPQ,UCzqCZPhNYYlD8g0cnwSltvw,Undirected,1,1
UCxSWEVq2kKxjD_LoMWnDuow,UCxe7RhBKw1EImE6BIPVLOxg,Undirected,1,1
UCxSWEVq2kKxjD_LoMWnDuow,UCzqCZPhNYYlD8g0cnwSltvw,Undirected,1,1
UCxe7RhBKw1EImE6BIPVLOxg,UCzqCZPhNYYlD8g0cnwSltvw,Undirected,1,1
UCJlLdDxkFHtxY9IhVWJuK-w,UCtAsQsszdzzJiOeFKV4FBDQ,Undirected,1,1
UCJlLdDxkFHtxY9IhVWJuK-w,UCRjyTlScusVFHlErqL79WYg,Undirected,1,1
UC10viXnr5P30UrEb36Y984g,UCJlLdDxkFHtxY9IhVWJuK-w,Undirected,1,1
UC10viXnr5P30UrEb36Y984g,UCUGEEv7QagDC0FmONTpaA-Q,Undirected,1,1
UC10viXnr5P30UrEb36Y984g,UCf55YniOM5IU4aazqftUMuA,Undirected,1,1
UC10viXnr5P30UrEb36Y984g,UCs0-pPllX1LRo1Uu5X00z9A,Undirected,1,1
UC10viXnr5P30UrEb36Y984g,UCw4oC8BM2zK5KRKMnJ5IfIw,Undirected,1,1
UCJlLdDxkFHtxY9IhVWJuK-w,UCUGEEv7QagDC0FmONTpaA-Q,Undirected,1,1
UCJlLdDxkFHtxY9IhVWJuK-w,UCf55YniOM5IU4aazqftUMuA,Undirected,1,1
UCJlLdDxkFHtxY9IhVWJuK-w,UCs0-pPllX1LRo1Uu5X00z9A,Undirected,1,1
UCJlLdDxkFHtxY9IhVWJuK-w,UCw4oC8BM2zK5KRKMnJ5IfIw,Undirected,2,2
UCUGEEv7QagDC0FmONTpaA-Q,UCf55YniOM5IU4aazqftUMuA,Undirected,1,1
UCUGEEv7QagDC0FmONTpaA-Q,UCs0-pPllX1LRo1Uu5X00z9A,Undirected,1,1
UCUGEEv7QagDC0FmONTpaA-Q,UCw4oC8BM2zK5KRKMnJ5IfIw,Undirected,1,1
UCf55YniOM5IU4aazqftUMuA,UCw4oC8BM2zK5KRKMnJ5IfIw,Undirected,1,1
UC8ONW-_GDBpgD2meRi1N4Ug,UCJlLdDxkFHtxY9IhVWJuK-w,Undirected,1,1
UC8ONW-_GDBpgD2meRi1N4Ug,UCw4oC8BM2zK5KRKMnJ5IfIw,Undirected,1,1
UCJlLdDxkFHtxY9IhVWJuK-w,UCaNMWnRubJEaglefIO3gRnQ,Undirected,3,3
UCEs9OSGJ5zTId6b3SLvpgYQ,UCT9P5oI7LeznS4PI3Nv9C7w,Undirected,1,1
UCEs9OSGJ5zTId6b3SLvpgYQ,UChgIczA16Y0Z6-7va5g_55g,Undirected,1,1
UCT9P5oI7LeznS4PI3Nv9C7w,UChgIczA16Y0Z6-7va5g_55g,Undirected,2,2
UChgIczA16Y0Z6-7va5g_55g,UCln9P4Qm3-EAY4aiEPmRwEA,Undirected,1,1
UC70KC06PCCjE33OW6JpbMiQ,UChgIczA16Y0Z6-7va5g_55g,Undirected,1,1
UC5S8dDswLqbnm9fuZ8Z2ntQ,UC9zurqZbII_zuEEYBaO3QzQ,Undirected,1,1
UC5S8dDswLqbnm9fuZ8Z2ntQ,UCk3FjyIa_T5bonkDrG4giWA,Undirected,1,1
UC5S8dDswLqbnm9fuZ8Z2ntQ,UCq6m0VAIJQYf5iFjharyiDQ,Undirected,1,1
UC9zurqZbII_zuEEYBaO3QzQ,UCk3FjyIa_T5bonkDrG4giWA,Undirected,2,2
UC9zurqZbII_zuEEYBaO3QzQ,UCq6m0VAIJQYf5iFjharyiDQ,Undirected,1,1
UCk3FjyIa_T5bonkDrG4giWA,UCq6m0VAIJQYf5iFjharyiDQ,Undirected,8,8
UCN_5t-VZqgCU7uboRN8PxGA,UCPn4XA6Gb2u8y_FXXtrHW7w,Undirected,1,1
UCN_5t-VZqgCU7uboRN8PxGA,UCk3FjyIa_T5bonkDrG4giWA,Undirected,1,1
UCN_5t-VZqgCU7uboRN8PxGA,UCq6m0VAIJQYf5iFjharyiDQ,Undirected,1,1
UCPn4XA6Gb2u8y_FXXtrHW7w,UCk3FjyIa_T5bonkDrG4giWA,Undirected,1,1
UCPn4XA6Gb2u8y_FXXtrHW7w,UCq6m0VAIJQYf5iFjharyiDQ,Undirected,1,1
UC_bHMlx2jKz-jxbtza2rpUQ,UCk3FjyIa_T5bonkDrG4giWA,Undirected,1,1
UC_bHMlx2jKz-jxbtza2rpUQ,UCq6m0VAIJQYf5iFjharyiDQ,Undirected,1,1
UC9zurqZbII_zuEEYBaO3QzQ,UCMiL4aomAhQl1wdT2YlVQ8Q,Undirected,1,1
UC9zurqZbII_zuEEYBaO3QzQ,UCf55YniOM5IU4aazqftUMuA,Undirected,1,1
UC9zurqZbII_zuEEYBaO3QzQ,UCqyHhV5cShagWx_com7PqVg,Undirected,6,6
UCMiL4aomAhQl1wdT2YlVQ8Q,UCf55YniOM5IU4aazqftUMuA,Undirected,1,1
UCMiL4aomAhQl1wdT2YlVQ8Q,UCk3FjyIa_T5bonkDrG4giWA,Undirected,1,1
UCMiL4aomAhQl1wdT2YlVQ8Q,UCqyHhV5cShagWx_com7PqVg,Undirected,1,1
UCf55YniOM5IU4aazqftUMuA,UCk3FjyIa_T5bonkDrG4giWA,Undirected,1,1
UCf55YniOM5IU4aazqftUMuA,UCqyHhV5cShagWx_com7PqVg,Undirected,1,1
UCk3FjyIa_T5bonkDrG4giWA,UCqyHhV5cShagWx_com7PqVg,Undirected,1,1
UCcd-GOvl9DdyPVHQxy58bOw,UCk3FjyIa_T5bonkDrG4giWA,Undirected,1,1
UCcd-GOvl9DdyPVHQxy58bOw,UCq6m0VAIJQYf5iFjharyiDQ,Undirected,1,1
UCcd-GOvl9DdyPVHQxy58bOw,UCzxi489cHlVIqxE3UaGg06g,Undirected,1,1
UCk3FjyIa_T5bonkDrG4giWA,UCzxi489cHlVIqxE3UaGg06g,Undirected,1,1
UCq6m0VAIJQYf5iFjharyiDQ,UCzxi489cHlVIqxE3UaGg06g,Undirected,1,1
UCO7fzGXvr5N5r-vBUswROHw,UCRsAsv_dOl_VVs2e_-Z07Ow,Undirected,1,1
UC7_4_yN3XSM8HtUISo50xWA,UCRsAsv_dOl_VVs2e_-Z07Ow,Undirected,1,1
UC7_4_yN3XSM8HtUISo50xWA,UCbWspdwILvsczpsA5mKxoGw,Undirected,1,1
UC7_4_yN3XSM8HtUISo50xWA,UCq2PM2OyL9pVi1RqRAeXO5Q,Undirected,1,1
UCRsAsv_dOl_VVs2e_-Z07Ow,UCbWspdwILvsczpsA5mKxoGw,Undirected,1,1
UCRsAsv_dOl_VVs2e_-Z07Ow,UCq2PM2OyL9pVi1RqRAeXO5Q,Undirected,1,1
UCbWspdwILvsczpsA5mKxoGw,UCq2PM2OyL9pVi1RqRAeXO5Q,Undirected,1,1
UCRsAsv_dOl_VVs2e_-Z07Ow,UCT6tRaY8R1RYbXc9kmQKPGA,Undirected,1,1
UCRsAsv_dOl_VVs2e_-Z07Ow,UCcZFynFCtorTlVwSCIwuV5A,Undirected,1,1
UCRsAsv_dOl_VVs2e_-Z07Ow,UCsOItkqquh8bWwgy6-gqXqg,Undirected,1,1
UCT6tRaY8R1RYbXc9kmQKPGA,UCcZFynFCtorTlVwSCIwuV5A,Undirected,1,1
UCT6tRaY8R1RYbXc9kmQKPGA,UCsOItkqquh8bWwgy6-gqXqg,Undirected,1,1
UCcZFynFCtorTlVwSCIwuV5A,UCsOItkqquh8bWwgy6-gqXqg,Undirected,1,1
UC9UHK5vqT0aZZDADyFWteyQ,UCYEt19P3rd3n3MsjyOOna5A,Undirected,1,1
UC9UHK5vqT0aZZDADyFWteyQ,UCcV1EjpBgmIKkQRTO2g529g,Undirected,1,1
UCDRq9rLd6BDjNZ_Q3UZmhxA,UCYEt19P3rd3n3MsjyOOna5A,Undirected,1,1
UCDRq9rLd6BDjNZ_Q3UZmhxA,UCcV1EjpBgmIKkQRTO2g529g,Undirected,1,1
UCRsAsv_dOl_VVs2e_-Z07Ow,UCYEt19P3rd3n3MsjyOOna5A,Undirected,1,1
UCRsAsv_dOl_VVs2e_-Z07Ow,UCcV1EjpBgmIKkQRTO2g529g,Undirected,1,1
UCYEt19P3rd3n3MsjyOOna5A,UCcV1EjpBgmIKkQRTO2g529g,Undirected,1,1
UCDRq9rLd6BDjNZ_Q3UZmhxA,UCw4oC8BM2zK5KRKMnJ5IfIw,Undirected,1,1
UCRsAsv_dOl_VVs2e_-Z07Ow,UCw4oC8BM2zK5KRKMnJ5IfIw,Undirected,1,1
UCdRN7VtwbDseJNdem3Yi7QQ,UCw4oC8BM2zK5KRKMnJ5IfIw,Undirected,1,1
UC5H-Xbrs-XU3wwmM-Rca6xQ,UCAVR6Q0YgYa8xwz8rdg9Mrg,Undirected,1,1
UC5H-Xbrs-XU3wwmM-Rca6xQ,UCRsAsv_dOl_VVs2e_-Z07Ow,Undirected,1,1
UC5H-Xbrs-XU3wwmM-Rca6xQ,UCiS882YPwZt1NfaM0gR0D9Q,Undirected,1,1
UCAVR6Q0YgYa8xwz8rdg9Mrg,UCRsAsv_dOl_VVs2e_-Z07Ow,Undirected,1,1
UCAVR6Q0YgYa8xwz8rdg9Mrg,UCiS882YPwZt1NfaM0gR0D9Q,Undirected,1,1
UCRsAsv_dOl_VVs2e_-Z07Ow,UCiS882YPwZt1NfaM0gR0D9Q,Undirected,1,1
UC72rDSyfRYW5JXCULXZX4HA,UCkB8HnJSDSJ2hkLQFUc-YrQ,Undirected,1,1
UC72rDSyfRYW5JXCULXZX4HA,UCmhxr4Ky20hRZQGcBnjm8yg,Undirected,2,2
UC72rDSyfRYW5JXCULXZX4HA,UCq_BVlZHqL5UdUwJOWnnAgw,Undirected,2,2
UC72rDSyfRYW5JXCULXZX4HA,UCtAsQsszdzzJiOeFKV4FBDQ,Undirected,2,2
UCkB8HnJSDSJ2hkLQFUc-YrQ,UCmhxr4Ky20hRZQGcBnjm8yg,Undirected,1,1
UCkB8HnJSDSJ2hkLQFUc-YrQ,UCq_BVlZHqL5UdUwJOWnnAgw,Undirected,1,1
UCkB8HnJSDSJ2hkLQFUc-YrQ,UCtAsQsszdzzJiOeFKV4FBDQ,Undirected,1,1
UCmhxr4Ky20hRZQGcBnjm8yg,UCq_BVlZHqL5UdUwJOWnnAgw,Undirected,2,2
UCmhxr4Ky20hRZQGcBnjm8yg,UCtAsQsszdzzJiOeFKV4FBDQ,Undirected,2,2
UCq_BVlZHqL5UdUwJOWnnAgw,UCtAsQsszdzzJiOeFKV4FBDQ,Undirected,2,2
UCAxpft94XKyjF693VWUu9UQ,UCImjuO4LYMLZlv6kIoDQJsA,Undirected,1,1
UCAxpft94XKyjF693VWUu9UQ,UCKIwVSIReKq8WMLu50JprHA,Undirected,1,1
UCAxpft94XKyjF693VWUu9UQ,UCvAFXn_iVsY_lWvABN1t8VA,Undirected,1,1
UCImjuO4LYMLZlv6kIoDQJsA,UCKIwVSIReKq8WMLu50JprHA,Undirected,3,3
UCImjuO4LYMLZlv6kIoDQJsA,UCvAFXn_iVsY_lWvABN1t8VA,Undirected,3,3
UCKIwVSIReKq8WMLu50JprHA,UCvAFXn_iVsY_lWvABN1t8VA,Undirected,5,5
UCImjuO4LYMLZlv6kIoDQJsA,UCRsAsv_dOl_VVs2e_-Z07Ow,Undirected,1,1
UCEESKp-1lLJLOSsz-gfpHnw,UCf09reR3uK5w0A1NPF4H7fA,Undirected,3,3
UCEESKp-1lLJLOSsz-gfpHnw,UCvAFXn_iVsY_lWvABN1t8VA,Undirected,5,5
UCf09reR3uK5w0A1NPF4H7fA,UCvAFXn_iVsY_lWvABN1t8VA,Undirected,3,3
UCEESKp-1lLJLOSsz-gfpHnw,UCKIwVSIReKq8WMLu50JprHA,Undirected,4,4
UCEESKp-1lLJLOSsz-gfpHnw,UCS4Znj5nwOP4zJDe8e2cGdw,Undirected,3,3
UCEESKp-1lLJLOSsz-gfpHnw,UCxKkUjVXNmsdZEY9o-z42Bg,Undirected,4,4
UCKIwVSIReKq8WMLu50JprHA,UCS4Znj5nwOP4zJDe8e2cGdw,Undirected,2,2
UCKIwVSIReKq8WMLu50JprHA,UCxKkUjVXNmsdZEY9o-z42Bg,Undirected,3,3
UCS4Znj5nwOP4zJDe8e2cGdw,UCvAFXn_iVsY_lWvABN1t8VA,Undirected,3,3
UCS4Znj5nwOP4zJDe8e2cGdw,UCxKkUjVXNmsdZEY9o-z42Bg,Undirected,3,3
UCvAFXn_iVsY_lWvABN1t8VA,UCxKkUjVXNmsdZEY9o-z42Bg,Undirected,4,4
UCKIwVSIReKq8WMLu50JprHA,UCf09reR3uK5w0A1NPF4H7fA,Undirected,2,2
UCS4Znj5nwOP4zJDe8e2cGdw,UCf09reR3uK5w0A1NPF4H7fA,Undirected,1,1
UCf09reR3uK5w0A1NPF4H7fA,UCxKkUjVXNmsdZEY9o-z42Bg,Undirected,2,2
UCImjuO4LYMLZlv6kIoDQJsA,UCf09reR3uK5w0A1NPF4H7fA,Undirected,1,1
UCImjuO4LYMLZlv6kIoDQJsA,UCxKkUjVXNmsdZEY9o-z42Bg,Undirected,1,1
UCEESKp-1lLJLOSsz-gfpHnw,UCJrR8L-zkHdfQH1g6aSN4oQ,Undirected,1,1
UCEESKp-1lLJLOSsz-gfpHnw,UCWzPYdgxqYWP3FDoooVPRvw,Undirected,1,1
UCJrR8L-zkHdfQH1g6aSN4oQ,UCKIwVSIReKq8WMLu50JprHA,Undirected,1,1
UCJrR8L-zkHdfQH1g6aSN4oQ,UCV79VEHYpq5XcOHMIfB-WIQ,Undirected,1,1
UCJrR8L-zkHdfQH1g6aSN4oQ,UCWzPYdgxqYWP3FDoooVPRvw,Undirected,1,1
UCKIwVSIReKq8WMLu50JprHA,UCV79VEHYpq5XcOHMIfB-WIQ,Undirected,1,1
UCKIwVSIReKq8WMLu50JprHA,UCWzPYdgxqYWP3FDoooVPRvw,Undirected,1,1
UCV79VEHYpq5XcOHMIfB-WIQ,UCWzPYdgxqYWP3FDoooVPRvw,Undirected,1,1
UCal7UeYHpoeLMKW06Z8UMbQ,UCocWj_WkY5pPUlgI3kSlx5Q,Undirected,1,1
UCal7UeYHpoeLMKW06Z8UMbQ,UCwGRChorezCL3eUlDqBSIwg,Undirected,1,1
UCV9onMclRfe9TJ4YqovuG5Q,UCVlf2l5a8nlk-X2xK4nDN4Q,Undirected,1,1
UCV9onMclRfe9TJ4YqovuG5Q,UCal7UeYHpoeLMKW06Z8UMbQ,Undirected,2,2
UCVlf2l5a8nlk-X2xK4nDN4Q,UCal7UeYHpoeLMKW06Z8UMbQ,Undirected,1,1
UCV9onMclRfe9TJ4YqovuG5Q,UCmMGaRtBqqcmMj1WotyL6sA,Undirected,1,1
UCal7UeYHpoeLMKW06Z8UMbQ,UCmMGaRtBqqcmMj1WotyL6sA,Undirected,3,3
UCCdH3zfATBwcXk-JRTzIkUw,UCRiYXhkG8V12vs3zXKey16w,Undirected,2,2
UCCdH3zfATBwcXk-JRTzIkUw,UCgN13pHPmLEnYm9HTMPhwuA,Undirected,1,1
UCRiYXhkG8V12vs3zXKey16w,UCgN13pHPmLEnYm9HTMPhwuA,Undirected,1,1
UCCdH3zfATBwcXk-JRTzIkUw,UCuwXBMETP_ah1mrKFPfTFuQ,Undirected,2,2
UC2Nmu3BWIaLtGTXj7QeMSVg,UCCdH3zfATBwcXk-JRTzIkUw,Undirected,1,1
UCCdH3zfATBwcXk-JRTzIkUw,UCDw9TqFPGGJrgS9P8sFSsKQ,Undirected,1,1
UCNdPi8bq8lsASQKGVnn6K9w,UCoDgKDeg0lNey5IZMtw-kUA,Undirected,1,1
UCNdPi8bq8lsASQKGVnn6K9w,UClebuZtCLJYupmmQPwfwxhA,Undirected,2,2
UC8H0nNZJfP4zYpuvdl_4AeA,UCBerShjSgkZjxLqY-3f__tQ,Undirected,1,1
UC8H0nNZJfP4zYpuvdl_4AeA,UCNdPi8bq8lsASQKGVnn6K9w,Undirected,1,1
UC8H0nNZJfP4zYpuvdl_4AeA,UCvHF-5L9u-NQpC6OaeGTOCA,Undirected,1,1
UCBerShjSgkZjxLqY-3f__tQ,UCNdPi8bq8lsASQKGVnn6K9w,Undirected,1,1
UCBerShjSgkZjxLqY-3f__tQ,UCvHF-5L9u-NQpC6OaeGTOCA,Undirected,1,1
UCNdPi8bq8lsASQKGVnn6K9w,UCvHF-5L9u-NQpC6OaeGTOCA,Undirected,1,1
UCBLuQL1L53dWs4J79cJoAew,UCRiYXhkG8V12vs3zXKey16w,Undirected,2,2
UCBLuQL1L53dWs4J79cJoAew,UCWRvWFWfjqbmWVVcv8Bty-Q,Undirected,1,1
UCBLuQL1L53dWs4J79cJoAew,UCrUS5RSX8DXSA17_TInQ7Vw,Undirected,2,2
UCRiYXhkG8V12vs3zXKey16w,UCWRvWFWfjqbmWVVcv8Bty-Q,Undirected,1,1
UCRiYXhkG8V12vs3zXKey16w,UCrUS5RSX8DXSA17_TInQ7Vw,Undirected,2,2
UCWRvWFWfjqbmWVVcv8Bty-Q,UCrUS5RSX8DXSA17_TInQ7Vw,Undirected,1,1
UCde_xnXu2lPBmRgAp_nq29A,UCoC84YiNw3uoy5d1ADr0v3w,Undirected,1,1
UCde_xnXu2lPBmRgAp_nq29A,UCrUS5RSX8DXSA17_TInQ7Vw,Undirected,1,1
UCoC84YiNw3uoy5d1ADr0v3w,UCrUS5RSX8DXSA17_TInQ7Vw,Undirected,1,1
UCBLuQL1L53dWs4J79cJoAew,UCCdH3zfATBwcXk-JRTzIkUw,Undirected,1,1
UCBLuQL1L53dWs4J79cJoAew,UCuwXBMETP_ah1mrKFPfTFuQ,Undirected,1,1
UCCdH3zfATBwcXk-JRTzIkUw,UCrUS5RSX8DXSA17_TInQ7Vw,Undirected,1,1
UCRiYXhkG8V12vs3zXKey16w,UCuwXBMETP_ah1mrKFPfTFuQ,Undirected,1,1
UCrUS5RSX8DXSA17_TInQ7Vw,UCuwXBMETP_ah1mrKFPfTFuQ,Undirected,1,1
UCJLpN_R6dPuqxkisDVD6VJA,UCVlf2l5a8nlk-X2xK4nDN4Q,Undirected,1,1
UCJLpN_R6dPuqxkisDVD6VJA,UCrUS5RSX8DXSA17_TInQ7Vw,Undirected,2,2
UCJLpN_R6dPuqxkisDVD6VJA,UCvnxCUF9IkmN_9R4TUFhCEA,Undirected,1,1
UCVlf2l5a8nlk-X2xK4nDN4Q,UCrUS5RSX8DXSA17_TInQ7Vw,Undirected,2,2
UCVlf2l5a8nlk-X2xK4nDN4Q,UCvnxCUF9IkmN_9R4TUFhCEA,Undirected,1,1
UCJLpN_R6dPuqxkisDVD6VJA,UCzfyYtgvkx5mLy8nlLlayYg,Undirected,1,1
UCrUS5RSX8DXSA17_TInQ7Vw,UCzfyYtgvkx5mLy8nlLlayYg,Undirected,1,1
UC9UHK5vqT0aZZDADyFWteyQ,UCVlf2l5a8nlk-X2xK4nDN4Q,Undirected,1,1
UC9UHK5vqT0aZZDADyFWteyQ,UCoLTK4ymgaaGJa5Vam3e7Nw,Undirected,1,1
UC9UHK5vqT0aZZDADyFWteyQ,UCpghmVlEn7BW-wxFY6F7jVw,Undirected,1,1
UC9UHK5vqT0aZZDADyFWteyQ,UCrUS5RSX8DXSA17_TInQ7Vw,Undirected,1,1
UCVlf2l5a8nlk-X2xK4nDN4Q,UCoLTK4ymgaaGJa5Vam3e7Nw,Undirected,1,1
UCVlf2l5a8nlk-X2xK4nDN4Q,UCpghmVlEn7BW-wxFY6F7jVw,Undirected,1,1
UCoLTK4ymgaaGJa5Vam3e7Nw,UCpghmVlEn7BW-wxFY6F7jVw,Undirected,1,1
UCoLTK4ymgaaGJa5Vam3e7Nw,UCrUS5RSX8DXSA17_TInQ7Vw,Undirected,1,1
UCpghmVlEn7BW-wxFY6F7jVw,UCrUS5RSX8DXSA17_TInQ7Vw,Undirected,1,1
UCaXzGcgJPYsf_DD0gEVBcEA,UCmMGaRtBqqcmMj1WotyL6sA,Undirected,3,3
UCY0Zb2Bcz81hO1RndNOj6Mw,UCaXzGcgJPYsf_DD0gEVBcEA,Undirected,2,2
UCY0Zb2Bcz81hO1RndNOj6Mw,UCmMGaRtBqqcmMj1WotyL6sA,Undirected,2,2
UCOYgkPC5p2kHAnkwLZWzu2Q,UCmMGaRtBqqcmMj1WotyL6sA,Undirected,1,1
UC8FuoZqp0Pe3cYY5cbJZ9yQ,UCY0Zb2Bcz81hO1RndNOj6Mw,Undirected,1,1
UC8FuoZqp0Pe3cYY5cbJZ9yQ,UCaXzGcgJPYsf_DD0gEVBcEA,Undirected,1,1
UC8FuoZqp0Pe3cYY5cbJZ9yQ,UCmMGaRtBqqcmMj1WotyL6sA,Undirected,1,1
UC8FuoZqp0Pe3cYY5cbJZ9yQ,UCu9O54-tWRJP7OoZJ0W_ahw,Undirected,1,1
UCY0Zb2Bcz81hO1RndNOj6Mw,UCu9O54-tWRJP7OoZJ0W_ahw,Undirected,1,1
UCaXzGcgJPYsf_DD0gEVBcEA,UCu9O54-tWRJP7OoZJ0W_ahw,Undirected,1,1
UCmMGaRtBqqcmMj1WotyL6sA,UCu9O54-tWRJP7OoZJ0W_ahw,Undirected,1,1
UC3Lmytq3AlvcJ-34If_jDyw,UCal7UeYHpoeLMKW06Z8UMbQ,Undirected,1,1
UC3Lmytq3AlvcJ-34If_jDyw,UCmMGaRtBqqcmMj1WotyL6sA,Undirected,1,1
UC-JSzG6WQuRPdjf7MhLMhSw,UCOYgkPC5p2kHAnkwLZWzu2Q,Undirected,1,1
UC-JSzG6WQuRPdjf7MhLMhSw,UCVlSTq9J1qHvi-XHyo6R9fA,Undirected,1,1
UC-JSzG6WQuRPdjf7MhLMhSw,UCuwXBMETP_ah1mrKFPfTFuQ,Undirected,2,2
UCOYgkPC5p2kHAnkwLZWzu2Q,UCVlSTq9J1qHvi-XHyo6R9fA,Undirected,1,1
UCOYgkPC5p2kHAnkwLZWzu2Q,UCuwXBMETP_ah1mrKFPfTFuQ,Undirected,1,1
UCVlSTq9J1qHvi-XHyo6R9fA,UCuwXBMETP_ah1mrKFPfTFuQ,Undirected,2,2
UCuwXBMETP_ah1mrKFPfTFuQ,UCwGRChorezCL3eUlDqBSIwg,Undirected,1,1
UCam_LqRk1eHNbc93nLQMLeQ,UCuwXBMETP_ah1mrKFPfTFuQ,Undirected,1,1
UCPRsGb2UL4wpURr14zV7k1w,UCuwXBMETP_ah1mrKFPfTFuQ,Undirected,1,1
UCal7UeYHpoeLMKW06Z8UMbQ,UCuwXBMETP_ah1mrKFPfTFuQ,Undirected,1,1
UCVlSTq9J1qHvi-XHyo6R9fA,UCaXzGcgJPYsf_DD0gEVBcEA,Undirected,1,1
UCaXzGcgJPYsf_DD0gEVBcEA,UCuwXBMETP_ah1mrKFPfTFuQ,Undirected,1,1
UC-JSzG6WQuRPdjf7MhLMhSw,UCV9onMclRfe9TJ4YqovuG5Q,Undirected,1,1
UCV9onMclRfe9TJ4YqovuG5Q,UCuwXBMETP_ah1mrKFPfTFuQ,Undirected,1,1
UCkJ2rD1YFB6DceMNwrGeX-A,UClzpoRto1BJXaRGe9OkkGLQ,Undirected,1,1
UCafLS1a5E_AhHS6ioY8ZO3A,UCkJ2rD1YFB6DceMNwrGeX-A,Undirected,2,2
UCafLS1a5E_AhHS6ioY8ZO3A,UCraC7460yGQF4GDmSjCecpQ,Undirected,1,1
UCkJ2rD1YFB6DceMNwrGeX-A,UCraC7460yGQF4GDmSjCecpQ,Undirected,2,2
UCDqAfApvFE4FWmkJa8Dypkg,UCkJ2rD1YFB6DceMNwrGeX-A,Undirected,2,2
UCDqAfApvFE4FWmkJa8Dypkg,UCraC7460yGQF4GDmSjCecpQ,Undirected,1,1
UC1FQWQ3y3-e8l1pCtWhJt5A,UCDqAfApvFE4FWmkJa8Dypkg,Undirected,1,1
UC1FQWQ3y3-e8l1pCtWhJt5A,UCkJ2rD1YFB6DceMNwrGeX-A,Undirected,1,1
UCch9Dmg5Juwp8MZGvAmAp4Q,UCkJ2rD1YFB6DceMNwrGeX-A,Undirected,1,1
UCbJM_Y06iuUOl3hVPqYcvng,UCkJ2rD1YFB6DceMNwrGeX-A,Undirected,1,1
UC4GXMHCwmONp6XFRB5SayAg,UCkJ2rD1YFB6DceMNwrGeX-A,Undirected,1,1
UC8lTmCqzt-UQ1NkxtWMWKnA,UCafLS1a5E_AhHS6ioY8ZO3A,Undirected,1,1
UC8lTmCqzt-UQ1NkxtWMWKnA,UCkJ2rD1YFB6DceMNwrGeX-A,Undirected,1,1
UCEc1YzMOSKKtJD7H-q71HgQ,UCkJ2rD1YFB6DceMNwrGeX-A,Undirected,1,1
UC6_L7fnczNalFZyBthUE9oA,UCBPU7THJcxHHWT_arzolBYw,Undirected,1,1
UC6_L7fnczNalFZyBthUE9oA,UCNrXB2PwFzRso2azlMJvAjw,Undirected,1,1
UC6_L7fnczNalFZyBthUE9oA,UCUjrjmN9IyqaXS48mLVzNDA,Undirected,1,1
UC6_L7fnczNalFZyBthUE9oA,UCXxI8AIWEfiifqzQc__g2Dw,Undirected,1,1
UC6_L7fnczNalFZyBthUE9oA,UCjWL5Uwn5IQ_yYYas9uTZhA,Undirected,1,1
UCBPU7THJcxHHWT_arzolBYw,UCNrXB2PwFzRso2azlMJvAjw,Undirected,7,7
UCBPU7THJcxHHWT_arzolBYw,UCUjrjmN9IyqaXS48mLVzNDA,Undirected,7,7
UCBPU7THJcxHHWT_arzolBYw,UCXxI8AIWEfiifqzQc__g2Dw,Undirected,6,6
UCBPU7THJcxHHWT_arzolBYw,UCjWL5Uwn5IQ_yYYas9uTZhA,Undirected,2,2
UCNrXB2PwFzRso2azlMJvAjw,UCUjrjmN9IyqaXS48mLVzNDA,Undirected,7,7
UCNrXB2PwFzRso2azlMJvAjw,UCXxI8AIWEfiifqzQc__g2Dw,Undirected,6,6
UCNrXB2PwFzRso2azlMJvAjw,UCjWL5Uwn5IQ_yYYas9uTZhA,Undirected,2,2
UCUjrjmN9IyqaXS48mLVzNDA,UCXxI8AIWEfiifqzQc__g2Dw,Undirected,6,6
UCUjrjmN9IyqaXS48mLVzNDA,UCjWL5Uwn5IQ_yYYas9uTZhA,Undirected,2,2
UCXxI8AIWEfiifqzQc__g2Dw,UCjWL5Uwn5IQ_yYYas9uTZhA,Undirected,2,2
UCBPU7THJcxHHWT_arzolBYw,UCT-q47zstiMkygJRRd5D1-g,Undirected,1,1
UCBPU7THJcxHHWT_arzolBYw,UCXNC5U4bf_bEFmsEiLbHGOA,Undirected,1,1
UCNrXB2PwFzRso2azlMJvAjw,UCT-q47zstiMkygJRRd5D1-g,Undirected,1,1
UCNrXB2PwFzRso2azlMJvAjw,UCXNC5U4bf_bEFmsEiLbHGOA,Undirected,1,1
UCT-q47zstiMkygJRRd5D1-g,UCUjrjmN9IyqaXS48mLVzNDA,Undirected,1,1
UCT-q47zstiMkygJRRd5D1-g,UCXNC5U4bf_bEFmsEiLbHGOA,Undirected,1,1
UCUjrjmN9IyqaXS48mLVzNDA,UCXNC5U4bf_bEFmsEiLbHGOA,Undirected,1,1
UCBPU7THJcxHHWT_arzolBYw,UCyCi2h6AOWf6_vbBeTtNeGQ,Undirected,5,5
UCNrXB2PwFzRso2azlMJvAjw,UCyCi2h6AOWf6_vbBeTtNeGQ,Undirected,5,5
UCUjrjmN9IyqaXS48mLVzNDA,UCyCi2h6AOWf6_vbBeTtNeGQ,Undirected,5,5
UCXxI8AIWEfiifqzQc__g2Dw,UCyCi2h6AOWf6_vbBeTtNeGQ,Undirected,5,5
UCBPU7THJcxHHWT_arzolBYw,UCYi97rWysHQHsIgTRmi0Phg,Undirected,1,1
UCNrXB2PwFzRso2azlMJvAjw,UCYi97rWysHQHsIgTRmi0Phg,Undirected,1,1
UCUjrjmN9IyqaXS48mLVzNDA,UCYi97rWysHQHsIgTRmi0Phg,Undirected,1,1
UCXxI8AIWEfiifqzQc__g2Dw,UCYi97rWysHQHsIgTRmi0Phg,Undirected,1,1
UCYi97rWysHQHsIgTRmi0Phg,UCyCi2h6AOWf6_vbBeTtNeGQ,Undirected,1,1
UCjWL5Uwn5IQ_yYYas9uTZhA,UCyCi2h6AOWf6_vbBeTtNeGQ,Undirected,1,1
UCBPU7THJcxHHWT_arzolBYw,UCzHc24jnG7LlDqXYSV2Nftg,Undirected,1,1
UCNrXB2PwFzRso2azlMJvAjw,UCzHc24jnG7LlDqXYSV2Nftg,Undirected,1,1
UCUjrjmN9IyqaXS48mLVzNDA,UCzHc24jnG7LlDqXYSV2Nftg,Undirected,1,1
UCXxI8AIWEfiifqzQc__g2Dw,UCzHc24jnG7LlDqXYSV2Nftg,Undirected,1,1
UCyCi2h6AOWf6_vbBeTtNeGQ,UCzHc24jnG7LlDqXYSV2Nftg,Undirected,1,1
UC5vZBYbRsGdGcd2SpTW_F4Q,UC83CtLoDN68qWLpPwUfyuhA,Undirected,1,1
UC5vZBYbRsGdGcd2SpTW_F4Q,UCf4oloCRTyk__Zy_nJTsqnw,Undirected,1,1
UC5vZBYbRsGdGcd2SpTW_F4Q,UCyWgKIhhM24GeaudeWtME5g,Undirected,1,1
UC83CtLoDN68qWLpPwUfyuhA,UCf4oloCRTyk__Zy_nJTsqnw,Undirected,1,1
UC83CtLoDN68qWLpPwUfyuhA,UCyWgKIhhM24GeaudeWtME5g,Undirected,1,1
UCf4oloCRTyk__Zy_nJTsqnw,UCyWgKIhhM24GeaudeWtME5g,Undirected,1,1
UC9yqlTFEki692RTzQrtOPvw,UCGePVMoue7JEnCWKSiRHP-A,Undirected,1,1
UC9yqlTFEki692RTzQrtOPvw,UCLKDqkMoX5fAqKkN9ZE6fKA,Undirected,1,1
UC9yqlTFEki692RTzQrtOPvw,UCLsdFkAiFIyyRCwXtXeAv-w,Undirected,1,1
UCES0OcYuXbNOB9fG5SWGFoA,UCGePVMoue7JEnCWKSiRHP-A,Undirected,1,1
UCES0OcYuXbNOB9fG5SWGFoA,UCLKDqkMoX5fAqKkN9ZE6fKA,Undirected,1,1
UCES0OcYuXbNOB9fG5SWGFoA,UCLsdFkAiFIyyRCwXtXeAv-w,Undirected,1,1
UCGePVMoue7JEnCWKSiRHP-A,UCLKDqkMoX5fAqKkN9ZE6fKA,Undirected,1,1
UCGePVMoue7JEnCWKSiRHP-A,UCLsdFkAiFIyyRCwXtXeAv-w,Undirected,1,1
UCGePVMoue7JEnCWKSiRHP-A,UColg0c5OtmPZ2uGuJaQhI7w,Undirected,1,1
UCLKDqkMoX5fAqKkN9ZE6fKA,UCLsdFkAiFIyyRCwXtXeAv-w,Undirected,1,1
UCLKDqkMoX5fAqKkN9ZE6fKA,UColg0c5OtmPZ2uGuJaQhI7w,Undirected,1,1
UCLsdFkAiFIyyRCwXtXeAv-w,UColg0c5OtmPZ2uGuJaQhI7w,Undirected,1,1
UC9F27IQpsz5KUoB0Czr2rfw,UCvk9eMiPc347J31zk6aRG4A,Undirected,1,1
UCJ28AWXjdblypBGX5G-kd0A,UCN__WaXwbGdDV5KYcyIcJeA,Undirected,1,1
UCCdifwELqO-9dsH0R6KRhoQ,UCJ28AWXjdblypBGX5G-kd0A,Undirected,1,1
UCJ28AWXjdblypBGX5G-kd0A,UCMbvXzKGQFpOmQbBFQ7G5UA,Undirected,2,2
UCJ28AWXjdblypBGX5G-kd0A,UCaDIdaF38TG-F-SS2UUYtOg,Undirected,3,3
UCMbvXzKGQFpOmQbBFQ7G5UA,UCaDIdaF38TG-F-SS2UUYtOg,Undirected,2,2
UCJ28AWXjdblypBGX5G-kd0A,UCR3mFffKgJKKY6Byf7GKU0g,Undirected,2,2
UCJ28AWXjdblypBGX5G-kd0A,UCRrBKTsbb9FEbcx01jvoJtg,Undirected,1,1
UCR3mFffKgJKKY6Byf7GKU0g,UCRrBKTsbb9FEbcx01jvoJtg,Undirected,1,1
UCR3mFffKgJKKY6Byf7GKU0g,UCaDIdaF38TG-F-SS2UUYtOg,Undirected,1,1
UCRrBKTsbb9FEbcx01jvoJtg,UCaDIdaF38TG-F-SS2UUYtOg,Undirected,1,1
UCJ28AWXjdblypBGX5G-kd0A,UCcX6LBbJuVVCtNfZZbSsjkw,Undirected,1,1
UCMbvXzKGQFpOmQbBFQ7G5UA,UCcX6LBbJuVVCtNfZZbSsjkw,Undirected,1,1
UCaDIdaF38TG-F-SS2UUYtOg,UCcX6LBbJuVVCtNfZZbSsjkw,Undirected,1,1
UCJ28AWXjdblypBGX5G-kd0A,UCYwyrkyMUd9y9LPlZEQE4uQ,Undirected,1,1
UCR3mFffKgJKKY6Byf7GKU0g,UCYwyrkyMUd9y9LPlZEQE4uQ,Undirected,1,1
UCfYdp-zYm8NiavuWaDy0-PQ,UCkegbjQl0CYPoBIjLfy95qg,Undirected,3,3
UCIW8uHlBQ8ZOaxuo3PzpTig,UCMiO2HMKFPz5aHCZGlgUAEQ,Undirected,1,1
UCGG7xUO8dSzYjfg0qG4DJsA,UCMiO2HMKFPz5aHCZGlgUAEQ,Undirected,1,1
UCMiO2HMKFPz5aHCZGlgUAEQ,UCjzhNIfdon34FPGw3YznrYg,Undirected,1,1
UCSiTc7yxGRccwSw9ZLr7Uyw,UCSjyOwGqx_BK2Cd9ZsPZkiA,Undirected,10,10
UC2uEeBS6BFnpVlEjLz4P5QQ,UCSiTc7yxGRccwSw9ZLr7Uyw,Undirected,1,1
UC2uEeBS6BFnpVlEjLz4P5QQ,UCSjyOwGqx_BK2Cd9ZsPZkiA,Undirected,1,1
UCbQ2WBPvmZxiaKCfNiBrvuA,UCdfWDmyOXClWqOCfRCqAuiw,Undirected,1,1
UCKAXnsTLFJ11sd9jOvqDHQQ,UCZBvW1OV-gv3T4MdyWaSKJg,Undirected,1,1
UCKAXnsTLFJ11sd9jOvqDHQQ,UCZNI7ipAygPHZEiw67auyag,Undirected,1,1
UCKAXnsTLFJ11sd9jOvqDHQQ,UCbQ2WBPvmZxiaKCfNiBrvuA,Undirected,1,1
UCKAXnsTLFJ11sd9jOvqDHQQ,UCqvpFAiRcY96CjKwiGHgwpg,Undirected,1,1
UCKAXnsTLFJ11sd9jOvqDHQQ,UCs82QD2JKasM9ILM9N-A2IA,Undirected,1,1
UCZBvW1OV-gv3T4MdyWaSKJg,UCZNI7ipAygPHZEiw67auyag,Undirected,1,1
UCZBvW1OV-gv3T4MdyWaSKJg,UCbQ2WBPvmZxiaKCfNiBrvuA,Undirected,1,1
UCZBvW1OV-gv3T4MdyWaSKJg,UCqvpFAiRcY96CjKwiGHgwpg,Undirected,1,1
UCZBvW1OV-gv3T4MdyWaSKJg,UCs82QD2JKasM9ILM9N-A2IA,Undirected,1,1
UCZNI7ipAygPHZEiw67auyag,UCbQ2WBPvmZxiaKCfNiBrvuA,Undirected,1,1
UCZNI7ipAygPHZEiw67auyag,UCqvpFAiRcY96CjKwiGHgwpg,Undirected,1,1
UCZNI7ipAygPHZEiw67auyag,UCs82QD2JKasM9ILM9N-A2IA,Undirected,1,1
UCbQ2WBPvmZxiaKCfNiBrvuA,UCqvpFAiRcY96CjKwiGHgwpg,Undirected,1,1
UCbQ2WBPvmZxiaKCfNiBrvuA,UCs82QD2JKasM9ILM9N-A2IA,Undirected,1,1
UCqvpFAiRcY96CjKwiGHgwpg,UCs82QD2JKasM9ILM9N-A2IA,Undirected,1,1
UCVlSTq9J1qHvi-XHyo6R9fA,UCY0Zb2Bcz81hO1RndNOj6Mw,Undirected,2,2
UCVlSTq9J1qHvi-XHyo6R9fA,UCyYftHwhnF3CijVN6mwQyUA,Undirected,1,1
UCY0Zb2Bcz81hO1RndNOj6Mw,UCyYftHwhnF3CijVN6mwQyUA,Undirected,1,1
UCCFVYozQjMVOjkSTbBVK_3Q,UCY30JRSgfhYXA6i6xX1erWg,Undirected,2,2
UCCFVYozQjMVOjkSTbBVK_3Q,UCgQxsZL5tQBNtWFlmd4Wl0w,Undirected,2,2
UCY30JRSgfhYXA6i6xX1erWg,UCgQxsZL5tQBNtWFlmd4Wl0w,Undirected,2,2
UCM6lVJqV-EYcFRXtFm3KaDg,UCsgL1ZB_AN9xzYOw9GOVe1w,Undirected,1,1
UCDzT2ahM07g4np7Rf6fDa7A,UCT7Q67jGtPHJJThx-LAYkKA,Undirected,1,1
UCDzT2ahM07g4np7Rf6fDa7A,UCVfdOit3UXH_LLLFW03yQDA,Undirected,1,1
UCT7Q67jGtPHJJThx-LAYkKA,UCVfdOit3UXH_LLLFW03yQDA,Undirected,1,1
UC70KC06PCCjE33OW6JpbMiQ,UCJKG39VkxPNn4qxWErspjMw,Undirected,1,1
UC70KC06PCCjE33OW6JpbMiQ,UCVfdOit3UXH_LLLFW03yQDA,Undirected,1,1
UC70KC06PCCjE33OW6JpbMiQ,UCpghmVlEn7BW-wxFY6F7jVw,Undirected,1,1
UCJKG39VkxPNn4qxWErspjMw,UCVfdOit3UXH_LLLFW03yQDA,Undirected,1,1
UCJKG39VkxPNn4qxWErspjMw,UCpghmVlEn7BW-wxFY6F7jVw,Undirected,1,1
UCVfdOit3UXH_LLLFW03yQDA,UCpghmVlEn7BW-wxFY6F7jVw,Undirected,1,1
UCKVcnQ7ZebvYNbA_9T_AnXA,UCKsD7Yt1Tn8rf5UdNLL4tPQ,Undirected,1,1
UCKVcnQ7ZebvYNbA_9T_AnXA,UCpigppElgGIA79vFRvLpAjQ,Undirected,1,1
UCKsD7Yt1Tn8rf5UdNLL4tPQ,UCpigppElgGIA79vFRvLpAjQ,Undirected,1,1
UC6bY6SibSK8j2UzT82EUKWA,UCJlLdDxkFHtxY9IhVWJuK-w,Undirected,1,1
UC6bY6SibSK8j2UzT82EUKWA,UCKsD7Yt1Tn8rf5UdNLL4tPQ,Undirected,1,1
UC6bY6SibSK8j2UzT82EUKWA,UCZeseZDL_lAGF7ekWVITdbw,Undirected,1,1
UCJlLdDxkFHtxY9IhVWJuK-w,UCZeseZDL_lAGF7ekWVITdbw,Undirected,1,1
UCKsD7Yt1Tn8rf5UdNLL4tPQ,UCZeseZDL_lAGF7ekWVITdbw,Undirected,1,1
UCJlLdDxkFHtxY9IhVWJuK-w,UCWYODUHcJbtt1NK0px4grYg,Undirected,1,1
UCKsD7Yt1Tn8rf5UdNLL4tPQ,UCWYODUHcJbtt1NK0px4grYg,Undirected,1,1
UC2Kaq_xADsJSi97iWbttPlQ,UCgRgH7nHGEV7q0QrtIuWoUA,Undirected,10,10
UC5CzljoHLwvb6VDSTEaEgzw,UChOLEjvPbQYG5a-Un3vMRIQ,Undirected,1,1
UC5CzljoHLwvb6VDSTEaEgzw,UCMxOIjazSukPrY0FRlFC0Zg,Undirected,1,1
UC5CzljoHLwvb6VDSTEaEgzw,UCkIRrSf9tJxNHif62LT8ZkQ,Undirected,1,1
UCMxOIjazSukPrY0FRlFC0Zg,UCkIRrSf9tJxNHif62LT8ZkQ,Undirected,1,1
UC5CzljoHLwvb6VDSTEaEgzw,UCn06qtcbxlXVEJ_JXLqJhLw,Undirected,1,1
UC5CzljoHLwvb6VDSTEaEgzw,UCKADMSo9vWJOyfVmsewcOtg,Undirected,1,1
UC5CzljoHLwvb6VDSTEaEgzw,UCaq_YAt-87Of9TwZTTGJyyg,Undirected,5,5
UC5CzljoHLwvb6VDSTEaEgzw,UCqyHhV5cShagWx_com7PqVg,Undirected,5,5
UC9zurqZbII_zuEEYBaO3QzQ,UCaq_YAt-87Of9TwZTTGJyyg,Undirected,5,5
UCaq_YAt-87Of9TwZTTGJyyg,UCdUeCfLZu5sEM_9QCRDjm4A,Undirected,5,5
UCaq_YAt-87Of9TwZTTGJyyg,UCqyHhV5cShagWx_com7PqVg,Undirected,5,5
UCdUeCfLZu5sEM_9QCRDjm4A,UCqyHhV5cShagWx_com7PqVg,Undirected,5,5
UC2JzylaIF8qeowc7-5VwwmA,UC72rDSyfRYW5JXCULXZX4HA,Undirected,1,1
UC2JzylaIF8qeowc7-5VwwmA,UC9zurqZbII_zuEEYBaO3QzQ,Undirected,1,1
UC2JzylaIF8qeowc7-5VwwmA,UCgRgH7nHGEV7q0QrtIuWoUA,Undirected,1,1
UC72rDSyfRYW5JXCULXZX4HA,UC9zurqZbII_zuEEYBaO3QzQ,Undirected,1,1
UC72rDSyfRYW5JXCULXZX4HA,UCgRgH7nHGEV7q0QrtIuWoUA,Undirected,1,1
UC5CzljoHLwvb6VDSTEaEgzw,UCJlLdDxkFHtxY9IhVWJuK-w,Undirected,2,2
UC9zurqZbII_zuEEYBaO3QzQ,UCJlLdDxkFHtxY9IhVWJuK-w,Undirected,4,4
UCJlLdDxkFHtxY9IhVWJuK-w,UCaq_YAt-87Of9TwZTTGJyyg,Undirected,2,2
UCJlLdDxkFHtxY9IhVWJuK-w,UCqyHhV5cShagWx_com7PqVg,Undirected,2,2
UC9zurqZbII_zuEEYBaO3QzQ,UCjuV2sAsfqhm5tjwxKSsDvw,Undirected,1,1
UCJlLdDxkFHtxY9IhVWJuK-w,UCjuV2sAsfqhm5tjwxKSsDvw,Undirected,1,1
UCaNMWnRubJEaglefIO3gRnQ,UCjuV2sAsfqhm5tjwxKSsDvw,Undirected,1,1
UCdUeCfLZu5sEM_9QCRDjm4A,UCjuV2sAsfqhm5tjwxKSsDvw,Undirected,1,1
UCbXXdwEVbVbXhosYKn0am6A,UCpZTZIYr4W-PiyZnTUHgKqA,Undirected,1,1
UCY_xMbqXtYc7drnKHlylglg,UCzrwvapp587lhoRkmjKPDiA,Undirected,1,1
UCahdEeZyYHnOWIKC9GHqkoA,UCzrwvapp587lhoRkmjKPDiA,Undirected,1,1
UCzQRgFpdts6cvX0RJJ-KToQ,UCzrwvapp587lhoRkmjKPDiA,Undirected,1,1
UCIePNTYsCYSd3o13zXKLOrg,UCYW6xs-TjodTXuASEAsVEoQ,Undirected,1,1
UCIePNTYsCYSd3o13zXKLOrg,UCe5l9PrFAu0BrlN76f9Nxyg,Undirected,1,1
UCIePNTYsCYSd3o13zXKLOrg,UCmfr4S8C_jFNDsTBqfKhcXA,Undirected,1,1
UCIePNTYsCYSd3o13zXKLOrg,UCq8ZJhr7LVB6kIP6g_y2mDw,Undirected,1,1
UCYW6xs-TjodTXuASEAsVEoQ,UCZ3ryrdsdqezi2q-AfRw6Rw,Undirected,1,1
UCYW6xs-TjodTXuASEAsVEoQ,UCe5l9PrFAu0BrlN76f9Nxyg,Undirected,1,1
UCYW6xs-TjodTXuASEAsVEoQ,UCmfr4S8C_jFNDsTBqfKhcXA,Undirected,1,1
UCYW6xs-TjodTXuASEAsVEoQ,UCq8ZJhr7LVB6kIP6g_y2mDw,Undirected,1,1
UCZ3ryrdsdqezi2q-AfRw6Rw,UCe5l9PrFAu0BrlN76f9Nxyg,Undirected,1,1
UCZ3ryrdsdqezi2q-AfRw6Rw,UCmfr4S8C_jFNDsTBqfKhcXA,Undirected,1,1
UCZ3ryrdsdqezi2q-AfRw6Rw,UCq8ZJhr7LVB6kIP6g_y2mDw,Undirected,1,1
UCe5l9PrFAu0BrlN76f9Nxyg,UCmfr4S8C_jFNDsTBqfKhcXA,Undirected,1,1
UCe5l9PrFAu0BrlN76f9Nxyg,UCq8ZJhr7LVB6kIP6g_y2mDw,Undirected,1,1
UCmfr4S8C_jFNDsTBqfKhcXA,UCq8ZJhr7LVB6kIP6g_y2mDw,Undirected,1,1
UCVYrK_s5cEjc-e0uAi5PjOA,UCd5-GqtcC4-DjpqiRZZKSoA,Undirected,1,1
UCVYrK_s5cEjc-e0uAi5PjOA,UCq8ZJhr7LVB6kIP6g_y2mDw,Undirected,1,1
UCd5-GqtcC4-DjpqiRZZKSoA,UCq8ZJhr7LVB6kIP6g_y2mDw,Undirected,1,1
UC-BrDsLR17mMdGPEhKeI7Qg,UCXRDHEVhboV0dh2OayWxfFQ,Undirected,1,1
UC-BrDsLR17mMdGPEhKeI7Qg,UCiq3AU63tVOkwZoVYchA_Vg,Undirected,1,1
UC-BrDsLR17mMdGPEhKeI7Qg,UCq8ZJhr7LVB6kIP6g_y2mDw,Undirected,1,1
UC-BrDsLR17mMdGPEhKeI7Qg,UCuk88zGiVHHVPoWmMD5ARzQ,Undirected,1,1
UCXRDHEVhboV0dh2OayWxfFQ,UCiq3AU63tVOkwZoVYchA_Vg,Undirected,1,1
UCXRDHEVhboV0dh2OayWxfFQ,UCq8ZJhr7LVB6kIP6g_y2mDw,Undirected,2,2
UCXRDHEVhboV0dh2OayWxfFQ,UCuk88zGiVHHVPoWmMD5ARzQ,Undirected,2,2
UCiq3AU63tVOkwZoVYchA_Vg,UCq8ZJhr7LVB6kIP6g_y2mDw,Undirected,1,1
UCiq3AU63tVOkwZoVYchA_Vg,UCuk88zGiVHHVPoWmMD5ARzQ,Undirected,1,1
UCq8ZJhr7LVB6kIP6g_y2mDw,UCuk88zGiVHHVPoWmMD5ARzQ,Undirected,2,2
UCXRDHEVhboV0dh2OayWxfFQ,UCY8YH4TNTLc6A-aHy0Td4KQ,Undirected,1,1
UCY8YH4TNTLc6A-aHy0Td4KQ,UCq8ZJhr7LVB6kIP6g_y2mDw,Undirected,1,1
UCY8YH4TNTLc6A-aHy0Td4KQ,UCuk88zGiVHHVPoWmMD5ARzQ,Undirected,1,1
UC2Oi_Pfzk-G3HyhnbP5vJLA,UC44DZLHQJOW-of5m5XZunLQ,Undirected,2,2
UC2KNOBqzElEs8TA7SR2Hm2w,UC4K0BPhoZW1MzEHnpk_jhHw,Undirected,10,10
UC2Oi_Pfzk-G3HyhnbP5vJLA,UC6ZQt8cygRUiuIuNUdV70xg,Undirected,1,1
UC4K0BPhoZW1MzEHnpk_jhHw,UC6ZQt8cygRUiuIuNUdV70xg,Undirected,1,1
UCGWVehdunJpe8gJwUX4j_yQ,UCiArRjW3gvtu5Cyq8_UJ6YA,Undirected,1,1
UCGWVehdunJpe8gJwUX4j_yQ,UCGmO0S4S-AunjRdmxA6TQYg,Undirected,2,2
UC6C83C8GKbIG5G0LEfXJpPA,UCGWVehdunJpe8gJwUX4j_yQ,Undirected,1,1
UC6C83C8GKbIG5G0LEfXJpPA,UCOTR1tcOAhjgi6YukrPpZxg,Undirected,1,1
UC6C83C8GKbIG5G0LEfXJpPA,UClOS5DLnH-5YKksvqqmTKUw,Undirected,1,1
UCGWVehdunJpe8gJwUX4j_yQ,UCOTR1tcOAhjgi6YukrPpZxg,Undirected,1,1
UCGWVehdunJpe8gJwUX4j_yQ,UClOS5DLnH-5YKksvqqmTKUw,Undirected,1,1
UCOTR1tcOAhjgi6YukrPpZxg,UClOS5DLnH-5YKksvqqmTKUw,Undirected,1,1
UCGWVehdunJpe8gJwUX4j_yQ,UCRxQxV6eJeKVOvpVnfUXf7Q,Undirected,1,1
UCGmO0S4S-AunjRdmxA6TQYg,UCRxQxV6eJeKVOvpVnfUXf7Q,Undirected,1,1
UCZGgd37wVNjK6tEDWxzxInA,UCgLEceZtHtnlvDvMIcATXhg,Undirected,5,5
UC1gRVHQrIsYiUCCMTroFefA,UC5SAacRKyV_m533D4W_tKCg,Undirected,1,1
UC1gRVHQrIsYiUCCMTroFefA,UCLjegCJ2Jh9qnsLDBg2NHWA,Undirected,1,1
UC5SAacRKyV_m533D4W_tKCg,UCLjegCJ2Jh9qnsLDBg2NHWA,Undirected,1,1
UC90MMS6XCq7r8LlKZUqqkUg,UCBPt2rEhll3CksbZi-e_iug,Undirected,6,6
UCRY0lbY0pNJLYGvf_pA7FHw,UC_WWW9mrl_k3ixRwruaMjQA,Undirected,9,9
UC8dGMVP89pb7DYnCP_6jV9g,UCRY0lbY0pNJLYGvf_pA7FHw,Undirected,1,1
UC8dGMVP89pb7DYnCP_6jV9g,UC_WWW9mrl_k3ixRwruaMjQA,Undirected,1,1
UCGFteZphdMTdEnlbuRpe5UA,UCRY0lbY0pNJLYGvf_pA7FHw,Undirected,1,1
UCGFteZphdMTdEnlbuRpe5UA,UC_WWW9mrl_k3ixRwruaMjQA,Undirected,1,1
UCLJiPfQloc2HWiRI02yFxYA,UCpA0jes0zRDDyK9nZQJUJew,Undirected,2,2
UCLJiPfQloc2HWiRI02yFxYA,UCq9rtIBggT1YnaueXdljc5A,Undirected,1,1
UCpA0jes0zRDDyK9nZQJUJew,UCq9rtIBggT1YnaueXdljc5A,Undirected,1,1
UCLJiPfQloc2HWiRI02yFxYA,UCNjOay5LF_nxQhQ7ZuNZpvg,Undirected,1,1
UC8qcoryizcHgr88rqyamFPg,UCLJiPfQloc2HWiRI02yFxYA,Undirected,1,1
UC8qcoryizcHgr88rqyamFPg,UCMcm_muuQpl2Ekfx03Inqxw,Undirected,1,1
UCLJiPfQloc2HWiRI02yFxYA,UCMcm_muuQpl2Ekfx03Inqxw,Undirected,1,1
UCKTA_n4VCxX8W3FcC4c70yQ,UCWwyvK98l3U3QPBGxII71kQ,Undirected,1,1
UCKTA_n4VCxX8W3FcC4c70yQ,UCqVDInNe0qLzDn4dwEALT-g,Undirected,1,1
UCLKRVZ_80ZZyL7G1NbvpzkQ,UCWwyvK98l3U3QPBGxII71kQ,Undirected,1,1
UCWwyvK98l3U3QPBGxII71kQ,UCqVDInNe0qLzDn4dwEALT-g,Undirected,1,1
UCKTA_n4VCxX8W3FcC4c70yQ,UCorFnu88wHq8ydHXzco4bLQ,Undirected,1,1
UCKTA_n4VCxX8W3FcC4c70yQ,UCfjca6Z_wpyinTqHdIYJ49Q,Undirected,1,1
UCX3PvjGUu8WaU-CiP8wKzww,UCmI1ZpKkY3i7tXAQhnXSJvg,Undirected,1,1
UCZ1DpCt_emfN3QvBTEvK0Xw,UCj1dD19IqM7YuuwcoIrykww,Undirected,4,4
UCj1dD19IqM7YuuwcoIrykww,UCmI1ZpKkY3i7tXAQhnXSJvg,Undirected,3,3
UCZ1DpCt_emfN3QvBTEvK0Xw,UClMtSsIK8ZQHpqqpp5Lhe-Q,Undirected,1,1
UCj1dD19IqM7YuuwcoIrykww,UClMtSsIK8ZQHpqqpp5Lhe-Q,Undirected,1,1
UCj1dD19IqM7YuuwcoIrykww,UCqPOwltQpz3pJMPCz2XUlzw,Undirected,1,1
UClMtSsIK8ZQHpqqpp5Lhe-Q,UCqPOwltQpz3pJMPCz2XUlzw,Undirected,1,1
UCUtkLX3O4JhU8eY5Pq3UVmQ,UCj1dD19IqM7YuuwcoIrykww,Undirected,1,1
UCj1dD19IqM7YuuwcoIrykww,UCmJqEO1luDcnD1dByuTZWlg,Undirected,1,1
UC6PuiZi9ICsXT4bIXnwPqKQ,UCCC2xWKIK8GaYRgvv7df3Vw,Undirected,1,1
UCCDbrXNB-N9bj4qWtp7IO9w,UCjo-udZqf126Mxp9LCxSNMQ,Undirected,10,10
UCc9OAcTfTdA57v91THXf8MA,UCndOUEEJsZf1gwIjegcd1bw,Undirected,10,10
UCBtuFiLjcevA5gLfWgeiRzw,UCh6eUVqErIE0B38vbIRzUqQ,Undirected,1,1
UCBtuFiLjcevA5gLfWgeiRzw,UCupOQ6YCLqiGYRaojRIIw7g,Undirected,1,1
UCBKqbSl9bK_ln9zZ-C5rP0Q,UCh6eUVqErIE0B38vbIRzUqQ,Undirected,1,1
UCBKqbSl9bK_ln9zZ-C5rP0Q,UCupOQ6YCLqiGYRaojRIIw7g,Undirected,1,1
UC34LwS_QwS9KiGESFdW1b0g,UCh6eUVqErIE0B38vbIRzUqQ,Undirected,1,1
UC34LwS_QwS9KiGESFdW1b0g,UCupOQ6YCLqiGYRaojRIIw7g,Undirected,1,1
UCEAvwlv0ZtJrSsgaA2CewOw,UCaak9sggUeIBPOd8iK_BXcQ,Undirected,10,10
UCAzItoTqkXzroYBY8mxMijg,UCPm_EVBbmG8LUD1t3AHtTCA,Undirected,1,1
UCAzItoTqkXzroYBY8mxMijg,UCdl1DumtLo0DuKZ_N6Lm51w,Undirected,3,3
UCAzItoTqkXzroYBY8mxMijg,UCnv4aUhFFEYX_N_lXDnKkOg,Undirected,1,1
UCdl1DumtLo0DuKZ_N6Lm51w,UCnv4aUhFFEYX_N_lXDnKkOg,Undirected,1,1
UC1tk9F5-MGXEq4LWnjmrtpA,UCa9Y57gfeY0Zro_noHRVrnw,Undirected,1,1
UCJFZiqLMntJufDCHc6bQixg,UCa9Y57gfeY0Zro_noHRVrnw,Undirected,1,1
UCKYdlncC-QcSUwPfQiJF5xQ,UCRG_RR8R2mdmQTHVdrvDpAw,Undirected,2,2
UCKYdlncC-QcSUwPfQiJF5xQ,UCpLKk1TqiGRqLWcR9_ZcNaA,Undirected,1,1
UCRG_RR8R2mdmQTHVdrvDpAw,UCpLKk1TqiGRqLWcR9_ZcNaA,Undirected,1,1
UCBn41FlxHaINjQuaIfzRZbQ,UCKYdlncC-QcSUwPfQiJF5xQ,Undirected,1,1
UCBn41FlxHaINjQuaIfzRZbQ,UCRG_RR8R2mdmQTHVdrvDpAw,Undirected,1,1
UCBn41FlxHaINjQuaIfzRZbQ,UCzgfM9sCaXwlTiJRm3BaUTw,Undirected,1,1
UCKYdlncC-QcSUwPfQiJF5xQ,UCzgfM9sCaXwlTiJRm3BaUTw,Undirected,1,1
UCRG_RR8R2mdmQTHVdrvDpAw,UCzgfM9sCaXwlTiJRm3BaUTw,Undirected,2,2
UCH6Xtt4GpcQXjOq0_PTDhAw,UCRG_RR8R2mdmQTHVdrvDpAw,Undirected,1,1
UCH6Xtt4GpcQXjOq0_PTDhAw,UCvphk6AsQeHJO-__nwSIi9w,Undirected,1,1
UCRG_RR8R2mdmQTHVdrvDpAw,UCvphk6AsQeHJO-__nwSIi9w,Undirected,1,1
UC1r2iaGAdYKNiVRMLSMGfpA,UC2OgzdgLQ7vxlANVxF3kgvg,Undirected,1,1
UC1r2iaGAdYKNiVRMLSMGfpA,UCRG_RR8R2mdmQTHVdrvDpAw,Undirected,1,1
UC2OgzdgLQ7vxlANVxF3kgvg,UCRG_RR8R2mdmQTHVdrvDpAw,Undirected,1,1
UC-cGs-5HqIutyUrPa8mmDUA,UCRG_RR8R2mdmQTHVdrvDpAw,Undirected,1,1
UC2yHnmipL-UYnn0SlKQQ3jA,UCRG_RR8R2mdmQTHVdrvDpAw,Undirected,1,1
UC2yHnmipL-UYnn0SlKQQ3jA,UCzgfM9sCaXwlTiJRm3BaUTw,Undirected,1,1
UCRG_RR8R2mdmQTHVdrvDpAw,UCRkCKuxqmRNsrxxzD0YXuWw,Undirected,1,1
UCRG_RR8R2mdmQTHVdrvDpAw,UCuoWJlFNPXcp0r0m_XgJ4WA,Undirected,1,1
UCRG_RR8R2mdmQTHVdrvDpAw,UCy3XqyXzywNL3tBGFkmtppw,Undirected,1,1
UCRkCKuxqmRNsrxxzD0YXuWw,UCuoWJlFNPXcp0r0m_XgJ4WA,Undirected,1,1
UCRkCKuxqmRNsrxxzD0YXuWw,UCy3XqyXzywNL3tBGFkmtppw,Undirected,1,1
UCuoWJlFNPXcp0r0m_XgJ4WA,UCy3XqyXzywNL3tBGFkmtppw,Undirected,1,1
UC-XjcVfNkDQHe9D3NnSFK5Q,UCNqF45HGPzi9kLTXDEL5bJw,Undirected,2,2
UC-XjcVfNkDQHe9D3NnSFK5Q,UCV2h8gmsQDhJ7dWUFTP9wTA,Undirected,2,2
UC-XjcVfNkDQHe9D3NnSFK5Q,UChGJl-rLmEonGgIwxJgSRgA,Undirected,2,2
UC-XjcVfNkDQHe9D3NnSFK5Q,UCsO7YFCfyZfyfgXkKsDfRdg,Undirected,1,1
UC-XjcVfNkDQHe9D3NnSFK5Q,UCykoazzbsMdR4kvbayBLijg,Undirected,1,1
UCNqF45HGPzi9kLTXDEL5bJw,UCV2h8gmsQDhJ7dWUFTP9wTA,Undirected,2,2
UCNqF45HGPzi9kLTXDEL5bJw,UChGJl-rLmEonGgIwxJgSRgA,Undirected,2,2
UCNqF45HGPzi9kLTXDEL5bJw,UCsO7YFCfyZfyfgXkKsDfRdg,Undirected,1,1
UCNqF45HGPzi9kLTXDEL5bJw,UCykoazzbsMdR4kvbayBLijg,Undirected,1,1
UCV2h8gmsQDhJ7dWUFTP9wTA,UChGJl-rLmEonGgIwxJgSRgA,Undirected,2,2
UCV2h8gmsQDhJ7dWUFTP9wTA,UCsO7YFCfyZfyfgXkKsDfRdg,Undirected,1,1
UCV2h8gmsQDhJ7dWUFTP9wTA,UCykoazzbsMdR4kvbayBLijg,Undirected,1,1
UChGJl-rLmEonGgIwxJgSRgA,UCsO7YFCfyZfyfgXkKsDfRdg,Undirected,1,1
UChGJl-rLmEonGgIwxJgSRgA,UCykoazzbsMdR4kvbayBLijg,Undirected,1,1
UCsO7YFCfyZfyfgXkKsDfRdg,UCykoazzbsMdR4kvbayBLijg,Undirected,1,1
UCP-QjV3Rn7QHJ4Oi1_9Ykmg,UCV2h8gmsQDhJ7dWUFTP9wTA,Undirected,1,1
UC-XjcVfNkDQHe9D3NnSFK5Q,UCnrO51AgAcJKr8Ui0igW94Q,Undirected,1,1
UCNqF45HGPzi9kLTXDEL5bJw,UCnrO51AgAcJKr8Ui0igW94Q,Undirected,1,1
UCV2h8gmsQDhJ7dWUFTP9wTA,UCnrO51AgAcJKr8Ui0igW94Q,Undirected,1,1
UChGJl-rLmEonGgIwxJgSRgA,UCnrO51AgAcJKr8Ui0igW94Q,Undirected,1,1
UC5wa0tOg4bZ4YwUhlu5_iDg,UCH96SkPfbmfOO5n70cscVtg,Undirected,1,1
UC5wa0tOg4bZ4YwUhlu5_iDg,UCV2h8gmsQDhJ7dWUFTP9wTA,Undirected,1,1
UC5wa0tOg4bZ4YwUhlu5_iDg,UCjySTKIgbyrtyY4aUhChGEw,Undirected,1,1
UCH96SkPfbmfOO5n70cscVtg,UCV2h8gmsQDhJ7dWUFTP9wTA,Undirected,1,1
UCH96SkPfbmfOO5n70cscVtg,UCjySTKIgbyrtyY4aUhChGEw,Undirected,1,1
UCV2h8gmsQDhJ7dWUFTP9wTA,UCjySTKIgbyrtyY4aUhChGEw,Undirected,2,2
UCRjdIz5ngcJVDZ-bjs2mEzg,UCTx_ayciDLzGiFN1PuEuc4g,Undirected,1,1
UCRjdIz5ngcJVDZ-bjs2mEzg,UCV2h8gmsQDhJ7dWUFTP9wTA,Undirected,1,1
UCRjdIz5ngcJVDZ-bjs2mEzg,UCjySTKIgbyrtyY4aUhChGEw,Undirected,1,1
UCRjdIz5ngcJVDZ-bjs2mEzg,UClLuHHRMJ414gUgM6tmVc1A,Undirected,1,1
UCTx_ayciDLzGiFN1PuEuc4g,UCV2h8gmsQDhJ7dWUFTP9wTA,Undirected,1,1
UCTx_ayciDLzGiFN1PuEuc4g,UCjySTKIgbyrtyY4aUhChGEw,Undirected,1,1
UCTx_ayciDLzGiFN1PuEuc4g,UClLuHHRMJ414gUgM6tmVc1A,Undirected,1,1
UCV2h8gmsQDhJ7dWUFTP9wTA,UClLuHHRMJ414gUgM6tmVc1A,Undirected,1,1
UCjySTKIgbyrtyY4aUhChGEw,UClLuHHRMJ414gUgM6tmVc1A,Undirected,1,1
UCEPz7qJRNuQ8EL-lggJXZpQ,UCFBXZw1ZrnWSUtB3eE7ib1g,Undirected,1,1
UCEPz7qJRNuQ8EL-lggJXZpQ,UCV2h8gmsQDhJ7dWUFTP9wTA,Undirected,1,1
UCEPz7qJRNuQ8EL-lggJXZpQ,UCVX-nnd_hGWxwWpMPNtUhLw,Undirected,1,1
UCFBXZw1ZrnWSUtB3eE7ib1g,UCV2h8gmsQDhJ7dWUFTP9wTA,Undirected,1,1
UCFBXZw1ZrnWSUtB3eE7ib1g,UCVX-nnd_hGWxwWpMPNtUhLw,Undirected,1,1
UCV2h8gmsQDhJ7dWUFTP9wTA,UCVX-nnd_hGWxwWpMPNtUhLw,Undirected,1,1
UC8saOtRMr4bMetYYAWVdBCw,UCAPtjSEfQ5jyu4yUvM_wU2Q,Undirected,3,3
UC8saOtRMr4bMetYYAWVdBCw,UCGso3fqefRJBfJEU67KfFXA,Undirected,2,2
UC8saOtRMr4bMetYYAWVdBCw,UCwXNocjaf6w6oASh6lEts2g,Undirected,1,1
UCAPtjSEfQ5jyu4yUvM_wU2Q,UCGso3fqefRJBfJEU67KfFXA,Undirected,1,1
UCAPtjSEfQ5jyu4yUvM_wU2Q,UCwXNocjaf6w6oASh6lEts2g,Undirected,1,1
UCGso3fqefRJBfJEU67KfFXA,UCwXNocjaf6w6oASh6lEts2g,Undirected,1,1
UC8saOtRMr4bMetYYAWVdBCw,UCBANN_yhWMdIqzhBoWuCHFA,Undirected,1,1
UC8saOtRMr4bMetYYAWVdBCw,UCJrI3JMBC7mYLEs3TGEa9Bg,Undirected,1,1
UCBANN_yhWMdIqzhBoWuCHFA,UCJrI3JMBC7mYLEs3TGEa9Bg,Undirected,1,1
UC8saOtRMr4bMetYYAWVdBCw,UCHsx4Hqa-1ORjQTh9TYDhww,Undirected,1,1
UC8saOtRMr4bMetYYAWVdBCw,UCKDxmImKVTAeTIYQVkxPp4A,Undirected,1,1
UC8saOtRMr4bMetYYAWVdBCw,UCKuZtzDaq0n5JOB53rrSNPg,Undirected,1,1
UC8saOtRMr4bMetYYAWVdBCw,UChu62njnEBG-QaQ_owcbWcA,Undirected,1,1
UCHsx4Hqa-1ORjQTh9TYDhww,UCKDxmImKVTAeTIYQVkxPp4A,Undirected,1,1
UCHsx4Hqa-1ORjQTh9TYDhww,UCKuZtzDaq0n5JOB53rrSNPg,Undirected,1,1
UCHsx4Hqa-1ORjQTh9TYDhww,UChu62njnEBG-QaQ_owcbWcA,Undirected,1,1
UCKDxmImKVTAeTIYQVkxPp4A,UCKuZtzDaq0n5JOB53rrSNPg,Undirected,1,1
UCKDxmImKVTAeTIYQVkxPp4A,UChu62njnEBG-QaQ_owcbWcA,Undirected,1,1
UCKuZtzDaq0n5JOB53rrSNPg,UChu62njnEBG-QaQ_owcbWcA,Undirected,1,1
UC0kT8BCVhWg4-mXrVplGpqA,UC10BM9XdLdrvB8japwmRUvA,Undirected,1,1
UC0kT8BCVhWg4-mXrVplGpqA,UC8saOtRMr4bMetYYAWVdBCw,Undirected,1,1
UC0kT8BCVhWg4-mXrVplGpqA,UCwB3Taqr8A3lxRKwqz58xhA,Undirected,1,1
UC10BM9XdLdrvB8japwmRUvA,UC8saOtRMr4bMetYYAWVdBCw,Undirected,1,1
UC10BM9XdLdrvB8japwmRUvA,UCwB3Taqr8A3lxRKwqz58xhA,Undirected,1,1
UC8saOtRMr4bMetYYAWVdBCw,UCwB3Taqr8A3lxRKwqz58xhA,Undirected,2,2
UC8saOtRMr4bMetYYAWVdBCw,UCSktMSoL-WG3IllOyWnBZFQ,Undirected,1,1
UC8saOtRMr4bMetYYAWVdBCw,UCgP3GbgbuVzAhlctGU5yuPA,Undirected,1,1
UC8saOtRMr4bMetYYAWVdBCw,UCjuV2sAsfqhm5tjwxKSsDvw,Undirected,1,1
UCAPtjSEfQ5jyu4yUvM_wU2Q,UCSktMSoL-WG3IllOyWnBZFQ,Undirected,1,1
UCAPtjSEfQ5jyu4yUvM_wU2Q,UCgP3GbgbuVzAhlctGU5yuPA,Undirected,1,1
UCAPtjSEfQ5jyu4yUvM_wU2Q,UCjuV2sAsfqhm5tjwxKSsDvw,Undirected,1,1
UCSktMSoL-WG3IllOyWnBZFQ,UCjuV2sAsfqhm5tjwxKSsDvw,Undirected,1,1
UCgP3GbgbuVzAhlctGU5yuPA,UCjuV2sAsfqhm5tjwxKSsDvw,Undirected,1,1
UC8saOtRMr4bMetYYAWVdBCw,UCVmJgkEvp5EhELLXTNyq-nQ,Undirected,1,1
UC8saOtRMr4bMetYYAWVdBCw,UCh30cqxXK4j5TsWaHp-roUg,Undirected,1,1
UC8saOtRMr4bMetYYAWVdBCw,UCo-n-t_XUp1ob6RlLgr6etQ,Undirected,1,1
UCVmJgkEvp5EhELLXTNyq-nQ,UCdIIkWHFR9Esvt5sVLsLq1A,Undirected,1,1
UCVmJgkEvp5EhELLXTNyq-nQ,UCh30cqxXK4j5TsWaHp-roUg,Undirected,1,1
UCVmJgkEvp5EhELLXTNyq-nQ,UCo-n-t_XUp1ob6RlLgr6etQ,Undirected,1,1
UCVmJgkEvp5EhELLXTNyq-nQ,UCwB3Taqr8A3lxRKwqz58xhA,Undirected,1,1
UCdIIkWHFR9Esvt5sVLsLq1A,UCh30cqxXK4j5TsWaHp-roUg,Undirected,1,1
UCdIIkWHFR9Esvt5sVLsLq1A,UCo-n-t_XUp1ob6RlLgr6etQ,Undirected,1,1
UCdIIkWHFR9Esvt5sVLsLq1A,UCwB3Taqr8A3lxRKwqz58xhA,Undirected,1,1
UCh30cqxXK4j5TsWaHp-roUg,UCo-n-t_XUp1ob6RlLgr6etQ,Undirected,1,1
UCh30cqxXK4j5TsWaHp-roUg,UCwB3Taqr8A3lxRKwqz58xhA,Undirected,1,1
UCo-n-t_XUp1ob6RlLgr6etQ,UCwB3Taqr8A3lxRKwqz58xhA,Undirected,1,1
UC3qLl2LioLEkZcjgmdzX2dg,UC8saOtRMr4bMetYYAWVdBCw,Undirected,1,1
UC3qLl2LioLEkZcjgmdzX2dg,UCAPtjSEfQ5jyu4yUvM_wU2Q,Undirected,1,1
UC3qLl2LioLEkZcjgmdzX2dg,UCr8xZjrTLG9-6E02Wj862pg,Undirected,1,1
UC8saOtRMr4bMetYYAWVdBCw,UCr8xZjrTLG9-6E02Wj862pg,Undirected,1,1
UCAPtjSEfQ5jyu4yUvM_wU2Q,UCr8xZjrTLG9-6E02Wj862pg,Undirected,1,1
UC2V0JD1YMbzcbrgQexJ8eNQ,UC8saOtRMr4bMetYYAWVdBCw,Undirected,1,1
UC2V0JD1YMbzcbrgQexJ8eNQ,UCatXx9LPplqgFVSIuLy6XPw,Undirected,1,1
UC2V0JD1YMbzcbrgQexJ8eNQ,UCdIIkWHFR9Esvt5sVLsLq1A,Undirected,1,1
UC8saOtRMr4bMetYYAWVdBCw,UCatXx9LPplqgFVSIuLy6XPw,Undirected,1,1
UCatXx9LPplqgFVSIuLy6XPw,UCdIIkWHFR9Esvt5sVLsLq1A,Undirected,1,1
UCV4XZYBPE70Xog1OjZnpqgg,UCo9jC3agot625b0btY4AZ1Q,Undirected,3,3
UCdIIkWHFR9Esvt5sVLsLq1A,UCo9jC3agot625b0btY4AZ1Q,Undirected,3,3
UC9ZJy-A2wus_MtdFBNRhs-w,UCTQWfX7UKw7f6bI5Fpczwxg,Undirected,1,1
UCHV60B-ox9Ra-jo9V3tz-jQ,UCTQWfX7UKw7f6bI5Fpczwxg,Undirected,1,1
UC8iFHqWjzEIgZnvqpH-wUsQ,UCJ6IsDg6y8jFdyHvfXV6aNQ,Undirected,1,1
UC8iFHqWjzEIgZnvqpH-wUsQ,UCT4tYSmOOb4sBhNpeu9DHhQ,Undirected,1,1
UC8iFHqWjzEIgZnvqpH-wUsQ,UCTQWfX7UKw7f6bI5Fpczwxg,Undirected,2,2
UC8iFHqWjzEIgZnvqpH-wUsQ,UCdIIkWHFR9Esvt5sVLsLq1A,Undirected,1,1
UCJ6IsDg6y8jFdyHvfXV6aNQ,UCT4tYSmOOb4sBhNpeu9DHhQ,Undirected,1,1
UCT4tYSmOOb4sBhNpeu9DHhQ,UCTQWfX7UKw7f6bI5Fpczwxg,Undirected,1,1
UCT4tYSmOOb4sBhNpeu9DHhQ,UCdIIkWHFR9Esvt5sVLsLq1A,Undirected,1,1
UC5akOhxdDIU3gZTJSmv_Wgg,UCLWLdvs2d63srGgIvYL_3fA,Undirected,1,1
UCCrRrZ42klvWtDjJtxYWUZw,UCfeYI_o9NTv1Jsi18ta0qKw,Undirected,1,1
UC9iIFj6J_tkSmmcVq5LhK2w,UCfeYI_o9NTv1Jsi18ta0qKw,Undirected,4,4
UCfeYI_o9NTv1Jsi18ta0qKw,UCkZ1QrqHwxnrW56YNf2GNaA,Undirected,1,1
UC9iIFj6J_tkSmmcVq5LhK2w,UCCIWRaoG_KjAvlRplZ5gVlg,Undirected,1,1
UC9iIFj6J_tkSmmcVq5LhK2w,UCHu_jjRLY-2v9Ls58S44txQ,Undirected,1,1
UCCIWRaoG_KjAvlRplZ5gVlg,UCHu_jjRLY-2v9Ls58S44txQ,Undirected,1,1
UCCIWRaoG_KjAvlRplZ5gVlg,UCZeWkiM4W_jx2ppjvRlsaIA,Undirected,1,1
UCCIWRaoG_KjAvlRplZ5gVlg,UCfeYI_o9NTv1Jsi18ta0qKw,Undirected,1,1
UCHu_jjRLY-2v9Ls58S44txQ,UCZeWkiM4W_jx2ppjvRlsaIA,Undirected,1,1
UCHu_jjRLY-2v9Ls58S44txQ,UCfeYI_o9NTv1Jsi18ta0qKw,Undirected,1,1
UCZeWkiM4W_jx2ppjvRlsaIA,UCfeYI_o9NTv1Jsi18ta0qKw,Undirected,1,1
UCHXqm6im50_Gr4oKL15XN1A,UCfeYI_o9NTv1Jsi18ta0qKw,Undirected,1,1
UCdIIkWHFR9Esvt5sVLsLq1A,UCfeYI_o9NTv1Jsi18ta0qKw,Undirected,2,2
UC9iIFj6J_tkSmmcVq5LhK2w,UCkslhm6b0k6t9-9oUhxP9Fg,Undirected,1,1
UCdIIkWHFR9Esvt5sVLsLq1A,UCkslhm6b0k6t9-9oUhxP9Fg,Undirected,1,1
UCfeYI_o9NTv1Jsi18ta0qKw,UCkslhm6b0k6t9-9oUhxP9Fg,Undirected,1,1
UCGso3fqefRJBfJEU67KfFXA,UCHV60B-ox9Ra-jo9V3tz-jQ,Undirected,1,1
UCGso3fqefRJBfJEU67KfFXA,UCMKVARdOQoEcHrUfOihpTxQ,Undirected,1,1
UCHV60B-ox9Ra-jo9V3tz-jQ,UCJ6IsDg6y8jFdyHvfXV6aNQ,Undirected,1,1
UCHV60B-ox9Ra-jo9V3tz-jQ,UCMKVARdOQoEcHrUfOihpTxQ,Undirected,1,1
UCHV60B-ox9Ra-jo9V3tz-jQ,UCdIIkWHFR9Esvt5sVLsLq1A,Undirected,3,3
UC4UfxATm4onE119rTrm1wUA,UCP8M5U8iudsSb-EYu1W0xig,Undirected,1,1
UC4UfxATm4onE119rTrm1wUA,UCo9jC3agot625b0btY4AZ1Q,Undirected,3,3
UCP8M5U8iudsSb-EYu1W0xig,UCo9jC3agot625b0btY4AZ1Q,Undirected,1,1
UCaDUoaxT9-lNYrB65Drs22Q,UCdIIkWHFR9Esvt5sVLsLq1A,Undirected,1,1
UCaDUoaxT9-lNYrB65Drs22Q,UCo9jC3agot625b0btY4AZ1Q,Undirected,2,2
UCJ6IsDg6y8jFdyHvfXV6aNQ,UCVvSu9bWoMi2k7SqPlVvwNA,Undirected,2,2
UCJ6IsDg6y8jFdyHvfXV6aNQ,UCxHri2XYs6w8o3R5XgVG-8Q,Undirected,1,1
UCVvSu9bWoMi2k7SqPlVvwNA,UCo9jC3agot625b0btY4AZ1Q,Undirected,3,3
UCVvSu9bWoMi2k7SqPlVvwNA,UCxHri2XYs6w8o3R5XgVG-8Q,Undirected,1,1
UCo9jC3agot625b0btY4AZ1Q,UCxHri2XYs6w8o3R5XgVG-8Q,Undirected,1,1
UCKYdlncC-QcSUwPfQiJF5xQ,UCVvSu9bWoMi2k7SqPlVvwNA,Undirected,1,1
UCVvSu9bWoMi2k7SqPlVvwNA,UCdIIkWHFR9Esvt5sVLsLq1A,Undirected,1,1
UCo9jC3agot625b0btY4AZ1Q,UCz0OelasTvZsr7qxFRlKDXQ,Undirected,1,1
UC4UfxATm4onE119rTrm1wUA,UCVvSu9bWoMi2k7SqPlVvwNA,Undirected,1,1
UC9iIFj6J_tkSmmcVq5LhK2w,UCo9jC3agot625b0btY4AZ1Q,Undirected,1,1
UCJ6IsDg6y8jFdyHvfXV6aNQ,UCLeIuICd4O8-4PnB0o4l99g,Undirected,1,1
UCKYdlncC-QcSUwPfQiJF5xQ,UCLeIuICd4O8-4PnB0o4l99g,Undirected,1,1
UCLeIuICd4O8-4PnB0o4l99g,UCo9jC3agot625b0btY4AZ1Q,Undirected,1,1
UCDUE-URH7fIA62B6kLprSlA,UCLeIuICd4O8-4PnB0o4l99g,Undirected,1,1
UC4AxwFjjPtK6mp6B6ZP4LQg,UCOyV-l0XgKg3objHmzLOAKQ,Undirected,1,1
UC4AxwFjjPtK6mp6B6ZP4LQg,UC_EDnpWWTys-EOY-t1x3vVg,Undirected,1,1
UCOyV-l0XgKg3objHmzLOAKQ,UC_EDnpWWTys-EOY-t1x3vVg,Undirected,1,1
UCOyV-l0XgKg3objHmzLOAKQ,UCsRDeciLXDCbDz6Di75a3XA,Undirected,1,1
UCOyV-l0XgKg3objHmzLOAKQ,UCzN8gFCJLTd2y7dzXtS0grQ,Undirected,2,2
UC1z2b-IS7Y27iIro6L9GWEg,UC8KD_mCuLBGE00tImNH1jdQ,Undirected,1,1
UC1z2b-IS7Y27iIro6L9GWEg,UCOyV-l0XgKg3objHmzLOAKQ,Undirected,1,1
UC1z2b-IS7Y27iIro6L9GWEg,UCmXLrfxWlg7pLBXx5SvVZWQ,Undirected,1,1
UC1z2b-IS7Y27iIro6L9GWEg,UCzN8gFCJLTd2y7dzXtS0grQ,Undirected,1,1
UC8KD_mCuLBGE00tImNH1jdQ,UCOyV-l0XgKg3objHmzLOAKQ,Undirected,1,1
UC8KD_mCuLBGE00tImNH1jdQ,UCmXLrfxWlg7pLBXx5SvVZWQ,Undirected,1,1
UC8KD_mCuLBGE00tImNH1jdQ,UCzN8gFCJLTd2y7dzXtS0grQ,Undirected,1,1
UCOyV-l0XgKg3objHmzLOAKQ,UCmXLrfxWlg7pLBXx5SvVZWQ,Undirected,1,1
UCmXLrfxWlg7pLBXx5SvVZWQ,UCzN8gFCJLTd2y7dzXtS0grQ,Undirected,1,1
UCAp6WC5-JEcmHB7qItB6Jwg,UCH_DxQ_lecbpns9q5qKemsA,Undirected,1,1
UCAp6WC5-JEcmHB7qItB6Jwg,UCOyV-l0XgKg3objHmzLOAKQ,Undirected,1,1
UCH_DxQ_lecbpns9q5qKemsA,UCOyV-l0XgKg3objHmzLOAKQ,Undirected,1,1
UC-Me9rA03r3fsr1RE9HtE6Q,UCkrP4jIbdp5VaL0GCLKdluQ,Undirected,2,2
UC-Me9rA03r3fsr1RE9HtE6Q,UCm6nErZJfIe5jgpgOfxLCOw,Undirected,2,2
UCkrP4jIbdp5VaL0GCLKdluQ,UCm6nErZJfIe5jgpgOfxLCOw,Undirected,2,2
UCHTkYvbEapPSdeZanuvla9w,UCP5k5ger3gm5kwN-krQQFfw,Undirected,1,1
UCHTkYvbEapPSdeZanuvla9w,UCkrP4jIbdp5VaL0GCLKdluQ,Undirected,1,1
UCHTkYvbEapPSdeZanuvla9w,UCm29B_WY-nd14PaNFwCPWag,Undirected,1,1
UCP5k5ger3gm5kwN-krQQFfw,UCkrP4jIbdp5VaL0GCLKdluQ,Undirected,1,1
UCP5k5ger3gm5kwN-krQQFfw,UCm29B_WY-nd14PaNFwCPWag,Undirected,1,1
UCkrP4jIbdp5VaL0GCLKdluQ,UCm29B_WY-nd14PaNFwCPWag,Undirected,1,1
UC-4cVJcCB99oCG0wn3KSB6A,UC-Me9rA03r3fsr1RE9HtE6Q,Undirected,1,1
UC-4cVJcCB99oCG0wn3KSB6A,UCkrP4jIbdp5VaL0GCLKdluQ,Undirected,1,1
UC-4cVJcCB99oCG0wn3KSB6A,UCm6nErZJfIe5jgpgOfxLCOw,Undirected,1,1
UCLeIuICd4O8-4PnB0o4l99g,UC_MFOIMRgOs7_CT82mr-eIA,Undirected,5,5
UC1ZJ-3fSZVeZMKlrJ2T1XTg,UCLeIuICd4O8-4PnB0o4l99g,Undirected,1,1
UC1ZJ-3fSZVeZMKlrJ2T1XTg,UCUm438Xz_NDzqLAifs5hpoQ,Undirected,1,1
UC1ZJ-3fSZVeZMKlrJ2T1XTg,UC_MFOIMRgOs7_CT82mr-eIA,Undirected,1,1
UC1ZJ-3fSZVeZMKlrJ2T1XTg,UCgh_YWsKXZQOs5y685R6EYw,Undirected,1,1
UC1ZJ-3fSZVeZMKlrJ2T1XTg,UCxZvd2-3erIZmy6a3zB3YbQ,Undirected,1,1
UCLeIuICd4O8-4PnB0o4l99g,UCUm438Xz_NDzqLAifs5hpoQ,Undirected,1,1
UCLeIuICd4O8-4PnB0o4l99g,UCgh_YWsKXZQOs5y685R6EYw,Undirected,1,1
UCLeIuICd4O8-4PnB0o4l99g,UCxZvd2-3erIZmy6a3zB3YbQ,Undirected,2,2
UCUm438Xz_NDzqLAifs5hpoQ,UC_MFOIMRgOs7_CT82mr-eIA,Undirected,1,1
UCUm438Xz_NDzqLAifs5hpoQ,UCgh_YWsKXZQOs5y685R6EYw,Undirected,1,1
UCUm438Xz_NDzqLAifs5hpoQ,UCxZvd2-3erIZmy6a3zB3YbQ,Undirected,1,1
UC_MFOIMRgOs7_CT82mr-eIA,UCgh_YWsKXZQOs5y685R6EYw,Undirected,3,3
UC_MFOIMRgOs7_CT82mr-eIA,UCxZvd2-3erIZmy6a3zB3YbQ,Undirected,6,6
UCgh_YWsKXZQOs5y685R6EYw,UCxZvd2-3erIZmy6a3zB3YbQ,Undirected,3,3
UCOyV-l0XgKg3objHmzLOAKQ,UCgh_YWsKXZQOs5y685R6EYw,Undirected,1,1
UCOyV-l0XgKg3objHmzLOAKQ,UCxZvd2-3erIZmy6a3zB3YbQ,Undirected,1,1
UCMsNS10PzxzEayT7UHS4p6g,UCch9Dmg5Juwp8MZGvAmAp4Q,Undirected,1,1
UCMsNS10PzxzEayT7UHS4p6g,UCV5szEvKEntY974aMEfNMEw,Undirected,1,1
UCMsNS10PzxzEayT7UHS4p6g,UC_zzBnfBKpNH1rYfMC98yMg,Undirected,1,1
UCMsNS10PzxzEayT7UHS4p6g,UCzgfM9sCaXwlTiJRm3BaUTw,Undirected,1,1
UC2cIg-QwPd4iA2YB3Mf1KmQ,UCMsNS10PzxzEayT7UHS4p6g,Undirected,1,1
UC2cIg-QwPd4iA2YB3Mf1KmQ,UCrDlMWKQp0RM3_dagdP0lPA,Undirected,1,1
UCMsNS10PzxzEayT7UHS4p6g,UCrDlMWKQp0RM3_dagdP0lPA,Undirected,1,1
UCKYdlncC-QcSUwPfQiJF5xQ,UCKZToTAQrHRN5TZPSGal9tQ,Undirected,1,1
UCKYdlncC-QcSUwPfQiJF5xQ,UCL0oSfDRZxRYNYGdU0CsQGQ,Undirected,1,1
UCKYdlncC-QcSUwPfQiJF5xQ,UCdzZMXTM7SESFL9-wn3kqsw,Undirected,1,1
UCKYdlncC-QcSUwPfQiJF5xQ,UCmqhctD2NKHC_KE-xOwfqiQ,Undirected,1,1
UCKYdlncC-QcSUwPfQiJF5xQ,UCySB_JgrBrcs9c1Jwp7zjMg,Undirected,1,1
UCKZToTAQrHRN5TZPSGal9tQ,UCL0oSfDRZxRYNYGdU0CsQGQ,Undirected,1,1
UCKZToTAQrHRN5TZPSGal9tQ,UCdzZMXTM7SESFL9-wn3kqsw,Undirected,1,1
UCKZToTAQrHRN5TZPSGal9tQ,UCmqhctD2NKHC_KE-xOwfqiQ,Undirected,1,1
UCKZToTAQrHRN5TZPSGal9tQ,UCySB_JgrBrcs9c1Jwp7zjMg,Undirected,1,1
UCL0oSfDRZxRYNYGdU0CsQGQ,UCdzZMXTM7SESFL9-wn3kqsw,Undirected,1,1
UCL0oSfDRZxRYNYGdU0CsQGQ,UCmqhctD2NKHC_KE-xOwfqiQ,Undirected,1,1
UCL0oSfDRZxRYNYGdU0CsQGQ,UCySB_JgrBrcs9c1Jwp7zjMg,Undirected,1,1
UCdzZMXTM7SESFL9-wn3kqsw,UCmqhctD2NKHC_KE-xOwfqiQ,Undirected,1,1
UCdzZMXTM7SESFL9-wn3kqsw,UCySB_JgrBrcs9c1Jwp7zjMg,Undirected,1,1
UCmqhctD2NKHC_KE-xOwfqiQ,UCySB_JgrBrcs9c1Jwp7zjMg,Undirected,1,1
UC4GXMHCwmONp6XFRB5SayAg,UCKYdlncC-QcSUwPfQiJF5xQ,Undirected,1,1
UC4GXMHCwmONp6XFRB5SayAg,UCdIIkWHFR9Esvt5sVLsLq1A,Undirected,1,1
UCKYdlncC-QcSUwPfQiJF5xQ,UCaRvdQwKWcnfsdBrauFlMNA,Undirected,1,1
UCKYdlncC-QcSUwPfQiJF5xQ,UCp13SxKXbhCS0lb6Ty774iQ,Undirected,1,1
UCaRvdQwKWcnfsdBrauFlMNA,UCp13SxKXbhCS0lb6Ty774iQ,Undirected,1,1
UC9iIFj6J_tkSmmcVq5LhK2w,UCC0RJ5_JnQepCZo39i5hTog,Undirected,1,1
UCC0RJ5_JnQepCZo39i5hTog,UCKYdlncC-QcSUwPfQiJF5xQ,Undirected,1,1
UCQhDb4DdDIyVocU6WwvAAEA,UCvpredjG93ifbCP1Y77JyFA,Undirected,1,1
UC70KC06PCCjE33OW6JpbMiQ,UCNZixANYOD3NyepS2lsAArg,Undirected,1,1
UC70KC06PCCjE33OW6JpbMiQ,UCe1GNZ_i2YMf1gK61QbZTtA,Undirected,1,1
UC70KC06PCCjE33OW6JpbMiQ,UCmlWvlqqOrRxaA6WecNIwew,Undirected,1,1
UCNZixANYOD3NyepS2lsAArg,UCQhDb4DdDIyVocU6WwvAAEA,Undirected,1,1
UCNZixANYOD3NyepS2lsAArg,UCe1GNZ_i2YMf1gK61QbZTtA,Undirected,1,1
UCNZixANYOD3NyepS2lsAArg,UCmlWvlqqOrRxaA6WecNIwew,Undirected,1,1
UCQhDb4DdDIyVocU6WwvAAEA,UCe1GNZ_i2YMf1gK61QbZTtA,Undirected,1,1
UCQhDb4DdDIyVocU6WwvAAEA,UCmlWvlqqOrRxaA6WecNIwew,Undirected,1,1
UCe1GNZ_i2YMf1gK61QbZTtA,UCmlWvlqqOrRxaA6WecNIwew,Undirected,1,1
UC70KC06PCCjE33OW6JpbMiQ,UC_Kgd2nzUMetFxEHdH3x8KA,Undirected,1,1
UC70KC06PCCjE33OW6JpbMiQ,UCsyjnt4BUjDO3pOsDhxTFZw,Undirected,1,1
UCDRq9rLd6BDjNZ_Q3UZmhxA,UCQhDb4DdDIyVocU6WwvAAEA,Undirected,4,4
UCDRq9rLd6BDjNZ_Q3UZmhxA,UC_Kgd2nzUMetFxEHdH3x8KA,Undirected,1,1
UCDRq9rLd6BDjNZ_Q3UZmhxA,UCsyjnt4BUjDO3pOsDhxTFZw,Undirected,1,1
UCQhDb4DdDIyVocU6WwvAAEA,UC_Kgd2nzUMetFxEHdH3x8KA,Undirected,1,1
UCQhDb4DdDIyVocU6WwvAAEA,UCsyjnt4BUjDO3pOsDhxTFZw,Undirected,1,1
UC_Kgd2nzUMetFxEHdH3x8KA,UCsyjnt4BUjDO3pOsDhxTFZw,Undirected,1,1
UC70KC06PCCjE33OW6JpbMiQ,UCtsJepH1jysTEWMPV2WDrjA,Undirected,1,1
UCDRq9rLd6BDjNZ_Q3UZmhxA,UCtsJepH1jysTEWMPV2WDrjA,Undirected,1,1
UCQhDb4DdDIyVocU6WwvAAEA,UCtsJepH1jysTEWMPV2WDrjA,Undirected,1,1
UC70KC06PCCjE33OW6JpbMiQ,UCOTR1tcOAhjgi6YukrPpZxg,Undirected,1,1
UC70KC06PCCjE33OW6JpbMiQ,UCrALFGPubY9rNwVOOJUYu4g,Undirected,1,1
UCDRq9rLd6BDjNZ_Q3UZmhxA,UCOTR1tcOAhjgi6YukrPpZxg,Undirected,1,1
UCDRq9rLd6BDjNZ_Q3UZmhxA,UCrALFGPubY9rNwVOOJUYu4g,Undirected,1,1
UCOTR1tcOAhjgi6YukrPpZxg,UCQhDb4DdDIyVocU6WwvAAEA,Undirected,1,1
UCOTR1tcOAhjgi6YukrPpZxg,UCrALFGPubY9rNwVOOJUYu4g,Undirected,1,1
UCQhDb4DdDIyVocU6WwvAAEA,UCrALFGPubY9rNwVOOJUYu4g,Undirected,1,1
UC-143ND7KXdjfcqMXbZH5Ng,UC7SNN5OIvG5x5Wpxy08Ulqw,Undirected,1,1
UC-143ND7KXdjfcqMXbZH5Ng,UCDRq9rLd6BDjNZ_Q3UZmhxA,Undirected,1,1
UC-143ND7KXdjfcqMXbZH5Ng,UCQhDb4DdDIyVocU6WwvAAEA,Undirected,1,1
UC-143ND7KXdjfcqMXbZH5Ng,UC_I6Q_W52pbCy_6j8ZuR-_Q,Undirected,1,1
UC7SNN5OIvG5x5Wpxy08Ulqw,UCDRq9rLd6BDjNZ_Q3UZmhxA,Undirected,1,1
UC7SNN5OIvG5x5Wpxy08Ulqw,UCQhDb4DdDIyVocU6WwvAAEA,Undirected,1,1
UC7SNN5OIvG5x5Wpxy08Ulqw,UC_I6Q_W52pbCy_6j8ZuR-_Q,Undirected,1,1
UCDRq9rLd6BDjNZ_Q3UZmhxA,UC_I6Q_W52pbCy_6j8ZuR-_Q,Undirected,1,1
UCQhDb4DdDIyVocU6WwvAAEA,UC_I6Q_W52pbCy_6j8ZuR-_Q,Undirected,1,1
UC1CGaG114jfEiiWzZ2SkyhQ,UC3JXYNKe44W5qMih4AvbKMg,Undirected,1,1
UC1CGaG114jfEiiWzZ2SkyhQ,UC7UmHj6SucKS4VyjMa_1VpA,Undirected,1,1
UC3JXYNKe44W5qMih4AvbKMg,UC7UmHj6SucKS4VyjMa_1VpA,Undirected,1,1
UC3JXYNKe44W5qMih4AvbKMg,UCbrpVQoZ3A4X4U-uCaa5oeA,Undirected,2,2
UC3JXYNKe44W5qMih4AvbKMg,UCuEGBLKexaFTyPuCIdT_fvw,Undirected,2,2
UCbrpVQoZ3A4X4U-uCaa5oeA,UCuEGBLKexaFTyPuCIdT_fvw,Undirected,2,2
UC3JXYNKe44W5qMih4AvbKMg,UCl-jpKzy0rhKJQXg7JVwNdg,Undirected,1,1
UC3JXYNKe44W5qMih4AvbKMg,UCOTsgQ-J28MZhn8rRczQg-A,Undirected,1,1
UC3JXYNKe44W5qMih4AvbKMg,UCbhAkLpoSTz1E6WFmH58KKg,Undirected,1,1
UC3JXYNKe44W5qMih4AvbKMg,UCwnpsTVOdKTlIT1pVPKyJRw,Undirected,1,1
UCOTsgQ-J28MZhn8rRczQg-A,UCbhAkLpoSTz1E6WFmH58KKg,Undirected,1,1
UCOTsgQ-J28MZhn8rRczQg-A,UCwnpsTVOdKTlIT1pVPKyJRw,Undirected,1,1
UCbhAkLpoSTz1E6WFmH58KKg,UCwnpsTVOdKTlIT1pVPKyJRw,Undirected,1,1
UC7d3Y_v5O202eo006uvvPzw,UCH236_Q5DjbeMvs-MRcOpUA,Undirected,1,1
UC7d3Y_v5O202eo006uvvPzw,UCHXqm6im50_Gr4oKL15XN1A,Undirected,1,1
UC7d3Y_v5O202eo006uvvPzw,UClsK7joBrIf4CuBnPZvFn2g,Undirected,1,1
UC7d3Y_v5O202eo006uvvPzw,UCor-edFGuH9Ok7PNW2Y-ULg,Undirected,1,1
UCH236_Q5DjbeMvs-MRcOpUA,UCHXqm6im50_Gr4oKL15XN1A,Undirected,1,1
UCH236_Q5DjbeMvs-MRcOpUA,UClsK7joBrIf4CuBnPZvFn2g,Undirected,1,1
UCH236_Q5DjbeMvs-MRcOpUA,UCor-edFGuH9Ok7PNW2Y-ULg,Undirected,1,1
UCHXqm6im50_Gr4oKL15XN1A,UCor-edFGuH9Ok7PNW2Y-ULg,Undirected,1,1
UClsK7joBrIf4CuBnPZvFn2g,UCor-edFGuH9Ok7PNW2Y-ULg,Undirected,1,1
UC2RRy7ijwMiEk-w3kOpp-Yg,UC4ajGzEO_bBCLYY9LpD3yCg,Undirected,1,1
UC2RRy7ijwMiEk-w3kOpp-Yg,UCizFPWz8f_cCd0dAiHqUtrg,Undirected,1,1
UC2RRy7ijwMiEk-w3kOpp-Yg,UClsK7joBrIf4CuBnPZvFn2g,Undirected,1,1
UC2RRy7ijwMiEk-w3kOpp-Yg,UCsA_90hFaPqRooc_cTvwNJA,Undirected,1,1
UC2RRy7ijwMiEk-w3kOpp-Yg,UCtE3C9Osd_RXiUVx2bcesvw,Undirected,1,1
UC4ajGzEO_bBCLYY9LpD3yCg,UCizFPWz8f_cCd0dAiHqUtrg,Undirected,2,2
UC4ajGzEO_bBCLYY9LpD3yCg,UClsK7joBrIf4CuBnPZvFn2g,Undirected,6,6
UC4ajGzEO_bBCLYY9LpD3yCg,UCsA_90hFaPqRooc_cTvwNJA,Undirected,1,1
UC4ajGzEO_bBCLYY9LpD3yCg,UCtE3C9Osd_RXiUVx2bcesvw,Undirected,2,2
UCizFPWz8f_cCd0dAiHqUtrg,UClsK7joBrIf4CuBnPZvFn2g,Undirected,2,2
UCizFPWz8f_cCd0dAiHqUtrg,UCsA_90hFaPqRooc_cTvwNJA,Undirected,1,1
UCizFPWz8f_cCd0dAiHqUtrg,UCtE3C9Osd_RXiUVx2bcesvw,Undirected,1,1
UClsK7joBrIf4CuBnPZvFn2g,UCsA_90hFaPqRooc_cTvwNJA,Undirected,1,1
UClsK7joBrIf4CuBnPZvFn2g,UCtE3C9Osd_RXiUVx2bcesvw,Undirected,2,2
UCsA_90hFaPqRooc_cTvwNJA,UCtE3C9Osd_RXiUVx2bcesvw,Undirected,1,1
UCDxwFufbvC_8dbreS2aPcpw,UClsK7joBrIf4CuBnPZvFn2g,Undirected,1,1
UC4ajGzEO_bBCLYY9LpD3yCg,UCX5aTMDjqpR3nkt-XpuftLg,Undirected,1,1
UC4ajGzEO_bBCLYY9LpD3yCg,UCxUp2BoKQxX31G8puYSCggw,Undirected,3,3
UCX5aTMDjqpR3nkt-XpuftLg,UClsK7joBrIf4CuBnPZvFn2g,Undirected,1,1
UCX5aTMDjqpR3nkt-XpuftLg,UCtE3C9Osd_RXiUVx2bcesvw,Undirected,1,1
UCX5aTMDjqpR3nkt-XpuftLg,UCxUp2BoKQxX31G8puYSCggw,Undirected,1,1
UClsK7joBrIf4CuBnPZvFn2g,UCxUp2BoKQxX31G8puYSCggw,Undirected,3,3
UCtE3C9Osd_RXiUVx2bcesvw,UCxUp2BoKQxX31G8puYSCggw,Undirected,1,1
UC4ajGzEO_bBCLYY9LpD3yCg,UCIjX_6ni1jk2ZCSSmgy5PEw,Undirected,1,1
UC4ajGzEO_bBCLYY9LpD3yCg,UCZc_X2HULaJeAjdJV8sqoLA,Undirected,1,1
UC4ajGzEO_bBCLYY9LpD3yCg,UCi_OAPUCyGonbhUYsw7GLRA,Undirected,1,1
UCIjX_6ni1jk2ZCSSmgy5PEw,UCZc_X2HULaJeAjdJV8sqoLA,Undirected,1,1
UCIjX_6ni1jk2ZCSSmgy5PEw,UCi_OAPUCyGonbhUYsw7GLRA,Undirected,1,1
UCIjX_6ni1jk2ZCSSmgy5PEw,UClsK7joBrIf4CuBnPZvFn2g,Undirected,1,1
UCIjX_6ni1jk2ZCSSmgy5PEw,UCxUp2BoKQxX31G8puYSCggw,Undirected,1,1
UCZc_X2HULaJeAjdJV8sqoLA,UCi_OAPUCyGonbhUYsw7GLRA,Undirected,1,1
UCZc_X2HULaJeAjdJV8sqoLA,UClsK7joBrIf4CuBnPZvFn2g,Undirected,1,1
UCZc_X2HULaJeAjdJV8sqoLA,UCxUp2BoKQxX31G8puYSCggw,Undirected,1,1
UCi_OAPUCyGonbhUYsw7GLRA,UClsK7joBrIf4CuBnPZvFn2g,Undirected,1,1
UCi_OAPUCyGonbhUYsw7GLRA,UCxUp2BoKQxX31G8puYSCggw,Undirected,1,1
UCRsAsv_dOl_VVs2e_-Z07Ow,UCy3XqyXzywNL3tBGFkmtppw,Undirected,1,1
UCE9lS5A3UeOuk1MTuMo1tpA,UCk7S76uQrkOoFnSesUtt_jg,Undirected,1,1
UCE9lS5A3UeOuk1MTuMo1tpA,UCn1Dh_lXKqyWi54CTTfpXtw,Undirected,1,1
UCE9lS5A3UeOuk1MTuMo1tpA,UCy3XqyXzywNL3tBGFkmtppw,Undirected,1,1
UCk7S76uQrkOoFnSesUtt_jg,UCn1Dh_lXKqyWi54CTTfpXtw,Undirected,1,1
UCk7S76uQrkOoFnSesUtt_jg,UCy3XqyXzywNL3tBGFkmtppw,Undirected,2,2
UCn1Dh_lXKqyWi54CTTfpXtw,UCy3XqyXzywNL3tBGFkmtppw,Undirected,1,1
UCPJdoql5o1jLJ8LD7P68aSA,UCT7QZdKntGruY3SafODau-Q,Undirected,1,1
UCPJdoql5o1jLJ8LD7P68aSA,UCpNGw0hSa6BdZfPtsre5hvQ,Undirected,1,1
UCPJdoql5o1jLJ8LD7P68aSA,UCy3XqyXzywNL3tBGFkmtppw,Undirected,1,1
UCPJdoql5o1jLJ8LD7P68aSA,UCz2rGHuxChWIzn81mKzFYKQ,Undirected,1,1
UCT7QZdKntGruY3SafODau-Q,UCpNGw0hSa6BdZfPtsre5hvQ,Undirected,1,1
UCT7QZdKntGruY3SafODau-Q,UCy3XqyXzywNL3tBGFkmtppw,Undirected,1,1
UCT7QZdKntGruY3SafODau-Q,UCz2rGHuxChWIzn81mKzFYKQ,Undirected,1,1
UCpNGw0hSa6BdZfPtsre5hvQ,UCy3XqyXzywNL3tBGFkmtppw,Undirected,2,2
UCpNGw0hSa6BdZfPtsre5hvQ,UCz2rGHuxChWIzn81mKzFYKQ,Undirected,1,1
UCy3XqyXzywNL3tBGFkmtppw,UCz2rGHuxChWIzn81mKzFYKQ,Undirected,2,2
UC2E-MAJV0UK0Z_we3dbwukA,UCpNGw0hSa6BdZfPtsre5hvQ,Undirected,1,1
UC83CtLoDN68qWLpPwUfyuhA,UCNjtRqxra6cZ27uUuP5x5HQ,Undirected,1,1
UC83CtLoDN68qWLpPwUfyuhA,UCZn0Us-CZSzu47b8gKvyUdg,Undirected,1,1
UC83CtLoDN68qWLpPwUfyuhA,UCy3XqyXzywNL3tBGFkmtppw,Undirected,1,1
UC83CtLoDN68qWLpPwUfyuhA,UCz2rGHuxChWIzn81mKzFYKQ,Undirected,1,1
UCNjtRqxra6cZ27uUuP5x5HQ,UCZn0Us-CZSzu47b8gKvyUdg,Undirected,1,1
UCNjtRqxra6cZ27uUuP5x5HQ,UCy3XqyXzywNL3tBGFkmtppw,Undirected,1,1
UCNjtRqxra6cZ27uUuP5x5HQ,UCz2rGHuxChWIzn81mKzFYKQ,Undirected,1,1
UCZn0Us-CZSzu47b8gKvyUdg,UCy3XqyXzywNL3tBGFkmtppw,Undirected,1,1
UCZn0Us-CZSzu47b8gKvyUdg,UCz2rGHuxChWIzn81mKzFYKQ,Undirected,1,1
UCgVyGvdtFy06VdoFHWFSA4g,UCux_dQh8898bsMOPVUieuGw,Undirected,1,1
UCgVyGvdtFy06VdoFHWFSA4g,UCy3XqyXzywNL3tBGFkmtppw,Undirected,1,1
UCgVyGvdtFy06VdoFHWFSA4g,UCyN3VTrzbji-pMnq8MCF1Ow,Undirected,1,1
UCo8b-0nKwdFMHg1x8hHTOEQ,UCux_dQh8898bsMOPVUieuGw,Undirected,1,1
UCo8b-0nKwdFMHg1x8hHTOEQ,UCyN3VTrzbji-pMnq8MCF1Ow,Undirected,1,1
UCux_dQh8898bsMOPVUieuGw,UCyN3VTrzbji-pMnq8MCF1Ow,Undirected,1,1
UCy3XqyXzywNL3tBGFkmtppw,UCyN3VTrzbji-pMnq8MCF1Ow,Undirected,1,1
UCbkAuGBLC9K_ygj6I3Owtmw,UCy3XqyXzywNL3tBGFkmtppw,Undirected,1,1
UC-_GZog9Qz6eqtg4QLnOmlw,UC9xgd6py76kKuzIRDB60-1Q,Undirected,4,4
UC-_GZog9Qz6eqtg4QLnOmlw,UChG97vxBXd3hVUF-Mnqowtg,Undirected,1,1
UC-_GZog9Qz6eqtg4QLnOmlw,UCff8hbaDmue-tMMUmjaRI_Q,Undirected,1,1
UC-_GZog9Qz6eqtg4QLnOmlw,UCD_vtdAzKM9SYWL8XPSYAIw,Undirected,1,1
UC9xgd6py76kKuzIRDB60-1Q,UCD_vtdAzKM9SYWL8XPSYAIw,Undirected,1,1
UC3rKYQBVgcVDyRxsEnd38Nw,UCkZ1QrqHwxnrW56YNf2GNaA,Undirected,1,1
UCTbe8QpDgmUOW0ynAz4NZAQ,UCkZ1QrqHwxnrW56YNf2GNaA,Undirected,1,1
UCkZ1QrqHwxnrW56YNf2GNaA,UCsfmQZ136lod-Cv5PtvXTfw,Undirected,1,1
UC5HD7OmnMz3pZQkjQZk0QaQ,UC5y4XCYUgKK3oiZvTiUh6bw,Undirected,1,1
UC5HD7OmnMz3pZQkjQZk0QaQ,UCiM6B6wtZsl2PXhTRhXRXvA,Undirected,1,1
UC5y4XCYUgKK3oiZvTiUh6bw,UCiM6B6wtZsl2PXhTRhXRXvA,Undirected,1,1
UC9iF_vwzmu2LfIs-p8ZzSjA,UCiM6B6wtZsl2PXhTRhXRXvA,Undirected,1,1
UCcE4cqtBkfwk8aTuPBi8Rdg,UCiM6B6wtZsl2PXhTRhXRXvA,Undirected,1,1
UCkTAEZf9o48XueSubJJ1qLg,UCn1Q-m50BAOK2WIe2SQUWzA,Undirected,1,1
UC1Rk0sEJKThLZU0DfH2ekew,UC8NcW4BKskA4up14nRkNkZg,Undirected,2,2
UC1Rk0sEJKThLZU0DfH2ekew,UCMj13JDDJnASNDtAk5Tpr_g,Undirected,3,3
UC1Rk0sEJKThLZU0DfH2ekew,UCp7m1VceAsfKWUzbH5WBUNQ,Undirected,1,1
UC8NcW4BKskA4up14nRkNkZg,UCMj13JDDJnASNDtAk5Tpr_g,Undirected,2,2
UC8NcW4BKskA4up14nRkNkZg,UCp7m1VceAsfKWUzbH5WBUNQ,Undirected,1,1
UCMj13JDDJnASNDtAk5Tpr_g,UCp7m1VceAsfKWUzbH5WBUNQ,Undirected,1,1
UC1Rk0sEJKThLZU0DfH2ekew,UC9lcKT5kpwYaXK5wS8cAt5g,Undirected,1,1
UC1Rk0sEJKThLZU0DfH2ekew,UCC-mxKzoZBBys475oah1EbQ,Undirected,1,1
UC1Rk0sEJKThLZU0DfH2ekew,UCdHqMy0NXQGVib4it5I5wbg,Undirected,1,1
UC9lcKT5kpwYaXK5wS8cAt5g,UCC-mxKzoZBBys475oah1EbQ,Undirected,1,1
UC9lcKT5kpwYaXK5wS8cAt5g,UCdHqMy0NXQGVib4it5I5wbg,Undirected,1,1
UCC-mxKzoZBBys475oah1EbQ,UCdHqMy0NXQGVib4it5I5wbg,Undirected,1,1
UC1Rk0sEJKThLZU0DfH2ekew,UChsXqcSV1YRwQbfHfzCMG2Q,Undirected,1,1
UC1Rk0sEJKThLZU0DfH2ekew,UC1YpTyb0K_ebrsNkXQOGJiA,Undirected,1,1
UC1Rk0sEJKThLZU0DfH2ekew,UCZf3x4gxdy9gIBzhQ6Y4FCQ,Undirected,1,1
UC1YpTyb0K_ebrsNkXQOGJiA,UCZf3x4gxdy9gIBzhQ6Y4FCQ,Undirected,1,1
UC-NemzJcIUu4mRNM1mkJ3fw,UC0HWnrh5q--vAI8RQycf4Ww,Undirected,1,1
UC-NemzJcIUu4mRNM1mkJ3fw,UC0X2qGo6qB7JUhxOsl35gng,Undirected,1,1
UC-NemzJcIUu4mRNM1mkJ3fw,UCX5IyHO4ky6t-Ve9KZCsGbg,Undirected,2,2
UC-NemzJcIUu4mRNM1mkJ3fw,UCerDuKzudW9y7PqaOSgrPew,Undirected,1,1
UC-NemzJcIUu4mRNM1mkJ3fw,UCfAPtkI4PgryaeIMrFQpt-A,Undirected,1,1
UC0HWnrh5q--vAI8RQycf4Ww,UC0X2qGo6qB7JUhxOsl35gng,Undirected,1,1
UC0HWnrh5q--vAI8RQycf4Ww,UCX5IyHO4ky6t-Ve9KZCsGbg,Undirected,1,1
UC0HWnrh5q--vAI8RQycf4Ww,UCerDuKzudW9y7PqaOSgrPew,Undirected,1,1
UC0HWnrh5q--vAI8RQycf4Ww,UCfAPtkI4PgryaeIMrFQpt-A,Undirected,1,1
UC0X2qGo6qB7JUhxOsl35gng,UCX5IyHO4ky6t-Ve9KZCsGbg,Undirected,1,1
UC0X2qGo6qB7JUhxOsl35gng,UCerDuKzudW9y7PqaOSgrPew,Undirected,1,1
UC0X2qGo6qB7JUhxOsl35gng,UCfAPtkI4PgryaeIMrFQpt-A,Undirected,1,1
UCX5IyHO4ky6t-Ve9KZCsGbg,UCerDuKzudW9y7PqaOSgrPew,Undirected,1,1
UCX5IyHO4ky6t-Ve9KZCsGbg,UCfAPtkI4PgryaeIMrFQpt-A,Undirected,1,1
UCerDuKzudW9y7PqaOSgrPew,UCfAPtkI4PgryaeIMrFQpt-A,Undirected,1,1
UC-NemzJcIUu4mRNM1mkJ3fw,UC8PIrooYIAepnjTn3BZafAQ,Undirected,1,1
UC-NemzJcIUu4mRNM1mkJ3fw,UCHcZj9gqZVUa1MS6t83gWdg,Undirected,1,1
UC-NemzJcIUu4mRNM1mkJ3fw,UCRRloGH864V9GhLs0TosGzQ,Undirected,1,1
UC-NemzJcIUu4mRNM1mkJ3fw,UCc8bpcwMGlaAR5TShNtmk9A,Undirected,1,1
UC8PIrooYIAepnjTn3BZafAQ,UCHcZj9gqZVUa1MS6t83gWdg,Undirected,1,1
UC8PIrooYIAepnjTn3BZafAQ,UCRRloGH864V9GhLs0TosGzQ,Undirected,1,1
UC8PIrooYIAepnjTn3BZafAQ,UCX5IyHO4ky6t-Ve9KZCsGbg,Undirected,2,2
UC8PIrooYIAepnjTn3BZafAQ,UCc8bpcwMGlaAR5TShNtmk9A,Undirected,1,1
UCHcZj9gqZVUa1MS6t83gWdg,UCRRloGH864V9GhLs0TosGzQ,Undirected,1,1
UCHcZj9gqZVUa1MS6t83gWdg,UCX5IyHO4ky6t-Ve9KZCsGbg,Undirected,1,1
UCHcZj9gqZVUa1MS6t83gWdg,UCc8bpcwMGlaAR5TShNtmk9A,Undirected,1,1
UCRRloGH864V9GhLs0TosGzQ,UCX5IyHO4ky6t-Ve9KZCsGbg,Undirected,1,1
UCRRloGH864V9GhLs0TosGzQ,UCc8bpcwMGlaAR5TShNtmk9A,Undirected,1,1
UCX5IyHO4ky6t-Ve9KZCsGbg,UCc8bpcwMGlaAR5TShNtmk9A,Undirected,1,1
UC-p2Vgn89KW3yrkRUgQfBjg,UC8PIrooYIAepnjTn3BZafAQ,Undirected,1,1
UC-p2Vgn89KW3yrkRUgQfBjg,UCX5IyHO4ky6t-Ve9KZCsGbg,Undirected,1,1
UCx-EPHR2ZoVGBMBSIOUo2pg,UCxnQ-E6mfOZ61-Wj2PmY0aA,Undirected,1,1
UCZXbp7pmjjjqN8dCEfORDew,UCx-EPHR2ZoVGBMBSIOUo2pg,Undirected,1,1
UC45BcPoxK3EIg7yMQsSY-UA,UCdu8WCbQu4b3Mk1nIM8-fHw,Undirected,1,1
UC45BcPoxK3EIg7yMQsSY-UA,UCgeDvyIWv0J0FS0lym4apqg,Undirected,1,1
UC45BcPoxK3EIg7yMQsSY-UA,UCx-EPHR2ZoVGBMBSIOUo2pg,Undirected,1,1
UCdu8WCbQu4b3Mk1nIM8-fHw,UCgeDvyIWv0J0FS0lym4apqg,Undirected,1,1
UCdu8WCbQu4b3Mk1nIM8-fHw,UCx-EPHR2ZoVGBMBSIOUo2pg,Undirected,1,1
UCgeDvyIWv0J0FS0lym4apqg,UCx-EPHR2ZoVGBMBSIOUo2pg,Undirected,1,1
UCEto6xY5IE-VhfSfDM74rwg,UCIrcSANgy18FrDLBekLA1ow,Undirected,1,1
UCEto6xY5IE-VhfSfDM74rwg,UCXPpxLk8Zgi4fyHLgjY6Zzg,Undirected,1,1
UCEto6xY5IE-VhfSfDM74rwg,UCgup8N8ZQZiPICAj-bCKqpw,Undirected,1,1
UCEto6xY5IE-VhfSfDM74rwg,UCjKfDPaRLFEDikvtKfY9vMw,Undirected,1,1
UCEto6xY5IE-VhfSfDM74rwg,UCx-EPHR2ZoVGBMBSIOUo2pg,Undirected,1,1
UCIrcSANgy18FrDLBekLA1ow,UCXPpxLk8Zgi4fyHLgjY6Zzg,Undirected,1,1
UCIrcSANgy18FrDLBekLA1ow,UCgup8N8ZQZiPICAj-bCKqpw,Undirected,1,1
UCIrcSANgy18FrDLBekLA1ow,UCjKfDPaRLFEDikvtKfY9vMw,Undirected,1,1
UCIrcSANgy18FrDLBekLA1ow,UCx-EPHR2ZoVGBMBSIOUo2pg,Undirected,1,1
UCXPpxLk8Zgi4fyHLgjY6Zzg,UCgup8N8ZQZiPICAj-bCKqpw,Undirected,1,1
UCXPpxLk8Zgi4fyHLgjY6Zzg,UCjKfDPaRLFEDikvtKfY9vMw,Undirected,1,1
UCXPpxLk8Zgi4fyHLgjY6Zzg,UCx-EPHR2ZoVGBMBSIOUo2pg,Undirected,1,1
UCgup8N8ZQZiPICAj-bCKqpw,UCjKfDPaRLFEDikvtKfY9vMw,Undirected,1,1
UCgup8N8ZQZiPICAj-bCKqpw,UCx-EPHR2ZoVGBMBSIOUo2pg,Undirected,1,1
UCjKfDPaRLFEDikvtKfY9vMw,UCx-EPHR2ZoVGBMBSIOUo2pg,Undirected,1,1
UCS5M-k1_OBVQwyDX5yCMW8g,UChIsLLz4UvdJVT0yBku1qOw,Undirected,1,1
UCGfViBcBEYb2v9P33LALiwQ,UCHXqm6im50_Gr4oKL15XN1A,Undirected,1,1
UCGfViBcBEYb2v9P33LALiwQ,UCS5M-k1_OBVQwyDX5yCMW8g,Undirected,1,1
UCGfViBcBEYb2v9P33LALiwQ,UCU9xUsDq8DDS1NlZRcShQsg,Undirected,1,1
UCGfViBcBEYb2v9P33LALiwQ,UCe3A3t3DHzWEYRJJXnyzPyA,Undirected,1,1
UCGfViBcBEYb2v9P33LALiwQ,UCjF7PDcaUKCtMhJnLNnTpNA,Undirected,1,1
UCHXqm6im50_Gr4oKL15XN1A,UCS5M-k1_OBVQwyDX5yCMW8g,Undirected,1,1
UCHXqm6im50_Gr4oKL15XN1A,UCU9xUsDq8DDS1NlZRcShQsg,Undirected,1,1
UCHXqm6im50_Gr4oKL15XN1A,UCe3A3t3DHzWEYRJJXnyzPyA,Undirected,1,1
UCHXqm6im50_Gr4oKL15XN1A,UCjF7PDcaUKCtMhJnLNnTpNA,Undirected,1,1
UCS5M-k1_OBVQwyDX5yCMW8g,UCU9xUsDq8DDS1NlZRcShQsg,Undirected,1,1
UCS5M-k1_OBVQwyDX5yCMW8g,UCe3A3t3DHzWEYRJJXnyzPyA,Undirected,1,1
UCS5M-k1_OBVQwyDX5yCMW8g,UCjF7PDcaUKCtMhJnLNnTpNA,Undirected,1,1
UCU9xUsDq8DDS1NlZRcShQsg,UCe3A3t3DHzWEYRJJXnyzPyA,Undirected,1,1
UCU9xUsDq8DDS1NlZRcShQsg,UCjF7PDcaUKCtMhJnLNnTpNA,Undirected,1,1
UCe3A3t3DHzWEYRJJXnyzPyA,UCjF7PDcaUKCtMhJnLNnTpNA,Undirected,1,1
UC3t7RMR7F5TkpAN6rpstHHw,UC9AiKsRJBOpjH8n2YgcHnrw,Undirected,1,1
UCmgqVkG7vJHXnr4Q8PfDsQg,UCuLrV8V8uxHZImKgx28hnDA,Undirected,1,1
UCO7-nD33vMphFZcQ4j6A6Rw,UCSNOIKGaKvvJEzQSlpjjB-Q,Undirected,1,1
UCSNOIKGaKvvJEzQSlpjjB-Q,UCrkr79W0q4b5ZrqgbqBZb8w,Undirected,1,1
UCIdsh1JntIOhTRDEylOGHtg,UCcvc1jBya7bbjuV7wcYZ-Vg,Undirected,1,1
UCBQkb6Sg-oBnhOblE9f8WrA,UCIdsh1JntIOhTRDEylOGHtg,Undirected,1,1
UC39RFRiT38iVaLWJf2Rm5_w,UC6ne5WddiNBywDDwpCQb1Nw,Undirected,1,1
UC39RFRiT38iVaLWJf2Rm5_w,UCRqk7Lv6elxXBnrJWKHn8xw,Undirected,1,1
UC39RFRiT38iVaLWJf2Rm5_w,UCxfMmkcWlIEioq_wejNAhNA,Undirected,1,1
UC39RFRiT38iVaLWJf2Rm5_w,UCzvuHKmLEsqXvl9WKeirB4A,Undirected,1,1
UC6ne5WddiNBywDDwpCQb1Nw,UCRqk7Lv6elxXBnrJWKHn8xw,Undirected,1,1
UC6ne5WddiNBywDDwpCQb1Nw,UCxfMmkcWlIEioq_wejNAhNA,Undirected,1,1
UC6ne5WddiNBywDDwpCQb1Nw,UCzvuHKmLEsqXvl9WKeirB4A,Undirected,1,1
UCRqk7Lv6elxXBnrJWKHn8xw,UCxfMmkcWlIEioq_wejNAhNA,Undirected,1,1
UCRqk7Lv6elxXBnrJWKHn8xw,UCzvuHKmLEsqXvl9WKeirB4A,Undirected,1,1
UCxfMmkcWlIEioq_wejNAhNA,UCzvuHKmLEsqXvl9WKeirB4A,Undirected,1,1
UCWR6WqWK9n6t1cWPnqB0zpg,UCh-AKYWui2rGr8F6tpGsNqA,Undirected,1,1
UCEPz7qJRNuQ8EL-lggJXZpQ,UCcvZLuAOdexL2j8PZQn1d4Q,Undirected,3,3
UCGBARla_yqFuvqC1_yvU-Cw,UCcvZLuAOdexL2j8PZQn1d4Q,Undirected,3,3
UCEPz7qJRNuQ8EL-lggJXZpQ,UCUUq-0Tf9v0DODg080wCf3Q,Undirected,1,1
UCEPz7qJRNuQ8EL-lggJXZpQ,UCnmvQXPhFGWSQwJoO9geilg,Undirected,1,1
UCGBARla_yqFuvqC1_yvU-Cw,UCUUq-0Tf9v0DODg080wCf3Q,Undirected,2,2
UCGBARla_yqFuvqC1_yvU-Cw,UCnmvQXPhFGWSQwJoO9geilg,Undirected,1,1
UCUUq-0Tf9v0DODg080wCf3Q,UCcvZLuAOdexL2j8PZQn1d4Q,Undirected,1,1
UCUUq-0Tf9v0DODg080wCf3Q,UCnmvQXPhFGWSQwJoO9geilg,Undirected,1,1
UCcvZLuAOdexL2j8PZQn1d4Q,UCnmvQXPhFGWSQwJoO9geilg,Undirected,1,1
UCGBARla_yqFuvqC1_yvU-Cw,UCrt2GIYyqJqtayt_BMA2lJw,Undirected,1,1
UCUUq-0Tf9v0DODg080wCf3Q,UCrt2GIYyqJqtayt_BMA2lJw,Undirected,1,1
UC1JgkKulTfr7LJ91m4NMGyg,UCGBARla_yqFuvqC1_yvU-Cw,Undirected,1,1
UCEPz7qJRNuQ8EL-lggJXZpQ,UCYonnZSZPYSSJ1zwDRSj3Uw,Undirected,1,1
UCGBARla_yqFuvqC1_yvU-Cw,UCYonnZSZPYSSJ1zwDRSj3Uw,Undirected,1,1
UCEPz7qJRNuQ8EL-lggJXZpQ,UCKOgPeFxPkelghwjHumeW3w,Undirected,1,1
UCGBARla_yqFuvqC1_yvU-Cw,UCKOgPeFxPkelghwjHumeW3w,Undirected,1,1
UC47rNmkDcNgbOcM-2BwzJTQ,UCDmjEzKYeHDJyGIHoAb8Xvg,Undirected,1,1
UC47rNmkDcNgbOcM-2BwzJTQ,UCEPz7qJRNuQ8EL-lggJXZpQ,Undirected,1,1
UC1r5uSz-9YN-K312aZGBrnw,UChXXQczYk7dxynrAypgvsUQ,Undirected,1,1
UCMMBGMjrrWcRZmG_lW4jC-Q,UChXXQczYk7dxynrAypgvsUQ,Undirected,2,2
UCMMBGMjrrWcRZmG_lW4jC-Q,UCm4cYzeY3HYbjIHfQGF0keQ,Undirected,1,1
UCMMBGMjrrWcRZmG_lW4jC-Q,UCng2X0JGHITVDTeEu8ofW8Q,Undirected,2,2
UChXXQczYk7dxynrAypgvsUQ,UCm4cYzeY3HYbjIHfQGF0keQ,Undirected,1,1
UChXXQczYk7dxynrAypgvsUQ,UCng2X0JGHITVDTeEu8ofW8Q,Undirected,5,5
UCm4cYzeY3HYbjIHfQGF0keQ,UCng2X0JGHITVDTeEu8ofW8Q,Undirected,1,1
UCYXwzN8ik9Fs1ukrasPu-vg,UChXXQczYk7dxynrAypgvsUQ,Undirected,1,1
UCYXwzN8ik9Fs1ukrasPu-vg,UCng2X0JGHITVDTeEu8ofW8Q,Undirected,1,1
UChXXQczYk7dxynrAypgvsUQ,UCvq3kUGY5Dbsdkr3DZx25Sw,Undirected,1,1
UC-XraLMN7_wN7V4NHnNojSA,UCABWAa0rT_wc4KuY_OdONzQ,Undirected,1,1
UC-XraLMN7_wN7V4NHnNojSA,UCDRJBL9p4_WHK0kSpHLEtQw,Undirected,1,1
UC-XraLMN7_wN7V4NHnNojSA,UChXXQczYk7dxynrAypgvsUQ,Undirected,1,1
UC-XraLMN7_wN7V4NHnNojSA,UCng2X0JGHITVDTeEu8ofW8Q,Undirected,1,1
UC-XraLMN7_wN7V4NHnNojSA,UCvpredjG93ifbCP1Y77JyFA,Undirected,1,1
UCABWAa0rT_wc4KuY_OdONzQ,UCDRJBL9p4_WHK0kSpHLEtQw,Undirected,1,1
UCABWAa0rT_wc4KuY_OdONzQ,UChXXQczYk7dxynrAypgvsUQ,Undirected,1,1
UCABWAa0rT_wc4KuY_OdONzQ,UCng2X0JGHITVDTeEu8ofW8Q,Undirected,1,1
UCABWAa0rT_wc4KuY_OdONzQ,UCvpredjG93ifbCP1Y77JyFA,Undirected,1,1
UCDRJBL9p4_WHK0kSpHLEtQw,UChXXQczYk7dxynrAypgvsUQ,Undirected,1,1
UCDRJBL9p4_WHK0kSpHLEtQw,UCng2X0JGHITVDTeEu8ofW8Q,Undirected,1,1
UCDRJBL9p4_WHK0kSpHLEtQw,UCvpredjG93ifbCP1Y77JyFA,Undirected,1,1
UChXXQczYk7dxynrAypgvsUQ,UCvpredjG93ifbCP1Y77JyFA,Undirected,1,1
UCng2X0JGHITVDTeEu8ofW8Q,UCvpredjG93ifbCP1Y77JyFA,Undirected,1,1
UChXXQczYk7dxynrAypgvsUQ,UCpnHiJ4hMMd6RiI8JwVAyfw,Undirected,1,1
UC8NAeUcggBiPESDAQTZjnVw,UCB-MkoIdcsmG5gwxaOdMtmg,Undirected,1,1
UC8NAeUcggBiPESDAQTZjnVw,UCGso3fqefRJBfJEU67KfFXA,Undirected,2,2
UC8NAeUcggBiPESDAQTZjnVw,UCh_YL-dqtru73TyUKoNBZAA,Undirected,1,1
UCB-MkoIdcsmG5gwxaOdMtmg,UCGso3fqefRJBfJEU67KfFXA,Undirected,1,1
UCB-MkoIdcsmG5gwxaOdMtmg,UCh_YL-dqtru73TyUKoNBZAA,Undirected,1,1
UCGso3fqefRJBfJEU67KfFXA,UCh_YL-dqtru73TyUKoNBZAA,Undirected,1,1
UC8NAeUcggBiPESDAQTZjnVw,UC8Q8MIJcOSxY1KrAX6-k8Rw,Undirected,1,1
UC8NAeUcggBiPESDAQTZjnVw,UCLb4ohpArxjVxZBkSeyWjCw,Undirected,1,1
UC8NAeUcggBiPESDAQTZjnVw,UCN5bGGhnnbfdnzv1Ndm9FYQ,Undirected,1,1
UC8Q8MIJcOSxY1KrAX6-k8Rw,UCGso3fqefRJBfJEU67KfFXA,Undirected,1,1
UC8Q8MIJcOSxY1KrAX6-k8Rw,UCLb4ohpArxjVxZBkSeyWjCw,Undirected,1,1
UC8Q8MIJcOSxY1KrAX6-k8Rw,UCN5bGGhnnbfdnzv1Ndm9FYQ,Undirected,1,1
UCGso3fqefRJBfJEU67KfFXA,UCLb4ohpArxjVxZBkSeyWjCw,Undirected,2,2
UCGso3fqefRJBfJEU67KfFXA,UCN5bGGhnnbfdnzv1Ndm9FYQ,Undirected,1,1
UCLb4ohpArxjVxZBkSeyWjCw,UCN5bGGhnnbfdnzv1Ndm9FYQ,Undirected,1,1
UCDmEnZIbNefP_9wS7qsyyyw,UCGso3fqefRJBfJEU67KfFXA,Undirected,1,1
UCDmEnZIbNefP_9wS7qsyyyw,UCLb4ohpArxjVxZBkSeyWjCw,Undirected,1,1
UC3NbRsAR-sKIZu699XyO8rA,UCGso3fqefRJBfJEU67KfFXA,Undirected,1,1
UC1euZxHij-xz3ybDuL6fiPQ,UCGso3fqefRJBfJEU67KfFXA,Undirected,1,1
UC75T_u8G5jxfMpMD9nCiHpA,UC8saOtRMr4bMetYYAWVdBCw,Undirected,1,1
UC75T_u8G5jxfMpMD9nCiHpA,UCGso3fqefRJBfJEU67KfFXA,Undirected,1,1
UCGso3fqefRJBfJEU67KfFXA,UCnWMQdcXt2M-jvwrVbmgPeA,Undirected,1,1
UCGso3fqefRJBfJEU67KfFXA,UCvq3kUGY5Dbsdkr3DZx25Sw,Undirected,1,1
UCnWMQdcXt2M-jvwrVbmgPeA,UCvq3kUGY5Dbsdkr3DZx25Sw,Undirected,1,1
UC3nfxnIU-OK3Rditk7JpTqg,UCXfykXB6FMSY7Jnbr1aM5KQ,Undirected,1,1
UC3nfxnIU-OK3Rditk7JpTqg,UCfe_To2gkQSQGCbiJft-tpA,Undirected,1,1
UCXfykXB6FMSY7Jnbr1aM5KQ,UCfe_To2gkQSQGCbiJft-tpA,Undirected,1,1
UCBuBTkcgN_7Sxta2SXalfdA,UCMy8Vg1QBpgZMbUC64h9Esw,Undirected,1,1
UC2Vg1LnYEVqmpjLF2Ws67yA,UCBuBTkcgN_7Sxta2SXalfdA,Undirected,1,1
UCKtzhKtZ6A71G0iOZhaIqqQ,UCT6BaN8eWXn-p_5pWoAgCRA,Undirected,1,1
UCKtzhKtZ6A71G0iOZhaIqqQ,UCppmHm4T0W_CQFRIiVKNx1g,Undirected,1,1
UCT6BaN8eWXn-p_5pWoAgCRA,UCppmHm4T0W_CQFRIiVKNx1g,Undirected,1,1
UC1_9a07F6SQblYsJuTs0Zyg,UCKtzhKtZ6A71G0iOZhaIqqQ,Undirected,1,1
UCB5T6jlj4wB52h4oxuhikeA,UCKtzhKtZ6A71G0iOZhaIqqQ,Undirected,1,1
UCB5T6jlj4wB52h4oxuhikeA,UCXY3pYuRVqkaD-1s0HA_T3g,Undirected,1,1
UCKtzhKtZ6A71G0iOZhaIqqQ,UCXY3pYuRVqkaD-1s0HA_T3g,Undirected,1,1
UCKtzhKtZ6A71G0iOZhaIqqQ,UCX4J1eTSCltTTfcxwfre9lQ,Undirected,1,1
UCGuPATan6S54kTQA7yuTkAg,UCKtzhKtZ6A71G0iOZhaIqqQ,Undirected,2,2
UCGuPATan6S54kTQA7yuTkAg,UCmKhc6i-Qg5QAb1vAWS1cmw,Undirected,1,1
UCGuPATan6S54kTQA7yuTkAg,UCw8T047rt8TGPuRLshdCW3A,Undirected,2,2
UCKtzhKtZ6A71G0iOZhaIqqQ,UCmKhc6i-Qg5QAb1vAWS1cmw,Undirected,2,2
UCKtzhKtZ6A71G0iOZhaIqqQ,UCw8T047rt8TGPuRLshdCW3A,Undirected,3,3
UCmKhc6i-Qg5QAb1vAWS1cmw,UCw8T047rt8TGPuRLshdCW3A,Undirected,2,2
UCHATPpUkr-LS5JasTYQvR4Q,UCKtzhKtZ6A71G0iOZhaIqqQ,Undirected,1,1
UCHATPpUkr-LS5JasTYQvR4Q,UCmKhc6i-Qg5QAb1vAWS1cmw,Undirected,1,1
UCHATPpUkr-LS5JasTYQvR4Q,UCw8T047rt8TGPuRLshdCW3A,Undirected,1,1
UCGgrItvVkCVaR_PIPuDUWuw,UCGuPATan6S54kTQA7yuTkAg,Undirected,1,1
UCGgrItvVkCVaR_PIPuDUWuw,UCKtzhKtZ6A71G0iOZhaIqqQ,Undirected,1,1
UCGgrItvVkCVaR_PIPuDUWuw,UCR9yrvkqUBBChJdE2nFzYsA,Undirected,1,1
UCGgrItvVkCVaR_PIPuDUWuw,UCiGm_E4ZwYSHV3bcW1pnSeQ,Undirected,1,1
UCGgrItvVkCVaR_PIPuDUWuw,UCw8T047rt8TGPuRLshdCW3A,Undirected,1,1
UCGuPATan6S54kTQA7yuTkAg,UCR9yrvkqUBBChJdE2nFzYsA,Undirected,1,1
UCGuPATan6S54kTQA7yuTkAg,UCiGm_E4ZwYSHV3bcW1pnSeQ,Undirected,1,1
UCKtzhKtZ6A71G0iOZhaIqqQ,UCR9yrvkqUBBChJdE2nFzYsA,Undirected,1,1
UCKtzhKtZ6A71G0iOZhaIqqQ,UCiGm_E4ZwYSHV3bcW1pnSeQ,Undirected,1,1
UCR9yrvkqUBBChJdE2nFzYsA,UCiGm_E4ZwYSHV3bcW1pnSeQ,Undirected,1,1
UCR9yrvkqUBBChJdE2nFzYsA,UCw8T047rt8TGPuRLshdCW3A,Undirected,1,1
UCiGm_E4ZwYSHV3bcW1pnSeQ,UCw8T047rt8TGPuRLshdCW3A,Undirected,1,1
UCOFvtauYh2RqSy-bFmhIDUA,UCrNI1eJO_1oThZTac-LJiUQ,Undirected,1,1
UCOFvtauYh2RqSy-bFmhIDUA,UCsH-hXLIWnJUpyf0URMOAvw,Undirected,1,1
UCQ1n_PUxgvTn9nZISqHpylw,UCsH-hXLIWnJUpyf0URMOAvw,Undirected,1,1
UCNulapJQKTbvvm6iwx183Xg,UCPEEWQcgYnNEyfSk9lMWXog,Undirected,1,1
UCNulapJQKTbvvm6iwx183Xg,UCT2Whu2tp6GfQ_ZtajXURLQ,Undirected,2,2
UCNulapJQKTbvvm6iwx183Xg,UCYFNiUNpJ_r624tSU12w9aA,Undirected,2,2
UCPEEWQcgYnNEyfSk9lMWXog,UCT2Whu2tp6GfQ_ZtajXURLQ,Undirected,1,1
UCPEEWQcgYnNEyfSk9lMWXog,UCYFNiUNpJ_r624tSU12w9aA,Undirected,1,1
UCT2Whu2tp6GfQ_ZtajXURLQ,UCYFNiUNpJ_r624tSU12w9aA,Undirected,2,2
UC4EDo_Ac23FzChwkD37_sSQ,UCNulapJQKTbvvm6iwx183Xg,Undirected,1,1
UC4EDo_Ac23FzChwkD37_sSQ,UCT2Whu2tp6GfQ_ZtajXURLQ,Undirected,1,1
UC4EDo_Ac23FzChwkD37_sSQ,UCTCxjfVjyUaCMiifk929BuA,Undirected,1,1
UC4EDo_Ac23FzChwkD37_sSQ,UCYFNiUNpJ_r624tSU12w9aA,Undirected,1,1
UCNulapJQKTbvvm6iwx183Xg,UCTCxjfVjyUaCMiifk929BuA,Undirected,1,1
UCT2Whu2tp6GfQ_ZtajXURLQ,UCTCxjfVjyUaCMiifk929BuA,Undirected,1,1
UCTCxjfVjyUaCMiifk929BuA,UCYFNiUNpJ_r624tSU12w9aA,Undirected,1,1
UC8BZ6CrMOVeF168nNWQI1yg,UCjhMe3wMMbmcTb0Qmo8Rvow,Undirected,1,1
UCFkvwigFoaiMd6PssVbSdZQ,UCjhMe3wMMbmcTb0Qmo8Rvow,Undirected,1,1
UC3McQe8tUdOw-yu5KGptLaw,UCTxUVhK5O1vlopfVBZwsq-g,Undirected,2,2
UC3McQe8tUdOw-yu5KGptLaw,UCdiGqHZAfU2bQ9y-DJjM7aQ,Undirected,1,1
UCTxUVhK5O1vlopfVBZwsq-g,UCdiGqHZAfU2bQ9y-DJjM7aQ,Undirected,1,1
UC1OWKjC2Cdu41WT3y69jd0w,UC3McQe8tUdOw-yu5KGptLaw,Undirected,1,1
UC3McQe8tUdOw-yu5KGptLaw,UCUQ91_YPQEYt3u78I1DN2dg,Undirected,1,1
UCTxUVhK5O1vlopfVBZwsq-g,UCUQ91_YPQEYt3u78I1DN2dg,Undirected,1,1
UC1tDJ5pl2Q8zHX9b2ct0RCw,UCivuq5ZzjrYb0fAUDdN76wQ,Undirected,1,1
UC-CnJoC3l9SSKi6HXS44CNA,UChGFiHo7QMZEEdW0VSKX40w,Undirected,1,1
UC-CnJoC3l9SSKi6HXS44CNA,UCzUWpCTmMACVOCUGe_NaaiQ,Undirected,1,1
UChGFiHo7QMZEEdW0VSKX40w,UCzUWpCTmMACVOCUGe_NaaiQ,Undirected,1,1
UCNx9oP7HcRExXMPObhh9CJQ,UCuZPtWDsczOuztPMUr0mmpw,Undirected,3,3
UCl3lVYXMDyi9QgvR38jPQHQ,UCuZPtWDsczOuztPMUr0mmpw,Undirected,1,1
UCPC9oQFVfHN5IuJ-e9sJeUA,UChthsNDWnGTCsAJSY-yGSyg,Undirected,10,10
UCP0AYLjqoVV959vZx2XJmAg,UCpMYM4cXWjEtiAoJYhSzoNA,Undirected,1,1
UCTrcEIU4-KzL6SJy5VUGlcg,UCvpHZYWHqry787AVncZDDKQ,Undirected,1,1
UCLuWf9e71vBOLrab6_N1FYQ,UCvpHZYWHqry787AVncZDDKQ,Undirected,1,1
UCb_5-16SHRw1fNNKDbGwzuQ,UCvpHZYWHqry787AVncZDDKQ,Undirected,1,1
UCkKhLYOjRXiNHsV0c8dmI_g,UCkwxH8i4kecxdawmF-CzexQ,Undirected,1,1
UCE98b9_7FTLgMSg8E8c2ekA,UCKppxpSfuXRWMmGbFN2ZUEQ,Undirected,1,1
UCE98b9_7FTLgMSg8E8c2ekA,UCkKhLYOjRXiNHsV0c8dmI_g,Undirected,1,1
UCKppxpSfuXRWMmGbFN2ZUEQ,UCkKhLYOjRXiNHsV0c8dmI_g,Undirected,1,1
UCHt1ZLT8cSsuV8Alrcf7X3Q,UCkKhLYOjRXiNHsV0c8dmI_g,Undirected,1,1
UC7FdBI7zW5FM8R7s57EZySw,UCmi8oCjIr8ITD80Tb-05GQA,Undirected,1,1
UC7FdBI7zW5FM8R7s57EZySw,UCIzFm-DmajOFEdxMwt8MJuw,Undirected,1,1
UC7FdBI7zW5FM8R7s57EZySw,UCL43XFAP_-Y65OyDpEyZH6A,Undirected,1,1
UC7FdBI7zW5FM8R7s57EZySw,UCPJQ2JVsfxsQ6cCsz9gis7A,Undirected,1,1
UCIzFm-DmajOFEdxMwt8MJuw,UCL43XFAP_-Y65OyDpEyZH6A,Undirected,1,1
UCIzFm-DmajOFEdxMwt8MJuw,UCPJQ2JVsfxsQ6cCsz9gis7A,Undirected,1,1
UCL43XFAP_-Y65OyDpEyZH6A,UCPJQ2JVsfxsQ6cCsz9gis7A,Undirected,1,1
UC10BM9XdLdrvB8japwmRUvA,UCmj0YkPwo47bPoBt9ma-bxg,Undirected,1,1
UCK4lZqiWNuOf-CTyX3Qbj1w,UCcdBPXzeUZMvkcyby45eNfQ,Undirected,1,1
UC33bzPkHPh4RRPjYYOC27sw,UCA7tDob1IQiKWXnGktjPKQA,Undirected,1,1
UC33bzPkHPh4RRPjYYOC27sw,UCC4a8ZZH9G85ZSGOSTFxmVA,Undirected,1,1
UC33bzPkHPh4RRPjYYOC27sw,UCG8BUfaXL8oN0QbN_0WnZnQ,Undirected,1,1
UC33bzPkHPh4RRPjYYOC27sw,UCK4lZqiWNuOf-CTyX3Qbj1w,Undirected,1,1
UCA7tDob1IQiKWXnGktjPKQA,UCC4a8ZZH9G85ZSGOSTFxmVA,Undirected,1,1
UCA7tDob1IQiKWXnGktjPKQA,UCG8BUfaXL8oN0QbN_0WnZnQ,Undirected,1,1
UCC4a8ZZH9G85ZSGOSTFxmVA,UCG8BUfaXL8oN0QbN_0WnZnQ,Undirected,1,1
UCC4a8ZZH9G85ZSGOSTFxmVA,UCK4lZqiWNuOf-CTyX3Qbj1w,Undirected,2,2
UCG8BUfaXL8oN0QbN_0WnZnQ,UCK4lZqiWNuOf-CTyX3Qbj1w,Undirected,1,1
UCK4lZqiWNuOf-CTyX3Qbj1w,UCmNeOjitXbWHg_CDNGrwoHw,Undirected,1,1
UCK4lZqiWNuOf-CTyX3Qbj1w,UCrbHIYIhquRX-82vpfE5yrg,Undirected,2,2
UCmNeOjitXbWHg_CDNGrwoHw,UCrbHIYIhquRX-82vpfE5yrg,Undirected,1,1
UCC4a8ZZH9G85ZSGOSTFxmVA,UClxSCYAunRhxU37Amy91oUA,Undirected,1,1
UCK4lZqiWNuOf-CTyX3Qbj1w,UClxSCYAunRhxU37Amy91oUA,Undirected,1,1
UCKQPvkXu59Ei4nHyl83dF2g,UCcdBPXzeUZMvkcyby45eNfQ,Undirected,1,1
UCOJZ1tna8yj8mAEITPkHNCQ,UCcdBPXzeUZMvkcyby45eNfQ,Undirected,1,1
UCcdBPXzeUZMvkcyby45eNfQ,UCvoAeGZoC8giXP59NOZABIA,Undirected,1,1
UCcdBPXzeUZMvkcyby45eNfQ,UCraPpF98TgLnoL9QwT8vQBg,Undirected,1,1
UCWm9Si8uzmWg8lq18wCi6nA,UCXp26d9RQqUnCeRwaulXZgA,Undirected,1,1
UCXp26d9RQqUnCeRwaulXZgA,UCorFnu88wHq8ydHXzco4bLQ,Undirected,1,1
UC3g6Vrieg1Wqoxn5wHm0iNg,UCXp26d9RQqUnCeRwaulXZgA,Undirected,1,1
UCBOSt5RI4BERPPEA9xLP1Gg,UCXp26d9RQqUnCeRwaulXZgA,Undirected,1,1
UCBOSt5RI4BERPPEA9xLP1Gg,UCcJdEZ6BfmpjFdxcRrVTWDQ,Undirected,1,1
UCBOSt5RI4BERPPEA9xLP1Gg,UCgJxvZeE1zrv_w1HCOSxqoA,Undirected,1,1
UCBOSt5RI4BERPPEA9xLP1Gg,UCruFU4j7iarnnCYrVVPjhsw,Undirected,1,1
UCXp26d9RQqUnCeRwaulXZgA,UCcJdEZ6BfmpjFdxcRrVTWDQ,Undirected,1,1
UCXp26d9RQqUnCeRwaulXZgA,UCgJxvZeE1zrv_w1HCOSxqoA,Undirected,1,1
UCXp26d9RQqUnCeRwaulXZgA,UCruFU4j7iarnnCYrVVPjhsw,Undirected,1,1
UCcJdEZ6BfmpjFdxcRrVTWDQ,UCgJxvZeE1zrv_w1HCOSxqoA,Undirected,1,1
UCcJdEZ6BfmpjFdxcRrVTWDQ,UCruFU4j7iarnnCYrVVPjhsw,Undirected,1,1
UCgJxvZeE1zrv_w1HCOSxqoA,UCruFU4j7iarnnCYrVVPjhsw,Undirected,1,1
UCXp26d9RQqUnCeRwaulXZgA,UCs2eFSeyAQqjH7PyjZwSH1w,Undirected,1,1
UC2dtmfA8NAruFikbqeUmmdw,UCoPUMQH-DiKlaJu1E_Sloqw,Undirected,1,1
UCoPUMQH-DiKlaJu1E_Sloqw,UCpB1tbVu-Af-t2mJwwDZTLg,Undirected,2,2
UCcpO0J-EAzfSCG4JA19G28A,UCoPUMQH-DiKlaJu1E_Sloqw,Undirected,1,1
UCcpO0J-EAzfSCG4JA19G28A,UCpB1tbVu-Af-t2mJwwDZTLg,Undirected,1,1
UCKeB3X0Akxxo3VfG46D_Dfg,UCoPUMQH-DiKlaJu1E_Sloqw,Undirected,1,1
UC3y_4uYtXftPSr6aYuPxONA,UCAZPERjpsQIx3nPOVAx_y4g,Undirected,1,1
UCAZPERjpsQIx3nPOVAx_y4g,UCZXJlXoPRH7eBmadRP9-4xA,Undirected,1,1
UCAZPERjpsQIx3nPOVAx_y4g,UCw-dolL-0Ol4XFhK9c4mcAQ,Undirected,1,1
UCZXJlXoPRH7eBmadRP9-4xA,UCw-dolL-0Ol4XFhK9c4mcAQ,Undirected,1,1
UCYjdP5F0ds2D6deMo5rpoyw,UCzNXpqpdvlibmNc1JpM1o4g,Undirected,1,1
UCzNXpqpdvlibmNc1JpM1o4g,UCzsCWYuvPUky3-DKzphYbEw,Undirected,1,1
UCNIdLqe9wWUaaNFvNMi8lKA,UCSNJqoieOHFp82kJhkxw0Qw,Undirected,1,1
UC0bzut01UZEf9hBLAOlGxJA,UCqRiI_ZMqUXwE5gJGf_ocXg,Undirected,1,1
UC2HejkTaAD5O0VrRXjdpXxw,UCqRiI_ZMqUXwE5gJGf_ocXg,Undirected,1,1
UC73zug1oyUSpyVCK6hrhRSg,UCaaaRyNQEACU09Ocw3EIh-w,Undirected,1,1
UC1wuR2pT_dP1zhH7fpGNsIQ,UC73zug1oyUSpyVCK6hrhRSg,Undirected,1,1
UCIluhwUtoEKl_PrYbPR3eKw,UCZuQvHMvbkuPOT8MpDVgh_Q,Undirected,1,1
UCAROMtnuRFwCLKyS3j2A4VA,UCIluhwUtoEKl_PrYbPR3eKw,Undirected,2,2
UCIluhwUtoEKl_PrYbPR3eKw,UCbTckg5xc-aEg1mgHsE8ocQ,Undirected,1,1
UCBa3AiPL1hTLfd2twu-MWdw,UCIluhwUtoEKl_PrYbPR3eKw,Undirected,1,1
UC3VN9h8fokwB2XURWHNcdWw,UCQ1U65-CQdIoZ2_NA4Z4F7A,Undirected,1,1
UC3VN9h8fokwB2XURWHNcdWw,UCah4_WVjmr8XA7i5aigwV-Q,Undirected,5,5
UC3VN9h8fokwB2XURWHNcdWw,UCkJYa9mVS25eHOO9bM7YK3Q,Undirected,1,1
UCQ1U65-CQdIoZ2_NA4Z4F7A,UCah4_WVjmr8XA7i5aigwV-Q,Undirected,1,1
UCQ1U65-CQdIoZ2_NA4Z4F7A,UCkJYa9mVS25eHOO9bM7YK3Q,Undirected,1,1
UCah4_WVjmr8XA7i5aigwV-Q,UCkJYa9mVS25eHOO9bM7YK3Q,Undirected,1,1
UCE7gtjLeZKNXLp5YURzYYeg,UCah4_WVjmr8XA7i5aigwV-Q,Undirected,2,2
UC3VN9h8fokwB2XURWHNcdWw,UC7Gow-kNHq21oejSIDg9PAg,Undirected,1,1
UC3VN9h8fokwB2XURWHNcdWw,UCyCbd63S29BuFOkJC2-aR4g,Undirected,1,1
UC7Gow-kNHq21oejSIDg9PAg,UCah4_WVjmr8XA7i5aigwV-Q,Undirected,1,1
UC7Gow-kNHq21oejSIDg9PAg,UCyCbd63S29BuFOkJC2-aR4g,Undirected,6,6
UCah4_WVjmr8XA7i5aigwV-Q,UCyCbd63S29BuFOkJC2-aR4g,Undirected,1,1
UC8fC0rjHhH7-HyyrKUmiZVA,UCpGk56cJDZcVqIxZatX7nbQ,Undirected,3,3
UC8fC0rjHhH7-HyyrKUmiZVA,UCw3baysP2Ufu6aAdgyl0Fcw,Undirected,8,8
UCpGk56cJDZcVqIxZatX7nbQ,UCw3baysP2Ufu6aAdgyl0Fcw,Undirected,2,2
UC8fC0rjHhH7-HyyrKUmiZVA,UCtJUTSXVzizk3sN4GQWESDQ,Undirected,1,1
UCpGk56cJDZcVqIxZatX7nbQ,UCtJUTSXVzizk3sN4GQWESDQ,Undirected,1,1
UCtJUTSXVzizk3sN4GQWESDQ,UCw3baysP2Ufu6aAdgyl0Fcw,Undirected,1,1
UC8fC0rjHhH7-HyyrKUmiZVA,UCLaFC2mfkTeYhBusdk-6-lg,Undirected,1,1
UCLaFC2mfkTeYhBusdk-6-lg,UCw3baysP2Ufu6aAdgyl0Fcw,Undirected,1,1
UC-rhjLfGBYsOrXLjr0Or3jw,UC8fC0rjHhH7-HyyrKUmiZVA,Undirected,1,1
UC-rhjLfGBYsOrXLjr0Or3jw,UCw3baysP2Ufu6aAdgyl0Fcw,Undirected,1,1
UC8fC0rjHhH7-HyyrKUmiZVA,UCoupL81t75_Z4XRKzOSHLbg,Undirected,1,1
UCLQIMDHNE0ZGAiHIdMbq7dw,UC_fYA9QRK-aJnFTgvR_4zug,Undirected,1,1
UCLQIMDHNE0ZGAiHIdMbq7dw,UCv2byPgvl60Mh1vQBnXuksA,Undirected,1,1
UC_fYA9QRK-aJnFTgvR_4zug,UCv2byPgvl60Mh1vQBnXuksA,Undirected,1,1
UC7Gow-kNHq21oejSIDg9PAg,UCPU4xwtLBFXB3sXI6mfdp3g,Undirected,1,1
UCPU4xwtLBFXB3sXI6mfdp3g,UCyCbd63S29BuFOkJC2-aR4g,Undirected,1,1
UCOvn_LNao_hjdY-A5d7RUKg,UCQ1U65-CQdIoZ2_NA4Z4F7A,Undirected,1,1
UCJ5k-jf-8fzMGnpEy27X4DQ,UCoPZGwLBlAj6OsmR-jSifPg,Undirected,1,1
UCOMMdkfchVyCTEfu9knmxxg,UCruawUHjUtIaYRqXqElyZqA,Undirected,1,1
UCIoIpNFYjWLTAeo_c7Q3mSA,UCOQrd39PRvIsgUIRO4x6LrQ,Undirected,1,1
UCIoIpNFYjWLTAeo_c7Q3mSA,UCbglxM7I3LzRy7lKGaT62XQ,Undirected,1,1
UCIoIpNFYjWLTAeo_c7Q3mSA,UCchk8rGtBIHXOgSH-oSpDvw,Undirected,1,1
UCIoIpNFYjWLTAeo_c7Q3mSA,UCrq2qxXTl7u-YKeSqIJ5xZA,Undirected,1,1
UCOQrd39PRvIsgUIRO4x6LrQ,UCbglxM7I3LzRy7lKGaT62XQ,Undirected,1,1
UCOQrd39PRvIsgUIRO4x6LrQ,UCchk8rGtBIHXOgSH-oSpDvw,Undirected,1,1
UCOQrd39PRvIsgUIRO4x6LrQ,UCrq2qxXTl7u-YKeSqIJ5xZA,Undirected,1,1
UCbglxM7I3LzRy7lKGaT62XQ,UCchk8rGtBIHXOgSH-oSpDvw,Undirected,1,1
UCbglxM7I3LzRy7lKGaT62XQ,UCrq2qxXTl7u-YKeSqIJ5xZA,Undirected,1,1
UCchk8rGtBIHXOgSH-oSpDvw,UCrq2qxXTl7u-YKeSqIJ5xZA,Undirected,1,1
UCH4Okh3kaBIs6yjukOdCvRQ,UCuLpYAaxNfBdODBRd8pOfXQ,Undirected,1,1
UCH4Okh3kaBIs6yjukOdCvRQ,UC_3_-A0ugooOr2mxsacazGA,Undirected,1,1
UCDsaRDKTCsGBJMUKx-KtukA,UCSRN9ZTEMTf_01NJAULXawQ,Undirected,1,1
UCSRN9ZTEMTf_01NJAULXawQ,UCoPZGwLBlAj6OsmR-jSifPg,Undirected,1,1
UC46jECIpBt_5eyUe4pNVCSA,UChIsLLz4UvdJVT0yBku1qOw,Undirected,1,1
UCSQX7yzZVwI-LfavSG_XfDQ,UChIsLLz4UvdJVT0yBku1qOw,Undirected,1,1
UCYNbTyu6pb1XsMHIWLAyuYQ,UCc_UFGjPzLk5I-Cy9ucisHQ,Undirected,9,9
UCoRQI9DCEzCpfvI21puHEtA,UCywhnhPP3dAw7huG_y0hdEg,Undirected,1,1
UCWLeX1gPvS5ooyyytGRufLg,UCq6VFHwMzcMXbuKyG7SQYIg,Undirected,1,1
UCWLeX1gPvS5ooyyytGRufLg,UCrPseYLGpNygVi34QpGNqpA,Undirected,1,1
UCQmOe-Q_i5l2gJkakN0EY1w,UCaQgdQV-LkpZPDzCogWkWFg,Undirected,10,10
UC3KcXaIz8K2QK8GcXDZKfxw,UCFGeJ9KRxJuMBM0goGUmSGw,Undirected,1,1
UC3KcXaIz8K2QK8GcXDZKfxw,UCQmOe-Q_i5l2gJkakN0EY1w,Undirected,1,1
UC3KcXaIz8K2QK8GcXDZKfxw,UCaQgdQV-LkpZPDzCogWkWFg,Undirected,1,1
UC3KcXaIz8K2QK8GcXDZKfxw,UCfhf3uAkL6CJrei0ls7N-bA,Undirected,1,1
UCFGeJ9KRxJuMBM0goGUmSGw,UCQmOe-Q_i5l2gJkakN0EY1w,Undirected,1,1
UCFGeJ9KRxJuMBM0goGUmSGw,UCaQgdQV-LkpZPDzCogWkWFg,Undirected,1,1
UCFGeJ9KRxJuMBM0goGUmSGw,UCfhf3uAkL6CJrei0ls7N-bA,Undirected,1,1
UCQmOe-Q_i5l2gJkakN0EY1w,UCfhf3uAkL6CJrei0ls7N-bA,Undirected,1,1
UCaQgdQV-LkpZPDzCogWkWFg,UCfhf3uAkL6CJrei0ls7N-bA,Undirected,1,1
UCQwIt46r5do8ZSQXLChdsFQ,UCUqg5urMmozEucr5xAKTa5g,Undirected,1,1
UC0F4u6Llm10kvlwPkyN2p7w,UCILkK2Tan26rdXVz2obqh9w,Undirected,1,1
UC0F4u6Llm10kvlwPkyN2p7w,UCbKhY1QdpFvCQXdIjFqERvQ,Undirected,10,10
UC0F4u6Llm10kvlwPkyN2p7w,UClRhBEk6jWCU1Fyj_sjQ8kw,Undirected,10,10
UC0F4u6Llm10kvlwPkyN2p7w,UCoNRlRabTd1US_4If_1TjqQ,Undirected,1,1
UCILkK2Tan26rdXVz2obqh9w,UCbKhY1QdpFvCQXdIjFqERvQ,Undirected,1,1
UCILkK2Tan26rdXVz2obqh9w,UClRhBEk6jWCU1Fyj_sjQ8kw,Undirected,1,1
UCILkK2Tan26rdXVz2obqh9w,UCoNRlRabTd1US_4If_1TjqQ,Undirected,1,1
UCbKhY1QdpFvCQXdIjFqERvQ,UClRhBEk6jWCU1Fyj_sjQ8kw,Undirected,10,10
UCbKhY1QdpFvCQXdIjFqERvQ,UCoNRlRabTd1US_4If_1TjqQ,Undirected,1,1
UClRhBEk6jWCU1Fyj_sjQ8kw,UCoNRlRabTd1US_4If_1TjqQ,Undirected,1,1
UC0F4u6Llm10kvlwPkyN2p7w,UCy3ZhUZfoISaXwoSxkwCfww,Undirected,3,3
UCbKhY1QdpFvCQXdIjFqERvQ,UCy3ZhUZfoISaXwoSxkwCfww,Undirected,3,3
UClRhBEk6jWCU1Fyj_sjQ8kw,UCy3ZhUZfoISaXwoSxkwCfww,Undirected,3,3
UC0F4u6Llm10kvlwPkyN2p7w,UCQJeE0OumzhvzFBJBtzdM5w,Undirected,1,1
UCQJeE0OumzhvzFBJBtzdM5w,UCbKhY1QdpFvCQXdIjFqERvQ,Undirected,1,1
UC50ddiYXGma6zMJHx3AsOXA,UCTl3QQTvqHFjurroKxexy2Q,Undirected,1,1
UC4YUkPQIX_TIZq4nQIT7-aA,UCIKGhmu-KdHCG5vZvOuNaww,Undirected,3,3
UC4YUkPQIX_TIZq4nQIT7-aA,UCXx5wte0KmtD5fyqzQSvTIw,Undirected,1,1
UCIKGhmu-KdHCG5vZvOuNaww,UCXx5wte0KmtD5fyqzQSvTIw,Undirected,1,1
UC4YUkPQIX_TIZq4nQIT7-aA,UCAn8NrZ-J4CRfwodajqFYoQ,Undirected,1,1
UC4YUkPQIX_TIZq4nQIT7-aA,UCS52qQKbsJqos1Cr2wSGEhQ,Undirected,1,1
UCAn8NrZ-J4CRfwodajqFYoQ,UCIKGhmu-KdHCG5vZvOuNaww,Undirected,1,1
UCAn8NrZ-J4CRfwodajqFYoQ,UCS52qQKbsJqos1Cr2wSGEhQ,Undirected,1,1
UCIKGhmu-KdHCG5vZvOuNaww,UCS52qQKbsJqos1Cr2wSGEhQ,Undirected,1,1
UCMnKBTTCkFUZN4PELd0m3sA,UCPbGiUt4Yu8EsaFM-KAmgjg,Undirected,4,4
UCMnKBTTCkFUZN4PELd0m3sA,UCQNWIrUCkl0VIr6y2FOrWeA,Undirected,4,4
UCMnKBTTCkFUZN4PELd0m3sA,UCRuNOupskvYyQITuirXvmCQ,Undirected,4,4
UCMnKBTTCkFUZN4PELd0m3sA,UCg7YVrx6Xim2zOMb3OpRtBg,Undirected,4,4
UCMnKBTTCkFUZN4PELd0m3sA,UCmdCl2LVcr19NQ-wDO4q_Gg,Undirected,4,4
UCPbGiUt4Yu8EsaFM-KAmgjg,UCRYZxlAfSqJmY1DLTyQrp8w,Undirected,2,2
UCPbGiUt4Yu8EsaFM-KAmgjg,UCVUsmF97x4kuhGbBjzl1nVg,Undirected,2,2
UCPbGiUt4Yu8EsaFM-KAmgjg,UCmY6t25uVbXIDTizjfLBI4Q,Undirected,2,2
UCRYZxlAfSqJmY1DLTyQrp8w,UCVUsmF97x4kuhGbBjzl1nVg,Undirected,2,2
UCRYZxlAfSqJmY1DLTyQrp8w,UCVyga8l4ARgDIqs8h76QzHw,Undirected,2,2
UCRYZxlAfSqJmY1DLTyQrp8w,UCmY6t25uVbXIDTizjfLBI4Q,Undirected,2,2
UCVUsmF97x4kuhGbBjzl1nVg,UCVyga8l4ARgDIqs8h76QzHw,Undirected,2,2
UCVUsmF97x4kuhGbBjzl1nVg,UCmY6t25uVbXIDTizjfLBI4Q,Undirected,2,2
UCVyga8l4ARgDIqs8h76QzHw,UCmY6t25uVbXIDTizjfLBI4Q,Undirected,2,2
UCVyga8l4ARgDIqs8h76QzHw,UCzXwjTI6c6mVn6oui_p6oiw,Undirected,1,1
UC-dDPClZzfqCAcxuQPhqx7A,UCVyga8l4ARgDIqs8h76QzHw,Undirected,2,2
UC-dDPClZzfqCAcxuQPhqx7A,UCrCT8vVfCBjYFonDkBIcgVQ,Undirected,2,2
UCVyga8l4ARgDIqs8h76QzHw,UCrCT8vVfCBjYFonDkBIcgVQ,Undirected,2,2
UCK3d9BNQO23vRGfobXDFfpg,UCrKtE31-9nGxqIPK1Og0NDQ,Undirected,1,1
UC0VgIyiCjyUCjXzTEXq1CTA,UC0xxXOouv4ueyG5pfIAWlhA,Undirected,1,1
UC0VgIyiCjyUCjXzTEXq1CTA,UCTFA-MuMpzlngZisYJiV07A,Undirected,1,1
UC0VgIyiCjyUCjXzTEXq1CTA,UCbIPDUuhVF-eFxfBowvqaCg,Undirected,1,1
UC0xxXOouv4ueyG5pfIAWlhA,UCTFA-MuMpzlngZisYJiV07A,Undirected,3,3
UC0xxXOouv4ueyG5pfIAWlhA,UCbIPDUuhVF-eFxfBowvqaCg,Undirected,1,1
UCTFA-MuMpzlngZisYJiV07A,UCbIPDUuhVF-eFxfBowvqaCg,Undirected,1,1
UC0xxXOouv4ueyG5pfIAWlhA,UCHXXj0KkMdqW8SDOSoftesg,Undirected,1,1
UCHXXj0KkMdqW8SDOSoftesg,UCytgnJE6TrzTTq19GYCOyTg,Undirected,1,1
UC0xxXOouv4ueyG5pfIAWlhA,UCY8SLLJjWpS4sx1dEqECaIw,Undirected,1,1
UCAH5YrOwdOrqif4H4VbLN5w,UCTFA-MuMpzlngZisYJiV07A,Undirected,1,1
UCAH5YrOwdOrqif4H4VbLN5w,UCY8SLLJjWpS4sx1dEqECaIw,Undirected,1,1
UCTFA-MuMpzlngZisYJiV07A,UCY8SLLJjWpS4sx1dEqECaIw,Undirected,1,1
UCTFA-MuMpzlngZisYJiV07A,UCwY28xcOJxY_hrDhlzer6Kg,Undirected,1,1
UCTFA-MuMpzlngZisYJiV07A,UCytgnJE6TrzTTq19GYCOyTg,Undirected,1,1
UCY8SLLJjWpS4sx1dEqECaIw,UCwY28xcOJxY_hrDhlzer6Kg,Undirected,1,1
UCY8SLLJjWpS4sx1dEqECaIw,UCytgnJE6TrzTTq19GYCOyTg,Undirected,1,1
UC4QobU6STFB0P71PMvOGN5A,UCLHcr2Yg1AYyHmMKW7r7lMw,Undirected,1,1
UCObk_g1hQBy0RKKriVX_zOQ,UCf9BO33b-MnIxB5y0azrxmg,Undirected,1,1
UCObk_g1hQBy0RKKriVX_zOQ,UCxXd7HRiscuMWX3tlkjBHxA,Undirected,1,1
UCf9BO33b-MnIxB5y0azrxmg,UCxXd7HRiscuMWX3tlkjBHxA,Undirected,1,1
UCCydYSK9VpWAm7lRm8P4FAw,UCe_FhoPnvWiyrJdkoDbTRQw,Undirected,10,10
UCCydYSK9VpWAm7lRm8P4FAw,UCey-eDTR5J6xU6pZ2f4guoA,Undirected,10,10
UCCydYSK9VpWAm7lRm8P4FAw,UCpq0Ou2ObQr-LbTB6hsl8BA,Undirected,10,10
UCM9-hXMVzQthX7WRWjX9BEQ,UCROnD_BAmmF05jLqJ1jbpEA,Undirected,1,1
UCByYw1fQJjbkhZlGtHjAJ6w,UCvzFjzp1IOLyeTW6B7aop-Q,Undirected,7,7
UCLEaQVRTiMKKEAaG1jbrELA,UCW_iyt349eJC3NN-a3gLG6g,Undirected,1,1
UCLEaQVRTiMKKEAaG1jbrELA,UCai3me0rQiXUo29dBjy7ULg,Undirected,1,1
UCW_iyt349eJC3NN-a3gLG6g,UCai3me0rQiXUo29dBjy7ULg,Undirected,2,2
UCEKt_sgtek6N-zbvigJiqyw,UCW_iyt349eJC3NN-a3gLG6g,Undirected,1,1
UCEKt_sgtek6N-zbvigJiqyw,UCai3me0rQiXUo29dBjy7ULg,Undirected,1,1
UCWLq_5GOaxfmJasrA3fYnAg,UCkwvr9omfO9WXsjAa9LR15w,Undirected,1,1
UC4w2gzCCEaCUAsjnlwfM9VA,UCiOFfjVB7W-OgV8hq2VVSyA,Undirected,1,1
UC4w2gzCCEaCUAsjnlwfM9VA,UCkwvr9omfO9WXsjAa9LR15w,Undirected,1,1
UCiOFfjVB7W-OgV8hq2VVSyA,UCkwvr9omfO9WXsjAa9LR15w,Undirected,1,1
UC8SHCHvApI1aPlX8jagFZ9Q,UCcUszRpgRDBbZNLygszTYSA,Undirected,1,1
UC8SHCHvApI1aPlX8jagFZ9Q,UChdh7gYM35IgpJ8vOL-9D1A,Undirected,1,1
UCcUszRpgRDBbZNLygszTYSA,UChdh7gYM35IgpJ8vOL-9D1A,Undirected,1,1
UCcmCDlPtOv9RsAQM4aSC83A,UCrwX4sDm8xEXRjzjrIlhUmg,Undirected,2,2
UCXPGIxSgugR_rqYr2Bb2LIA,UCtduxx62vZ4Qv7KoPEf1LyA,Undirected,10,10
UCXPGIxSgugR_rqYr2Bb2LIA,UCwKaTUsSTJC8IxMHOFS9_zw,Undirected,3,3
UCtduxx62vZ4Qv7KoPEf1LyA,UCwKaTUsSTJC8IxMHOFS9_zw,Undirected,3,3
UCINH-qtJXxtAoN4-Jg-fjdA,UCXPGIxSgugR_rqYr2Bb2LIA,Undirected,1,1
UCINH-qtJXxtAoN4-Jg-fjdA,UCtduxx62vZ4Qv7KoPEf1LyA,Undirected,1,1
UCX-EhyoNi5sm7sijOg8TA_g,UCaa0raJZ_qvMFvfstjgDZVQ,Undirected,1,1
UC8SHCHvApI1aPlX8jagFZ9Q,UCX-EhyoNi5sm7sijOg8TA_g,Undirected,1,1
UCAYOMpSQugVgFe4wnqZCCKQ,UCX-EhyoNi5sm7sijOg8TA_g,Undirected,1,1
UCX-EhyoNi5sm7sijOg8TA_g,UCv5yHv8nOexV-Xmn07YYMSg,Undirected,1,1
UCFMv8zxmt6bc4lVKyT2PniQ,UCiLRA83bCXowZek-dW9h7wg,Undirected,2,2
UCFMv8zxmt6bc4lVKyT2PniQ,UCrzfYhLjOkfAcmjixeeiEnQ,Undirected,1,1
UCbvwGzSKXa31P6yDRyoNJnA,UCiLRA83bCXowZek-dW9h7wg,Undirected,2,2
UCbvwGzSKXa31P6yDRyoNJnA,UCrzfYhLjOkfAcmjixeeiEnQ,Undirected,1,1
UCiLRA83bCXowZek-dW9h7wg,UCrzfYhLjOkfAcmjixeeiEnQ,Undirected,1,1
UCYd4kFdUdK3DdA7B-aPKVBg,UCbvwGzSKXa31P6yDRyoNJnA,Undirected,1,1
UCFMv8zxmt6bc4lVKyT2PniQ,UCTMqfzLAOMqVUEyj9qW1vCw,Undirected,1,1
UCFMv8zxmt6bc4lVKyT2PniQ,UClGVWPxgHNubH1FNkaCJyQg,Undirected,1,1
UCTMqfzLAOMqVUEyj9qW1vCw,UCbvwGzSKXa31P6yDRyoNJnA,Undirected,1,1
UCTMqfzLAOMqVUEyj9qW1vCw,UCiLRA83bCXowZek-dW9h7wg,Undirected,1,1
UCTMqfzLAOMqVUEyj9qW1vCw,UClGVWPxgHNubH1FNkaCJyQg,Undirected,1,1
UCbvwGzSKXa31P6yDRyoNJnA,UClGVWPxgHNubH1FNkaCJyQg,Undirected,1,1
UCiLRA83bCXowZek-dW9h7wg,UClGVWPxgHNubH1FNkaCJyQg,Undirected,1,1
UC-KyKknX5OJ1w0dFNUifY2w,UCFMv8zxmt6bc4lVKyT2PniQ,Undirected,1,1
UC-KyKknX5OJ1w0dFNUifY2w,UCbvwGzSKXa31P6yDRyoNJnA,Undirected,1,1
UCOEt6Go0JO_fC4Uuh_J1IEA,UCetuPjY6ia4FAEFWBjhmv1w,Undirected,1,1
UC8ckDCAXWAgRMz9YVpsc7ig,UCEJ28Q8fpjyjsqpISMwvrvg,Undirected,10,10
UC8ckDCAXWAgRMz9YVpsc7ig,UCSib8w-u0Eg1dGam2ao1Z_A,Undirected,10,10
UC8ckDCAXWAgRMz9YVpsc7ig,UCald77V2E7vc6gQrYi0nxtg,Undirected,10,10
UCEJ28Q8fpjyjsqpISMwvrvg,UCSib8w-u0Eg1dGam2ao1Z_A,Undirected,10,10
UCEJ28Q8fpjyjsqpISMwvrvg,UCald77V2E7vc6gQrYi0nxtg,Undirected,10,10
UCSib8w-u0Eg1dGam2ao1Z_A,UCald77V2E7vc6gQrYi0nxtg,Undirected,10,10
UCGmkSbQQ5dxwQNNP5ju9H8Q,UC_RTgfzw-lHCxCoDCnXDbtg,Undirected,1,1
UCGmkSbQQ5dxwQNNP5ju9H8Q,UCa2bIkZitgzKokWDH7dnA8A,Undirected,1,1
UCGmkSbQQ5dxwQNNP5ju9H8Q,UCxhofOoSmF_RQgSpi48JkMg,Undirected,1,1
UC_RTgfzw-lHCxCoDCnXDbtg,UCa2bIkZitgzKokWDH7dnA8A,Undirected,2,2
UC_RTgfzw-lHCxCoDCnXDbtg,UCxhofOoSmF_RQgSpi48JkMg,Undirected,1,1
UCa2bIkZitgzKokWDH7dnA8A,UCxhofOoSmF_RQgSpi48JkMg,Undirected,1,1
UC1G7jgT65TxDT_k7qw1Qt9w,UC_RTgfzw-lHCxCoDCnXDbtg,Undirected,1,1
UC1G7jgT65TxDT_k7qw1Qt9w,UCa2bIkZitgzKokWDH7dnA8A,Undirected,1,1
UC_RTgfzw-lHCxCoDCnXDbtg,UCa7WdLTD4YQWBbELmFAZWIQ,Undirected,1,1
UC_RTgfzw-lHCxCoDCnXDbtg,UCbvwGzSKXa31P6yDRyoNJnA,Undirected,2,2
UCaDoxfzWNonZY0_dQbE1VcQ,UChLgZFcCFw1ktfvyoLGiRTQ,Undirected,1,1
UC8SHCHvApI1aPlX8jagFZ9Q,UCUaS8xCrE8h7qcjuxEJk-gQ,Undirected,2,2
UCAYOMpSQugVgFe4wnqZCCKQ,UCUaS8xCrE8h7qcjuxEJk-gQ,Undirected,1,1
UC8SHCHvApI1aPlX8jagFZ9Q,UCnVWdPxgikz9jqJyqQHZ-yA,Undirected,4,4
UCAYOMpSQugVgFe4wnqZCCKQ,UCnVWdPxgikz9jqJyqQHZ-yA,Undirected,4,4
UC8SHCHvApI1aPlX8jagFZ9Q,UCDBivRwVE17kaOi4DPdUCpw,Undirected,2,2
UC8SHCHvApI1aPlX8jagFZ9Q,UCuZXaAvHjY91IEFOoMdUCQg,Undirected,1,1
UCDBivRwVE17kaOi4DPdUCpw,UCUaS8xCrE8h7qcjuxEJk-gQ,Undirected,1,1
UCDBivRwVE17kaOi4DPdUCpw,UCuZXaAvHjY91IEFOoMdUCQg,Undirected,1,1
UCUaS8xCrE8h7qcjuxEJk-gQ,UCuZXaAvHjY91IEFOoMdUCQg,Undirected,1,1
UCAYOMpSQugVgFe4wnqZCCKQ,UCDBivRwVE17kaOi4DPdUCpw,Undirected,1,1
UC2WSDEm0qJG92WRXkrNzqGg,UC8SHCHvApI1aPlX8jagFZ9Q,Undirected,1,1
UC2WSDEm0qJG92WRXkrNzqGg,UCrB_lbcnNsWXbvTPzpoeYWg,Undirected,1,1
UC8SHCHvApI1aPlX8jagFZ9Q,UCrB_lbcnNsWXbvTPzpoeYWg,Undirected,2,2
UC8SHCHvApI1aPlX8jagFZ9Q,UCMQEJdbn7nsFOeJgK_fSRsg,Undirected,1,1
UCAYOMpSQugVgFe4wnqZCCKQ,UCMQEJdbn7nsFOeJgK_fSRsg,Undirected,1,1
UCMQEJdbn7nsFOeJgK_fSRsg,UCnVWdPxgikz9jqJyqQHZ-yA,Undirected,1,1
UC0h91OxHExPxenGmUENhuLw,UCzgD3tJdyp8vB1Z1A5BdE4Q,Undirected,3,3
UC0h91OxHExPxenGmUENhuLw,UC9G5kZAAB6FbBjJN89p3FbA,Undirected,1,1
UC9G5kZAAB6FbBjJN89p3FbA,UCzgD3tJdyp8vB1Z1A5BdE4Q,Undirected,1,1
UC0h91OxHExPxenGmUENhuLw,UCAYOMpSQugVgFe4wnqZCCKQ,Undirected,2,2
UC0h91OxHExPxenGmUENhuLw,UC8SHCHvApI1aPlX8jagFZ9Q,Undirected,1,1
UC0h91OxHExPxenGmUENhuLw,UCrB_lbcnNsWXbvTPzpoeYWg,Undirected,1,1
UCAYOMpSQugVgFe4wnqZCCKQ,UCrB_lbcnNsWXbvTPzpoeYWg,Undirected,1,1
UC0h91OxHExPxenGmUENhuLw,UCYNBxI1O-rukKNAEz9_VjAA,Undirected,1,1
UC0h91OxHExPxenGmUENhuLw,UCNAePsTyyXAMV0wCmJW0JCg,Undirected,2,2
UCAYOMpSQugVgFe4wnqZCCKQ,UCTVGHWIf5AgSABmFcqbE5aQ,Undirected,10,10
UC-ZAqjDezj-qa0C5GxsBtsA,UC6Hv0yGCd0liLfwQxB1mdyg,Undirected,3,3
UC-ZAqjDezj-qa0C5GxsBtsA,UCCo6EC0MOfJSnHbD3LI6iFA,Undirected,3,3
UC-ZAqjDezj-qa0C5GxsBtsA,UCDzBNaJ8brwIMVXC9lXwSGw,Undirected,3,3
UC-ZAqjDezj-qa0C5GxsBtsA,UCIKCOBJoceaflvVLgTIM82A,Undirected,1,1
UC-ZAqjDezj-qa0C5GxsBtsA,UCkKby3SmV9XGW_U_u1RsyCg,Undirected,2,2
UC6Hv0yGCd0liLfwQxB1mdyg,UCCo6EC0MOfJSnHbD3LI6iFA,Undirected,3,3
UC6Hv0yGCd0liLfwQxB1mdyg,UCDzBNaJ8brwIMVXC9lXwSGw,Undirected,3,3
UC6Hv0yGCd0liLfwQxB1mdyg,UCIKCOBJoceaflvVLgTIM82A,Undirected,1,1
UC6Hv0yGCd0liLfwQxB1mdyg,UCkKby3SmV9XGW_U_u1RsyCg,Undirected,2,2
UCCo6EC0MOfJSnHbD3LI6iFA,UCDzBNaJ8brwIMVXC9lXwSGw,Undirected,10,10
UCCo6EC0MOfJSnHbD3LI6iFA,UCIKCOBJoceaflvVLgTIM82A,Undirected,3,3
UCCo6EC0MOfJSnHbD3LI6iFA,UCkKby3SmV9XGW_U_u1RsyCg,Undirected,3,3
UCDzBNaJ8brwIMVXC9lXwSGw,UCIKCOBJoceaflvVLgTIM82A,Undirected,3,3
UCDzBNaJ8brwIMVXC9lXwSGw,UCkKby3SmV9XGW_U_u1RsyCg,Undirected,3,3
UC0bPSlWMY6CTvP_IX_ALBCw,UCCo6EC0MOfJSnHbD3LI6iFA,Undirected,4,4
UC0bPSlWMY6CTvP_IX_ALBCw,UCDzBNaJ8brwIMVXC9lXwSGw,Undirected,4,4
UC0bPSlWMY6CTvP_IX_ALBCw,UCzklsfej5kE3b347YoHhpZw,Undirected,1,1
UCCo6EC0MOfJSnHbD3LI6iFA,UCzklsfej5kE3b347YoHhpZw,Undirected,1,1
UCDzBNaJ8brwIMVXC9lXwSGw,UCzklsfej5kE3b347YoHhpZw,Undirected,1,1
UCCo6EC0MOfJSnHbD3LI6iFA,UCskg7xNu4fbSQCO9z-gcyJg,Undirected,1,1
UCDzBNaJ8brwIMVXC9lXwSGw,UCskg7xNu4fbSQCO9z-gcyJg,Undirected,1,1
UCIKCOBJoceaflvVLgTIM82A,UCskg7xNu4fbSQCO9z-gcyJg,Undirected,1,1
UCBlr7Nhhi9EtSa1k2ny-7ew,UCCo6EC0MOfJSnHbD3LI6iFA,Undirected,2,2
UCBlr7Nhhi9EtSa1k2ny-7ew,UCDzBNaJ8brwIMVXC9lXwSGw,Undirected,2,2
UC0bPSlWMY6CTvP_IX_ALBCw,UCIKCOBJoceaflvVLgTIM82A,Undirected,1,1
UC0bPSlWMY6CTvP_IX_ALBCw,UCkKby3SmV9XGW_U_u1RsyCg,Undirected,1,1
UC0bPSlWMY6CTvP_IX_ALBCw,UCvKZZvkGecpv1sTf4yn0l9w,Undirected,1,1
UCCo6EC0MOfJSnHbD3LI6iFA,UCvKZZvkGecpv1sTf4yn0l9w,Undirected,1,1
UCDzBNaJ8brwIMVXC9lXwSGw,UCvKZZvkGecpv1sTf4yn0l9w,Undirected,1,1
UCIKCOBJoceaflvVLgTIM82A,UCvKZZvkGecpv1sTf4yn0l9w,Undirected,1,1
UCkKby3SmV9XGW_U_u1RsyCg,UCvKZZvkGecpv1sTf4yn0l9w,Undirected,1,1
UC0bPSlWMY6CTvP_IX_ALBCw,UCgON8HBBSs1YzkqS_M6o4AA,Undirected,1,1
UCCo6EC0MOfJSnHbD3LI6iFA,UCgON8HBBSs1YzkqS_M6o4AA,Undirected,1,1
UCDzBNaJ8brwIMVXC9lXwSGw,UCgON8HBBSs1YzkqS_M6o4AA,Undirected,1,1
UC3mG1jxWYgBoJwSaJrke3YQ,UClMuosUutVxH7hTGVyUzppA,Undirected,10,10
UC4FTyM4MesUnFNwuw9S1XRw,UCvOn4wEsIMb5IfXuju93A5w,Undirected,2,2
UCFbtXFIaAJ0fOtgyeDs8Jog,UCisv_Rgs-q5a7ziVFhgnrgQ,Undirected,1,1
UCha7Gw9Ubs8ucjqqzKE0D_Q,UCo6pd5IzPwotrDZDxMPFE2A,Undirected,2,2
UCfmjemnU0R2XgfAncXrMSlg,UCvqv6Sxa6-VMFXU9yfa5Igw,Undirected,1,1
UC-EBRkXpG5dFHV-zaqDonrg,UCSnUOdrSjSvtmvH87U2m5GA,Undirected,1,1
UC-paul1Nd8pnK2eAAtxAaYw,UCLaFC2mfkTeYhBusdk-6-lg,Undirected,1,1
UC-paul1Nd8pnK2eAAtxAaYw,UChPsCwzLIghlUKodG5zijfA,Undirected,1,1
UCLaFC2mfkTeYhBusdk-6-lg,UChPsCwzLIghlUKodG5zijfA,Undirected,1,1
UC-Mv175NcgSzQ0xPeYYw9ww,UCbWgP4pWHDbE5WeIizwAPoA,Undirected,1,1
UC-Mv175NcgSzQ0xPeYYw9ww,UChPsCwzLIghlUKodG5zijfA,Undirected,1,1
UC-Mv175NcgSzQ0xPeYYw9ww,UCtzXIrAz7yilw55U4MzElLQ,Undirected,1,1
UCbWgP4pWHDbE5WeIizwAPoA,UChPsCwzLIghlUKodG5zijfA,Undirected,1,1
UCbWgP4pWHDbE5WeIizwAPoA,UCtzXIrAz7yilw55U4MzElLQ,Undirected,1,1
UChPsCwzLIghlUKodG5zijfA,UCtzXIrAz7yilw55U4MzElLQ,Undirected,1,1
UCLIC6cwI96gvu3i8nSS64Kg,UChPsCwzLIghlUKodG5zijfA,Undirected,1,1
UCLIC6cwI96gvu3i8nSS64Kg,UCj2nw_9puY3sJoDbkE-FCQA,Undirected,1,1
UChPsCwzLIghlUKodG5zijfA,UCj2nw_9puY3sJoDbkE-FCQA,Undirected,1,1
UCQWRnW4kJCbUq7VtiMgIRyQ,UChPsCwzLIghlUKodG5zijfA,Undirected,1,1
UChPsCwzLIghlUKodG5zijfA,UCvhImyl7GNyAj9nuNsNYjhQ,Undirected,1,1
UChPsCwzLIghlUKodG5zijfA,UCibkCL9tAH8WoDUWJ2xzMMg,Undirected,1,1
UCA-8abzeuoKeSfcaysVlT8Q,UCFqYHHqm3yayXSJWs2qTLNA,Undirected,2,2
UCA-8abzeuoKeSfcaysVlT8Q,UCiH25wMDmQ_uVr7jqqgRFrA,Undirected,1,1
UCFqYHHqm3yayXSJWs2qTLNA,UCiH25wMDmQ_uVr7jqqgRFrA,Undirected,1,1
UC2WrXWTQtRvu-jBmKfvQsqQ,UCA-8abzeuoKeSfcaysVlT8Q,Undirected,1,1
UC2WrXWTQtRvu-jBmKfvQsqQ,UCFqYHHqm3yayXSJWs2qTLNA,Undirected,1,1
UC1y-be8FfPtzniyqGjLJCGg,UC95Xopdv7f_L2AbfE-VMuxA,Undirected,1,1
UC1y-be8FfPtzniyqGjLJCGg,UCctWtGNi-cBBxRhMlelP4KQ,Undirected,1,1
UC1y-be8FfPtzniyqGjLJCGg,UChPsCwzLIghlUKodG5zijfA,Undirected,1,1
UC1y-be8FfPtzniyqGjLJCGg,UChicEtffabIKdVJThpPwqhQ,Undirected,1,1
UC95Xopdv7f_L2AbfE-VMuxA,UCctWtGNi-cBBxRhMlelP4KQ,Undirected,1,1
UC95Xopdv7f_L2AbfE-VMuxA,UChPsCwzLIghlUKodG5zijfA,Undirected,1,1
UC95Xopdv7f_L2AbfE-VMuxA,UChicEtffabIKdVJThpPwqhQ,Undirected,1,1
UCctWtGNi-cBBxRhMlelP4KQ,UChPsCwzLIghlUKodG5zijfA,Undirected,1,1
UCctWtGNi-cBBxRhMlelP4KQ,UChicEtffabIKdVJThpPwqhQ,Undirected,1,1
UCL_qhgtOy0dy1Agp8vkySQg,UCMIFZlIm3E7fxattsuRoqgA,Undirected,2,2
UCMIFZlIm3E7fxattsuRoqgA,UCSfoxYTlCPFfglckBLrjpsA,Undirected,1,1
UCMIFZlIm3E7fxattsuRoqgA,UCg0kqKYY72OmzYg3JE3bdDA,Undirected,1,1
UCKLX_ObUa9pf1QwSGya0vAw,UCMIFZlIm3E7fxattsuRoqgA,Undirected,1,1
UCKLX_ObUa9pf1QwSGya0vAw,UCq6VFHwMzcMXbuKyG7SQYIg,Undirected,1,1
UCMIFZlIm3E7fxattsuRoqgA,UCq6VFHwMzcMXbuKyG7SQYIg,Undirected,1,1
UC98dbK3WqEkgiFj91WAwYJQ,UCMIFZlIm3E7fxattsuRoqgA,Undirected,1,1
UCGfVeZa7KUJHunu_-AR8I4g,UCRzNmYGvKNRHEwAfs1yLHWA,Undirected,2,2
UCGfVeZa7KUJHunu_-AR8I4g,UCgAyQyy6x3L-tmM1GICelGA,Undirected,2,2
UCGfVeZa7KUJHunu_-AR8I4g,UCjdhEHvfWPArV25tJwplQOA,Undirected,2,2
UCGfVeZa7KUJHunu_-AR8I4g,UCy8K7XHd8RntQAN-Q9z2F3w,Undirected,2,2
UCRzNmYGvKNRHEwAfs1yLHWA,UCgAyQyy6x3L-tmM1GICelGA,Undirected,2,2
UCRzNmYGvKNRHEwAfs1yLHWA,UCjdhEHvfWPArV25tJwplQOA,Undirected,2,2
UCRzNmYGvKNRHEwAfs1yLHWA,UCy8K7XHd8RntQAN-Q9z2F3w,Undirected,2,2
UCgAyQyy6x3L-tmM1GICelGA,UCjdhEHvfWPArV25tJwplQOA,Undirected,2,2
UCgAyQyy6x3L-tmM1GICelGA,UCy8K7XHd8RntQAN-Q9z2F3w,Undirected,2,2
UCjdhEHvfWPArV25tJwplQOA,UCy8K7XHd8RntQAN-Q9z2F3w,Undirected,2,2
UC5p_l5ZeB_wGjO_yDXwiqvw,UCd49y90hwxKd1tq0cP0MG1Q,Undirected,3,3
UCVhZyGllAVd-Wl6kNufV0uA,UCd49y90hwxKd1tq0cP0MG1Q,Undirected,9,9
UC1n_PfsVqxllCcnMPlxBIjw,UCAz5JW1_oryewk0eR-eP7Bw,Undirected,1,1
UC1n_PfsVqxllCcnMPlxBIjw,UCVhZyGllAVd-Wl6kNufV0uA,Undirected,2,2
UC1n_PfsVqxllCcnMPlxBIjw,UC_bjOaM7jR8lmPoAmaRPPnQ,Undirected,1,1
UC1n_PfsVqxllCcnMPlxBIjw,UCd49y90hwxKd1tq0cP0MG1Q,Undirected,2,2
UCAz5JW1_oryewk0eR-eP7Bw,UCd49y90hwxKd1tq0cP0MG1Q,Undirected,4,4
UC_bjOaM7jR8lmPoAmaRPPnQ,UCd49y90hwxKd1tq0cP0MG1Q,Undirected,2,2
UCAz5JW1_oryewk0eR-eP7Bw,UCKQ-wNdh0kO5qnpPfXa2hjQ,Undirected,1,1
UCKQ-wNdh0kO5qnpPfXa2hjQ,UCVhZyGllAVd-Wl6kNufV0uA,Undirected,2,2
UCKQ-wNdh0kO5qnpPfXa2hjQ,UCd49y90hwxKd1tq0cP0MG1Q,Undirected,2,2
UC1n_PfsVqxllCcnMPlxBIjw,UCA2tt9GSU2sl8rAqjlLR3mQ,Undirected,2,2
UCA2tt9GSU2sl8rAqjlLR3mQ,UCd49y90hwxKd1tq0cP0MG1Q,Undirected,1,1
UC5p_l5ZeB_wGjO_yDXwiqvw,UCKQ-wNdh0kO5qnpPfXa2hjQ,Undirected,1,1
UCAz5JW1_oryewk0eR-eP7Bw,UCxucf8O8itcmkqu3d7yUavg,Undirected,1,1
UCVhZyGllAVd-Wl6kNufV0uA,UCxucf8O8itcmkqu3d7yUavg,Undirected,1,1
UCd49y90hwxKd1tq0cP0MG1Q,UCxucf8O8itcmkqu3d7yUavg,Undirected,1,1
UC2mP7il3YV7TxM_3m6U0bwA,UCQmzgjEb7X6--w7CSE1erJg,Undirected,1,1
UC2mP7il3YV7TxM_3m6U0bwA,UCVhZyGllAVd-Wl6kNufV0uA,Undirected,1,1
UC2mP7il3YV7TxM_3m6U0bwA,UCtoO-dFpE8lIsC-SWG2A6oA,Undirected,1,1
UC5p_l5ZeB_wGjO_yDXwiqvw,UCQmzgjEb7X6--w7CSE1erJg,Undirected,1,1
UC5p_l5ZeB_wGjO_yDXwiqvw,UCtoO-dFpE8lIsC-SWG2A6oA,Undirected,1,1
UCQmzgjEb7X6--w7CSE1erJg,UCVhZyGllAVd-Wl6kNufV0uA,Undirected,1,1
UCQmzgjEb7X6--w7CSE1erJg,UCtoO-dFpE8lIsC-SWG2A6oA,Undirected,1,1
UCVhZyGllAVd-Wl6kNufV0uA,UCtoO-dFpE8lIsC-SWG2A6oA,Undirected,1,1
UC5BqtRANoqrdMA0lEnZgOOg,UC5p_l5ZeB_wGjO_yDXwiqvw,Undirected,8,8
UC5BqtRANoqrdMA0lEnZgOOg,UCQSyMY7y11SjZ1oL2OjD_bw,Undirected,7,7
UC5p_l5ZeB_wGjO_yDXwiqvw,UCQSyMY7y11SjZ1oL2OjD_bw,Undirected,7,7
UC-vczWpJ4NqsSlm50oINJYQ,UC5BqtRANoqrdMA0lEnZgOOg,Undirected,1,1
UC-vczWpJ4NqsSlm50oINJYQ,UC5p_l5ZeB_wGjO_yDXwiqvw,Undirected,5,5
UC-vczWpJ4NqsSlm50oINJYQ,UCQSyMY7y11SjZ1oL2OjD_bw,Undirected,1,1
UC-g_O9HWb5B0rVDG1hLd5Hw,UC-vczWpJ4NqsSlm50oINJYQ,Undirected,1,1
UC-g_O9HWb5B0rVDG1hLd5Hw,UC5p_l5ZeB_wGjO_yDXwiqvw,Undirected,1,1
UC-g_O9HWb5B0rVDG1hLd5Hw,UCDOSPppo2o2DmVBP5erEuTg,Undirected,1,1
UC-vczWpJ4NqsSlm50oINJYQ,UCDOSPppo2o2DmVBP5erEuTg,Undirected,1,1
UC5p_l5ZeB_wGjO_yDXwiqvw,UCDOSPppo2o2DmVBP5erEuTg,Undirected,1,1
UC5p_l5ZeB_wGjO_yDXwiqvw,UC_bjOaM7jR8lmPoAmaRPPnQ,Undirected,1,1
UC5p_l5ZeB_wGjO_yDXwiqvw,UCvwgF_0NOZe2vN4Q3g1bY-A,Undirected,1,1
UCAz5JW1_oryewk0eR-eP7Bw,UCvwgF_0NOZe2vN4Q3g1bY-A,Undirected,1,1
UC_bjOaM7jR8lmPoAmaRPPnQ,UCvwgF_0NOZe2vN4Q3g1bY-A,Undirected,1,1
UCX_UNVL5LGsTmJmOXFSoDDg,UC_bjOaM7jR8lmPoAmaRPPnQ,Undirected,1,1
UC92b1O08vlw68UCJ0VuuQdA,UC_bjOaM7jR8lmPoAmaRPPnQ,Undirected,1,1
UCATfPg_amXU4tXXzn6v4Z4Q,UC_bjOaM7jR8lmPoAmaRPPnQ,Undirected,1,1
UC_bjOaM7jR8lmPoAmaRPPnQ,UCmBqL1OAnFd5JCfqYKKpbTA,Undirected,1,1
UCA2tt9GSU2sl8rAqjlLR3mQ,UCTkXRDQl0luXxVQrRQvWS6w,Undirected,64,64
UCA2tt9GSU2sl8rAqjlLR3mQ,UCqynl7rdtktKMQESdSBmE-g,Undirected,45,45
UCTkXRDQl0luXxVQrRQvWS6w,UCqynl7rdtktKMQESdSBmE-g,Undirected,46,46
UC1hkAIJnb2CSmm7SPJaPR-A,UCjwPWmTYbC2Ehc_Bk4kR9yg,Undirected,1,1
UCPM1bCbT-dVAHAEIpUUpVLQ,UCUd0DGXsiCIVqvOci94lnkQ,Undirected,1,1
UCPM1bCbT-dVAHAEIpUUpVLQ,UCb1gWOLQPCgUl_WY-zSvL7A,Undirected,1,1
UC8taJP20zu3PxChqh1Ol7vw,UCa9_8C9ebEphjva-P7OV7bA,Undirected,1,1
UC8taJP20zu3PxChqh1Ol7vw,UCyqEcHPKLH7KVzzqHN1n3vw,Undirected,1,1
UCa9_8C9ebEphjva-P7OV7bA,UCyqEcHPKLH7KVzzqHN1n3vw,Undirected,1,1
UCidh1IO3jjrg0ZzJ7XKC9gQ,UCrjEDps2C_OPSDOyfz_fpvQ,Undirected,1,1
UCidh1IO3jjrg0ZzJ7XKC9gQ,UCyqEcHPKLH7KVzzqHN1n3vw,Undirected,1,1
UCrjEDps2C_OPSDOyfz_fpvQ,UCyqEcHPKLH7KVzzqHN1n3vw,Undirected,1,1
UC40gs0opj389ohjLnJIAJzA,UCPM1bCbT-dVAHAEIpUUpVLQ,Undirected,2,2
UC40gs0opj389ohjLnJIAJzA,UCtn0gYphdmjN0fVtu3rV1LQ,Undirected,3,3
UC40gs0opj389ohjLnJIAJzA,UCSp2nvM27htoOTD1Cq05N5g,Undirected,1,1
UCSp2nvM27htoOTD1Cq05N5g,UCtn0gYphdmjN0fVtu3rV1LQ,Undirected,1,1
UCmSlt58ydJnsKRrA81CWiKw,UCoavM_Q90GHUQ10-pv5wmJQ,Undirected,1,1
UCmSlt58ydJnsKRrA81CWiKw,UCm_32tsV3ay9UPC36Am6MwA,Undirected,2,2
UCmSlt58ydJnsKRrA81CWiKw,UCv8xpzILpS2IKEd8CUuGd-Q,Undirected,2,2
UCm_32tsV3ay9UPC36Am6MwA,UCv8xpzILpS2IKEd8CUuGd-Q,Undirected,2,2
UCmSlt58ydJnsKRrA81CWiKw,UCmfxHeODQ-UVWkl1Ogz9nwA,Undirected,1,1
UCBgwN1tb309rSICXosLt_AQ,UCF2INVe9FGsNWfve9PjJ1Ow,Undirected,3,3
UCBgwN1tb309rSICXosLt_AQ,UCYGVLELQNAkZph0C6_sLnLw,Undirected,3,3
UCBgwN1tb309rSICXosLt_AQ,UCmSlt58ydJnsKRrA81CWiKw,Undirected,3,3
UCF2INVe9FGsNWfve9PjJ1Ow,UCYGVLELQNAkZph0C6_sLnLw,Undirected,3,3
UCF2INVe9FGsNWfve9PjJ1Ow,UCmSlt58ydJnsKRrA81CWiKw,Undirected,3,3
UCYGVLELQNAkZph0C6_sLnLw,UCmSlt58ydJnsKRrA81CWiKw,Undirected,3,3
UCsMzGs6Ig8W7uLeY2F91h4g,UCxzod11aqeU2H2cp7JQNB8A,Undirected,2,2
UCF3yjqc-HcchI9IfptJr9Yw,UChgPVLjqugDQpRLWvC7zzig,Undirected,10,10
UCF3yjqc-HcchI9IfptJr9Yw,UCnLguxZssRa2QqnqEuBg36w,Undirected,1,1
UChgPVLjqugDQpRLWvC7zzig,UCnLguxZssRa2QqnqEuBg36w,Undirected,1,1
UC-9jtC-fuSz0Qs08YCZVzeg,UCVZ1ISzd-ZyWqZzSfSei6Zg,Undirected,1,1
UC60w8W3VrDJ_nuocfeOwgsg,UCVZ1ISzd-ZyWqZzSfSei6Zg,Undirected,1,1
UC60w8W3VrDJ_nuocfeOwgsg,UCDe08Fs0s0YKJuk5h45csAQ,Undirected,1,1
UC9vBR94ua3sfGh5EudKcF-w,UCT15Whb1wFyd4g4qrQ_3s6Q,Undirected,1,1
UCT15Whb1wFyd4g4qrQ_3s6Q,UCVhT9rhCiLfksMCZkBWS6PA,Undirected,1,1
UCT15Whb1wFyd4g4qrQ_3s6Q,UCvfSrJPlMl1KxYQI_ZETdtw,Undirected,1,1
UCDnYX2jqzQXMST8Yo4NzQZQ,UCYYry2Bwe6SfJ-kqUfhQbfQ,Undirected,1,1
UCDnYX2jqzQXMST8Yo4NzQZQ,UCmgdsC5YUNml15FgkOU0q5g,Undirected,1,1
UCbKEKu3wkx_f97vKL_Og8pw,UCoSrY_IQQVpmIRZ9Xf-y93g,Undirected,1,1
UC9Qa0HJBW1C2pXPflbia_TA,UCbKEKu3wkx_f97vKL_Og8pw,Undirected,1,1
UCC5iSsR26AbL93Xh1aW2SGw,UCbKEKu3wkx_f97vKL_Og8pw,Undirected,1,1
UCUvBGZ8ybpDwCLH9y0vT3ww,UCYnehH2tHxmTRqjTiuzzA8w,Undirected,4,4
UCiSKnkKCKAQVxMUWpZQobuQ,UClFPqygSZ026JV5Az1el2rg,Undirected,2,2
UC2mP7il3YV7TxM_3m6U0bwA,UCFbtXFIaAJ0fOtgyeDs8Jog,Undirected,1,1
UC2mP7il3YV7TxM_3m6U0bwA,UC5qqBFOKTNAzIyE4g3SvuwQ,Undirected,1,1
UC2mP7il3YV7TxM_3m6U0bwA,UCd71KmJZ8mxKGCUDkdNqoWw,Undirected,1,1
UC2mP7il3YV7TxM_3m6U0bwA,UCp4csaOD64mSzPxbfuzJcuA,Undirected,1,1
UC2mP7il3YV7TxM_3m6U0bwA,UCsoIIWqR_2OAegsUTkY5E1g,Undirected,1,1
UC5qqBFOKTNAzIyE4g3SvuwQ,UCd71KmJZ8mxKGCUDkdNqoWw,Undirected,1,1
UC5qqBFOKTNAzIyE4g3SvuwQ,UCp4csaOD64mSzPxbfuzJcuA,Undirected,1,1
UC5qqBFOKTNAzIyE4g3SvuwQ,UCsoIIWqR_2OAegsUTkY5E1g,Undirected,1,1
UCd71KmJZ8mxKGCUDkdNqoWw,UCp4csaOD64mSzPxbfuzJcuA,Undirected,1,1
UCd71KmJZ8mxKGCUDkdNqoWw,UCsoIIWqR_2OAegsUTkY5E1g,Undirected,1,1
UCp4csaOD64mSzPxbfuzJcuA,UCsoIIWqR_2OAegsUTkY5E1g,Undirected,1,1
UCtVGMIBMaLuDHsDUqGwEpnA,UCvM9kVL4Xz-3xumOJ0Fvb3g,Undirected,9,9
UC5p_l5ZeB_wGjO_yDXwiqvw,UCtVGMIBMaLuDHsDUqGwEpnA,Undirected,1,1
UC94XlnLwRY7AP1GhbfbAcYQ,UCtVGMIBMaLuDHsDUqGwEpnA,Undirected,1,1
UC94XlnLwRY7AP1GhbfbAcYQ,UCvM9kVL4Xz-3xumOJ0Fvb3g,Undirected,1,1
UC9Q3suSdhaOYiGgN3L9BJwg,UCtVGMIBMaLuDHsDUqGwEpnA,Undirected,1,1
UC9Q3suSdhaOYiGgN3L9BJwg,UCvM9kVL4Xz-3xumOJ0Fvb3g,Undirected,1,1
UCX2yC3GtTHws4T-ydc-P5uQ,UCtVGMIBMaLuDHsDUqGwEpnA,Undirected,1,1
UCX2yC3GtTHws4T-ydc-P5uQ,UCvM9kVL4Xz-3xumOJ0Fvb3g,Undirected,1,1
UC9GwB9jYhLBt_kxo-2FXnzA,UCNpcQ002WElJqT9r--R-Xfg,Undirected,8,8
UC9GwB9jYhLBt_kxo-2FXnzA,UCSOlm_MlqVwymI4SSCxguuw,Undirected,8,8
UCNpcQ002WElJqT9r--R-Xfg,UCSOlm_MlqVwymI4SSCxguuw,Undirected,8,8
UC5UHdMOwhHWxY9AQraqve4A,UCozORfmIis5Jg6PYSu9eTiw,Undirected,1,1
UC4yb1fKSvCkKes6Kw41wRag,UCEbinpmUjQ6zlZqhG8uZ9iA,Undirected,1,1
UC5UHdMOwhHWxY9AQraqve4A,UCEbinpmUjQ6zlZqhG8uZ9iA,Undirected,1,1
UC5UHdMOwhHWxY9AQraqve4A,UCK7OXr0m5mnM1z9p7n_Bwfw,Undirected,1,1
UC5UHdMOwhHWxY9AQraqve4A,UCHwrVzNBkBB0_fh5rhwiOmg,Undirected,1,1
UC5UHdMOwhHWxY9AQraqve4A,UCLCdyRg3u5O-EVP5p46QxcQ,Undirected,1,1
UC-YX2k2H8VkekijQgn5Eq7Q,UC5UHdMOwhHWxY9AQraqve4A,Undirected,1,1
UC-YX2k2H8VkekijQgn5Eq7Q,UC_xcYqaPDdT_U3hldXw-Bug,Undirected,1,1
UC-YX2k2H8VkekijQgn5Eq7Q,UCdST1etqe7vuOTU7lPSF_jA,Undirected,1,1
UC-YX2k2H8VkekijQgn5Eq7Q,UCmmt_puWbvAAfhjpUtUyNjQ,Undirected,1,1
UC-YX2k2H8VkekijQgn5Eq7Q,UCseRTX4jbdBx5BXMNTfjh3g,Undirected,1,1
UC5UHdMOwhHWxY9AQraqve4A,UC_xcYqaPDdT_U3hldXw-Bug,Undirected,1,1
UC5UHdMOwhHWxY9AQraqve4A,UCdST1etqe7vuOTU7lPSF_jA,Undirected,1,1
UC5UHdMOwhHWxY9AQraqve4A,UCmmt_puWbvAAfhjpUtUyNjQ,Undirected,1,1
UC5UHdMOwhHWxY9AQraqve4A,UCseRTX4jbdBx5BXMNTfjh3g,Undirected,1,1
UC_xcYqaPDdT_U3hldXw-Bug,UCdST1etqe7vuOTU7lPSF_jA,Undirected,1,1
UC_xcYqaPDdT_U3hldXw-Bug,UCmmt_puWbvAAfhjpUtUyNjQ,Undirected,1,1
UC_xcYqaPDdT_U3hldXw-Bug,UCseRTX4jbdBx5BXMNTfjh3g,Undirected,1,1
UCdST1etqe7vuOTU7lPSF_jA,UCmmt_puWbvAAfhjpUtUyNjQ,Undirected,1,1
UCdST1etqe7vuOTU7lPSF_jA,UCseRTX4jbdBx5BXMNTfjh3g,Undirected,1,1
UCmmt_puWbvAAfhjpUtUyNjQ,UCseRTX4jbdBx5BXMNTfjh3g,Undirected,1,1
UCDhka7XkllGxop0_abgGfdA,UCMlVbAybqKFZMlJIY4-n47Q,Undirected,1,1
UCDhka7XkllGxop0_abgGfdA,UCUi2_zgw1I634-M7szT3PAw,Undirected,2,2
UCMlVbAybqKFZMlJIY4-n47Q,UCUi2_zgw1I634-M7szT3PAw,Undirected,1,1
UCDhka7XkllGxop0_abgGfdA,UCLCdyRg3u5O-EVP5p46QxcQ,Undirected,1,1
UCZZsaWwTN9e7HXubktfD9jQ,UCcEIg59v68mXkwmjrUovLWQ,Undirected,1,1
UC-Re3P-t9Kop1kLSLYBUHHg,UC5qat3kGDI0F4ItqwnJaNKQ,Undirected,1,1
UC-Re3P-t9Kop1kLSLYBUHHg,UCHnW8l8WtGz6LvLGR168ORg,Undirected,1,1
UC-Re3P-t9Kop1kLSLYBUHHg,UCcEIg59v68mXkwmjrUovLWQ,Undirected,2,2
UC5qat3kGDI0F4ItqwnJaNKQ,UCHnW8l8WtGz6LvLGR168ORg,Undirected,1,1
UC5qat3kGDI0F4ItqwnJaNKQ,UCcEIg59v68mXkwmjrUovLWQ,Undirected,1,1
UCHnW8l8WtGz6LvLGR168ORg,UCcEIg59v68mXkwmjrUovLWQ,Undirected,1,1
UC36LeaN8y3_vQJSh1JE8liA,UCcEIg59v68mXkwmjrUovLWQ,Undirected,2,2
UC36LeaN8y3_vQJSh1JE8liA,UC_foZnJeK8rP0C4ENG4fR1Q,Undirected,1,1
UC_foZnJeK8rP0C4ENG4fR1Q,UCcEIg59v68mXkwmjrUovLWQ,Undirected,1,1
UC_lmCnItO1EWczmn5HtwvuQ,UCcEIg59v68mXkwmjrUovLWQ,Undirected,1,1
UC7WbVbMJipNOSgW1Je-c9ZA,UCaAqNrRBRO4Le2j9veyZiLw,Undirected,1,1
UC7WbVbMJipNOSgW1Je-c9ZA,UCcEIg59v68mXkwmjrUovLWQ,Undirected,1,1
UC7WbVbMJipNOSgW1Je-c9ZA,UCt_9FSis3UCR_uN2DrWANkA,Undirected,1,1
UC7WbVbMJipNOSgW1Je-c9ZA,UCvf9lW8160rMO-gQEvKj5-g,Undirected,1,1
UCaAqNrRBRO4Le2j9veyZiLw,UCt_9FSis3UCR_uN2DrWANkA,Undirected,1,1
UCaAqNrRBRO4Le2j9veyZiLw,UCvf9lW8160rMO-gQEvKj5-g,Undirected,1,1
UCcEIg59v68mXkwmjrUovLWQ,UCt_9FSis3UCR_uN2DrWANkA,Undirected,1,1
UCcEIg59v68mXkwmjrUovLWQ,UCvf9lW8160rMO-gQEvKj5-g,Undirected,1,1
UCt_9FSis3UCR_uN2DrWANkA,UCvf9lW8160rMO-gQEvKj5-g,Undirected,1,1
UC-Re3P-t9Kop1kLSLYBUHHg,UCnYWMz65DdlgV1k2aoP2WQw,Undirected,1,1
UCcEIg59v68mXkwmjrUovLWQ,UCnYWMz65DdlgV1k2aoP2WQw,Undirected,1,1
UCIEVJfQDwjhiZlgWRn9HSpA,UCcEIg59v68mXkwmjrUovLWQ,Undirected,1,1
UCcEIg59v68mXkwmjrUovLWQ,UCzFJ9AvOU97eARE_sHGaNmQ,Undirected,1,1
UCY3aIDnrynqqlChK2HfMmMQ,UCcEIg59v68mXkwmjrUovLWQ,Undirected,1,1
UCY3aIDnrynqqlChK2HfMmMQ,UCn3W7pGYyzwMN52RdCDN0cA,Undirected,1,1
UCY3aIDnrynqqlChK2HfMmMQ,UCtvt20z_cr9QXyRF4sT8dHQ,Undirected,1,1
UCcEIg59v68mXkwmjrUovLWQ,UCn3W7pGYyzwMN52RdCDN0cA,Undirected,1,1
UCcEIg59v68mXkwmjrUovLWQ,UCtvt20z_cr9QXyRF4sT8dHQ,Undirected,1,1
UCn3W7pGYyzwMN52RdCDN0cA,UCtvt20z_cr9QXyRF4sT8dHQ,Undirected,1,1
UC3Vx3Zh7V7EG3PytRWuYXag,UCGouRKJdNZskJvrHZSV6hzA,Undirected,4,4
UC3Vx3Zh7V7EG3PytRWuYXag,UCNUl2ozi33XcCy3yqhVtUPQ,Undirected,10,10
UC3Vx3Zh7V7EG3PytRWuYXag,UCXHh9s6OJz_c7z9JZD0Rhvw,Undirected,1,1
UCGouRKJdNZskJvrHZSV6hzA,UCNUl2ozi33XcCy3yqhVtUPQ,Undirected,4,4
UCGouRKJdNZskJvrHZSV6hzA,UCXHh9s6OJz_c7z9JZD0Rhvw,Undirected,2,2
UCNUl2ozi33XcCy3yqhVtUPQ,UCXHh9s6OJz_c7z9JZD0Rhvw,Undirected,1,1
UC3Vx3Zh7V7EG3PytRWuYXag,UCe7uG6Hekxobsu_rdRval4Q,Undirected,1,1
UCNUl2ozi33XcCy3yqhVtUPQ,UCe7uG6Hekxobsu_rdRval4Q,Undirected,1,1
UC3Vx3Zh7V7EG3PytRWuYXag,UCYysJxvgOX4niSvUf2xLH9A,Undirected,3,3
UCNUl2ozi33XcCy3yqhVtUPQ,UCYysJxvgOX4niSvUf2xLH9A,Undirected,3,3
UC3Vx3Zh7V7EG3PytRWuYXag,UCxBxCs3FxgYY_VvMgr9Dx2w,Undirected,2,2
UCNUl2ozi33XcCy3yqhVtUPQ,UCxBxCs3FxgYY_VvMgr9Dx2w,Undirected,10,10
UCYysJxvgOX4niSvUf2xLH9A,UCxBxCs3FxgYY_VvMgr9Dx2w,Undirected,1,1
UC28nW7PGgNxf7ez7z31kv9A,UC3Vx3Zh7V7EG3PytRWuYXag,Undirected,1,1
UC28nW7PGgNxf7ez7z31kv9A,UCNUl2ozi33XcCy3yqhVtUPQ,Undirected,1,1
UC28nW7PGgNxf7ez7z31kv9A,UCYysJxvgOX4niSvUf2xLH9A,Undirected,1,1
UC3Vx3Zh7V7EG3PytRWuYXag,UCRxYLU8m_qPzQOiRSoxfjHQ,Undirected,3,3
UCNUl2ozi33XcCy3yqhVtUPQ,UCRxYLU8m_qPzQOiRSoxfjHQ,Undirected,2,2
UCGouRKJdNZskJvrHZSV6hzA,UCXQuTtJ70B_mVqlYJNoyNxQ,Undirected,1,1
UCNUl2ozi33XcCy3yqhVtUPQ,UCXQuTtJ70B_mVqlYJNoyNxQ,Undirected,1,1
UC3Vx3Zh7V7EG3PytRWuYXag,UCLdY2s5vi4UHPMc5oOkmuaw,Undirected,1,1
UC3Vx3Zh7V7EG3PytRWuYXag,UCeH-EMXgtSKd7MLQ1vmWkKQ,Undirected,1,1
UCLdY2s5vi4UHPMc5oOkmuaw,UCNUl2ozi33XcCy3yqhVtUPQ,Undirected,1,1
UCLdY2s5vi4UHPMc5oOkmuaw,UCRxYLU8m_qPzQOiRSoxfjHQ,Undirected,1,1
UCLdY2s5vi4UHPMc5oOkmuaw,UCeH-EMXgtSKd7MLQ1vmWkKQ,Undirected,1,1
UCNUl2ozi33XcCy3yqhVtUPQ,UCeH-EMXgtSKd7MLQ1vmWkKQ,Undirected,1,1
UCRxYLU8m_qPzQOiRSoxfjHQ,UCeH-EMXgtSKd7MLQ1vmWkKQ,Undirected,1,1
UC3Vx3Zh7V7EG3PytRWuYXag,UCJ-B8tnJLgnxv7cEPKew9pw,Undirected,1,1
UC3Vx3Zh7V7EG3PytRWuYXag,UCtxgFCLg2E8b3l_wP6HMXKQ,Undirected,1,1
UCGouRKJdNZskJvrHZSV6hzA,UCJ-B8tnJLgnxv7cEPKew9pw,Undirected,1,1
UCGouRKJdNZskJvrHZSV6hzA,UCtxgFCLg2E8b3l_wP6HMXKQ,Undirected,1,1
UCJ-B8tnJLgnxv7cEPKew9pw,UCNUl2ozi33XcCy3yqhVtUPQ,Undirected,1,1
UCJ-B8tnJLgnxv7cEPKew9pw,UCtxgFCLg2E8b3l_wP6HMXKQ,Undirected,1,1
UCNUl2ozi33XcCy3yqhVtUPQ,UCtxgFCLg2E8b3l_wP6HMXKQ,Undirected,1,1
UCDJbJhZuEFF8X-npl1tPUrQ,UCKffbsBoqqgAhyJbnkFuGHg,Undirected,1,1
UCDJbJhZuEFF8X-npl1tPUrQ,UCchZCZ0pJKMGbNBvD9Gl5vw,Undirected,1,1
UCKffbsBoqqgAhyJbnkFuGHg,UCchZCZ0pJKMGbNBvD9Gl5vw,Undirected,1,1
UCCZ_iU8loe5ds25r4iHsrgQ,UCFbfFv3bjWctmO2IQoHLiHg,Undirected,1,1
UCCZ_iU8loe5ds25r4iHsrgQ,UCshAqaVdjzHdcBdLJXiuWFA,Undirected,1,1
UCFbfFv3bjWctmO2IQoHLiHg,UCKffbsBoqqgAhyJbnkFuGHg,Undirected,1,1
UCFbfFv3bjWctmO2IQoHLiHg,UCQKBhMmTXoZW5NSUNKIR3bg,Undirected,1,1
UCFbfFv3bjWctmO2IQoHLiHg,UCshAqaVdjzHdcBdLJXiuWFA,Undirected,1,1
UCKffbsBoqqgAhyJbnkFuGHg,UCshAqaVdjzHdcBdLJXiuWFA,Undirected,1,1
UCQKBhMmTXoZW5NSUNKIR3bg,UCshAqaVdjzHdcBdLJXiuWFA,Undirected,1,1
UCCZ_iU8loe5ds25r4iHsrgQ,UCkCsd5HkmqYZEMm6VmBd-Yg,Undirected,1,1
UCKffbsBoqqgAhyJbnkFuGHg,UCkCsd5HkmqYZEMm6VmBd-Yg,Undirected,1,1
UCQKBhMmTXoZW5NSUNKIR3bg,UCkCsd5HkmqYZEMm6VmBd-Yg,Undirected,1,1
UC2MnRdUULf1M3rtYwKA-Rog,UC_Tcm94cJjq6JwpUdB_N4lA,Undirected,2,2
UCTfWm3pwShl_KQ7-63Qcbng,UC_Tcm94cJjq6JwpUdB_N4lA,Undirected,6,6
UC2MnRdUULf1M3rtYwKA-Rog,UCC1YQfh-e-NLaiLEEU0O2mw,Undirected,1,1
UCC1YQfh-e-NLaiLEEU0O2mw,UC_Tcm94cJjq6JwpUdB_N4lA,Undirected,1,1
UCK5W6pW3lqmdrQSOzqE-QBA,UCTfWm3pwShl_KQ7-63Qcbng,Undirected,1,1
UCK5W6pW3lqmdrQSOzqE-QBA,UC_Tcm94cJjq6JwpUdB_N4lA,Undirected,1,1
UCTfWm3pwShl_KQ7-63Qcbng,UCUh2wU2tzWCJM6_pciXH3VQ,Undirected,2,2
UCUh2wU2tzWCJM6_pciXH3VQ,UC_Tcm94cJjq6JwpUdB_N4lA,Undirected,2,2
UCaAqNrRBRO4Le2j9veyZiLw,UCg7qoKyPByllqELez2p6iRg,Undirected,2,2
UC11R_RIx7WyJiDH9a7RfwjQ,UCFFPboHPFYN0V9-sDrl_j0w,Undirected,1,1
UC11R_RIx7WyJiDH9a7RfwjQ,UCRvvX-wdrjrjYnraqPzjpLw,Undirected,1,1
UC11R_RIx7WyJiDH9a7RfwjQ,UCa8Eg040AJe-FnQE8qsxg4A,Undirected,1,1
UC11R_RIx7WyJiDH9a7RfwjQ,UCaAqNrRBRO4Le2j9veyZiLw,Undirected,3,3
UC11R_RIx7WyJiDH9a7RfwjQ,UCg7qoKyPByllqELez2p6iRg,Undirected,1,1
UCFFPboHPFYN0V9-sDrl_j0w,UCRvvX-wdrjrjYnraqPzjpLw,Undirected,1,1
UCFFPboHPFYN0V9-sDrl_j0w,UCa8Eg040AJe-FnQE8qsxg4A,Undirected,1,1
UCFFPboHPFYN0V9-sDrl_j0w,UCaAqNrRBRO4Le2j9veyZiLw,Undirected,1,1
UCFFPboHPFYN0V9-sDrl_j0w,UCg7qoKyPByllqELez2p6iRg,Undirected,1,1
UCRvvX-wdrjrjYnraqPzjpLw,UCa8Eg040AJe-FnQE8qsxg4A,Undirected,1,1
UCRvvX-wdrjrjYnraqPzjpLw,UCaAqNrRBRO4Le2j9veyZiLw,Undirected,1,1
UCRvvX-wdrjrjYnraqPzjpLw,UCg7qoKyPByllqELez2p6iRg,Undirected,1,1
UCa8Eg040AJe-FnQE8qsxg4A,UCaAqNrRBRO4Le2j9veyZiLw,Undirected,1,1
UCa8Eg040AJe-FnQE8qsxg4A,UCg7qoKyPByllqELez2p6iRg,Undirected,1,1
UC11R_RIx7WyJiDH9a7RfwjQ,UCDho0k4J3qvekjkqL4sepfQ,Undirected,1,1
UCDho0k4J3qvekjkqL4sepfQ,UCaAqNrRBRO4Le2j9veyZiLw,Undirected,1,1
UCaAqNrRBRO4Le2j9veyZiLw,UCcp1BdbmWa9xEXujKtgQ-VQ,Undirected,1,1
UC4W3ZoL6CUKLQ67mtKD3F7w,UCKPOgWKSWekmuBNiRWrNbqw,Undirected,1,1
UC4W3ZoL6CUKLQ67mtKD3F7w,UCaAqNrRBRO4Le2j9veyZiLw,Undirected,1,1
UCKPOgWKSWekmuBNiRWrNbqw,UCaAqNrRBRO4Le2j9veyZiLw,Undirected,1,1
UC11R_RIx7WyJiDH9a7RfwjQ,UC__G3Sqykc2ONvaa3B175sQ,Undirected,1,1
UC11R_RIx7WyJiDH9a7RfwjQ,UCn_FAXem2-e3HQvmK-mOH4g,Undirected,1,1
UC__G3Sqykc2ONvaa3B175sQ,UCaAqNrRBRO4Le2j9veyZiLw,Undirected,1,1
UC__G3Sqykc2ONvaa3B175sQ,UCn_FAXem2-e3HQvmK-mOH4g,Undirected,1,1
UCaAqNrRBRO4Le2j9veyZiLw,UCn_FAXem2-e3HQvmK-mOH4g,Undirected,1,1
UC2PeMPA8PAOp-bynLoCeMLA,UCaAqNrRBRO4Le2j9veyZiLw,Undirected,1,1
UCIFgOdb3qF5RUHwORP_XFgA,UCJ1t1GZGEnE0Okiww_jtX3Q,Undirected,1,1
UCIFgOdb3qF5RUHwORP_XFgA,UCaAqNrRBRO4Le2j9veyZiLw,Undirected,2,2
UCJ1t1GZGEnE0Okiww_jtX3Q,UCaAqNrRBRO4Le2j9veyZiLw,Undirected,1,1
UCEcsDOzFZg7DughFiIeYBiQ,UCIFgOdb3qF5RUHwORP_XFgA,Undirected,1,1
UCEcsDOzFZg7DughFiIeYBiQ,UCaAqNrRBRO4Le2j9veyZiLw,Undirected,1,1
UCEcsDOzFZg7DughFiIeYBiQ,UCv4c5_S6aj0SQWOOep9fd4A,Undirected,1,1
UCIFgOdb3qF5RUHwORP_XFgA,UCv4c5_S6aj0SQWOOep9fd4A,Undirected,1,1
UCaAqNrRBRO4Le2j9veyZiLw,UCv4c5_S6aj0SQWOOep9fd4A,Undirected,1,1
UCPhs80aI8yQNsyXuYBU2D5A,UCdZRs1GmZt5W5OSeS4QHtXQ,Undirected,1,1
UCEcsDOzFZg7DughFiIeYBiQ,UCk8Wshx-TprYdmwrZKMbnhg,Undirected,2,2
UCEcsDOzFZg7DughFiIeYBiQ,UCGHk0M08emaMsHM86DIr9Pw,Undirected,4,4
UCEcsDOzFZg7DughFiIeYBiQ,UCNEUlyqtI54P3EI0q8BWeSA,Undirected,1,1
UCGHk0M08emaMsHM86DIr9Pw,UCNEUlyqtI54P3EI0q8BWeSA,Undirected,1,1
UCEcsDOzFZg7DughFiIeYBiQ,UCsQ0U37tbVccAEFLRneGWuw,Undirected,1,1
UC-UCkx1U8UhjGWqIqakkaLg,UCg7qoKyPByllqELez2p6iRg,Undirected,3,3
UC-UCkx1U8UhjGWqIqakkaLg,UCkM6uxu-96tYDAI4fSOGGlw,Undirected,1,1
UC-UCkx1U8UhjGWqIqakkaLg,UCsaydbsAGFFJFSd-nf4sHYA,Undirected,4,4
UCg7qoKyPByllqELez2p6iRg,UCkM6uxu-96tYDAI4fSOGGlw,Undirected,3,3
UCg7qoKyPByllqELez2p6iRg,UCsaydbsAGFFJFSd-nf4sHYA,Undirected,2,2
UCkM6uxu-96tYDAI4fSOGGlw,UCsaydbsAGFFJFSd-nf4sHYA,Undirected,1,1
UC-UCkx1U8UhjGWqIqakkaLg,UCCZ_iU8loe5ds25r4iHsrgQ,Undirected,1,1
UCCZ_iU8loe5ds25r4iHsrgQ,UCg7qoKyPByllqELez2p6iRg,Undirected,1,1
UCCZ_iU8loe5ds25r4iHsrgQ,UCsaydbsAGFFJFSd-nf4sHYA,Undirected,1,1
UCZEFZczf7LLpuoA8M39-h1A,UCg7qoKyPByllqELez2p6iRg,Undirected,2,2
UC8XHIJsa7AniFUsNQCpG06g,UCJjnv5e_HZcH0GJnh8l7yxQ,Undirected,1,1
UC8XHIJsa7AniFUsNQCpG06g,UCNUl2ozi33XcCy3yqhVtUPQ,Undirected,3,3
UC8XHIJsa7AniFUsNQCpG06g,UCsHkOlyMrHPwH7kR8BLQBcg,Undirected,3,3
UC8XHIJsa7AniFUsNQCpG06g,UCxBxCs3FxgYY_VvMgr9Dx2w,Undirected,3,3
UCJjnv5e_HZcH0GJnh8l7yxQ,UCNUl2ozi33XcCy3yqhVtUPQ,Undirected,3,3
UCJjnv5e_HZcH0GJnh8l7yxQ,UCsHkOlyMrHPwH7kR8BLQBcg,Undirected,3,3
UCJjnv5e_HZcH0GJnh8l7yxQ,UCxBxCs3FxgYY_VvMgr9Dx2w,Undirected,2,2
UCNUl2ozi33XcCy3yqhVtUPQ,UCsHkOlyMrHPwH7kR8BLQBcg,Undirected,9,9
UCsHkOlyMrHPwH7kR8BLQBcg,UCxBxCs3FxgYY_VvMgr9Dx2w,Undirected,8,8
UC8XHIJsa7AniFUsNQCpG06g,UCBc6A7dAHUH3evSpUFz98SQ,Undirected,1,1
UCBc6A7dAHUH3evSpUFz98SQ,UCNUl2ozi33XcCy3yqhVtUPQ,Undirected,1,1
UCBc6A7dAHUH3evSpUFz98SQ,UCsHkOlyMrHPwH7kR8BLQBcg,Undirected,1,1
UCBc6A7dAHUH3evSpUFz98SQ,UCxBxCs3FxgYY_VvMgr9Dx2w,Undirected,1,1
UC8XHIJsa7AniFUsNQCpG06g,UCSn8htYYDE2Ho0gRuiHO5Lw,Undirected,1,1
UCNUl2ozi33XcCy3yqhVtUPQ,UCSn8htYYDE2Ho0gRuiHO5Lw,Undirected,1,1
UCSn8htYYDE2Ho0gRuiHO5Lw,UCsHkOlyMrHPwH7kR8BLQBcg,Undirected,1,1
UCSn8htYYDE2Ho0gRuiHO5Lw,UCxBxCs3FxgYY_VvMgr9Dx2w,Undirected,1,1
UCNUl2ozi33XcCy3yqhVtUPQ,UCeVz3UbO2fshiRCw5TQvT_w,Undirected,1,1
UCeVz3UbO2fshiRCw5TQvT_w,UCsHkOlyMrHPwH7kR8BLQBcg,Undirected,1,1
UCeVz3UbO2fshiRCw5TQvT_w,UCxBxCs3FxgYY_VvMgr9Dx2w,Undirected,1,1
UCFyCavx0R3yI01XGSA058Sg,UCJjnv5e_HZcH0GJnh8l7yxQ,Undirected,1,1
UCFyCavx0R3yI01XGSA058Sg,UCNUl2ozi33XcCy3yqhVtUPQ,Undirected,1,1
UCFyCavx0R3yI01XGSA058Sg,UCsHkOlyMrHPwH7kR8BLQBcg,Undirected,1,1
UCFyCavx0R3yI01XGSA058Sg,UCxBxCs3FxgYY_VvMgr9Dx2w,Undirected,1,1
UCE-rP-7YMlQWF8auV0q-X0Q,UCNUl2ozi33XcCy3yqhVtUPQ,Undirected,1,1
UCE-rP-7YMlQWF8auV0q-X0Q,UCsHkOlyMrHPwH7kR8BLQBcg,Undirected,1,1
UCE-rP-7YMlQWF8auV0q-X0Q,UCxBxCs3FxgYY_VvMgr9Dx2w,Undirected,1,1
UCNUl2ozi33XcCy3yqhVtUPQ,UCWJBIkoUPrBnlFsu4RsuplA,Undirected,1,1
UCWJBIkoUPrBnlFsu4RsuplA,UCsHkOlyMrHPwH7kR8BLQBcg,Undirected,1,1
UCWJBIkoUPrBnlFsu4RsuplA,UCxBxCs3FxgYY_VvMgr9Dx2w,Undirected,1,1
UC5INZrdy_4DrwWrEiohH9Ag,UCzZCT-7IkupbxpLn9BcjwXA,Undirected,1,1
UC5T0wZumYm7feZl445azfog,UCzZCT-7IkupbxpLn9BcjwXA,Undirected,1,1
UCxBxCs3FxgYY_VvMgr9Dx2w,UCzZCT-7IkupbxpLn9BcjwXA,Undirected,5,5
UCfX0_F6eJDrhqixU435mZlg,UCzZCT-7IkupbxpLn9BcjwXA,Undirected,1,1
UC3Vx3Zh7V7EG3PytRWuYXag,UCzZCT-7IkupbxpLn9BcjwXA,Undirected,1,1
UCNajLBD8Z98l_JEN4XnE4zg,UCcEIg59v68mXkwmjrUovLWQ,Undirected,1,1
UCNajLBD8Z98l_JEN4XnE4zg,UCxBxCs3FxgYY_VvMgr9Dx2w,Undirected,1,1
UCNajLBD8Z98l_JEN4XnE4zg,UCzZCT-7IkupbxpLn9BcjwXA,Undirected,1,1
UCcEIg59v68mXkwmjrUovLWQ,UCxBxCs3FxgYY_VvMgr9Dx2w,Undirected,2,2
UCcEIg59v68mXkwmjrUovLWQ,UCzZCT-7IkupbxpLn9BcjwXA,Undirected,2,2
UCCZ_iU8loe5ds25r4iHsrgQ,UCLbCduuw9doyXwdQIyOJCiQ,Undirected,1,1
UCCZ_iU8loe5ds25r4iHsrgQ,UCRNa0iUrtiJXlzM8ySdwasg,Undirected,1,1
UCCZ_iU8loe5ds25r4iHsrgQ,UCzZCT-7IkupbxpLn9BcjwXA,Undirected,1,1
UCLbCduuw9doyXwdQIyOJCiQ,UCRNa0iUrtiJXlzM8ySdwasg,Undirected,1,1
UCLbCduuw9doyXwdQIyOJCiQ,UCcEIg59v68mXkwmjrUovLWQ,Undirected,1,1
UCLbCduuw9doyXwdQIyOJCiQ,UCxBxCs3FxgYY_VvMgr9Dx2w,Undirected,1,1
UCLbCduuw9doyXwdQIyOJCiQ,UCzZCT-7IkupbxpLn9BcjwXA,Undirected,1,1
UCRNa0iUrtiJXlzM8ySdwasg,UCcEIg59v68mXkwmjrUovLWQ,Undirected,1,1
UCRNa0iUrtiJXlzM8ySdwasg,UCxBxCs3FxgYY_VvMgr9Dx2w,Undirected,1,1
UCRNa0iUrtiJXlzM8ySdwasg,UCzZCT-7IkupbxpLn9BcjwXA,Undirected,1,1
UC28nW7PGgNxf7ez7z31kv9A,UCHZUXF7WclTrpteIu2yA9Kg,Undirected,1,1
UC11R_RIx7WyJiDH9a7RfwjQ,UC28nW7PGgNxf7ez7z31kv9A,Undirected,1,1
UC28nW7PGgNxf7ez7z31kv9A,UCVz-NJ8lHEYmHgqPgTnBzOQ,Undirected,1,1
UC28nW7PGgNxf7ez7z31kv9A,UCDjcAKycFV0I_qXiWkGhIRg,Undirected,1,1
UC28nW7PGgNxf7ez7z31kv9A,UCYE0mCiufhuGXcPc2uCaaOA,Undirected,4,4
UC28nW7PGgNxf7ez7z31kv9A,UCnDpPoH39FnN65iafaAD5sA,Undirected,3,3
UCYE0mCiufhuGXcPc2uCaaOA,UCnDpPoH39FnN65iafaAD5sA,Undirected,3,3
UCUwjG7gsEOqnAYx2aQS7SLQ,UCxBxCs3FxgYY_VvMgr9Dx2w,Undirected,3,3
UC-Re3P-t9Kop1kLSLYBUHHg,UC0et5s8nWk6GHGaO4nmFERg,Undirected,1,1
UC-Re3P-t9Kop1kLSLYBUHHg,UC6MTdx-4PXuI-J12AD3mAoQ,Undirected,1,1
UC-Re3P-t9Kop1kLSLYBUHHg,UCZqIGiid88QXivL_1dSZ6Uw,Undirected,1,1
UC-Re3P-t9Kop1kLSLYBUHHg,UCkTAXJkY4YEd5IfpiTaKuDw,Undirected,1,1
UC0et5s8nWk6GHGaO4nmFERg,UC6MTdx-4PXuI-J12AD3mAoQ,Undirected,1,1
UC0et5s8nWk6GHGaO4nmFERg,UCZqIGiid88QXivL_1dSZ6Uw,Undirected,1,1
UC0et5s8nWk6GHGaO4nmFERg,UCkTAXJkY4YEd5IfpiTaKuDw,Undirected,1,1
UC6MTdx-4PXuI-J12AD3mAoQ,UCZqIGiid88QXivL_1dSZ6Uw,Undirected,1,1
UC6MTdx-4PXuI-J12AD3mAoQ,UCkTAXJkY4YEd5IfpiTaKuDw,Undirected,1,1
UCZqIGiid88QXivL_1dSZ6Uw,UCkTAXJkY4YEd5IfpiTaKuDw,Undirected,1,1
UC-Re3P-t9Kop1kLSLYBUHHg,UC9bgfkRL2xK7YWfjKxgv-_Q,Undirected,1,1
UC-Re3P-t9Kop1kLSLYBUHHg,UCMIxhzGAt-mA0uaHnajnXTw,Undirected,1,1
UC9bgfkRL2xK7YWfjKxgv-_Q,UCMIxhzGAt-mA0uaHnajnXTw,Undirected,1,1
UC-UCkx1U8UhjGWqIqakkaLg,UCVz-NJ8lHEYmHgqPgTnBzOQ,Undirected,1,1
UCVz-NJ8lHEYmHgqPgTnBzOQ,UCsaydbsAGFFJFSd-nf4sHYA,Undirected,1,1
UC-UCkx1U8UhjGWqIqakkaLg,UCcp1BdbmWa9xEXujKtgQ-VQ,Undirected,1,1
UC-UCkx1U8UhjGWqIqakkaLg,UCmJyHis1vKOakMV4fM4QWFQ,Undirected,1,1
UCGvtln8uec0veqSIeCYdWeQ,UCnDpPoH39FnN65iafaAD5sA,Undirected,2,2
UC0sA0pDYvbCwhtT6wSYxb1A,UCd4MotTJ0FxCQhNgqFVpEOQ,Undirected,1,1
UC0sA0pDYvbCwhtT6wSYxb1A,UCnDpPoH39FnN65iafaAD5sA,Undirected,1,1
UC0sA0pDYvbCwhtT6wSYxb1A,UCxjNU0AJNHsGWnlcoc8yCUQ,Undirected,1,1
UCd4MotTJ0FxCQhNgqFVpEOQ,UCnDpPoH39FnN65iafaAD5sA,Undirected,3,3
UCd4MotTJ0FxCQhNgqFVpEOQ,UCxjNU0AJNHsGWnlcoc8yCUQ,Undirected,1,1
UCnDpPoH39FnN65iafaAD5sA,UCxjNU0AJNHsGWnlcoc8yCUQ,Undirected,1,1
UCXHh9s6OJz_c7z9JZD0Rhvw,UC_D1e4GqdDXLR95laOZOAKA,Undirected,1,1
UCXHh9s6OJz_c7z9JZD0Rhvw,UCnDpPoH39FnN65iafaAD5sA,Undirected,1,1
UC_D1e4GqdDXLR95laOZOAKA,UCnDpPoH39FnN65iafaAD5sA,Undirected,2,2
UCZaE6un_-u2d_e5QODCH_rg,UCbdu85u5khdRaaOb5ufUAHg,Undirected,1,1
UCZaE6un_-u2d_e5QODCH_rg,UCnDpPoH39FnN65iafaAD5sA,Undirected,1,1
UCbdu85u5khdRaaOb5ufUAHg,UCnDpPoH39FnN65iafaAD5sA,Undirected,3,3
UCbdu85u5khdRaaOb5ufUAHg,UCd4MotTJ0FxCQhNgqFVpEOQ,Undirected,1,1
UC92Z23d7Ih55RSlPZ0wCKcw,UCMevyfDLzb_7sNoseXor6wQ,Undirected,1,1
UC92Z23d7Ih55RSlPZ0wCKcw,UCkqhSJuZLdsUTYWNWuuIQKA,Undirected,1,1
UC92Z23d7Ih55RSlPZ0wCKcw,UCnDpPoH39FnN65iafaAD5sA,Undirected,1,1
UCMevyfDLzb_7sNoseXor6wQ,UCkqhSJuZLdsUTYWNWuuIQKA,Undirected,1,1
UCMevyfDLzb_7sNoseXor6wQ,UCnDpPoH39FnN65iafaAD5sA,Undirected,1,1
UCkqhSJuZLdsUTYWNWuuIQKA,UCnDpPoH39FnN65iafaAD5sA,Undirected,1,1
UC87bvudGUQ12Jeage8VIsig,UCGvtln8uec0veqSIeCYdWeQ,Undirected,1,1
UC87bvudGUQ12Jeage8VIsig,UCbdu85u5khdRaaOb5ufUAHg,Undirected,1,1
UC87bvudGUQ12Jeage8VIsig,UCnDpPoH39FnN65iafaAD5sA,Undirected,1,1
UCGvtln8uec0veqSIeCYdWeQ,UCbdu85u5khdRaaOb5ufUAHg,Undirected,1,1
UC_D1e4GqdDXLR95laOZOAKA,UCd4MotTJ0FxCQhNgqFVpEOQ,Undirected,1,1
UCArODNtnweyZ98EjOXbAtkQ,UCD3YMEecKKP_X7p243xeJqw,Undirected,1,1
UCArODNtnweyZ98EjOXbAtkQ,UCnDpPoH39FnN65iafaAD5sA,Undirected,1,1
UCD3YMEecKKP_X7p243xeJqw,UCnDpPoH39FnN65iafaAD5sA,Undirected,1,1
UC4y4phAbRO2caciPozRpzHQ,UCCS-KM4AQYjQ6R8OPHuwpoQ,Undirected,1,1
UCCS-KM4AQYjQ6R8OPHuwpoQ,UCGvtln8uec0veqSIeCYdWeQ,Undirected,1,1
UC2kJPmcu2_vsqlERch3dAuQ,UCCS-KM4AQYjQ6R8OPHuwpoQ,Undirected,1,1
UC2kJPmcu2_vsqlERch3dAuQ,UCSUqqppQgHhjP7X3jLjbQIg,Undirected,1,1
UC2kJPmcu2_vsqlERch3dAuQ,UCZQgWENorBkfloYfvrAex3w,Undirected,1,1
UC2kJPmcu2_vsqlERch3dAuQ,UCyKlA1LfDSedJ09FDPUWwjA,Undirected,1,1
UCCS-KM4AQYjQ6R8OPHuwpoQ,UCSUqqppQgHhjP7X3jLjbQIg,Undirected,1,1
UCCS-KM4AQYjQ6R8OPHuwpoQ,UCZQgWENorBkfloYfvrAex3w,Undirected,1,1
UCCS-KM4AQYjQ6R8OPHuwpoQ,UCyKlA1LfDSedJ09FDPUWwjA,Undirected,3,3
UCSUqqppQgHhjP7X3jLjbQIg,UCZQgWENorBkfloYfvrAex3w,Undirected,1,1
UCSUqqppQgHhjP7X3jLjbQIg,UCyKlA1LfDSedJ09FDPUWwjA,Undirected,1,1
UCZQgWENorBkfloYfvrAex3w,UCyKlA1LfDSedJ09FDPUWwjA,Undirected,1,1
UCCS-KM4AQYjQ6R8OPHuwpoQ,UCcEIg59v68mXkwmjrUovLWQ,Undirected,1,1
UC1gzqiEweBsViqaKZPPy78Q,UCCS-KM4AQYjQ6R8OPHuwpoQ,Undirected,2,2
UC1gzqiEweBsViqaKZPPy78Q,UCRT9-BHynoMJor7zY-LAvXQ,Undirected,1,1
UCCS-KM4AQYjQ6R8OPHuwpoQ,UCRT9-BHynoMJor7zY-LAvXQ,Undirected,1,1
UC1gzqiEweBsViqaKZPPy78Q,UCQiruXY-UZf3gBpJiQHSfKA,Undirected,1,1
UC1gzqiEweBsViqaKZPPy78Q,UCRxYLU8m_qPzQOiRSoxfjHQ,Undirected,1,1
UC1gzqiEweBsViqaKZPPy78Q,UCULtxQbWvE9K5UczYWvXcKQ,Undirected,1,1
UCCS-KM4AQYjQ6R8OPHuwpoQ,UCQiruXY-UZf3gBpJiQHSfKA,Undirected,1,1
UCCS-KM4AQYjQ6R8OPHuwpoQ,UCRxYLU8m_qPzQOiRSoxfjHQ,Undirected,2,2
UCCS-KM4AQYjQ6R8OPHuwpoQ,UCULtxQbWvE9K5UczYWvXcKQ,Undirected,1,1
UCQiruXY-UZf3gBpJiQHSfKA,UCRxYLU8m_qPzQOiRSoxfjHQ,Undirected,1,1
UCQiruXY-UZf3gBpJiQHSfKA,UCULtxQbWvE9K5UczYWvXcKQ,Undirected,1,1
UCRxYLU8m_qPzQOiRSoxfjHQ,UCULtxQbWvE9K5UczYWvXcKQ,Undirected,1,1
UCCS-KM4AQYjQ6R8OPHuwpoQ,UCIg-xT74b-MwmaOEttRZcww,Undirected,1,1
UCCS-KM4AQYjQ6R8OPHuwpoQ,UCs0wfKPN8M7rmb2U_oDf-Pw,Undirected,1,1
UCIg-xT74b-MwmaOEttRZcww,UCs0wfKPN8M7rmb2U_oDf-Pw,Undirected,1,1
UCIg-xT74b-MwmaOEttRZcww,UCyKlA1LfDSedJ09FDPUWwjA,Undirected,1,1
UCs0wfKPN8M7rmb2U_oDf-Pw,UCyKlA1LfDSedJ09FDPUWwjA,Undirected,1,1
UC-Re3P-t9Kop1kLSLYBUHHg,UCCS-KM4AQYjQ6R8OPHuwpoQ,Undirected,2,2
UC-Re3P-t9Kop1kLSLYBUHHg,UCRxYLU8m_qPzQOiRSoxfjHQ,Undirected,1,1
UC-Re3P-t9Kop1kLSLYBUHHg,UCg7qoKyPByllqELez2p6iRg,Undirected,2,2
UCCS-KM4AQYjQ6R8OPHuwpoQ,UCg7qoKyPByllqELez2p6iRg,Undirected,2,2
UCRxYLU8m_qPzQOiRSoxfjHQ,UCg7qoKyPByllqELez2p6iRg,Undirected,1,1
UC-Re3P-t9Kop1kLSLYBUHHg,UC-UCkx1U8UhjGWqIqakkaLg,Undirected,1,1
UC-Re3P-t9Kop1kLSLYBUHHg,UC5T0wZumYm7feZl445azfog,Undirected,1,1
UC-Re3P-t9Kop1kLSLYBUHHg,UCyKlA1LfDSedJ09FDPUWwjA,Undirected,1,1
UC-UCkx1U8UhjGWqIqakkaLg,UC5T0wZumYm7feZl445azfog,Undirected,1,1
UC-UCkx1U8UhjGWqIqakkaLg,UCyKlA1LfDSedJ09FDPUWwjA,Undirected,1,1
UC5T0wZumYm7feZl445azfog,UCCS-KM4AQYjQ6R8OPHuwpoQ,Undirected,1,1
UC5T0wZumYm7feZl445azfog,UCg7qoKyPByllqELez2p6iRg,Undirected,1,1
UC5T0wZumYm7feZl445azfog,UCyKlA1LfDSedJ09FDPUWwjA,Undirected,1,1
UCg7qoKyPByllqELez2p6iRg,UCyKlA1LfDSedJ09FDPUWwjA,Undirected,1,1
UC1Lh229MDUqKjU_mqY1vfQw,UCCS-KM4AQYjQ6R8OPHuwpoQ,Undirected,1,1
UC1Lh229MDUqKjU_mqY1vfQw,UCW9If-gqh632-0WfQ74tdsg,Undirected,1,1
UCCS-KM4AQYjQ6R8OPHuwpoQ,UCW9If-gqh632-0WfQ74tdsg,Undirected,1,1
UC8h6_iA5lhinUut3YJ1kM2A,UCSER5_zyq791bAiPQXxjEcQ,Undirected,2,2
UC_zHTrjvfa7xifSqneAL31Q,UCaaDqZMsxiJt9bUQKGqD2kA,Undirected,2,2
UCGYhSRkssfQRwgzkvD97qNg,UC_zHTrjvfa7xifSqneAL31Q,Undirected,1,1
UCXQuTtJ70B_mVqlYJNoyNxQ,UC_zHTrjvfa7xifSqneAL31Q,Undirected,1,1
UCT8iW11Pk6HLELCH_mcaQNA,UC_zHTrjvfa7xifSqneAL31Q,Undirected,9,9
UC2F9dBMHGPOTy80Yl6D_n2Q,UC_zHTrjvfa7xifSqneAL31Q,Undirected,1,1
UCTODYF5-i-ndt9QdUWwzsjQ,UCiNpplNKUqdY82UjYNTYWlw,Undirected,3,3
UCTODYF5-i-ndt9QdUWwzsjQ,UCm8Dj7dQ0oRHXNUXF31kjEw,Undirected,1,1
UCiNpplNKUqdY82UjYNTYWlw,UCm8Dj7dQ0oRHXNUXF31kjEw,Undirected,1,1
UCPrK4BIeiZPadVtEggzejYQ,UCTODYF5-i-ndt9QdUWwzsjQ,Undirected,1,1
UCTODYF5-i-ndt9QdUWwzsjQ,UCvpredjG93ifbCP1Y77JyFA,Undirected,1,1
UC2IJ8gsFcVHgr67fB-RfmHw,UCTODYF5-i-ndt9QdUWwzsjQ,Undirected,1,1
UC2IJ8gsFcVHgr67fB-RfmHw,UCVz-NJ8lHEYmHgqPgTnBzOQ,Undirected,1,1
UC2IJ8gsFcVHgr67fB-RfmHw,UChgPVLjqugDQpRLWvC7zzig,Undirected,1,1
UCTODYF5-i-ndt9QdUWwzsjQ,UCVz-NJ8lHEYmHgqPgTnBzOQ,Undirected,1,1
UCTODYF5-i-ndt9QdUWwzsjQ,UChgPVLjqugDQpRLWvC7zzig,Undirected,1,1
UCVz-NJ8lHEYmHgqPgTnBzOQ,UChgPVLjqugDQpRLWvC7zzig,Undirected,1,1
UC0VAc5Xs2DihEjcVCDol8Jg,UCD_oolOCW-KckgB-G1jgucA,Undirected,1,1
UCBOLkKr86qP9S-2Blc0ANbg,UCcPmU4xuBC_TA6qqMaXe0Xw,Undirected,1,1
UCBOLkKr86qP9S-2Blc0ANbg,UCz5shmdACmzpdj6lEU2Nlnw,Undirected,1,1
UCcPmU4xuBC_TA6qqMaXe0Xw,UCz5shmdACmzpdj6lEU2Nlnw,Undirected,1,1
UCBOLkKr86qP9S-2Blc0ANbg,UCkGuy2uqBsz9AfLfo0pIk0Q,Undirected,1,1
UC8BjDleMFNvnikjAI6GdBPg,UCoVQSxuSr-nSvXKf0gONFtg,Undirected,2,2
UC8BjDleMFNvnikjAI6GdBPg,UCtGoikgbxP4F3rgI9PldI9g,Undirected,1,1
UC8BjDleMFNvnikjAI6GdBPg,UCw7REb2fzLigMTJL4D65Aig,Undirected,3,3
UCoVQSxuSr-nSvXKf0gONFtg,UCtGoikgbxP4F3rgI9PldI9g,Undirected,1,1
UCoVQSxuSr-nSvXKf0gONFtg,UCw7REb2fzLigMTJL4D65Aig,Undirected,2,2
UCtGoikgbxP4F3rgI9PldI9g,UCw7REb2fzLigMTJL4D65Aig,Undirected,1,1
UCcX0NaWGYrtrczjOxvmmgmg,UCvMBMKniUFj89VwhH-MOG8w,Undirected,1,1
UCcX0NaWGYrtrczjOxvmmgmg,UCw7REb2fzLigMTJL4D65Aig,Undirected,1,1
UCvMBMKniUFj89VwhH-MOG8w,UCw7REb2fzLigMTJL4D65Aig,Undirected,1,1
UCKJ5T4r_L1vh_nfYBF1k95g,UCw7REb2fzLigMTJL4D65Aig,Undirected,1,1
UCpU6wzwKXR2BQnd9nBdlIXw,UCw7REb2fzLigMTJL4D65Aig,Undirected,2,2
UCNOqSNP1lBfte96wI1jUsjw,UCbJ_4B1KeJsLWbHffAgWebQ,Undirected,1,1
UCNOqSNP1lBfte96wI1jUsjw,UCvUnvQCY25x29eJdDbr126w,Undirected,1,1
UCNOqSNP1lBfte96wI1jUsjw,UCw7REb2fzLigMTJL4D65Aig,Undirected,1,1
UCNOqSNP1lBfte96wI1jUsjw,UCyQI2XJY_E5XWhMvjC74A7g,Undirected,1,1
UCbJ_4B1KeJsLWbHffAgWebQ,UCvUnvQCY25x29eJdDbr126w,Undirected,1,1
UCbJ_4B1KeJsLWbHffAgWebQ,UCw7REb2fzLigMTJL4D65Aig,Undirected,1,1
UCbJ_4B1KeJsLWbHffAgWebQ,UCyQI2XJY_E5XWhMvjC74A7g,Undirected,1,1
UCvUnvQCY25x29eJdDbr126w,UCw7REb2fzLigMTJL4D65Aig,Undirected,2,2
UCvUnvQCY25x29eJdDbr126w,UCyQI2XJY_E5XWhMvjC74A7g,Undirected,1,1
UCw7REb2fzLigMTJL4D65Aig,UCyQI2XJY_E5XWhMvjC74A7g,Undirected,1,1
UC2PqMuVxs-y6zBJjNEyZa5A,UC8BjDleMFNvnikjAI6GdBPg,Undirected,1,1
UC2PqMuVxs-y6zBJjNEyZa5A,UCjVX8mbptBpoxbGgBQnEZEQ,Undirected,1,1
UC2PqMuVxs-y6zBJjNEyZa5A,UCpU6wzwKXR2BQnd9nBdlIXw,Undirected,1,1
UC2PqMuVxs-y6zBJjNEyZa5A,UCvUnvQCY25x29eJdDbr126w,Undirected,1,1
UC2PqMuVxs-y6zBJjNEyZa5A,UCw7REb2fzLigMTJL4D65Aig,Undirected,1,1
UC8BjDleMFNvnikjAI6GdBPg,UCjVX8mbptBpoxbGgBQnEZEQ,Undirected,1,1
UC8BjDleMFNvnikjAI6GdBPg,UCpU6wzwKXR2BQnd9nBdlIXw,Undirected,1,1
UC8BjDleMFNvnikjAI6GdBPg,UCvUnvQCY25x29eJdDbr126w,Undirected,1,1
UCjVX8mbptBpoxbGgBQnEZEQ,UCpU6wzwKXR2BQnd9nBdlIXw,Undirected,1,1
UCjVX8mbptBpoxbGgBQnEZEQ,UCvUnvQCY25x29eJdDbr126w,Undirected,1,1
UCjVX8mbptBpoxbGgBQnEZEQ,UCw7REb2fzLigMTJL4D65Aig,Undirected,1,1
UCpU6wzwKXR2BQnd9nBdlIXw,UCvUnvQCY25x29eJdDbr126w,Undirected,1,1
UCOKxuxxW6r0JT8DT6pZ_JuQ,UChR-g_CMniP-3ZLr_Lni10g,Undirected,2,2
UChR-g_CMniP-3ZLr_Lni10g,UCmSzil13YD_XmADLT9PBBBg,Undirected,2,2
UCEidTvcQp1EE6bJL2SMNOwQ,UCOKxuxxW6r0JT8DT6pZ_JuQ,Undirected,2,2
UCEidTvcQp1EE6bJL2SMNOwQ,UCmSzil13YD_XmADLT9PBBBg,Undirected,2,2
UC88_PcM-VP2UjIjpeogiUfQ,UCOKxuxxW6r0JT8DT6pZ_JuQ,Undirected,1,1
UC88_PcM-VP2UjIjpeogiUfQ,UCmSzil13YD_XmADLT9PBBBg,Undirected,1,1
UCOKxuxxW6r0JT8DT6pZ_JuQ,UCaQ9JsB-DmwbQdhOTultlkQ,Undirected,1,1
UCaQ9JsB-DmwbQdhOTultlkQ,UCmSzil13YD_XmADLT9PBBBg,Undirected,1,1
UCOKxuxxW6r0JT8DT6pZ_JuQ,UCRktvKSxx1lPZkStnq_CdLA,Undirected,1,1
UCOKxuxxW6r0JT8DT6pZ_JuQ,UCkOF6RWcTd_kHBY55xLx8Ig,Undirected,1,1
UCRktvKSxx1lPZkStnq_CdLA,UCkOF6RWcTd_kHBY55xLx8Ig,Undirected,1,1
UCRktvKSxx1lPZkStnq_CdLA,UCmSzil13YD_XmADLT9PBBBg,Undirected,1,1
UCkOF6RWcTd_kHBY55xLx8Ig,UCmSzil13YD_XmADLT9PBBBg,Undirected,1,1
UCFlct_bS2bnjK0z0OxB9T6Q,UCFslbKK7rqGXEi036PS_G3w,Undirected,1,1
UCFlct_bS2bnjK0z0OxB9T6Q,UCOKxuxxW6r0JT8DT6pZ_JuQ,Undirected,1,1
UCFlct_bS2bnjK0z0OxB9T6Q,UCmSzil13YD_XmADLT9PBBBg,Undirected,1,1
UCFslbKK7rqGXEi036PS_G3w,UCOKxuxxW6r0JT8DT6pZ_JuQ,Undirected,1,1
UCFslbKK7rqGXEi036PS_G3w,UCmSzil13YD_XmADLT9PBBBg,Undirected,1,1
UC2g7xkk7QdlnkUDargFczwg,UCWCyHFF3VDD3fhrwbmedaBw,Undirected,1,1
UC2g7xkk7QdlnkUDargFczwg,UCpGOvdhsaaKDxqlGSU1a6jQ,Undirected,1,1
UCWCyHFF3VDD3fhrwbmedaBw,UCpGOvdhsaaKDxqlGSU1a6jQ,Undirected,1,1
UC2g7xkk7QdlnkUDargFczwg,UCQGNT-73m6587RopU_Xa8-A,Undirected,1,1
UC2g7xkk7QdlnkUDargFczwg,UCQ_K9N3ItSv9bu6noZP99mg,Undirected,1,1
UCQGNT-73m6587RopU_Xa8-A,UCQ_K9N3ItSv9bu6noZP99mg,Undirected,1,1
UC-g6ZApJDegzvmDNIG_osow,UC2g7xkk7QdlnkUDargFczwg,Undirected,1,1
UC2g7xkk7QdlnkUDargFczwg,UCUXfRsEIJ9xO1DT7TbEWksw,Undirected,1,1
UCR244Tsgbk1oZ8JNJtDV9_Q,UCRxYLU8m_qPzQOiRSoxfjHQ,Undirected,7,7
UCR244Tsgbk1oZ8JNJtDV9_Q,UCiFekg9T5FAgkB8q30JpiZw,Undirected,1,1
UCRxYLU8m_qPzQOiRSoxfjHQ,UCiFekg9T5FAgkB8q30JpiZw,Undirected,1,1
UCQmTZZ8QO1skM92MwYibi_A,UCR244Tsgbk1oZ8JNJtDV9_Q,Undirected,1,1
UC3Vx3Zh7V7EG3PytRWuYXag,UCR244Tsgbk1oZ8JNJtDV9_Q,Undirected,1,1
UCR244Tsgbk1oZ8JNJtDV9_Q,UCiUhWql1RGq1YQ4mntHCnEw,Undirected,1,1
UC1gzqiEweBsViqaKZPPy78Q,UCR244Tsgbk1oZ8JNJtDV9_Q,Undirected,1,1
UCGtiBRZoUpNcDl_o7P9rgsQ,UCHZUXF7WclTrpteIu2yA9Kg,Undirected,2,2
UCGtiBRZoUpNcDl_o7P9rgsQ,UCXQuTtJ70B_mVqlYJNoyNxQ,Undirected,1,1
UCGtiBRZoUpNcDl_o7P9rgsQ,UCySgmHOJd-osqVY0XvM1FOw,Undirected,2,2
UCHZUXF7WclTrpteIu2yA9Kg,UCySgmHOJd-osqVY0XvM1FOw,Undirected,3,3
UCXQuTtJ70B_mVqlYJNoyNxQ,UCySgmHOJd-osqVY0XvM1FOw,Undirected,1,1
UCGtiBRZoUpNcDl_o7P9rgsQ,UCVz-NJ8lHEYmHgqPgTnBzOQ,Undirected,1,1
UCVz-NJ8lHEYmHgqPgTnBzOQ,UCySgmHOJd-osqVY0XvM1FOw,Undirected,2,2
UC8kADI6YRLdUeEF4xZWjuLg,UCHZUXF7WclTrpteIu2yA9Kg,Undirected,1,1
UC8kADI6YRLdUeEF4xZWjuLg,UCkOF6RWcTd_kHBY55xLx8Ig,Undirected,1,1
UC8kADI6YRLdUeEF4xZWjuLg,UCnDpPoH39FnN65iafaAD5sA,Undirected,1,1
UCHZUXF7WclTrpteIu2yA9Kg,UCkOF6RWcTd_kHBY55xLx8Ig,Undirected,1,1
UCHZUXF7WclTrpteIu2yA9Kg,UCnDpPoH39FnN65iafaAD5sA,Undirected,1,1
UCkOF6RWcTd_kHBY55xLx8Ig,UCnDpPoH39FnN65iafaAD5sA,Undirected,1,1
UC92Z23d7Ih55RSlPZ0wCKcw,UCBAOWVkvs19Uaw6p7BtE-Mg,Undirected,1,1
UC92Z23d7Ih55RSlPZ0wCKcw,UCHZUXF7WclTrpteIu2yA9Kg,Undirected,1,1
UCBAOWVkvs19Uaw6p7BtE-Mg,UCHZUXF7WclTrpteIu2yA9Kg,Undirected,1,1
UC1WGL0sSO6FofCn0YHxVWww,UCHZUXF7WclTrpteIu2yA9Kg,Undirected,1,1
UC1WGL0sSO6FofCn0YHxVWww,UCVz-NJ8lHEYmHgqPgTnBzOQ,Undirected,1,1
UC1WGL0sSO6FofCn0YHxVWww,UCySgmHOJd-osqVY0XvM1FOw,Undirected,1,1
UCHZUXF7WclTrpteIu2yA9Kg,UCHanBDtNpt4MfCn635xa18Q,Undirected,1,1
UCLhaGmGhNvuTM0wg1WQUOzw,UCXHh9s6OJz_c7z9JZD0Rhvw,Undirected,1,1
UC9Pibc4PVsCsEJFqakaHkOA,UCNRaln6tin8NhYVNT8wIw7g,Undirected,1,1
UCmq_ATsVYLMZlwSJK7I8I7w,UCsiFvGaBzTTkQYPLEa4Kp3A,Undirected,1,1
UCXHh9s6OJz_c7z9JZD0Rhvw,UCicw_KR_pSwT370W1CuSGHA,Undirected,1,1
UCicw_KR_pSwT370W1CuSGHA,UCmq_ATsVYLMZlwSJK7I8I7w,Undirected,1,1
UCIa5NEerRvkC2Wd6lRG9xyg,UCmq_ATsVYLMZlwSJK7I8I7w,Undirected,1,1
UCNLjRiychUaaCU0uJTYDUYA,UCTof2VTt3aPQBzWtLgP5u1A,Undirected,1,1
UCNLjRiychUaaCU0uJTYDUYA,UCZ54-1MNL2foufu8hBomzBw,Undirected,3,3
UCTof2VTt3aPQBzWtLgP5u1A,UCZ54-1MNL2foufu8hBomzBw,Undirected,1,1
UCKffbsBoqqgAhyJbnkFuGHg,UCZ54-1MNL2foufu8hBomzBw,Undirected,1,1
UC9Nslyb3deOJbtmGuHUgTww,UCZ54-1MNL2foufu8hBomzBw,Undirected,1,1
UC9Nslyb3deOJbtmGuHUgTww,UCj4ni0IE9ljKhF21wNvvH-Q,Undirected,1,1
UCZ54-1MNL2foufu8hBomzBw,UCj4ni0IE9ljKhF21wNvvH-Q,Undirected,3,3
UC-UCkx1U8UhjGWqIqakkaLg,UCZ54-1MNL2foufu8hBomzBw,Undirected,2,2
UC5T0wZumYm7feZl445azfog,UCZ54-1MNL2foufu8hBomzBw,Undirected,1,1
UC5T0wZumYm7feZl445azfog,UCj4ni0IE9ljKhF21wNvvH-Q,Undirected,1,1
UC2jxJHf569ZcA6LHajBZ7rg,UCNLjRiychUaaCU0uJTYDUYA,Undirected,1,1
UC2jxJHf569ZcA6LHajBZ7rg,UCZ54-1MNL2foufu8hBomzBw,Undirected,1,1
UC2jxJHf569ZcA6LHajBZ7rg,UCj4ni0IE9ljKhF21wNvvH-Q,Undirected,1,1
UC2jxJHf569ZcA6LHajBZ7rg,UCmJyHis1vKOakMV4fM4QWFQ,Undirected,1,1
UC2jxJHf569ZcA6LHajBZ7rg,UCnDpPoH39FnN65iafaAD5sA,Undirected,1,1
UCNLjRiychUaaCU0uJTYDUYA,UCj4ni0IE9ljKhF21wNvvH-Q,Undirected,1,1
UCNLjRiychUaaCU0uJTYDUYA,UCmJyHis1vKOakMV4fM4QWFQ,Undirected,1,1
UCNLjRiychUaaCU0uJTYDUYA,UCnDpPoH39FnN65iafaAD5sA,Undirected,1,1
UCZ54-1MNL2foufu8hBomzBw,UCmJyHis1vKOakMV4fM4QWFQ,Undirected,1,1
UCZ54-1MNL2foufu8hBomzBw,UCnDpPoH39FnN65iafaAD5sA,Undirected,2,2
UCj4ni0IE9ljKhF21wNvvH-Q,UCmJyHis1vKOakMV4fM4QWFQ,Undirected,1,1
UCj4ni0IE9ljKhF21wNvvH-Q,UCnDpPoH39FnN65iafaAD5sA,Undirected,1,1
UCmJyHis1vKOakMV4fM4QWFQ,UCnDpPoH39FnN65iafaAD5sA,Undirected,1,1
UC-UCkx1U8UhjGWqIqakkaLg,UCl6-zNBmmXpgSDMmD0j_K_w,Undirected,1,1
UCZ54-1MNL2foufu8hBomzBw,UCl6-zNBmmXpgSDMmD0j_K_w,Undirected,1,1
UCl6-zNBmmXpgSDMmD0j_K_w,UCnDpPoH39FnN65iafaAD5sA,Undirected,1,1
UC-8yNcBtKG6d8RPTTf86YSg,UC_kCQjGO1EEQ7fOxJJVQ35g,Undirected,1,1
UCGvtln8uec0veqSIeCYdWeQ,UCLiWTvbalVNSttpfqQKijFw,Undirected,9,9
UCGvtln8uec0veqSIeCYdWeQ,UCOqfOsy9mt0UkjpJta5pP7Q,Undirected,6,6
UCLiWTvbalVNSttpfqQKijFw,UCOqfOsy9mt0UkjpJta5pP7Q,Undirected,4,4
UCGvtln8uec0veqSIeCYdWeQ,UCh2-8G6kx-e1p51teCP_kjw,Undirected,2,2
UCLiWTvbalVNSttpfqQKijFw,UCh2-8G6kx-e1p51teCP_kjw,Undirected,1,1
UCOqfOsy9mt0UkjpJta5pP7Q,UCh2-8G6kx-e1p51teCP_kjw,Undirected,2,2
UCEJIA-Ob26i5ci3RHrbPhRw,UCOqfOsy9mt0UkjpJta5pP7Q,Undirected,1,1
UCEJIA-Ob26i5ci3RHrbPhRw,UCnPz4XBkApiBzJwGCggHp4Q,Undirected,1,1
UCOqfOsy9mt0UkjpJta5pP7Q,UCnPz4XBkApiBzJwGCggHp4Q,Undirected,1,1
UC8qZXzUJpD6INkd0n_hRmZA,UCGvtln8uec0veqSIeCYdWeQ,Undirected,2,2
UC8qZXzUJpD6INkd0n_hRmZA,UCOqfOsy9mt0UkjpJta5pP7Q,Undirected,2,2
UC8qZXzUJpD6INkd0n_hRmZA,UCWLCw3ABF6XmKsLaKbX2QPA,Undirected,1,1
UC8qZXzUJpD6INkd0n_hRmZA,UCXCjcHIczwEHfbMF1ZqxwWg,Undirected,1,1
UCGvtln8uec0veqSIeCYdWeQ,UCWLCw3ABF6XmKsLaKbX2QPA,Undirected,1,1
UCGvtln8uec0veqSIeCYdWeQ,UCXCjcHIczwEHfbMF1ZqxwWg,Undirected,1,1
UCOqfOsy9mt0UkjpJta5pP7Q,UCWLCw3ABF6XmKsLaKbX2QPA,Undirected,1,1
UCOqfOsy9mt0UkjpJta5pP7Q,UCXCjcHIczwEHfbMF1ZqxwWg,Undirected,1,1
UCWLCw3ABF6XmKsLaKbX2QPA,UCXCjcHIczwEHfbMF1ZqxwWg,Undirected,1,1
UC1gzqiEweBsViqaKZPPy78Q,UC8qZXzUJpD6INkd0n_hRmZA,Undirected,1,1
UC1gzqiEweBsViqaKZPPy78Q,UCLiWTvbalVNSttpfqQKijFw,Undirected,1,1
UC1gzqiEweBsViqaKZPPy78Q,UCOqfOsy9mt0UkjpJta5pP7Q,Undirected,1,1
UC8qZXzUJpD6INkd0n_hRmZA,UCLiWTvbalVNSttpfqQKijFw,Undirected,2,2
UC5i2NHIT1NQ4Aqya12syNmA,UCEcsDOzFZg7DughFiIeYBiQ,Undirected,1,1
UC5i2NHIT1NQ4Aqya12syNmA,UCRYI4keSzjfqbH9du4HbtHA,Undirected,4,4
UC5i2NHIT1NQ4Aqya12syNmA,UCYHdZ8Ztg558Lvbl1zaB9Jw,Undirected,1,1
UC5i2NHIT1NQ4Aqya12syNmA,UClDy-834M9VjhiKXwPDAe7A,Undirected,1,1
UCRYI4keSzjfqbH9du4HbtHA,UClDy-834M9VjhiKXwPDAe7A,Undirected,1,1
UC7eV_DKDWeE6VgvI8KaFWHw,UCa8KUl3QHOuNfnxfNly-qXw,Undirected,1,1
UC2jkxTJlrYyahXEtTGjD59Q,UCGYhSRkssfQRwgzkvD97qNg,Undirected,1,1
UC2jkxTJlrYyahXEtTGjD59Q,UCXQuTtJ70B_mVqlYJNoyNxQ,Undirected,1,1
UC2jkxTJlrYyahXEtTGjD59Q,UCutZpUm5pGMD6ltY9IMoQxA,Undirected,1,1
UCGYhSRkssfQRwgzkvD97qNg,UCutZpUm5pGMD6ltY9IMoQxA,Undirected,1,1
UCXQuTtJ70B_mVqlYJNoyNxQ,UCutZpUm5pGMD6ltY9IMoQxA,Undirected,1,1
UCRn4Jb7rEnDSJ0QwrquD2tA,UCutZpUm5pGMD6ltY9IMoQxA,Undirected,1,1
UC92Z23d7Ih55RSlPZ0wCKcw,UCY-KzynMJyYP2Xu4dP9dakQ,Undirected,1,1
UC92Z23d7Ih55RSlPZ0wCKcw,UCutZpUm5pGMD6ltY9IMoQxA,Undirected,1,1
UCY-KzynMJyYP2Xu4dP9dakQ,UCutZpUm5pGMD6ltY9IMoQxA,Undirected,3,3
UCRxYLU8m_qPzQOiRSoxfjHQ,UCkv__Ax89HAGw4I5OQVSG_w,Undirected,1,1
UCRxYLU8m_qPzQOiRSoxfjHQ,UCutZpUm5pGMD6ltY9IMoQxA,Undirected,1,1
UCkv__Ax89HAGw4I5OQVSG_w,UCutZpUm5pGMD6ltY9IMoQxA,Undirected,1,1
UC-8yNcBtKG6d8RPTTf86YSg,UCWMDuOqxPIGYrTn7m3H6riA,Undirected,1,1
UC-8yNcBtKG6d8RPTTf86YSg,UCutZpUm5pGMD6ltY9IMoQxA,Undirected,1,1
UCWMDuOqxPIGYrTn7m3H6riA,UCutZpUm5pGMD6ltY9IMoQxA,Undirected,1,1
UCB74I2EiE5dC0CAeDXbBjfA,UCRijo3ddMTht_IHyNSNXpNQ,Undirected,2,2
UCAJNRT2xIBYBsomYXo9u5LA,UCTkXRDQl0luXxVQrRQvWS6w,Undirected,4,4
UC24-XPATP4CeviFJ8SLiF8A,UCTkXRDQl0luXxVQrRQvWS6w,Undirected,1,1
UC24-XPATP4CeviFJ8SLiF8A,UCcHYmDcbHmGIebwGYgLQDOw,Undirected,1,1
UC24-XPATP4CeviFJ8SLiF8A,UCqynl7rdtktKMQESdSBmE-g,Undirected,1,1
UCTkXRDQl0luXxVQrRQvWS6w,UCcHYmDcbHmGIebwGYgLQDOw,Undirected,1,1
UCcHYmDcbHmGIebwGYgLQDOw,UCqynl7rdtktKMQESdSBmE-g,Undirected,1,1
UCTkXRDQl0luXxVQrRQvWS6w,UCmUKewwuQJY2k2sw6lLTZmA,Undirected,9,9
UC3WPr2tp5UaVIMxbowcpu3A,UCqynl7rdtktKMQESdSBmE-g,Undirected,1,1
UCV-a-2sT_5z9bt5lktscUdQ,UCX6OQ3DkcsbYNE6H8uQQuVA,Undirected,1,1
UC-lHJZR3Gqxm24_Vd_AJ5Yw,UC_slDWTPHflhuZqbGc8u4yA,Undirected,1,1
UC-lHJZR3Gqxm24_Vd_AJ5Yw,UCSJ4gkVC6NrvII8umztf0Ow,Undirected,3,3
UC-lHJZR3Gqxm24_Vd_AJ5Yw,UC6Kjx3ro0TjWIITcL8ItPGw,Undirected,1,1
UC6Kjx3ro0TjWIITcL8ItPGw,UCSJ4gkVC6NrvII8umztf0Ow,Undirected,1,1
UC-lHJZR3Gqxm24_Vd_AJ5Yw,UCivtAzCENYI1jb6Clxydvdw,Undirected,1,1
UCIPPMRA040LQr5QPyJEbmXA,UCW07alAefFXWdo7RgEDtBcQ,Undirected,1,1
UCF3KMM3QLVEfnFPI8AbLUJA,UCIPPMRA040LQr5QPyJEbmXA,Undirected,1,1
UC9Q3suSdhaOYiGgN3L9BJwg,UCQFREgqmtkYbI7o9xvEuA-g,Undirected,11,11
UC9Q3suSdhaOYiGgN3L9BJwg,UCv1u20pr8U-U85PGLpKxNKw,Undirected,14,14
UCQFREgqmtkYbI7o9xvEuA-g,UCv1u20pr8U-U85PGLpKxNKw,Undirected,20,20
UCQFREgqmtkYbI7o9xvEuA-g,UCb6-9kmHZDYE6K__1VVDD7w,Undirected,6,6
UCQFREgqmtkYbI7o9xvEuA-g,UCrYrcFGGs_nke1MggS8Jvqg,Undirected,11,11
UCb6-9kmHZDYE6K__1VVDD7w,UCrYrcFGGs_nke1MggS8Jvqg,Undirected,5,5
UCb6-9kmHZDYE6K__1VVDD7w,UCv1u20pr8U-U85PGLpKxNKw,Undirected,6,6
UCrYrcFGGs_nke1MggS8Jvqg,UCv1u20pr8U-U85PGLpKxNKw,Undirected,14,14
UCQFREgqmtkYbI7o9xvEuA-g,UCrvF7crv7U50zCnam5tmyng,Undirected,6,6
UCrvF7crv7U50zCnam5tmyng,UCv1u20pr8U-U85PGLpKxNKw,Undirected,9,9
UCrYrcFGGs_nke1MggS8Jvqg,UCrvF7crv7U50zCnam5tmyng,Undirected,3,3
UC9Q3suSdhaOYiGgN3L9BJwg,UCiaRjc5me4e-rChdBh076dA,Undirected,1,1
UCiaRjc5me4e-rChdBh076dA,UCv1u20pr8U-U85PGLpKxNKw,Undirected,1,1
UCROkFwHWMk5QeZK_LHJPu5g,UCqynl7rdtktKMQESdSBmE-g,Undirected,1,1
UCROkFwHWMk5QeZK_LHJPu5g,UCrFDp7oy5Nqo5Cl1Cq0Pn7A,Undirected,1,1
UCROkFwHWMk5QeZK_LHJPu5g,UCrYrcFGGs_nke1MggS8Jvqg,Undirected,1,1
UCROkFwHWMk5QeZK_LHJPu5g,UCv1u20pr8U-U85PGLpKxNKw,Undirected,1,1
UCROkFwHWMk5QeZK_LHJPu5g,UCvBIYNzQ2OM93y8xsBCxlAg,Undirected,1,1
UCqynl7rdtktKMQESdSBmE-g,UCrFDp7oy5Nqo5Cl1Cq0Pn7A,Undirected,1,1
UCqynl7rdtktKMQESdSBmE-g,UCrYrcFGGs_nke1MggS8Jvqg,Undirected,5,5
UCqynl7rdtktKMQESdSBmE-g,UCv1u20pr8U-U85PGLpKxNKw,Undirected,1,1
UCqynl7rdtktKMQESdSBmE-g,UCvBIYNzQ2OM93y8xsBCxlAg,Undirected,1,1
UCrFDp7oy5Nqo5Cl1Cq0Pn7A,UCrYrcFGGs_nke1MggS8Jvqg,Undirected,1,1
UCrFDp7oy5Nqo5Cl1Cq0Pn7A,UCv1u20pr8U-U85PGLpKxNKw,Undirected,1,1
UCrFDp7oy5Nqo5Cl1Cq0Pn7A,UCvBIYNzQ2OM93y8xsBCxlAg,Undirected,1,1
UCrYrcFGGs_nke1MggS8Jvqg,UCvBIYNzQ2OM93y8xsBCxlAg,Undirected,1,1
UCv1u20pr8U-U85PGLpKxNKw,UCvBIYNzQ2OM93y8xsBCxlAg,Undirected,1,1
UC9Q3suSdhaOYiGgN3L9BJwg,UCrYrcFGGs_nke1MggS8Jvqg,Undirected,6,6
UC9Q3suSdhaOYiGgN3L9BJwg,UCrvF7crv7U50zCnam5tmyng,Undirected,6,6
UCA2tt9GSU2sl8rAqjlLR3mQ,UCQFREgqmtkYbI7o9xvEuA-g,Undirected,1,1
UCA2tt9GSU2sl8rAqjlLR3mQ,UCrYrcFGGs_nke1MggS8Jvqg,Undirected,6,6
UCA2tt9GSU2sl8rAqjlLR3mQ,UCv1u20pr8U-U85PGLpKxNKw,Undirected,1,1
UC9Q3suSdhaOYiGgN3L9BJwg,UCb6-9kmHZDYE6K__1VVDD7w,Undirected,1,1
UC7yu990e_Yad6CSw_wNlS9Q,UCvMG-U4k6XBuZXo9hWimV3w,Undirected,10,10
UCjlvYqV61IUbWC-uMLj8zcw,UCvMG-U4k6XBuZXo9hWimV3w,Undirected,1,1
UCtM_EN-NCNDIv0HUwX0C3Xg,UCvMG-U4k6XBuZXo9hWimV3w,Undirected,1,1
UCLGg1qkuBm7Lo0UfcqfT0ug,UCyps-v4WNjWDnYRKmZ4BUGw,Undirected,7,7
UCHtxSHalLbyjDgUsl2nIbIQ,UCyps-v4WNjWDnYRKmZ4BUGw,Undirected,2,2
UCA2tt9GSU2sl8rAqjlLR3mQ,UCo6OZGzTk1r5kDU7Nz8efwQ,Undirected,1,1
UCA2tt9GSU2sl8rAqjlLR3mQ,UCyps-v4WNjWDnYRKmZ4BUGw,Undirected,1,1
UCA2tt9GSU2sl8rAqjlLR3mQ,UCytgnJE6TrzTTq19GYCOyTg,Undirected,1,1
UCTkXRDQl0luXxVQrRQvWS6w,UCo6OZGzTk1r5kDU7Nz8efwQ,Undirected,1,1
UCTkXRDQl0luXxVQrRQvWS6w,UCyps-v4WNjWDnYRKmZ4BUGw,Undirected,1,1
UCTkXRDQl0luXxVQrRQvWS6w,UCytgnJE6TrzTTq19GYCOyTg,Undirected,1,1
UCo6OZGzTk1r5kDU7Nz8efwQ,UCyps-v4WNjWDnYRKmZ4BUGw,Undirected,1,1
UCo6OZGzTk1r5kDU7Nz8efwQ,UCytgnJE6TrzTTq19GYCOyTg,Undirected,1,1
UCHtxSHalLbyjDgUsl2nIbIQ,UCTMvCvLIqhKzLX9U9WhOgXw,Undirected,1,1
UCHtxSHalLbyjDgUsl2nIbIQ,UCc35WvHmQjLE8NN4Y_ITmUQ,Undirected,1,1
UCHtxSHalLbyjDgUsl2nIbIQ,UCytgnJE6TrzTTq19GYCOyTg,Undirected,1,1
UCTMvCvLIqhKzLX9U9WhOgXw,UCc35WvHmQjLE8NN4Y_ITmUQ,Undirected,1,1
UCTMvCvLIqhKzLX9U9WhOgXw,UCyps-v4WNjWDnYRKmZ4BUGw,Undirected,1,1
UCTMvCvLIqhKzLX9U9WhOgXw,UCytgnJE6TrzTTq19GYCOyTg,Undirected,1,1
UCc35WvHmQjLE8NN4Y_ITmUQ,UCyps-v4WNjWDnYRKmZ4BUGw,Undirected,1,1
UCc35WvHmQjLE8NN4Y_ITmUQ,UCytgnJE6TrzTTq19GYCOyTg,Undirected,1,1
UCS3u9julG1N9w36Gbd7Astw,UCyps-v4WNjWDnYRKmZ4BUGw,Undirected,1,1
UCC9EjyMN_hx5NdctLBx5X7w,UCX0Ic7wWe0v5je_RlR1aMRw,Undirected,1,1
UCC9EjyMN_hx5NdctLBx5X7w,UCeoZXkaJDtdTHafgoZeDcAA,Undirected,1,1
UCC9EjyMN_hx5NdctLBx5X7w,UCyps-v4WNjWDnYRKmZ4BUGw,Undirected,1,1
UCC9EjyMN_hx5NdctLBx5X7w,UCytgnJE6TrzTTq19GYCOyTg,Undirected,1,1
UCX0Ic7wWe0v5je_RlR1aMRw,UCeoZXkaJDtdTHafgoZeDcAA,Undirected,1,1
UCX0Ic7wWe0v5je_RlR1aMRw,UCyps-v4WNjWDnYRKmZ4BUGw,Undirected,1,1
UCX0Ic7wWe0v5je_RlR1aMRw,UCytgnJE6TrzTTq19GYCOyTg,Undirected,1,1
UCeoZXkaJDtdTHafgoZeDcAA,UCyps-v4WNjWDnYRKmZ4BUGw,Undirected,1,1
UCeoZXkaJDtdTHafgoZeDcAA,UCytgnJE6TrzTTq19GYCOyTg,Undirected,1,1
UC4-79UOlP48-QNGgCko5p2g,UCyps-v4WNjWDnYRKmZ4BUGw,Undirected,1,1
UCLGg1qkuBm7Lo0UfcqfT0ug,UCZcKjBfT0e4gpm1DdmwQKsw,Undirected,1,1
UCLGg1qkuBm7Lo0UfcqfT0ug,UCytgnJE6TrzTTq19GYCOyTg,Undirected,2,2
UCZcKjBfT0e4gpm1DdmwQKsw,UCytgnJE6TrzTTq19GYCOyTg,Undirected,1,1
UCGgJAPk89HEfrPDPhbxHFSA,UCXySUWOR2LnoT7HTK278ENA,Undirected,1,1
UCGgJAPk89HEfrPDPhbxHFSA,UCca2961Ton2js_f9IDXK9Wg,Undirected,1,1
UCXySUWOR2LnoT7HTK278ENA,UCca2961Ton2js_f9IDXK9Wg,Undirected,1,1
UCXySUWOR2LnoT7HTK278ENA,UCyps-v4WNjWDnYRKmZ4BUGw,Undirected,1,1
UCXySUWOR2LnoT7HTK278ENA,UCytgnJE6TrzTTq19GYCOyTg,Undirected,1,1
UCca2961Ton2js_f9IDXK9Wg,UCyps-v4WNjWDnYRKmZ4BUGw,Undirected,1,1
UCca2961Ton2js_f9IDXK9Wg,UCytgnJE6TrzTTq19GYCOyTg,Undirected,1,1
UCLGg1qkuBm7Lo0UfcqfT0ug,UCiWIXrNOE4Lm-TqXxJ0ze9w,Undirected,1,1
UCiWIXrNOE4Lm-TqXxJ0ze9w,UCyps-v4WNjWDnYRKmZ4BUGw,Undirected,1,1
UC1-kxuBmc3pN82_rSAebWCQ,UCLGg1qkuBm7Lo0UfcqfT0ug,Undirected,2,2
UC1-kxuBmc3pN82_rSAebWCQ,UCl6X_7YaR0kd7ZLOx1oEiiA,Undirected,1,1
UC1-kxuBmc3pN82_rSAebWCQ,UCyps-v4WNjWDnYRKmZ4BUGw,Undirected,2,2
UC1-kxuBmc3pN82_rSAebWCQ,UCytgnJE6TrzTTq19GYCOyTg,Undirected,1,1
UCLGg1qkuBm7Lo0UfcqfT0ug,UCl6X_7YaR0kd7ZLOx1oEiiA,Undirected,1,1
UCl6X_7YaR0kd7ZLOx1oEiiA,UCyps-v4WNjWDnYRKmZ4BUGw,Undirected,1,1
UCl6X_7YaR0kd7ZLOx1oEiiA,UCytgnJE6TrzTTq19GYCOyTg,Undirected,1,1
UC1-kxuBmc3pN82_rSAebWCQ,UCm3T3KS21z4d77tt081bVRQ,Undirected,1,1
UCLGg1qkuBm7Lo0UfcqfT0ug,UCm3T3KS21z4d77tt081bVRQ,Undirected,1,1
UCm3T3KS21z4d77tt081bVRQ,UCyps-v4WNjWDnYRKmZ4BUGw,Undirected,1,1
UCBJycsmduvYEL83R_U4JriQ,UClYDoTmBdnafBCHhnUCqvtw,Undirected,1,1
UCMiJRAwDNSNzuYeN2uWa0pA,UCb5LL4aW1ZMHNg1d0uFsyhA,Undirected,1,1
UCFtOX-21N1earf-K58C7HjQ,UCMiJRAwDNSNzuYeN2uWa0pA,Undirected,1,1
UCGmnsW623G1r-Chmo5RB4Yw,UCMiJRAwDNSNzuYeN2uWa0pA,Undirected,2,2
UCGmnsW623G1r-Chmo5RB4Yw,UCxlmjNL0jVnQESU0uoQU2ow,Undirected,1,1
UCMiJRAwDNSNzuYeN2uWa0pA,UCxlmjNL0jVnQESU0uoQU2ow,Undirected,1,1
UC-N-UCwvhr9H8PLYn4nl27Q,UCMiJRAwDNSNzuYeN2uWa0pA,Undirected,1,1
UC5p_l5ZeB_wGjO_yDXwiqvw,UCMiJRAwDNSNzuYeN2uWa0pA,Undirected,1,1
UCBJycsmduvYEL83R_U4JriQ,UCMiJRAwDNSNzuYeN2uWa0pA,Undirected,1,1
UCMiJRAwDNSNzuYeN2uWa0pA,UCS261lQDXjMvc8Jck-2CQEg,Undirected,1,1
UCMiJRAwDNSNzuYeN2uWa0pA,UCdoDYkupTElV62K7ttA_E4w,Undirected,1,1
UCMiJRAwDNSNzuYeN2uWa0pA,UCdp6GUwjKscp5ST4M4WgIpw,Undirected,1,1
UCMiJRAwDNSNzuYeN2uWa0pA,UCpa-Zb0ZcQjTCPP1Dx_1M8Q,Undirected,1,1
UCS261lQDXjMvc8Jck-2CQEg,UCdoDYkupTElV62K7ttA_E4w,Undirected,1,1
UCS261lQDXjMvc8Jck-2CQEg,UCdp6GUwjKscp5ST4M4WgIpw,Undirected,1,1
UCS261lQDXjMvc8Jck-2CQEg,UCpa-Zb0ZcQjTCPP1Dx_1M8Q,Undirected,1,1
UCdoDYkupTElV62K7ttA_E4w,UCdp6GUwjKscp5ST4M4WgIpw,Undirected,1,1
UCdoDYkupTElV62K7ttA_E4w,UCpa-Zb0ZcQjTCPP1Dx_1M8Q,Undirected,1,1
UCdp6GUwjKscp5ST4M4WgIpw,UCpa-Zb0ZcQjTCPP1Dx_1M8Q,Undirected,1,1
UC1IQIspOkCeV3WnYm32SBFQ,UCOCCcqrqdsEqlkMjZwEYwSA,Undirected,30,30
UC1IQIspOkCeV3WnYm32SBFQ,UCXGgrKt94gR6lmN4aN3mYTg,Undirected,30,30
UCOCCcqrqdsEqlkMjZwEYwSA,UCXGgrKt94gR6lmN4aN3mYTg,Undirected,30,30
UC1IQIspOkCeV3WnYm32SBFQ,UCi7wDE2ZTiR5QYYrUY5WhtA,Undirected,2,2
UCOCCcqrqdsEqlkMjZwEYwSA,UCi7wDE2ZTiR5QYYrUY5WhtA,Undirected,2,2
UCXGgrKt94gR6lmN4aN3mYTg,UCi7wDE2ZTiR5QYYrUY5WhtA,Undirected,2,2
UCIG1k8umaCIIrujZPzZPIMA,UCey_c7U86mJGz1VJWH5CYPA,Undirected,1,1
UCbiYlM8W87Sn-bmQrgF5GLQ,UCey_c7U86mJGz1VJWH5CYPA,Undirected,1,1
UC7RCVxoiwp4wa9iCgMIeqtg,UCey_c7U86mJGz1VJWH5CYPA,Undirected,1,1
UCEzatFSPvZX5alDEaMAT7Gg,UCey_c7U86mJGz1VJWH5CYPA,Undirected,1,1
UCR2NXbiFiXznLWd6aHPUV8g,UCey_c7U86mJGz1VJWH5CYPA,Undirected,1,1
UC3qWcF49rv8VMZO7Vg6kj5w,UCey_c7U86mJGz1VJWH5CYPA,Undirected,2,2
UCey_c7U86mJGz1VJWH5CYPA,UCxfeify8IPfxcF6IuasSOPw,Undirected,1,1
UCePZ-v6YOhmyax4Li2sRZAA,UCey_c7U86mJGz1VJWH5CYPA,Undirected,1,1
UCey_c7U86mJGz1VJWH5CYPA,UCgmvz6qxtga4W6n1mfmM0Zw,Undirected,1,1
UCa9PYkHqgLrtarRMiQwI05g,UCey_c7U86mJGz1VJWH5CYPA,Undirected,1,1
UCcSyKAcYUZLmGcLSIM4M_4Q,UCey_c7U86mJGz1VJWH5CYPA,Undirected,1,1
UCcSyKAcYUZLmGcLSIM4M_4Q,UCwbeRZ8mp_7974XvPK0xY4Q,Undirected,1,1
UCey_c7U86mJGz1VJWH5CYPA,UCwbeRZ8mp_7974XvPK0xY4Q,Undirected,1,1
UCced_wdSslkOf7xc_0qyT8w,UCey_c7U86mJGz1VJWH5CYPA,Undirected,1,1
UCCWTL5SxxOTkggMW48wlRmg,UCey_c7U86mJGz1VJWH5CYPA,Undirected,1,1
UCKMz0IYo1Oq4iVOAHQTW5yQ,UCey_c7U86mJGz1VJWH5CYPA,Undirected,1,1
UCsTcErHg8oDvUnTzoqsYeNw,UCuVQmkiETvqmLviDcBtQw4A,Undirected,1,1
UCqX5t6irpHLRUBqf_0hKAvg,UCsTcErHg8oDvUnTzoqsYeNw,Undirected,2,2
UC3qWcF49rv8VMZO7Vg6kj5w,UCsTcErHg8oDvUnTzoqsYeNw,Undirected,1,1
UCkAbQq20gYztTkyTSQxJYeg,UCsTcErHg8oDvUnTzoqsYeNw,Undirected,1,1
UC4BgQehutgkEaM2zY46Y78Q,UCsTcErHg8oDvUnTzoqsYeNw,Undirected,1,1
UC2SIWgqcys7Gcb6JxsFTm1Q,UCLNNHmqgRijKgbLFFBqDJrA,Undirected,1,1
UC2SIWgqcys7Gcb6JxsFTm1Q,UCsTcErHg8oDvUnTzoqsYeNw,Undirected,1,1
UCLNNHmqgRijKgbLFFBqDJrA,UCsTcErHg8oDvUnTzoqsYeNw,Undirected,1,1
UCsTcErHg8oDvUnTzoqsYeNw,UCtjV1_XU6gvPYyreaFScxBQ,Undirected,2,2
UCE0X7OeFSH-I4nrkSrK-b1A,UCsTcErHg8oDvUnTzoqsYeNw,Undirected,1,1
UC2v9iAMYFDY-_eNw3t0W4-Q,UCsTcErHg8oDvUnTzoqsYeNw,Undirected,1,1
UCkg0qd4-hY9cQ4-YLxgJ_ew,UCsTcErHg8oDvUnTzoqsYeNw,Undirected,1,1
UCced_wdSslkOf7xc_0qyT8w,UCsTcErHg8oDvUnTzoqsYeNw,Undirected,1,1
UCWwgaK7x0_FR1goeSRazfsQ,UCsTcErHg8oDvUnTzoqsYeNw,Undirected,1,1
UC1ET-1gMajGNKzOvm2e_D7Q,UCsTcErHg8oDvUnTzoqsYeNw,Undirected,1,1
UCsTcErHg8oDvUnTzoqsYeNw,UCzaXlOt3J2_rYQT1aEJMMFQ,Undirected,1,1
UCOF_rGP9ceGECcB3XF9duHQ,UCsTcErHg8oDvUnTzoqsYeNw,Undirected,1,1
UCsTcErHg8oDvUnTzoqsYeNw,UCzCbdErjE3P9LbaNDKNZcoA,Undirected,1,1
UCsNGtpqGsyw0U6qEG-WHadA,UCsTcErHg8oDvUnTzoqsYeNw,Undirected,1,1
UCVYamHliCI9rw1tHR1xbkfw,UCZRYEa3YILhcdYd7MHkFGzg,Undirected,1,1
UC3fg6pL63upkXCc0T203wVg,UCEvzv3C8BR8d6r2VRqqsA_A,Undirected,1,1
UC3fg6pL63upkXCc0T203wVg,UCDlQwv99CovKafGvxyaiNDA,Undirected,2,2
UC3fg6pL63upkXCc0T203wVg,UCVNw9BAR5go7DZFdivJ8HgA,Undirected,1,1
UCDlQwv99CovKafGvxyaiNDA,UCVNw9BAR5go7DZFdivJ8HgA,Undirected,1,1
UC3fg6pL63upkXCc0T203wVg,UC4w1YQAJMWOz4qtxinq55LQ,Undirected,1,1
UC1s0DqYFcP_o6Z7lutHUPCQ,UC3fg6pL63upkXCc0T203wVg,Undirected,10,10
UC1s0DqYFcP_o6Z7lutHUPCQ,UC_7aK9PpYTqt08ERh1MewlQ,Undirected,1,1
UC1s0DqYFcP_o6Z7lutHUPCQ,UCnE_vx0f2y5iGpv3eopfZNA,Undirected,5,5
UC3fg6pL63upkXCc0T203wVg,UC_7aK9PpYTqt08ERh1MewlQ,Undirected,1,1
UC3fg6pL63upkXCc0T203wVg,UCnE_vx0f2y5iGpv3eopfZNA,Undirected,5,5
UC_7aK9PpYTqt08ERh1MewlQ,UCnE_vx0f2y5iGpv3eopfZNA,Undirected,1,1
UC1s0DqYFcP_o6Z7lutHUPCQ,UCufB8sMVyP9JEScMjLz74YA,Undirected,1,1
UC3fg6pL63upkXCc0T203wVg,UCufB8sMVyP9JEScMjLz74YA,Undirected,1,1
UCnE_vx0f2y5iGpv3eopfZNA,UCufB8sMVyP9JEScMjLz74YA,Undirected,1,1
UCoK6IAWHKroekmA-LtAI53A,UCvQECJukTDE2i6aCoMnS-Vg,Undirected,1,1
UCoK6IAWHKroekmA-LtAI53A,UCz7Gx6wLCiPw3F-AmXUvH8w,Undirected,1,1
UCvQECJukTDE2i6aCoMnS-Vg,UCz7Gx6wLCiPw3F-AmXUvH8w,Undirected,1,1
UC5Jnt7OgEHro3W7kr-jjCrw,UCvQECJukTDE2i6aCoMnS-Vg,Undirected,2,2
UC-CUULVbDAJX6395AMDkV-g,UCvQECJukTDE2i6aCoMnS-Vg,Undirected,2,2
UCab3eZ-9h8YQU8qCQzZwCew,UCvQECJukTDE2i6aCoMnS-Vg,Undirected,1,1
UCHnyfMqiRRG1u-2MsSQLbXA,UCODHrzPMGbNv67e84WDZhQQ,Undirected,2,2
UCH4BNI0-FOK2dMXoFtViWHw,UCHnyfMqiRRG1u-2MsSQLbXA,Undirected,1,1
UCH4BNI0-FOK2dMXoFtViWHw,UCKzJFdi57J53Vr_BkTfN3uQ,Undirected,1,1
UCHnyfMqiRRG1u-2MsSQLbXA,UCKzJFdi57J53Vr_BkTfN3uQ,Undirected,1,1
UC1LpsuAUaKoMzzJSEt5WImw,UCAUcdsuURu_ect02FMle4TQ,Undirected,1,1
UC1LpsuAUaKoMzzJSEt5WImw,UCHnyfMqiRRG1u-2MsSQLbXA,Undirected,1,1
UCAUcdsuURu_ect02FMle4TQ,UCHnyfMqiRRG1u-2MsSQLbXA,Undirected,1,1
UCHnyfMqiRRG1u-2MsSQLbXA,UCKzqyRUej9BI5dhdjwF09vQ,Undirected,1,1
UC0PmbdI2FaKqAfugdViw9zQ,UCHnyfMqiRRG1u-2MsSQLbXA,Undirected,1,1
UC0PmbdI2FaKqAfugdViw9zQ,UCgBg0aacyJnw4qUnb1FlfEQ,Undirected,1,1
UCHnyfMqiRRG1u-2MsSQLbXA,UCgBg0aacyJnw4qUnb1FlfEQ,Undirected,1,1
UC6biysICWOJ-C3P4Tyeggzg,UCHnyfMqiRRG1u-2MsSQLbXA,Undirected,1,1
UC6biysICWOJ-C3P4Tyeggzg,UCNXNuvDr12tMwunYJJnKmig,Undirected,1,1
UC6biysICWOJ-C3P4Tyeggzg,UCODHrzPMGbNv67e84WDZhQQ,Undirected,1,1
UC6biysICWOJ-C3P4Tyeggzg,UCPxg965TKEiYJRkoux0xgHg,Undirected,1,1
UC6biysICWOJ-C3P4Tyeggzg,UClcE-kVhqyiHCcjYwcpfj9w,Undirected,1,1
UCHnyfMqiRRG1u-2MsSQLbXA,UCNXNuvDr12tMwunYJJnKmig,Undirected,1,1
UCHnyfMqiRRG1u-2MsSQLbXA,UCPxg965TKEiYJRkoux0xgHg,Undirected,1,1
UCHnyfMqiRRG1u-2MsSQLbXA,UClcE-kVhqyiHCcjYwcpfj9w,Undirected,1,1
UCNXNuvDr12tMwunYJJnKmig,UCODHrzPMGbNv67e84WDZhQQ,Undirected,1,1
UCNXNuvDr12tMwunYJJnKmig,UCPxg965TKEiYJRkoux0xgHg,Undirected,1,1
UCNXNuvDr12tMwunYJJnKmig,UClcE-kVhqyiHCcjYwcpfj9w,Undirected,1,1
UCODHrzPMGbNv67e84WDZhQQ,UCPxg965TKEiYJRkoux0xgHg,Undirected,1,1
UCODHrzPMGbNv67e84WDZhQQ,UClcE-kVhqyiHCcjYwcpfj9w,Undirected,1,1
UCPxg965TKEiYJRkoux0xgHg,UClcE-kVhqyiHCcjYwcpfj9w,Undirected,1,1
UCHnyfMqiRRG1u-2MsSQLbXA,UCdwths-Q8lcuF7wJwVWsC9g,Undirected,1,1
UCBJycsmduvYEL83R_U4JriQ,UCHnyfMqiRRG1u-2MsSQLbXA,Undirected,1,1
UCBJycsmduvYEL83R_U4JriQ,UCnyaFjtCzBls96RvD4Eytwg,Undirected,1,1
UCHnyfMqiRRG1u-2MsSQLbXA,UCnyaFjtCzBls96RvD4Eytwg,Undirected,1,1
UCHnyfMqiRRG1u-2MsSQLbXA,UCMb0O2CdPBNi-QqPk5T3gsQ,Undirected,1,1
UCHnyfMqiRRG1u-2MsSQLbXA,UCvVsD2hFZRgKNH7x5Q1wwug,Undirected,1,1
UCMb0O2CdPBNi-QqPk5T3gsQ,UCvVsD2hFZRgKNH7x5Q1wwug,Undirected,1,1
UCHnyfMqiRRG1u-2MsSQLbXA,UCiNLr9wX35KksK77mrQgxiw,Undirected,1,1
UC6nSFpj9HTCZ5t-N3Rm3-HA,UCJJ8gXdnTFLLHzRnWxIIaSA,Undirected,1,1
UC4zzTEL5tuIgGMvzjk1Ozbg,UC6nSFpj9HTCZ5t-N3Rm3-HA,Undirected,1,1
UC4zzTEL5tuIgGMvzjk1Ozbg,UCKOvOaJv4GK-oDqx-sj7VVg,Undirected,1,1
UC6nSFpj9HTCZ5t-N3Rm3-HA,UCKOvOaJv4GK-oDqx-sj7VVg,Undirected,1,1
UC1UIj7Y9SphX5GuoG2e94XQ,UC6nSFpj9HTCZ5t-N3Rm3-HA,Undirected,1,1
UC1UIj7Y9SphX5GuoG2e94XQ,UCtpR_LxM6ib96ehx7rHDffg,Undirected,1,1
UC6nSFpj9HTCZ5t-N3Rm3-HA,UCtpR_LxM6ib96ehx7rHDffg,Undirected,1,1
UCY1kMZp36IQSyNx_9h4mpCg,UCgS3NGtrPR8jCv39vs67rHQ,Undirected,1,1
UCaYNVIORCDQ30YKHlCbFkCQ,UCgS3NGtrPR8jCv39vs67rHQ,Undirected,1,1
UCgS3NGtrPR8jCv39vs67rHQ,UCs_H7Ry5XKs4wjYhYGI8rzw,Undirected,1,1
UC06E4Y_-ybJgBUMtXx8uNNw,UCUqbcRop12FjVcKjCgN46Gw,Undirected,1,1
UC06E4Y_-ybJgBUMtXx8uNNw,UCY1kMZp36IQSyNx_9h4mpCg,Undirected,1,1
UC06E4Y_-ybJgBUMtXx8uNNw,UCaYNVIORCDQ30YKHlCbFkCQ,Undirected,1,1
UC06E4Y_-ybJgBUMtXx8uNNw,UCfMJ2MchTSW2kWaT0kK94Yw,Undirected,1,1
UC06E4Y_-ybJgBUMtXx8uNNw,UCs_H7Ry5XKs4wjYhYGI8rzw,Undirected,1,1
UCUqbcRop12FjVcKjCgN46Gw,UCY1kMZp36IQSyNx_9h4mpCg,Undirected,1,1
UCUqbcRop12FjVcKjCgN46Gw,UCaYNVIORCDQ30YKHlCbFkCQ,Undirected,1,1
UCUqbcRop12FjVcKjCgN46Gw,UCfMJ2MchTSW2kWaT0kK94Yw,Undirected,1,1
UCUqbcRop12FjVcKjCgN46Gw,UCs_H7Ry5XKs4wjYhYGI8rzw,Undirected,1,1
UCY1kMZp36IQSyNx_9h4mpCg,UCfMJ2MchTSW2kWaT0kK94Yw,Undirected,1,1
UCaYNVIORCDQ30YKHlCbFkCQ,UCfMJ2MchTSW2kWaT0kK94Yw,Undirected,1,1
UCfMJ2MchTSW2kWaT0kK94Yw,UCs_H7Ry5XKs4wjYhYGI8rzw,Undirected,1,1
UCY1kMZp36IQSyNx_9h4mpCg,UCfH-Nu3JfN6gOanvL3RSLhg,Undirected,1,1
UCaYNVIORCDQ30YKHlCbFkCQ,UCfH-Nu3JfN6gOanvL3RSLhg,Undirected,1,1
UCfH-Nu3JfN6gOanvL3RSLhg,UCs_H7Ry5XKs4wjYhYGI8rzw,Undirected,1,1
UCY1kMZp36IQSyNx_9h4mpCg,UCaipeiXCYlkjS-DzwY661Fg,Undirected,1,1
UCaYNVIORCDQ30YKHlCbFkCQ,UCaipeiXCYlkjS-DzwY661Fg,Undirected,1,1
UCY1kMZp36IQSyNx_9h4mpCg,UCbsfyGlrjrKQC0gbzK0-EiA,Undirected,1,1
UCaYNVIORCDQ30YKHlCbFkCQ,UCbsfyGlrjrKQC0gbzK0-EiA,Undirected,1,1
UCbsfyGlrjrKQC0gbzK0-EiA,UCs_H7Ry5XKs4wjYhYGI8rzw,Undirected,1,1
UCJ0-OtVpF0wOKEqT2Z1HEtA,UCY1kMZp36IQSyNx_9h4mpCg,Undirected,1,1
UCJ0-OtVpF0wOKEqT2Z1HEtA,UCaYNVIORCDQ30YKHlCbFkCQ,Undirected,1,1
UCJ0-OtVpF0wOKEqT2Z1HEtA,UCs_H7Ry5XKs4wjYhYGI8rzw,Undirected,1,1
UCY1kMZp36IQSyNx_9h4mpCg,UCtI0Hodo5o5dUb67FeUjDeA,Undirected,1,1
UCaYNVIORCDQ30YKHlCbFkCQ,UCtI0Hodo5o5dUb67FeUjDeA,Undirected,1,1
UCs_H7Ry5XKs4wjYhYGI8rzw,UCtI0Hodo5o5dUb67FeUjDeA,Undirected,1,1
UCY1kMZp36IQSyNx_9h4mpCg,UCr-3vXMUNSdz09Dd10CXiWQ,Undirected,1,1
UCaYNVIORCDQ30YKHlCbFkCQ,UCr-3vXMUNSdz09Dd10CXiWQ,Undirected,1,1
UCr-3vXMUNSdz09Dd10CXiWQ,UCs_H7Ry5XKs4wjYhYGI8rzw,Undirected,1,1
UC6uKrU_WqJ1R2HMTY3LIx5Q,UCIG1k8umaCIIrujZPzZPIMA,Undirected,1,1
UC6uKrU_WqJ1R2HMTY3LIx5Q,UCJWjiXxsH7Nb2354JHI4q0Q,Undirected,1,1
UC6uKrU_WqJ1R2HMTY3LIx5Q,UCY1kMZp36IQSyNx_9h4mpCg,Undirected,1,1
UC6uKrU_WqJ1R2HMTY3LIx5Q,UCaYNVIORCDQ30YKHlCbFkCQ,Undirected,1,1
UC6uKrU_WqJ1R2HMTY3LIx5Q,UCs_H7Ry5XKs4wjYhYGI8rzw,Undirected,1,1
UCIG1k8umaCIIrujZPzZPIMA,UCJWjiXxsH7Nb2354JHI4q0Q,Undirected,1,1
UCIG1k8umaCIIrujZPzZPIMA,UCY1kMZp36IQSyNx_9h4mpCg,Undirected,1,1
UCIG1k8umaCIIrujZPzZPIMA,UCaYNVIORCDQ30YKHlCbFkCQ,Undirected,1,1
UCIG1k8umaCIIrujZPzZPIMA,UCs_H7Ry5XKs4wjYhYGI8rzw,Undirected,1,1
UCY1kMZp36IQSyNx_9h4mpCg,UCpzty9g0_u1ZBTEFhz0mHRA,Undirected,1,1
UCaYNVIORCDQ30YKHlCbFkCQ,UCpzty9g0_u1ZBTEFhz0mHRA,Undirected,1,1
UCpzty9g0_u1ZBTEFhz0mHRA,UCs_H7Ry5XKs4wjYhYGI8rzw,Undirected,1,1
UCX6OQ3DkcsbYNE6H8uQQuVA,UCaYNVIORCDQ30YKHlCbFkCQ,Undirected,1,1
UCX6OQ3DkcsbYNE6H8uQQuVA,UCs_H7Ry5XKs4wjYhYGI8rzw,Undirected,1,1
UC513PdAP2-jWkJunTh5kXRw,UCY1kMZp36IQSyNx_9h4mpCg,Undirected,1,1
UC513PdAP2-jWkJunTh5kXRw,UCaYNVIORCDQ30YKHlCbFkCQ,Undirected,1,1
UC513PdAP2-jWkJunTh5kXRw,UCs_H7Ry5XKs4wjYhYGI8rzw,Undirected,1,1
UC6107grRI4m0o2-emgoDnAA,UCtQvuwMxnCHD7rNbfKXcOdw,Undirected,1,1
UC6107grRI4m0o2-emgoDnAA,UClaC4xkueyTnrJQ6IvdMlgg,Undirected,1,1
UC5f5IV0Bf79YLp_p9nfInRA,UC6107grRI4m0o2-emgoDnAA,Undirected,1,1
UC5f5IV0Bf79YLp_p9nfInRA,UCUK0HBIBWgM2c4vsPhkYY4w,Undirected,1,1
UC6107grRI4m0o2-emgoDnAA,UCUK0HBIBWgM2c4vsPhkYY4w,Undirected,1,1
UC6107grRI4m0o2-emgoDnAA,UC_SLthyNX_ivd-dmsFgmJVg,Undirected,1,1
UC6107grRI4m0o2-emgoDnAA,UCed6me7QtjJiV-tvVgF7Rpg,Undirected,1,1
UC7DdEm33SyaTDtWYGO2CwdA,UCC552Sd-3nyi_tk2BudLUzA,Undirected,1,1
UC7DdEm33SyaTDtWYGO2CwdA,UCoMmQnzOP46AMYw08D_f-TA,Undirected,1,1
UCAuUUnT6oDeKwE6v1NGQxug,UCeIuImWY9NA05cbRJd4cFIw,Undirected,1,1
UC-8_qAhNVG8G1wxONMnYr3Q,UCAuUUnT6oDeKwE6v1NGQxug,Undirected,1,1
UCAuUUnT6oDeKwE6v1NGQxug,UCY1kMZp36IQSyNx_9h4mpCg,Undirected,1,1
UCZYTClx2T1of7BRZ86-8fow,UCeIuImWY9NA05cbRJd4cFIw,Undirected,1,1
UC415bOPUcGSamy543abLmRA,UCBJycsmduvYEL83R_U4JriQ,Undirected,1,1
UC415bOPUcGSamy543abLmRA,UCnmGIkw-KdI0W5siakKPKog,Undirected,1,1
UCBJycsmduvYEL83R_U4JriQ,UCnmGIkw-KdI0W5siakKPKog,Undirected,1,1
UC415bOPUcGSamy543abLmRA,UCGGZ_POGmIWG1pQXTDzQv-g,Undirected,1,1
UC415bOPUcGSamy543abLmRA,UCY1kMZp36IQSyNx_9h4mpCg,Undirected,1,1
UC415bOPUcGSamy543abLmRA,UCBR8-60-B28hp2BmDPdntcQ,Undirected,1,1
UC415bOPUcGSamy543abLmRA,UCkR4Uo4JuzDhqHWJNdVnWUw,Undirected,1,1
UC415bOPUcGSamy543abLmRA,UCqZQlzSHbVJrwrn5XvzrzcA,Undirected,1,1
UCBR8-60-B28hp2BmDPdntcQ,UCkR4Uo4JuzDhqHWJNdVnWUw,Undirected,1,1
UCBR8-60-B28hp2BmDPdntcQ,UCqZQlzSHbVJrwrn5XvzrzcA,Undirected,1,1
UCkR4Uo4JuzDhqHWJNdVnWUw,UCqZQlzSHbVJrwrn5XvzrzcA,Undirected,1,1
UC6EF4KgBqJTnJ-qQeCJ6Bnw,UC7_YxT-KID8kRbqZo7MyscQ,Undirected,10,10
UC6EF4KgBqJTnJ-qQeCJ6Bnw,UCAua9maY1vtNdBlYqnHRhwA,Undirected,6,6
UC7_YxT-KID8kRbqZo7MyscQ,UCAua9maY1vtNdBlYqnHRhwA,Undirected,14,14
UC7_YxT-KID8kRbqZo7MyscQ,UCIHuQPMxEdtEgpI0xxyKNXQ,Undirected,7,7
UCAua9maY1vtNdBlYqnHRhwA,UCIHuQPMxEdtEgpI0xxyKNXQ,Undirected,4,4
UC7_YxT-KID8kRbqZo7MyscQ,UClnQjx453Z3VcIq9bEKDSTw,Undirected,3,3
UCA2tt9GSU2sl8rAqjlLR3mQ,UCmUKewwuQJY2k2sw6lLTZmA,Undirected,7,7
UCmUKewwuQJY2k2sw6lLTZmA,UCqynl7rdtktKMQESdSBmE-g,Undirected,7,7
UC0lkCn7D--uMrtwAXRj_cdw,UCGdItO2QsPgyBTBuqg1DdCQ,Undirected,1,1
UC0lkCn7D--uMrtwAXRj_cdw,UCOxAZ3wFgF6MJpPK1J6RoeA,Undirected,1,1
UC0lkCn7D--uMrtwAXRj_cdw,UCTkXRDQl0luXxVQrRQvWS6w,Undirected,4,4
UCGdItO2QsPgyBTBuqg1DdCQ,UCOxAZ3wFgF6MJpPK1J6RoeA,Undirected,1,1
UCGdItO2QsPgyBTBuqg1DdCQ,UCTkXRDQl0luXxVQrRQvWS6w,Undirected,1,1
UCOxAZ3wFgF6MJpPK1J6RoeA,UCTkXRDQl0luXxVQrRQvWS6w,Undirected,1,1
UCPYZ-R5LQGMeU7QikgxmH8Q,UCTkXRDQl0luXxVQrRQvWS6w,Undirected,1,1
UCPYZ-R5LQGMeU7QikgxmH8Q,UCmUKewwuQJY2k2sw6lLTZmA,Undirected,2,2
UCPYZ-R5LQGMeU7QikgxmH8Q,UCzMjRlKVO9XIqH_crIFpi6w,Undirected,2,2
UCTkXRDQl0luXxVQrRQvWS6w,UCzMjRlKVO9XIqH_crIFpi6w,Undirected,2,2
UCmUKewwuQJY2k2sw6lLTZmA,UCzMjRlKVO9XIqH_crIFpi6w,Undirected,4,4
UC2EQTEfNO6Uzx84IvJjjE-Q,UCA2tt9GSU2sl8rAqjlLR3mQ,Undirected,4,4
UC2EQTEfNO6Uzx84IvJjjE-Q,UCTkXRDQl0luXxVQrRQvWS6w,Undirected,4,4
UC2EQTEfNO6Uzx84IvJjjE-Q,UCqynl7rdtktKMQESdSBmE-g,Undirected,3,3
UC0lkCn7D--uMrtwAXRj_cdw,UC2EQTEfNO6Uzx84IvJjjE-Q,Undirected,2,2
UC0lkCn7D--uMrtwAXRj_cdw,UCA2tt9GSU2sl8rAqjlLR3mQ,Undirected,3,3
UC0lkCn7D--uMrtwAXRj_cdw,UCqynl7rdtktKMQESdSBmE-g,Undirected,3,3
UC0lkCn7D--uMrtwAXRj_cdw,UCiHrC5USZ_u13c0trN7C5ZQ,Undirected,1,1
UC2EQTEfNO6Uzx84IvJjjE-Q,UCiHrC5USZ_u13c0trN7C5ZQ,Undirected,1,1
UCA2tt9GSU2sl8rAqjlLR3mQ,UCiHrC5USZ_u13c0trN7C5ZQ,Undirected,2,2
UCTkXRDQl0luXxVQrRQvWS6w,UCiHrC5USZ_u13c0trN7C5ZQ,Undirected,2,2
UCiHrC5USZ_u13c0trN7C5ZQ,UCqynl7rdtktKMQESdSBmE-g,Undirected,2,2
UCTkXRDQl0luXxVQrRQvWS6w,UCrYrcFGGs_nke1MggS8Jvqg,Undirected,5,5
UCA2tt9GSU2sl8rAqjlLR3mQ,UC_8NknAFiyhOUaZqHR3lq3Q,Undirected,2,2
UCTkXRDQl0luXxVQrRQvWS6w,UC_8NknAFiyhOUaZqHR3lq3Q,Undirected,2,2
UC_8NknAFiyhOUaZqHR3lq3Q,UCrYrcFGGs_nke1MggS8Jvqg,Undirected,2,2
UC1n_PfsVqxllCcnMPlxBIjw,UCTkXRDQl0luXxVQrRQvWS6w,Undirected,1,1
UC1n_PfsVqxllCcnMPlxBIjw,UC_8NknAFiyhOUaZqHR3lq3Q,Undirected,1,1
UC1n_PfsVqxllCcnMPlxBIjw,UCqynl7rdtktKMQESdSBmE-g,Undirected,1,1
UC1n_PfsVqxllCcnMPlxBIjw,UCrYrcFGGs_nke1MggS8Jvqg,Undirected,1,1
UC_8NknAFiyhOUaZqHR3lq3Q,UCqynl7rdtktKMQESdSBmE-g,Undirected,1,1
UCA2tt9GSU2sl8rAqjlLR3mQ,UCXGR70CkW_pXb8n52LzCCRw,Undirected,1,1
UCTkXRDQl0luXxVQrRQvWS6w,UCXGR70CkW_pXb8n52LzCCRw,Undirected,1,1
UCXGR70CkW_pXb8n52LzCCRw,UCqynl7rdtktKMQESdSBmE-g,Undirected,1,1
UCA2tt9GSU2sl8rAqjlLR3mQ,UCIbTKu0fPqqCOIW-BNeOqdA,Undirected,1,1
UCIbTKu0fPqqCOIW-BNeOqdA,UCTkXRDQl0luXxVQrRQvWS6w,Undirected,1,1
UCIbTKu0fPqqCOIW-BNeOqdA,UCmUKewwuQJY2k2sw6lLTZmA,Undirected,1,1
UCIbTKu0fPqqCOIW-BNeOqdA,UCqynl7rdtktKMQESdSBmE-g,Undirected,1,1
UCA2tt9GSU2sl8rAqjlLR3mQ,UCiMcmhdA1yX_5THetoe5uNQ,Undirected,1,1
UCA2tt9GSU2sl8rAqjlLR3mQ,UCxNF3I5Iq880ci62nsnfrPQ,Undirected,1,1
UCA2tt9GSU2sl8rAqjlLR3mQ,UCzMjRlKVO9XIqH_crIFpi6w,Undirected,3,3
UCiMcmhdA1yX_5THetoe5uNQ,UCmUKewwuQJY2k2sw6lLTZmA,Undirected,1,1
UCiMcmhdA1yX_5THetoe5uNQ,UCqynl7rdtktKMQESdSBmE-g,Undirected,1,1
UCiMcmhdA1yX_5THetoe5uNQ,UCxNF3I5Iq880ci62nsnfrPQ,Undirected,1,1
UCiMcmhdA1yX_5THetoe5uNQ,UCzMjRlKVO9XIqH_crIFpi6w,Undirected,1,1
UCmUKewwuQJY2k2sw6lLTZmA,UCxNF3I5Iq880ci62nsnfrPQ,Undirected,1,1
UCqynl7rdtktKMQESdSBmE-g,UCxNF3I5Iq880ci62nsnfrPQ,Undirected,1,1
UCqynl7rdtktKMQESdSBmE-g,UCzMjRlKVO9XIqH_crIFpi6w,Undirected,3,3
UCxNF3I5Iq880ci62nsnfrPQ,UCzMjRlKVO9XIqH_crIFpi6w,Undirected,1,1
UC2gufCjSyNihNbOEZE50bwQ,UCA2tt9GSU2sl8rAqjlLR3mQ,Undirected,2,2
UC2gufCjSyNihNbOEZE50bwQ,UCTkXRDQl0luXxVQrRQvWS6w,Undirected,1,1
UC2gufCjSyNihNbOEZE50bwQ,UCmUKewwuQJY2k2sw6lLTZmA,Undirected,2,2
UC2gufCjSyNihNbOEZE50bwQ,UCqynl7rdtktKMQESdSBmE-g,Undirected,2,2
UC2gufCjSyNihNbOEZE50bwQ,UCzMjRlKVO9XIqH_crIFpi6w,Undirected,2,2
UCA2tt9GSU2sl8rAqjlLR3mQ,UCAJNRT2xIBYBsomYXo9u5LA,Undirected,3,3
UCAJNRT2xIBYBsomYXo9u5LA,UCmUKewwuQJY2k2sw6lLTZmA,Undirected,2,2
UCAJNRT2xIBYBsomYXo9u5LA,UCqynl7rdtktKMQESdSBmE-g,Undirected,3,3
UC2gufCjSyNihNbOEZE50bwQ,UCPYZ-R5LQGMeU7QikgxmH8Q,Undirected,1,1
UCA2tt9GSU2sl8rAqjlLR3mQ,UCPYZ-R5LQGMeU7QikgxmH8Q,Undirected,1,1
UCPYZ-R5LQGMeU7QikgxmH8Q,UCqynl7rdtktKMQESdSBmE-g,Undirected,1,1
UC-vvba8QkD2fRmHZHT81YDw,UCA2tt9GSU2sl8rAqjlLR3mQ,Undirected,1,1
UC-vvba8QkD2fRmHZHT81YDw,UCTkXRDQl0luXxVQrRQvWS6w,Undirected,1,1
UC-vvba8QkD2fRmHZHT81YDw,UCqynl7rdtktKMQESdSBmE-g,Undirected,1,1
UCA2tt9GSU2sl8rAqjlLR3mQ,UCIjeURQHxjzFcRP6031BSDg,Undirected,1,1
UCAJNRT2xIBYBsomYXo9u5LA,UCIjeURQHxjzFcRP6031BSDg,Undirected,1,1
UCAJNRT2xIBYBsomYXo9u5LA,UCiHrC5USZ_u13c0trN7C5ZQ,Undirected,1,1
UCIjeURQHxjzFcRP6031BSDg,UCTkXRDQl0luXxVQrRQvWS6w,Undirected,1,1
UCIjeURQHxjzFcRP6031BSDg,UCiHrC5USZ_u13c0trN7C5ZQ,Undirected,1,1
UCIjeURQHxjzFcRP6031BSDg,UCqynl7rdtktKMQESdSBmE-g,Undirected,1,1
UC5p_l5ZeB_wGjO_yDXwiqvw,UChWHDyOrfyXJV1jMSwCasSA,Undirected,1,1
UC5p_l5ZeB_wGjO_yDXwiqvw,UChFur_NwVSbUozOcF_F2kMg,Undirected,1,1
UC-71I3qt1d35IYL5XC-0LZw,UC5p_l5ZeB_wGjO_yDXwiqvw,Undirected,1,1
UC5p_l5ZeB_wGjO_yDXwiqvw,UCvsdQrg8SkOvS2WiVXA5S4A,Undirected,1,1
UCWxlUwW9BgGISaakjGM37aw,UCnQ75FTDVG2gAGtzh-lSOgw,Undirected,13,13
UCWxlUwW9BgGISaakjGM37aw,UCqtWRG0Qowhrcrp6rIqIiDw,Undirected,24,24
UCnQ75FTDVG2gAGtzh-lSOgw,UCqtWRG0Qowhrcrp6rIqIiDw,Undirected,13,13
UCWxlUwW9BgGISaakjGM37aw,UCuo4oFbb__fyoIDE2z_RdMA,Undirected,1,1
UCnQ75FTDVG2gAGtzh-lSOgw,UCuo4oFbb__fyoIDE2z_RdMA,Undirected,1,1
UCqtWRG0Qowhrcrp6rIqIiDw,UCuo4oFbb__fyoIDE2z_RdMA,Undirected,1,1
UCCY_8y1FjtOegxKB4s2bWqw,UCWxlUwW9BgGISaakjGM37aw,Undirected,1,1
UCCY_8y1FjtOegxKB4s2bWqw,UCnQ75FTDVG2gAGtzh-lSOgw,Undirected,1,1
UCCY_8y1FjtOegxKB4s2bWqw,UCqtWRG0Qowhrcrp6rIqIiDw,Undirected,1,1
UCWxlUwW9BgGISaakjGM37aw,UCcO9KD-k_eY5RPyvn9qT5dA,Undirected,1,1
UCcO9KD-k_eY5RPyvn9qT5dA,UCqtWRG0Qowhrcrp6rIqIiDw,Undirected,1,1
UCWky5ZmrJdQqqlIOa6vGffA,UCWxlUwW9BgGISaakjGM37aw,Undirected,1,1
UCWky5ZmrJdQqqlIOa6vGffA,UCYzPXprvl5Y-Sf0g4vX-m6g,Undirected,1,1
UCWky5ZmrJdQqqlIOa6vGffA,UCqtWRG0Qowhrcrp6rIqIiDw,Undirected,1,1
UCWxlUwW9BgGISaakjGM37aw,UCYzPXprvl5Y-Sf0g4vX-m6g,Undirected,1,1
UCYzPXprvl5Y-Sf0g4vX-m6g,UCqtWRG0Qowhrcrp6rIqIiDw,Undirected,1,1
UCTIvWbKDaa3cv-gYjKlJbHQ,UCWxlUwW9BgGISaakjGM37aw,Undirected,1,1
UCTIvWbKDaa3cv-gYjKlJbHQ,UCqtWRG0Qowhrcrp6rIqIiDw,Undirected,1,1
UCIH0E-zQ3-HzYDChlpafRsQ,UCWxlUwW9BgGISaakjGM37aw,Undirected,1,1
UCIH0E-zQ3-HzYDChlpafRsQ,UCqtWRG0Qowhrcrp6rIqIiDw,Undirected,1,1
UCSnd_UHkXW7uBpjHz4qIq5Q,UCWxlUwW9BgGISaakjGM37aw,Undirected,1,1
UCSnd_UHkXW7uBpjHz4qIq5Q,UCqtWRG0Qowhrcrp6rIqIiDw,Undirected,1,1
UCSnd_UHkXW7uBpjHz4qIq5Q,UCujyjxsq5FZNVnQro51zKSQ,Undirected,1,1
UCWxlUwW9BgGISaakjGM37aw,UCujyjxsq5FZNVnQro51zKSQ,Undirected,1,1
UCqtWRG0Qowhrcrp6rIqIiDw,UCujyjxsq5FZNVnQro51zKSQ,Undirected,1,1
UCWxlUwW9BgGISaakjGM37aw,UC_8NknAFiyhOUaZqHR3lq3Q,Undirected,1,1
UC_8NknAFiyhOUaZqHR3lq3Q,UCqtWRG0Qowhrcrp6rIqIiDw,Undirected,1,1
UCWxlUwW9BgGISaakjGM37aw,UCvWU1K29wCZ8j1NsXsRrKnA,Undirected,1,1
UCqtWRG0Qowhrcrp6rIqIiDw,UCvWU1K29wCZ8j1NsXsRrKnA,Undirected,1,1
UC766vkQw0Mz3VtXX5XvXxGQ,UCUT8RoNBTJvwW1iErP6-b-A,Undirected,1,1
UCDogdKl7t7NHzQ95aEwkdMw,UCh5mLn90vUaB1PbRRx_AiaA,Undirected,8,8
UCDogdKl7t7NHzQ95aEwkdMw,UCw0f4GGeovKrQ_Ij_VtdjHg,Undirected,1,1
UCDogdKl7t7NHzQ95aEwkdMw,UCOlyWftmF4SxONwrS1KUsxA,Undirected,1,1
UCh5mLn90vUaB1PbRRx_AiaA,UCkawAHxrt6xJbUNnCtbd0Cw,Undirected,5,5
UCh5mLn90vUaB1PbRRx_AiaA,UCqcxR9B59H4DT1e6hg1Smiw,Undirected,1,1
UCGmnsW623G1r-Chmo5RB4Yw,UCo3IkF6cfjl8gvRAhyMe-xg,Undirected,25,25
UCGmnsW623G1r-Chmo5RB4Yw,UCw0f4GGeovKrQ_Ij_VtdjHg,Undirected,1,1
UCo3IkF6cfjl8gvRAhyMe-xg,UCw0f4GGeovKrQ_Ij_VtdjHg,Undirected,1,1
UC9BaJIXnYSyYalbCVfZTZ4A,UCGmnsW623G1r-Chmo5RB4Yw,Undirected,1,1
UC9BaJIXnYSyYalbCVfZTZ4A,UCo3IkF6cfjl8gvRAhyMe-xg,Undirected,1,1
UCGmnsW623G1r-Chmo5RB4Yw,UCWZmCMB7mmKWcXJSIPRhzZw,Undirected,1,1
UCGmnsW623G1r-Chmo5RB4Yw,UChntGq8THlUokhc1tT-M2wA,Undirected,1,1
UCWZmCMB7mmKWcXJSIPRhzZw,UChntGq8THlUokhc1tT-M2wA,Undirected,1,1
UCWZmCMB7mmKWcXJSIPRhzZw,UCo3IkF6cfjl8gvRAhyMe-xg,Undirected,1,1
UChntGq8THlUokhc1tT-M2wA,UCo3IkF6cfjl8gvRAhyMe-xg,Undirected,1,1
UCGmnsW623G1r-Chmo5RB4Yw,UCX2xI6iQR70IWlpi23V0gPw,Undirected,1,1
UCGmnsW623G1r-Chmo5RB4Yw,UCqjQu9qgL_eDXPwRnq45ZDQ,Undirected,1,1
UCX2xI6iQR70IWlpi23V0gPw,UCo3IkF6cfjl8gvRAhyMe-xg,Undirected,1,1
UCX2xI6iQR70IWlpi23V0gPw,UCqjQu9qgL_eDXPwRnq45ZDQ,Undirected,1,1
UCo3IkF6cfjl8gvRAhyMe-xg,UCqjQu9qgL_eDXPwRnq45ZDQ,Undirected,1,1
UC0rE2qq81of4fojo-KhO5rg,UCGmnsW623G1r-Chmo5RB4Yw,Undirected,1,1
UC0rE2qq81of4fojo-KhO5rg,UCo3IkF6cfjl8gvRAhyMe-xg,Undirected,1,1
UCGmnsW623G1r-Chmo5RB4Yw,UCj22tfcQrWG7EMEKS0qLeEg,Undirected,1,1
UCGmnsW623G1r-Chmo5RB4Yw,UClfos9f7uDdoun8ZyE9jYFg,Undirected,1,1
UCj22tfcQrWG7EMEKS0qLeEg,UClfos9f7uDdoun8ZyE9jYFg,Undirected,1,1
UCj22tfcQrWG7EMEKS0qLeEg,UCo3IkF6cfjl8gvRAhyMe-xg,Undirected,1,1
UClfos9f7uDdoun8ZyE9jYFg,UCo3IkF6cfjl8gvRAhyMe-xg,Undirected,1,1
UCGmnsW623G1r-Chmo5RB4Yw,UCmpWLoKQBVd5YPz0cYan_Xg,Undirected,1,1
UCMiJRAwDNSNzuYeN2uWa0pA,UCmpWLoKQBVd5YPz0cYan_Xg,Undirected,1,1
UCMiJRAwDNSNzuYeN2uWa0pA,UCo3IkF6cfjl8gvRAhyMe-xg,Undirected,1,1
UCmpWLoKQBVd5YPz0cYan_Xg,UCo3IkF6cfjl8gvRAhyMe-xg,Undirected,1,1
UCGmnsW623G1r-Chmo5RB4Yw,UCX6OQ3DkcsbYNE6H8uQQuVA,Undirected,1,1
UCGmnsW623G1r-Chmo5RB4Yw,UCRmmd8tl3sT96cqDynL4Qgg,Undirected,2,2
UCGmnsW623G1r-Chmo5RB4Yw,UCUFrBvQ96A-KeU6NgpemQXA,Undirected,1,1
UCGmnsW623G1r-Chmo5RB4Yw,UCh9YWV2A8jdwlqpE-hcAxWg,Undirected,2,2
UCGmnsW623G1r-Chmo5RB4Yw,UCsYW6Rl1rmrdEiDFKIyYzGw,Undirected,1,1
UCRmmd8tl3sT96cqDynL4Qgg,UCUFrBvQ96A-KeU6NgpemQXA,Undirected,1,1
UCRmmd8tl3sT96cqDynL4Qgg,UCh9YWV2A8jdwlqpE-hcAxWg,Undirected,1,1
UCRmmd8tl3sT96cqDynL4Qgg,UCsYW6Rl1rmrdEiDFKIyYzGw,Undirected,1,1
UCUFrBvQ96A-KeU6NgpemQXA,UCh9YWV2A8jdwlqpE-hcAxWg,Undirected,1,1
UCUFrBvQ96A-KeU6NgpemQXA,UCsYW6Rl1rmrdEiDFKIyYzGw,Undirected,1,1
UCh9YWV2A8jdwlqpE-hcAxWg,UCsYW6Rl1rmrdEiDFKIyYzGw,Undirected,1,1
UCGmnsW623G1r-Chmo5RB4Yw,UCrqsNpKuDQZreGaxBL_a5Jg,Undirected,5,5
UCo3IkF6cfjl8gvRAhyMe-xg,UCrqsNpKuDQZreGaxBL_a5Jg,Undirected,5,5
UC0YkVusIXvqvkZJcdx-1VDw,UCGmnsW623G1r-Chmo5RB4Yw,Undirected,1,1
UC0YkVusIXvqvkZJcdx-1VDw,UCo3IkF6cfjl8gvRAhyMe-xg,Undirected,1,1
UC0YkVusIXvqvkZJcdx-1VDw,UCxoKaKMzulp6sfQGOhNJnzQ,Undirected,1,1
UCGmnsW623G1r-Chmo5RB4Yw,UCxoKaKMzulp6sfQGOhNJnzQ,Undirected,1,1
UCo3IkF6cfjl8gvRAhyMe-xg,UCxoKaKMzulp6sfQGOhNJnzQ,Undirected,1,1
UCDZfjVPSN6NCEfWwuCeMxIg,UCGmnsW623G1r-Chmo5RB4Yw,Undirected,1,1
UCDZfjVPSN6NCEfWwuCeMxIg,UCLZVoF_mM2tM9Go6dusMxaA,Undirected,1,1
UCDZfjVPSN6NCEfWwuCeMxIg,UCo3IkF6cfjl8gvRAhyMe-xg,Undirected,1,1
UCGmnsW623G1r-Chmo5RB4Yw,UCLZVoF_mM2tM9Go6dusMxaA,Undirected,1,1
UCLZVoF_mM2tM9Go6dusMxaA,UCo3IkF6cfjl8gvRAhyMe-xg,Undirected,1,1
UCGmnsW623G1r-Chmo5RB4Yw,UCKqGZV0VV9g06kAYXAiacAQ,Undirected,1,1
UCGmnsW623G1r-Chmo5RB4Yw,UCqq5n-Oe-r1EEHI3yvhVJcA,Undirected,1,1
UCKqGZV0VV9g06kAYXAiacAQ,UCo3IkF6cfjl8gvRAhyMe-xg,Undirected,1,1
UCKqGZV0VV9g06kAYXAiacAQ,UCqq5n-Oe-r1EEHI3yvhVJcA,Undirected,1,1
UCo3IkF6cfjl8gvRAhyMe-xg,UCqq5n-Oe-r1EEHI3yvhVJcA,Undirected,1,1
UCFYs3KYHDPoZfwGv0A4sYGQ,UCGmnsW623G1r-Chmo5RB4Yw,Undirected,1,1
UCFYs3KYHDPoZfwGv0A4sYGQ,UCRmmd8tl3sT96cqDynL4Qgg,Undirected,1,1
UCFYs3KYHDPoZfwGv0A4sYGQ,UCo3IkF6cfjl8gvRAhyMe-xg,Undirected,1,1
UCRmmd8tl3sT96cqDynL4Qgg,UCo3IkF6cfjl8gvRAhyMe-xg,Undirected,1,1
UC3l22-Nz5X162au3uJF3Vwg,UCGmnsW623G1r-Chmo5RB4Yw,Undirected,1,1
UC3l22-Nz5X162au3uJF3Vwg,UCo3IkF6cfjl8gvRAhyMe-xg,Undirected,1,1
UC3l22-Nz5X162au3uJF3Vwg,UCrqsNpKuDQZreGaxBL_a5Jg,Undirected,1,1
UCGmnsW623G1r-Chmo5RB4Yw,UCmEQ7rugLA9aKKZ_LOAstxg,Undirected,1,1
UCh9YWV2A8jdwlqpE-hcAxWg,UCmEQ7rugLA9aKKZ_LOAstxg,Undirected,1,1
UCh9YWV2A8jdwlqpE-hcAxWg,UCo3IkF6cfjl8gvRAhyMe-xg,Undirected,1,1
UCmEQ7rugLA9aKKZ_LOAstxg,UCo3IkF6cfjl8gvRAhyMe-xg,Undirected,1,1
UCDogdKl7t7NHzQ95aEwkdMw,UCGmnsW623G1r-Chmo5RB4Yw,Undirected,1,1
UCDogdKl7t7NHzQ95aEwkdMw,UCo3IkF6cfjl8gvRAhyMe-xg,Undirected,1,1
UCDMHyBFbyJIKFiEwHty-u5Q,UCQNbfWASCZedLPFChbJ6AEg,Undirected,22,22
UCDMHyBFbyJIKFiEwHty-u5Q,UC_8JxHQrJHC4rUsBtoPY4wQ,Undirected,23,23
UCDMHyBFbyJIKFiEwHty-u5Q,UCdcUmdOxMrhRjKMw-BX19AA,Undirected,30,30
UCDMHyBFbyJIKFiEwHty-u5Q,UCv-GNHtqM97EaU_i7gN_Ikw,Undirected,32,32
UCDMHyBFbyJIKFiEwHty-u5Q,UCxOzbkk0bdVl6-tH1Fcajfg,Undirected,20,20
UCQNbfWASCZedLPFChbJ6AEg,UC_8JxHQrJHC4rUsBtoPY4wQ,Undirected,21,21
UCQNbfWASCZedLPFChbJ6AEg,UCdcUmdOxMrhRjKMw-BX19AA,Undirected,22,22
UCQNbfWASCZedLPFChbJ6AEg,UCv-GNHtqM97EaU_i7gN_Ikw,Undirected,23,23
UCQNbfWASCZedLPFChbJ6AEg,UCxOzbkk0bdVl6-tH1Fcajfg,Undirected,20,20
UC_8JxHQrJHC4rUsBtoPY4wQ,UCdcUmdOxMrhRjKMw-BX19AA,Undirected,23,23
UC_8JxHQrJHC4rUsBtoPY4wQ,UCv-GNHtqM97EaU_i7gN_Ikw,Undirected,23,23
UC_8JxHQrJHC4rUsBtoPY4wQ,UCxOzbkk0bdVl6-tH1Fcajfg,Undirected,20,20
UCdcUmdOxMrhRjKMw-BX19AA,UCv-GNHtqM97EaU_i7gN_Ikw,Undirected,28,28
UCdcUmdOxMrhRjKMw-BX19AA,UCxOzbkk0bdVl6-tH1Fcajfg,Undirected,20,20
UCv-GNHtqM97EaU_i7gN_Ikw,UCxOzbkk0bdVl6-tH1Fcajfg,Undirected,20,20
UCdcUmdOxMrhRjKMw-BX19AA,UCmz-eukcvHFUQGJKwyB39SA,Undirected,7,7
UCmz-eukcvHFUQGJKwyB39SA,UCvj3hNvwrEgTRkeut7_cBAQ,Undirected,1,1
UCDMHyBFbyJIKFiEwHty-u5Q,UCmz-eukcvHFUQGJKwyB39SA,Undirected,8,8
UCQNbfWASCZedLPFChbJ6AEg,UCSDgFpNwhWvztkEHDaaSSSw,Undirected,1,1
UCQNbfWASCZedLPFChbJ6AEg,UCmz-eukcvHFUQGJKwyB39SA,Undirected,1,1
UCSDgFpNwhWvztkEHDaaSSSw,UCmz-eukcvHFUQGJKwyB39SA,Undirected,1,1
UC9K44RtwiROAwCpALm1wdyQ,UCmz-eukcvHFUQGJKwyB39SA,Undirected,2,2
UC56CIdqj-Ski8Jt6brXGE3A,UCmz-eukcvHFUQGJKwyB39SA,Undirected,2,2
UC3z35x7ec5__aRswtr-LQFQ,UCDMHyBFbyJIKFiEwHty-u5Q,Undirected,1,1
UC3z35x7ec5__aRswtr-LQFQ,UCdcUmdOxMrhRjKMw-BX19AA,Undirected,1,1
UC3z35x7ec5__aRswtr-LQFQ,UCmz-eukcvHFUQGJKwyB39SA,Undirected,1,1
UC56CIdqj-Ski8Jt6brXGE3A,UCDMHyBFbyJIKFiEwHty-u5Q,Undirected,1,1
UC56CIdqj-Ski8Jt6brXGE3A,UCtJJNQ20ierLOoPKvKEuFNQ,Undirected,1,1
UCDMHyBFbyJIKFiEwHty-u5Q,UCtJJNQ20ierLOoPKvKEuFNQ,Undirected,3,3
UCmz-eukcvHFUQGJKwyB39SA,UCtJJNQ20ierLOoPKvKEuFNQ,Undirected,2,2
UCXrK2PrFjlSpka-wky5PbkA,UCe9CUj9W72Y8jo-_9xUzbwA,Undirected,1,1
UCXrK2PrFjlSpka-wky5PbkA,UChgYF4LZR7lWP4OkQSGYcqQ,Undirected,1,1
UCXrK2PrFjlSpka-wky5PbkA,UCq3xWfTdDRjgyd7_WOK94Fg,Undirected,1,1
UCXrK2PrFjlSpka-wky5PbkA,UCv-GNHtqM97EaU_i7gN_Ikw,Undirected,1,1
UCe9CUj9W72Y8jo-_9xUzbwA,UChgYF4LZR7lWP4OkQSGYcqQ,Undirected,1,1
UCe9CUj9W72Y8jo-_9xUzbwA,UCq3xWfTdDRjgyd7_WOK94Fg,Undirected,3,3
UCe9CUj9W72Y8jo-_9xUzbwA,UCv-GNHtqM97EaU_i7gN_Ikw,Undirected,4,4
UChgYF4LZR7lWP4OkQSGYcqQ,UCq3xWfTdDRjgyd7_WOK94Fg,Undirected,1,1
UChgYF4LZR7lWP4OkQSGYcqQ,UCv-GNHtqM97EaU_i7gN_Ikw,Undirected,1,1
UCq3xWfTdDRjgyd7_WOK94Fg,UCv-GNHtqM97EaU_i7gN_Ikw,Undirected,3,3
UCDMHyBFbyJIKFiEwHty-u5Q,UCKktpHnYOWPROE8ibLkE0Ug,Undirected,9,9
UCKktpHnYOWPROE8ibLkE0Ug,UCv-GNHtqM97EaU_i7gN_Ikw,Undirected,11,11
UC-kKVDM5ZfqbmJUJiMdyecw,UCDMHyBFbyJIKFiEwHty-u5Q,Undirected,2,2
UC-kKVDM5ZfqbmJUJiMdyecw,UCKktpHnYOWPROE8ibLkE0Ug,Undirected,2,2
UC-kKVDM5ZfqbmJUJiMdyecw,UCv-GNHtqM97EaU_i7gN_Ikw,Undirected,3,3
UC-kKVDM5ZfqbmJUJiMdyecw,UCdcUmdOxMrhRjKMw-BX19AA,Undirected,1,1
UC-kKVDM5ZfqbmJUJiMdyecw,UClAIF7MWDZmQw841dVKOayg,Undirected,1,1
UCdcUmdOxMrhRjKMw-BX19AA,UClAIF7MWDZmQw841dVKOayg,Undirected,2,2
UClAIF7MWDZmQw841dVKOayg,UCv-GNHtqM97EaU_i7gN_Ikw,Undirected,2,2
UCKktpHnYOWPROE8ibLkE0Ug,UCdcUmdOxMrhRjKMw-BX19AA,Undirected,2,2
UCLgfWSKeXKKix3EuDOKb-ZA,UCQNbfWASCZedLPFChbJ6AEg,Undirected,1,1
UCLgfWSKeXKKix3EuDOKb-ZA,UCdcUmdOxMrhRjKMw-BX19AA,Undirected,1,1
UCLgfWSKeXKKix3EuDOKb-ZA,UCv-GNHtqM97EaU_i7gN_Ikw,Undirected,1,1
UCDMHyBFbyJIKFiEwHty-u5Q,UCe9CUj9W72Y8jo-_9xUzbwA,Undirected,1,1
UCKktpHnYOWPROE8ibLkE0Ug,UCQNbfWASCZedLPFChbJ6AEg,Undirected,2,2
UCKktpHnYOWPROE8ibLkE0Ug,UCe9CUj9W72Y8jo-_9xUzbwA,Undirected,1,1
UCKktpHnYOWPROE8ibLkE0Ug,UCtJJNQ20ierLOoPKvKEuFNQ,Undirected,1,1
UCQNbfWASCZedLPFChbJ6AEg,UCe9CUj9W72Y8jo-_9xUzbwA,Undirected,1,1
UCQNbfWASCZedLPFChbJ6AEg,UCtJJNQ20ierLOoPKvKEuFNQ,Undirected,1,1
UCe9CUj9W72Y8jo-_9xUzbwA,UCtJJNQ20ierLOoPKvKEuFNQ,Undirected,1,1
UCtJJNQ20ierLOoPKvKEuFNQ,UCv-GNHtqM97EaU_i7gN_Ikw,Undirected,1,1
UCDogdKl7t7NHzQ95aEwkdMw,UCe9CUj9W72Y8jo-_9xUzbwA,Undirected,1,1
UCDogdKl7t7NHzQ95aEwkdMw,UCq3xWfTdDRjgyd7_WOK94Fg,Undirected,3,3
UCDogdKl7t7NHzQ95aEwkdMw,UCv-GNHtqM97EaU_i7gN_Ikw,Undirected,1,1
UCDogdKl7t7NHzQ95aEwkdMw,UCKktpHnYOWPROE8ibLkE0Ug,Undirected,1,1
UCKktpHnYOWPROE8ibLkE0Ug,UCq3xWfTdDRjgyd7_WOK94Fg,Undirected,2,2
UCQNbfWASCZedLPFChbJ6AEg,UCq3xWfTdDRjgyd7_WOK94Fg,Undirected,1,1
UCEt0NRuPC9B1KpDep5yGu9g,UCQIdhgHHjGbkrThGV64bVzw,Undirected,1,1
UCEt0NRuPC9B1KpDep5yGu9g,UCq3xWfTdDRjgyd7_WOK94Fg,Undirected,3,3
UCEt0NRuPC9B1KpDep5yGu9g,UCv-GNHtqM97EaU_i7gN_Ikw,Undirected,1,1
UCQIdhgHHjGbkrThGV64bVzw,UCq3xWfTdDRjgyd7_WOK94Fg,Undirected,1,1
UCQIdhgHHjGbkrThGV64bVzw,UCv-GNHtqM97EaU_i7gN_Ikw,Undirected,1,1
UC7feqC03cwddI9fmFj57voA,UCq3xWfTdDRjgyd7_WOK94Fg,Undirected,4,4
UC7feqC03cwddI9fmFj57voA,UCEt0NRuPC9B1KpDep5yGu9g,Undirected,1,1
UCGeBogGDZ9W3dsGx-mWQGJA,UCJ5v_MCY6GNUBTO8-D3XoAg,Undirected,2,2
UCGeBogGDZ9W3dsGx-mWQGJA,UCthlbSE8XiIs4rXvbLk7IvQ,Undirected,1,1
UCGeBogGDZ9W3dsGx-mWQGJA,UCvxWyn4rfcI2H9APhfUIB1Q,Undirected,1,1
UCGeBogGDZ9W3dsGx-mWQGJA,UCRvN3s6FT1BMsxXGoQYTtkw,Undirected,1,1
UC2OREBiIbDChxvmDeg30Bsg,UCGeBogGDZ9W3dsGx-mWQGJA,Undirected,1,1
UC2OREBiIbDChxvmDeg30Bsg,UCJ5v_MCY6GNUBTO8-D3XoAg,Undirected,1,1
UCJrWyyCRROi8NlQ6Xd9dx5Q,UCRijo3ddMTht_IHyNSNXpNQ,Undirected,4,4
UCJrWyyCRROi8NlQ6Xd9dx5Q,UCfi-mPMOmche6WI-jkvnGXw,Undirected,1,1
UCRijo3ddMTht_IHyNSNXpNQ,UCfi-mPMOmche6WI-jkvnGXw,Undirected,1,1
UCRijo3ddMTht_IHyNSNXpNQ,UCdtd0HcgVPoCUUdxjrx8IpQ,Undirected,1,1
UCRijo3ddMTht_IHyNSNXpNQ,UCVMOQmAEqtzfBGV-_X6_zMw,Undirected,1,1
UCRijo3ddMTht_IHyNSNXpNQ,UCbb2JJRVnkkuDs6tzlq2GLw,Undirected,1,1
UCEto3mpl-owyuDrlg2CVCIw,UCJrWyyCRROi8NlQ6Xd9dx5Q,Undirected,1,1
UCEto3mpl-owyuDrlg2CVCIw,UCR5WKiTR0qk0MvSlIFX4MNw,Undirected,1,1
UCEto3mpl-owyuDrlg2CVCIw,UCRijo3ddMTht_IHyNSNXpNQ,Undirected,1,1
UCJrWyyCRROi8NlQ6Xd9dx5Q,UCR5WKiTR0qk0MvSlIFX4MNw,Undirected,1,1
UCR5WKiTR0qk0MvSlIFX4MNw,UCRijo3ddMTht_IHyNSNXpNQ,Undirected,1,1
UC89AgkG34oooZubVt23wzFw,UCRijo3ddMTht_IHyNSNXpNQ,Undirected,1,1
UC0biFgrMdkv1hFAFLVePODQ,UCY30JRSgfhYXA6i6xX1erWg,Undirected,1,1
UC4PooiX37Pld1T8J5SYT-SQ,UCIRPDoWlTPtMapZN-e3ZZsw,Undirected,29,29
UCbochVIwBCzJb9I2lLGXGjQ,UCfoK9LI9vmQQ36zqsFZtNJQ,Undirected,1,1
UCYLG0W5s5aA6q39oTqf-H4w,UCbochVIwBCzJb9I2lLGXGjQ,Undirected,1,1
UCbochVIwBCzJb9I2lLGXGjQ,UCd25I7Y3-NEKNOoImYhQ-3g,Undirected,1,1
UCPoW3Vxg_DMzOJ6rzsiqQ9g,UCpi8TJfiA4lKGkaXs__YdBA,Undirected,1,1
UCGGZ_POGmIWG1pQXTDzQv-g,UCPD_bxCRGpmmeQcbe2kpPaA,Undirected,1,1
UCPD_bxCRGpmmeQcbe2kpPaA,UCbiRYk5AAeHHpMFhsZmAsDw,Undirected,1,1
UCPD_bxCRGpmmeQcbe2kpPaA,UCi2KNss4Yx73NG0JARSFe0A,Undirected,1,1
UCPD_bxCRGpmmeQcbe2kpPaA,UCp5d89SAd11PrkU4rYkxkDg,Undirected,1,1
UC7uVXl9VT206Z5uiu76Ju4w,UCPD_bxCRGpmmeQcbe2kpPaA,Undirected,1,1
UC7uVXl9VT206Z5uiu76Ju4w,UCXdDJGHM-ll-hI7dnjf3Xdg,Undirected,1,1
UC7uVXl9VT206Z5uiu76Ju4w,UCaGImPpcZdJ_8Iu20lCbHHw,Undirected,1,1
UCPD_bxCRGpmmeQcbe2kpPaA,UCXdDJGHM-ll-hI7dnjf3Xdg,Undirected,1,1
UCPD_bxCRGpmmeQcbe2kpPaA,UCaGImPpcZdJ_8Iu20lCbHHw,Undirected,1,1
UCXdDJGHM-ll-hI7dnjf3Xdg,UCaGImPpcZdJ_8Iu20lCbHHw,Undirected,1,1
UC10QThQSVbvlL-qFgDJiT8A,UCmK3k1U3D3fqPZWcnAaa-Vg,Undirected,1,1
UC10QThQSVbvlL-qFgDJiT8A,UCzQUP1qoWDoEbmsQxvdjxgQ,Undirected,1,1
UCmK3k1U3D3fqPZWcnAaa-Vg,UCzQUP1qoWDoEbmsQxvdjxgQ,Undirected,1,1
UCBQMzWLyHV29Yvh4AxkiZIg,UCzQUP1qoWDoEbmsQxvdjxgQ,Undirected,1,1
UCSpgfnd_73JM9kVfynhMiXQ,UCzQUP1qoWDoEbmsQxvdjxgQ,Undirected,1,1
UC2utQmYluWGlhV-W0rTA2wg,UCzQUP1qoWDoEbmsQxvdjxgQ,Undirected,1,1
UCX8puwySi2vmz0YxCqoYMCg,UCzQUP1qoWDoEbmsQxvdjxgQ,Undirected,1,1
UCtZ6qwLISrbRkYG2oBYLz3g,UCzQUP1qoWDoEbmsQxvdjxgQ,Undirected,1,1
UCGyl-mppglI0ZACJ-7oszbg,UCl0q_XqiWDMA-Q9SzUO3y-Q,Undirected,1,1
UCGyl-mppglI0ZACJ-7oszbg,UCzQUP1qoWDoEbmsQxvdjxgQ,Undirected,1,1
UCl0q_XqiWDMA-Q9SzUO3y-Q,UCzQUP1qoWDoEbmsQxvdjxgQ,Undirected,1,1
UCs3T104jUqCD9Fca2kWWTwA,UCzQUP1qoWDoEbmsQxvdjxgQ,Undirected,1,1
UCS8WPEnb7XXuYZTa0bTxuTw,UCkqNTF2SegipHCkwkBrq6hw,Undirected,1,1
UCS8WPEnb7XXuYZTa0bTxuTw,UCzQUP1qoWDoEbmsQxvdjxgQ,Undirected,1,1
UCkqNTF2SegipHCkwkBrq6hw,UCzQUP1qoWDoEbmsQxvdjxgQ,Undirected,1,1
UCESLZhusAkFfsNsApnjF_Cg,UCVRZ75ihzAZFihD1dS8qvwg,Undirected,1,1
UCESLZhusAkFfsNsApnjF_Cg,UCzQUP1qoWDoEbmsQxvdjxgQ,Undirected,1,1
UCVRZ75ihzAZFihD1dS8qvwg,UCzQUP1qoWDoEbmsQxvdjxgQ,Undirected,1,1
UCL2VR6aVxWDUY34usexCaHQ,UCzQUP1qoWDoEbmsQxvdjxgQ,Undirected,1,1
UCK8lhcSRMq63lrR-WRLiSlQ,UCzQUP1qoWDoEbmsQxvdjxgQ,Undirected,1,1
UCyzCT9T9X2PKFzayJXVdZfw,UCzQUP1qoWDoEbmsQxvdjxgQ,Undirected,1,1
UCLH7qUqM0PLieCVaHA7RegA,UCzQUP1qoWDoEbmsQxvdjxgQ,Undirected,1,1
UCiE3q35hojEnPEjjCvnwm5A,UCzQUP1qoWDoEbmsQxvdjxgQ,Undirected,1,1
UC6dwaC5J_YiXXsRCZhqK3yw,UCzQUP1qoWDoEbmsQxvdjxgQ,Undirected,1,1
UCVry09UE9Ip5LJYcjG5f0ig,UCbGRav5Z8hKdPEO9oN7ekMw,Undirected,2,2
UCVry09UE9Ip5LJYcjG5f0ig,UCzQUP1qoWDoEbmsQxvdjxgQ,Undirected,1,1
UCbGRav5Z8hKdPEO9oN7ekMw,UCzQUP1qoWDoEbmsQxvdjxgQ,Undirected,1,1
UC9cn0TuPq4dnbTY-CBsm8XA,UCzQUP1qoWDoEbmsQxvdjxgQ,Undirected,1,1
UChXKAI83IuqSneWe92F97jQ,UCzQUP1qoWDoEbmsQxvdjxgQ,Undirected,1,1
UCR85PW_B_7_Aisx5vNS7Gjw,UCzQUP1qoWDoEbmsQxvdjxgQ,Undirected,1,1
UCRdVg6Xj_Az9YOsqDzLRbtA,UCzQUP1qoWDoEbmsQxvdjxgQ,Undirected,1,1
UCYIgiXwJck_Pb5Nj-wIrsqg,UCzQUP1qoWDoEbmsQxvdjxgQ,Undirected,1,1
UC2eEKIAE77w0xYWjvyWP7MQ,UCzQUP1qoWDoEbmsQxvdjxgQ,Undirected,1,1
UCh1e_0mXLpWgyWdsIyd2waQ,UCzQUP1qoWDoEbmsQxvdjxgQ,Undirected,1,1
UCCxw3NMP8-2BtgRgIjjLo_A,UCzQUP1qoWDoEbmsQxvdjxgQ,Undirected,1,1
UCLtREJY21xRfCuEKvdki1Kw,UCzRrheyUCB_qUrrfQ_sEG-Q,Undirected,1,1
UCLtREJY21xRfCuEKvdki1Kw,UCz981RxgS-A2ID99W8wXzTA,Undirected,1,1
UC9as_4s9T_EjEMp-_vQ4h9w,UCLtREJY21xRfCuEKvdki1Kw,Undirected,1,1
UCCp5hNvyCJTVq5Gt804XJiA,UCLtREJY21xRfCuEKvdki1Kw,Undirected,1,1
UC2SZ-f5A5eZ6xTOEA78xY_A,UCwzCMiicL-hBUzyjWiJaseg,Undirected,26,26
UC5caRbGN5SukgJnj2ecK_wA,UCSHZKyawb77ixDdsGog4iWA,Undirected,1,1
UCSGFY2a_DYK8plQI_fcY_Xg,UCSHZKyawb77ixDdsGog4iWA,Undirected,1,1
UCK8sQmJBp8GCxrOtXWBpyEA,UCSHZKyawb77ixDdsGog4iWA,Undirected,1,1
UCCGfqB7qtWIktmPyf5UMcbw,UCSHZKyawb77ixDdsGog4iWA,Undirected,1,1
UCSHZKyawb77ixDdsGog4iWA,UCbGRav5Z8hKdPEO9oN7ekMw,Undirected,2,2
UCSHZKyawb77ixDdsGog4iWA,UCVry09UE9Ip5LJYcjG5f0ig,Undirected,1,1
UCNzszbnvQeFzObW0ghk0Ckw,UCSHZKyawb77ixDdsGog4iWA,Undirected,1,1
UCNzszbnvQeFzObW0ghk0Ckw,UCtb6a_CnmGbSns9G8W2Ny0w,Undirected,1,1
UCSHZKyawb77ixDdsGog4iWA,UCtb6a_CnmGbSns9G8W2Ny0w,Undirected,1,1
UCSHZKyawb77ixDdsGog4iWA,UCSwz8c5gvTZ22QPoX-hpJ3Q,Undirected,1,1
UCSHZKyawb77ixDdsGog4iWA,UC_CzsS7UTjcxJ-xXp1ftxtA,Undirected,1,1
UCSHZKyawb77ixDdsGog4iWA,UCayQjCHzSnqPszcHNMmfkSg,Undirected,1,1
UC_CzsS7UTjcxJ-xXp1ftxtA,UCayQjCHzSnqPszcHNMmfkSg,Undirected,1,1
UCSHZKyawb77ixDdsGog4iWA,UCVG90hWNJli0TE9zyxFBiQA,Undirected,1,1
UCHuiy8bXnmK5nisYHUd1J5g,UCSHZKyawb77ixDdsGog4iWA,Undirected,1,1
UC78cxCAcp7JfQPgKxYdyGrg,UCRXiA3h1no_PFkb1JCP0yMA,Undirected,1,1
UC78cxCAcp7JfQPgKxYdyGrg,UCJvR4zNAPRJoMDF3A912dBA,Undirected,11,11
UC78cxCAcp7JfQPgKxYdyGrg,UCnczwH3BnO7hVYCo9tOUg7A,Undirected,11,11
UCJvR4zNAPRJoMDF3A912dBA,UCnczwH3BnO7hVYCo9tOUg7A,Undirected,11,11
UCmh5gdwCx6lN7gEC20leNVA,UCrXElbXvCkFQ_tktnqekTtQ,Undirected,1,1
UCmh5gdwCx6lN7gEC20leNVA,UCmx6-tW6k6LP133j4LuK1Eg,Undirected,1,1
UC_k6e2PPDUnxEdMJC9Q044g,UCmh5gdwCx6lN7gEC20leNVA,Undirected,4,4
UC6_hw4gZ-W18xqzr7ACWcGQ,UCmh5gdwCx6lN7gEC20leNVA,Undirected,3,3
UCAl5Ow5B22m7kO_7NhUVL5g,UCWk68Uw6V990fjnTbcOHeoA,Undirected,1,1
UCAl5Ow5B22m7kO_7NhUVL5g,UC_k6e2PPDUnxEdMJC9Q044g,Undirected,1,1
UCAl5Ow5B22m7kO_7NhUVL5g,UCmh5gdwCx6lN7gEC20leNVA,Undirected,1,1
UCWk68Uw6V990fjnTbcOHeoA,UC_k6e2PPDUnxEdMJC9Q044g,Undirected,1,1
UCWk68Uw6V990fjnTbcOHeoA,UCmh5gdwCx6lN7gEC20leNVA,Undirected,1,1
UC73dcH1rSNhZppIv9pLUNFA,UC89AgkG34oooZubVt23wzFw,Undirected,1,1
UC73dcH1rSNhZppIv9pLUNFA,UC_k6e2PPDUnxEdMJC9Q044g,Undirected,1,1
UC73dcH1rSNhZppIv9pLUNFA,UCcedwvr7BdBSzTnCouzG-yQ,Undirected,1,1
UC73dcH1rSNhZppIv9pLUNFA,UCmh5gdwCx6lN7gEC20leNVA,Undirected,1,1
UC89AgkG34oooZubVt23wzFw,UC_k6e2PPDUnxEdMJC9Q044g,Undirected,1,1
UC89AgkG34oooZubVt23wzFw,UCcedwvr7BdBSzTnCouzG-yQ,Undirected,1,1
UC89AgkG34oooZubVt23wzFw,UCmh5gdwCx6lN7gEC20leNVA,Undirected,1,1
UC_k6e2PPDUnxEdMJC9Q044g,UCcedwvr7BdBSzTnCouzG-yQ,Undirected,1,1
UCcedwvr7BdBSzTnCouzG-yQ,UCmh5gdwCx6lN7gEC20leNVA,Undirected,1,1
UC32pwqMwtziyf0-LTOcrB3w,UC6_hw4gZ-W18xqzr7ACWcGQ,Undirected,2,2
UC32pwqMwtziyf0-LTOcrB3w,UCmh5gdwCx6lN7gEC20leNVA,Undirected,2,2
UC32pwqMwtziyf0-LTOcrB3w,UCIn73k3a-nb0giPW73wvKRA,Undirected,1,1
UC6_hw4gZ-W18xqzr7ACWcGQ,UCIn73k3a-nb0giPW73wvKRA,Undirected,1,1
UCIn73k3a-nb0giPW73wvKRA,UCmh5gdwCx6lN7gEC20leNVA,Undirected,1,1
UChGnNih8OrcHBcmGdorwJLQ,UCmh5gdwCx6lN7gEC20leNVA,Undirected,2,2
UCYuTELGi3Vz_zAAU9kNnSvg,UC_k6e2PPDUnxEdMJC9Q044g,Undirected,1,1
UCYuTELGi3Vz_zAAU9kNnSvg,UChGnNih8OrcHBcmGdorwJLQ,Undirected,1,1
UCYuTELGi3Vz_zAAU9kNnSvg,UCmh5gdwCx6lN7gEC20leNVA,Undirected,1,1
UC_k6e2PPDUnxEdMJC9Q044g,UChGnNih8OrcHBcmGdorwJLQ,Undirected,1,1
UC4avs5jYd_FvzQ8f0XYziqw,UCJHA_jMfCvEnv-3kRjTCQXw,Undirected,1,1
UCDyOn-5cBXWvXUlD6fly6aw,UCJHA_jMfCvEnv-3kRjTCQXw,Undirected,1,1
UCJHA_jMfCvEnv-3kRjTCQXw,UCU_XRI4aAckesTGH2x7BL1A,Undirected,1,1
UCJHA_jMfCvEnv-3kRjTCQXw,UCfE5Cz44GlZVyoaYTHJbuZw,Undirected,1,1
UCU_XRI4aAckesTGH2x7BL1A,UCfE5Cz44GlZVyoaYTHJbuZw,Undirected,1,1
UCJHA_jMfCvEnv-3kRjTCQXw,UCMyOj6fhvKFMjxUCp3b_3gA,Undirected,1,1
UCJHA_jMfCvEnv-3kRjTCQXw,UCJwuGzZokYefxt8LYjW8BDA,Undirected,1,1
UCJ901NqoRaXMnIm7aOjLyuA,UCJHA_jMfCvEnv-3kRjTCQXw,Undirected,1,1
UCJHA_jMfCvEnv-3kRjTCQXw,UCfDNi1aEljAQ17mUrfUjkvg,Undirected,1,1
UC2HNqPgeKtVr2gZmLeeIk3g,UC523GIiSr5L48lBSTB1nubg,Undirected,28,28
UC2HNqPgeKtVr2gZmLeeIk3g,UCMyOj6fhvKFMjxUCp3b_3gA,Undirected,30,30
UC523GIiSr5L48lBSTB1nubg,UCMyOj6fhvKFMjxUCp3b_3gA,Undirected,28,28
UC2HNqPgeKtVr2gZmLeeIk3g,UCY1kMZp36IQSyNx_9h4mpCg,Undirected,1,1
UC523GIiSr5L48lBSTB1nubg,UCY1kMZp36IQSyNx_9h4mpCg,Undirected,1,1
UCMyOj6fhvKFMjxUCp3b_3gA,UCY1kMZp36IQSyNx_9h4mpCg,Undirected,1,1
UC2HNqPgeKtVr2gZmLeeIk3g,UCnmGIkw-KdI0W5siakKPKog,Undirected,1,1
UC523GIiSr5L48lBSTB1nubg,UCnmGIkw-KdI0W5siakKPKog,Undirected,1,1
UCMyOj6fhvKFMjxUCp3b_3gA,UCnmGIkw-KdI0W5siakKPKog,Undirected,1,1
UC2HNqPgeKtVr2gZmLeeIk3g,UC_pT_Iz6XjuM-eMTlXghdfw,Undirected,1,1
UC523GIiSr5L48lBSTB1nubg,UC_pT_Iz6XjuM-eMTlXghdfw,Undirected,1,1
UCMyOj6fhvKFMjxUCp3b_3gA,UC_pT_Iz6XjuM-eMTlXghdfw,Undirected,1,1
UC2HNqPgeKtVr2gZmLeeIk3g,UCBR8-60-B28hp2BmDPdntcQ,Undirected,1,1
UC2HNqPgeKtVr2gZmLeeIk3g,UCTl3QQTvqHFjurroKxexy2Q,Undirected,1,1
UC523GIiSr5L48lBSTB1nubg,UCBR8-60-B28hp2BmDPdntcQ,Undirected,1,1
UC523GIiSr5L48lBSTB1nubg,UCTl3QQTvqHFjurroKxexy2Q,Undirected,1,1
UCBR8-60-B28hp2BmDPdntcQ,UCMyOj6fhvKFMjxUCp3b_3gA,Undirected,1,1
UCBR8-60-B28hp2BmDPdntcQ,UCTl3QQTvqHFjurroKxexy2Q,Undirected,1,1
UCMyOj6fhvKFMjxUCp3b_3gA,UCTl3QQTvqHFjurroKxexy2Q,Undirected,1,1
UC5p_l5ZeB_wGjO_yDXwiqvw,UCPIWK6W576Jfon257vdhQfw,Undirected,5,5
UCaogknV1_Fu31PHRpBJpz6w,UCaqe8FwSxvplg5sp_tdI3fQ,Undirected,29,29
UCRAEUAmW9kletIzOxhpLRFw,UCoU4zFdpPSK27RC1u6nXkFg,Undirected,30,30
UCDogdKl7t7NHzQ95aEwkdMw,UChKVhjGmPAu7eWa2ITDd50w,Undirected,1,1
UCh5mLn90vUaB1PbRRx_AiaA,UChKVhjGmPAu7eWa2ITDd50w,Undirected,1,1
UC5gBRifXV-2XR9Tl52PdZ7A,UCVT2xLQWWSC0gicwXCUAqfw,Undirected,1,1
UCrqY8mTp7kk2Hyv21rLLtYg,UCutZpUm5pGMD6ltY9IMoQxA,Undirected,1,1
UCrqY8mTp7kk2Hyv21rLLtYg,UCx8XfBOtnJa78wfR6PwHn1w,Undirected,1,1
UCutZpUm5pGMD6ltY9IMoQxA,UCx8XfBOtnJa78wfR6PwHn1w,Undirected,1,1
UC1gzqiEweBsViqaKZPPy78Q,UCXik3_LnPgvajLPFOfHfEmA,Undirected,1,1
UC1gzqiEweBsViqaKZPPy78Q,UCutZpUm5pGMD6ltY9IMoQxA,Undirected,1,1
UCXik3_LnPgvajLPFOfHfEmA,UCutZpUm5pGMD6ltY9IMoQxA,Undirected,1,1
UCVzkyAPB-xqCGufCB1FsOiw,UCfvhiiGAUoDiKAIOFAxvNww,Undirected,2,2
UCfvhiiGAUoDiKAIOFAxvNww,UCuWjvSV2Q-QH3aHuGiKkoyw,Undirected,1,1
UCTODYF5-i-ndt9QdUWwzsjQ,UCVzkyAPB-xqCGufCB1FsOiw,Undirected,1,1
UCTODYF5-i-ndt9QdUWwzsjQ,UCaaDqZMsxiJt9bUQKGqD2kA,Undirected,1,1
UCTODYF5-i-ndt9QdUWwzsjQ,UCfvhiiGAUoDiKAIOFAxvNww,Undirected,1,1
UCVzkyAPB-xqCGufCB1FsOiw,UCaaDqZMsxiJt9bUQKGqD2kA,Undirected,1,1
UCaaDqZMsxiJt9bUQKGqD2kA,UCfvhiiGAUoDiKAIOFAxvNww,Undirected,1,1
UCRTAm1CctqrJcT5ald2MZ2g,UCfvhiiGAUoDiKAIOFAxvNww,Undirected,1,1
UCC6QkEx-RZwB-CFTfctFzcA,UCVz6wfxN-2m6WfXM7jQzoVw,Undirected,1,1
UCT8iW11Pk6HLELCH_mcaQNA,UCi4BlN1WkLphMBqNlIiM_ZA,Undirected,1,1
UCOKFJm4hRnc-LJUwXKe4uuA,UCT8iW11Pk6HLELCH_mcaQNA,Undirected,1,1
UCOKFJm4hRnc-LJUwXKe4uuA,UC_zHTrjvfa7xifSqneAL31Q,Undirected,1,1
UCEhK6YuibQ4OL_vIg6DhFNg,UCcp1BdbmWa9xEXujKtgQ-VQ,Undirected,1,1
UCEhK6YuibQ4OL_vIg6DhFNg,UCn_FAXem2-e3HQvmK-mOH4g,Undirected,1,1
UCEhK6YuibQ4OL_vIg6DhFNg,UCqvpFAiRcY96CjKwiGHgwpg,Undirected,1,1
UCEhK6YuibQ4OL_vIg6DhFNg,UCFYMDSW-BzeYZKFSxROw3Rg,Undirected,1,1
UCEhK6YuibQ4OL_vIg6DhFNg,UCL8Wk-_MgnFnZV5Hfn9eM7g,Undirected,2,2
UCEhK6YuibQ4OL_vIg6DhFNg,UCLCdyRg3u5O-EVP5p46QxcQ,Undirected,2,2
UCEhK6YuibQ4OL_vIg6DhFNg,UCje6c6wv2s1l_sSFQ9ToecQ,Undirected,1,1
UCEhK6YuibQ4OL_vIg6DhFNg,UCvzWGXYFDiiJ338KIJPhbhQ,Undirected,1,1
UCFYMDSW-BzeYZKFSxROw3Rg,UCLCdyRg3u5O-EVP5p46QxcQ,Undirected,1,1
UCFYMDSW-BzeYZKFSxROw3Rg,UCje6c6wv2s1l_sSFQ9ToecQ,Undirected,1,1
UCFYMDSW-BzeYZKFSxROw3Rg,UCvzWGXYFDiiJ338KIJPhbhQ,Undirected,1,1
UCL8Wk-_MgnFnZV5Hfn9eM7g,UCje6c6wv2s1l_sSFQ9ToecQ,Undirected,1,1
UCL8Wk-_MgnFnZV5Hfn9eM7g,UCvzWGXYFDiiJ338KIJPhbhQ,Undirected,1,1
UCLCdyRg3u5O-EVP5p46QxcQ,UCje6c6wv2s1l_sSFQ9ToecQ,Undirected,1,1
UCLCdyRg3u5O-EVP5p46QxcQ,UCvzWGXYFDiiJ338KIJPhbhQ,Undirected,1,1
UCje6c6wv2s1l_sSFQ9ToecQ,UCvzWGXYFDiiJ338KIJPhbhQ,Undirected,1,1
UCEhK6YuibQ4OL_vIg6DhFNg,UCVDxozAfpwnZuySPPLLMuGQ,Undirected,1,1
UC1A4pm5bMUZSlu377abxlIA,UCAjpb_KMUe0dj5eSBHYYeiA,Undirected,1,1
UC1A4pm5bMUZSlu377abxlIA,UCEhK6YuibQ4OL_vIg6DhFNg,Undirected,1,1
UCAjpb_KMUe0dj5eSBHYYeiA,UCEhK6YuibQ4OL_vIg6DhFNg,Undirected,1,1
UC9BkT4lu2bby5wdQe1brQHA,UCEhK6YuibQ4OL_vIg6DhFNg,Undirected,1,1
UCNAtv_nKd0gVqlZNOzzamqw,UClRf7-Z0Zm2DjOfofSubDDg,Undirected,1,1
UCNAtv_nKd0gVqlZNOzzamqw,UCrqY8mTp7kk2Hyv21rLLtYg,Undirected,1,1
UClRf7-Z0Zm2DjOfofSubDDg,UCrqY8mTp7kk2Hyv21rLLtYg,Undirected,1,1
UC8MtlPGTGnNygr6cUz66Qwg,UCrqY8mTp7kk2Hyv21rLLtYg,Undirected,1,1
UCE93RuJfk1NRnOveKdXu7dA,UCGx3z-Peg7b5S3sotFvCYUA,Undirected,1,1
UCE93RuJfk1NRnOveKdXu7dA,UCrqY8mTp7kk2Hyv21rLLtYg,Undirected,1,1
UCGx3z-Peg7b5S3sotFvCYUA,UCrqY8mTp7kk2Hyv21rLLtYg,Undirected,1,1
UC6LAu2le5tlyBhQ80t_EXSA,UCM8VJwDkHunQb6HjdepSGEg,Undirected,1,1
UC6LAu2le5tlyBhQ80t_EXSA,UCrqY8mTp7kk2Hyv21rLLtYg,Undirected,1,1
UCM8VJwDkHunQb6HjdepSGEg,UCrqY8mTp7kk2Hyv21rLLtYg,Undirected,1,1
UC4aqa7jhYYI1z4zXDXBh9Rg,UC6vG5Pl_yGlN9nmE56DbXVg,Undirected,1,1
UC4aqa7jhYYI1z4zXDXBh9Rg,UCFEILlRShED6pXay-AnEuoA,Undirected,1,1
UC4aqa7jhYYI1z4zXDXBh9Rg,UCW0I17QNERH5gYZzTVyIUBw,Undirected,1,1
UC4aqa7jhYYI1z4zXDXBh9Rg,UCrqY8mTp7kk2Hyv21rLLtYg,Undirected,2,2
UC6vG5Pl_yGlN9nmE56DbXVg,UCFEILlRShED6pXay-AnEuoA,Undirected,1,1
UC6vG5Pl_yGlN9nmE56DbXVg,UCW0I17QNERH5gYZzTVyIUBw,Undirected,1,1
UC6vG5Pl_yGlN9nmE56DbXVg,UCrqY8mTp7kk2Hyv21rLLtYg,Undirected,1,1
UCFEILlRShED6pXay-AnEuoA,UCW0I17QNERH5gYZzTVyIUBw,Undirected,1,1
UCFEILlRShED6pXay-AnEuoA,UCrqY8mTp7kk2Hyv21rLLtYg,Undirected,1,1
UCW0I17QNERH5gYZzTVyIUBw,UCrqY8mTp7kk2Hyv21rLLtYg,Undirected,1,1
UCP3NBSKeKY_8lX0e40ZuQFw,UCgmY75qVDoi0csxVzwDZyVA,Undirected,1,1
UCP3NBSKeKY_8lX0e40ZuQFw,UCrqY8mTp7kk2Hyv21rLLtYg,Undirected,1,1
UCP3NBSKeKY_8lX0e40ZuQFw,UCz5KGKbmsDpI3PsGOd9aVMQ,Undirected,1,1
UCgmY75qVDoi0csxVzwDZyVA,UCrqY8mTp7kk2Hyv21rLLtYg,Undirected,2,2
UCgmY75qVDoi0csxVzwDZyVA,UCz5KGKbmsDpI3PsGOd9aVMQ,Undirected,2,2
UCrqY8mTp7kk2Hyv21rLLtYg,UCz5KGKbmsDpI3PsGOd9aVMQ,Undirected,2,2
UCiunlLhKqBmJyoYuZD1EfAA,UCrmnI5ettgOCRXrLmmwY5hw,Undirected,1,1
UCiunlLhKqBmJyoYuZD1EfAA,UCrqY8mTp7kk2Hyv21rLLtYg,Undirected,1,1
UCrmnI5ettgOCRXrLmmwY5hw,UCrqY8mTp7kk2Hyv21rLLtYg,Undirected,1,1
UC2YWpSzKWbmU2j3mOulL3sw,UC87bvudGUQ12Jeage8VIsig,Undirected,1,1
UC2YWpSzKWbmU2j3mOulL3sw,UCrqY8mTp7kk2Hyv21rLLtYg,Undirected,1,1
UC87bvudGUQ12Jeage8VIsig,UCrqY8mTp7kk2Hyv21rLLtYg,Undirected,1,1
UCrqY8mTp7kk2Hyv21rLLtYg,UCvJNtC_NfDPYglbCV4n-HFg,Undirected,1,1
UC4aqa7jhYYI1z4zXDXBh9Rg,UCQ7eq7yy8QZn2JVA761hJcw,Undirected,1,1
UC4aqa7jhYYI1z4zXDXBh9Rg,UCgmY75qVDoi0csxVzwDZyVA,Undirected,1,1
UC4aqa7jhYYI1z4zXDXBh9Rg,UCz5KGKbmsDpI3PsGOd9aVMQ,Undirected,1,1
UCQ7eq7yy8QZn2JVA761hJcw,UCgmY75qVDoi0csxVzwDZyVA,Undirected,1,1
UCQ7eq7yy8QZn2JVA761hJcw,UCrqY8mTp7kk2Hyv21rLLtYg,Undirected,1,1
UCQ7eq7yy8QZn2JVA761hJcw,UCz5KGKbmsDpI3PsGOd9aVMQ,Undirected,1,1
UC2kJPmcu2_vsqlERch3dAuQ,UCOwehU-HbdMw9NdWrxq3ulA,Undirected,1,1
UC2kJPmcu2_vsqlERch3dAuQ,UCUHebud9XYkKzwuKhp6hiRA,Undirected,2,2
UCOwehU-HbdMw9NdWrxq3ulA,UCUHebud9XYkKzwuKhp6hiRA,Undirected,1,1
UCGYhSRkssfQRwgzkvD97qNg,UCUHebud9XYkKzwuKhp6hiRA,Undirected,1,1
UCUHebud9XYkKzwuKhp6hiRA,UCh2-8G6kx-e1p51teCP_kjw,Undirected,1,1
UC2F-zfOIENhx88lFbWokgMQ,UCUHebud9XYkKzwuKhp6hiRA,Undirected,1,1
UCKlgt57JNrIa0FyWj8OLPmA,UCUHebud9XYkKzwuKhp6hiRA,Undirected,1,1
UCKlgt57JNrIa0FyWj8OLPmA,UCtyL2GQHgsZJu1YCPPox0FQ,Undirected,1,1
UCUHebud9XYkKzwuKhp6hiRA,UCtyL2GQHgsZJu1YCPPox0FQ,Undirected,1,1
UC2kJPmcu2_vsqlERch3dAuQ,UC8qZXzUJpD6INkd0n_hRmZA,Undirected,1,1
UC8qZXzUJpD6INkd0n_hRmZA,UCUHebud9XYkKzwuKhp6hiRA,Undirected,1,1
UC-UCkx1U8UhjGWqIqakkaLg,UCSD9nX93S-QF1g4ky0sc9YA,Undirected,1,1
UC-UCkx1U8UhjGWqIqakkaLg,UCUHebud9XYkKzwuKhp6hiRA,Undirected,1,1
UC-UCkx1U8UhjGWqIqakkaLg,UCW9If-gqh632-0WfQ74tdsg,Undirected,1,1
UCSD9nX93S-QF1g4ky0sc9YA,UCUHebud9XYkKzwuKhp6hiRA,Undirected,1,1
UCSD9nX93S-QF1g4ky0sc9YA,UCW9If-gqh632-0WfQ74tdsg,Undirected,1,1
UCUHebud9XYkKzwuKhp6hiRA,UCW9If-gqh632-0WfQ74tdsg,Undirected,1,1
UC1mMNLilOpp8Xv_FT1pk1NQ,UCGvtln8uec0veqSIeCYdWeQ,Undirected,1,1
UC1mMNLilOpp8Xv_FT1pk1NQ,UCOqfOsy9mt0UkjpJta5pP7Q,Undirected,1,1
UC1mMNLilOpp8Xv_FT1pk1NQ,UCRxYLU8m_qPzQOiRSoxfjHQ,Undirected,1,1
UCGvtln8uec0veqSIeCYdWeQ,UCRxYLU8m_qPzQOiRSoxfjHQ,Undirected,1,1
UCOqfOsy9mt0UkjpJta5pP7Q,UCRxYLU8m_qPzQOiRSoxfjHQ,Undirected,1,1
UC1gzqiEweBsViqaKZPPy78Q,UCGvtln8uec0veqSIeCYdWeQ,Undirected,1,1
UC1gzqiEweBsViqaKZPPy78Q,UCIFgOdb3qF5RUHwORP_XFgA,Undirected,1,1
UCGvtln8uec0veqSIeCYdWeQ,UCIFgOdb3qF5RUHwORP_XFgA,Undirected,1,1
UC8qZXzUJpD6INkd0n_hRmZA,UCFUNls6oPAsSbEc5JDCAP2w,Undirected,1,1
UCFUNls6oPAsSbEc5JDCAP2w,UCGvtln8uec0veqSIeCYdWeQ,Undirected,1,1
UCFUNls6oPAsSbEc5JDCAP2w,UCLiWTvbalVNSttpfqQKijFw,Undirected,1,1
UCGYhSRkssfQRwgzkvD97qNg,UCGvtln8uec0veqSIeCYdWeQ,Undirected,1,1
UCGYhSRkssfQRwgzkvD97qNg,UCLiWTvbalVNSttpfqQKijFw,Undirected,1,1
UC4-VKqUUXX9y_d_nT7XfLzQ,UCGvtln8uec0veqSIeCYdWeQ,Undirected,1,1
UC4-VKqUUXX9y_d_nT7XfLzQ,UCLiWTvbalVNSttpfqQKijFw,Undirected,1,1
UCGvtln8uec0veqSIeCYdWeQ,UCzZCT-7IkupbxpLn9BcjwXA,Undirected,1,1
UCLiWTvbalVNSttpfqQKijFw,UCzZCT-7IkupbxpLn9BcjwXA,Undirected,1,1
UCGvtln8uec0veqSIeCYdWeQ,UCiNpplNKUqdY82UjYNTYWlw,Undirected,1,1
UCLiWTvbalVNSttpfqQKijFw,UCiNpplNKUqdY82UjYNTYWlw,Undirected,1,1
UCOqfOsy9mt0UkjpJta5pP7Q,UCiNpplNKUqdY82UjYNTYWlw,Undirected,1,1
UCAeWbcsNkTkVIjv9-8Bus-A,UCRROy9ywPT8QrSJl-In6kTw,Undirected,1,1
UCAeWbcsNkTkVIjv9-8Bus-A,UCwC9yHLyr_P1fMJiCH174wQ,Undirected,1,1
UCRROy9ywPT8QrSJl-In6kTw,UCwC9yHLyr_P1fMJiCH174wQ,Undirected,1,1
UCUooRPXedqC-hilDQA5dnCQ,UCswJodjftsSoSSOlIl-nGkg,Undirected,1,1
UCGBI4plRDLTJPBu24nBJ6oA,UCXM6iU-LYqpLEudLeulcLww,Undirected,1,1
UCGBI4plRDLTJPBu24nBJ6oA,UCuPq6ubfqFt40nU3Afjy7gw,Undirected,1,1
UC5H_KXkPbEsGs0tFt8R35mA,UCtFOW7jJXChfFNoucRFqRmw,Undirected,3,3
UCESiRVMacmdsijiOtKvOeKQ,UCOaMOXfe8EWH1GJyhqhXrAA,Undirected,1,1
UCESiRVMacmdsijiOtKvOeKQ,UCRW4Sm1HFRav63dhB1jEIRg,Undirected,1,1
UCESiRVMacmdsijiOtKvOeKQ,UCm-X6o81nRsXQTmqpyArkBQ,Undirected,1,1
UCESiRVMacmdsijiOtKvOeKQ,UCqzDGKtN9dw7YlVrsWnz-rA,Undirected,1,1
UCESiRVMacmdsijiOtKvOeKQ,UCtPpceEKJRmtfbSrBCNjH6w,Undirected,1,1
UCOaMOXfe8EWH1GJyhqhXrAA,UCRW4Sm1HFRav63dhB1jEIRg,Undirected,1,1
UCOaMOXfe8EWH1GJyhqhXrAA,UCm-X6o81nRsXQTmqpyArkBQ,Undirected,1,1
UCOaMOXfe8EWH1GJyhqhXrAA,UCqzDGKtN9dw7YlVrsWnz-rA,Undirected,1,1
UCOaMOXfe8EWH1GJyhqhXrAA,UCtPpceEKJRmtfbSrBCNjH6w,Undirected,1,1
UCRW4Sm1HFRav63dhB1jEIRg,UCm-X6o81nRsXQTmqpyArkBQ,Undirected,1,1
UCRW4Sm1HFRav63dhB1jEIRg,UCqzDGKtN9dw7YlVrsWnz-rA,Undirected,1,1
UCRW4Sm1HFRav63dhB1jEIRg,UCtPpceEKJRmtfbSrBCNjH6w,Undirected,1,1
UCm-X6o81nRsXQTmqpyArkBQ,UCqzDGKtN9dw7YlVrsWnz-rA,Undirected,1,1
UCm-X6o81nRsXQTmqpyArkBQ,UCtPpceEKJRmtfbSrBCNjH6w,Undirected,1,1
UCqzDGKtN9dw7YlVrsWnz-rA,UCtPpceEKJRmtfbSrBCNjH6w,Undirected,1,1
UC0J_AJIFno5AHWJ2A_6Hd3Q,UCOaMOXfe8EWH1GJyhqhXrAA,Undirected,1,1
UCKwLqdUm-iOxVA2ERRTsFng,UCyWqModMQlbIo8274Wh_ZsQ,Undirected,1,1
UCH24v1ept6lGkMaTkxvkUNw,UCzT94lwN04O8bg0SMPuBOfQ,Undirected,1,1
UC4m1l1G3tpb4C1EiljBLI3A,UCH24v1ept6lGkMaTkxvkUNw,Undirected,1,1
UCFQdDJ0eaSIBMuNYW2TW0Pw,UCH24v1ept6lGkMaTkxvkUNw,Undirected,3,3
UCH24v1ept6lGkMaTkxvkUNw,UCqJ5zFEED1hWs0KNQCQuYdQ,Undirected,1,1
UCH24v1ept6lGkMaTkxvkUNw,UCmrlqFIK_QQCsr3FRHa3OKw,Undirected,1,1
UCH24v1ept6lGkMaTkxvkUNw,UCT2ryU039C77JULQGBN1tuQ,Undirected,1,1
UCS-cgYslpMpH5FkxJ2e0Vpg,UCo1D6QXPYxlreDFS8FtAc4Q,Undirected,1,1
UC1CFW6RBBLDVWpvFY934XJw,UCD7su0UF7u8qApkLJEO-Iqw,Undirected,1,1
UC1CFW6RBBLDVWpvFY934XJw,UCHh-E30t9LBo4vPuZkv-6DA,Undirected,1,1
UCD7su0UF7u8qApkLJEO-Iqw,UCHh-E30t9LBo4vPuZkv-6DA,Undirected,1,1
UCGTiQy1L8rsutN-COhaQizg,UCIabPXjvT5BVTxRDPCBBOOQ,Undirected,1,1
UCp6T83rUNCt_iqtDelwSHNA,UCsqWal94GlykVNOfz7XZ3SQ,Undirected,1,1
UCGwyQM5eQOTxoeHOZaMwzSg,UCNOPATl0JcguaVn1ovKWU1w,Undirected,1,1
UCAjxp95kAt0ySNVsevFUIeg,UCeckCFiSw5JN5q5koJUVXPQ,Undirected,1,1
UC0-QuVLhCc4hmJaiLSCMwcw,UC0IY1BQiMehWMvezqWLyk4g,Undirected,1,1
UC0-QuVLhCc4hmJaiLSCMwcw,UCuWlekkRZkTF0iIpVbgkUPg,Undirected,2,2
UCUxqDZpiJuAAwPwGawEnXHw,UCfs2QrfWJ2x4ozPg7aF70XQ,Undirected,1,1
UCcztTsGM-feTRQW1EOLTHrQ,UCfs2QrfWJ2x4ozPg7aF70XQ,Undirected,1,1
UCcztTsGM-feTRQW1EOLTHrQ,UColTb4g72_7cGgXVwlWrxrw,Undirected,1,1
UCfs2QrfWJ2x4ozPg7aF70XQ,UColTb4g72_7cGgXVwlWrxrw,Undirected,1,1
UCIW-MBQUZ05Wz1DFIprlFcw,UCydVvomDSz2uIMBlydkpYqA,Undirected,3,3
UCTMmBTMYOoa1_nr1JG13GzQ,UCydVvomDSz2uIMBlydkpYqA,Undirected,2,2
UCfPgvpTVkGhY05Y3Gg6CbDw,UCydVvomDSz2uIMBlydkpYqA,Undirected,2,2
UChUyrHNkU49k9rnQfPqxnDg,UCo_X5JK1TcxmYmDFxsM8gDg,Undirected,1,1
UCBG66BB61JCYxVoIXy6U0bg,UCJR9t8QCsyoMusay3Osix1A,Undirected,2,2
UCAUmspa4r-haAFbxBnzmPkg,UCBG66BB61JCYxVoIXy6U0bg,Undirected,1,1
UCAUmspa4r-haAFbxBnzmPkg,UCFoZROBgY5XDzY1JnBwruaA,Undirected,1,1
UCAUmspa4r-haAFbxBnzmPkg,UCJR9t8QCsyoMusay3Osix1A,Undirected,1,1
UCAUmspa4r-haAFbxBnzmPkg,UCerc0TvJ33bhEjtKyauXWpQ,Undirected,1,1
UCBG66BB61JCYxVoIXy6U0bg,UCFoZROBgY5XDzY1JnBwruaA,Undirected,1,1
UCBG66BB61JCYxVoIXy6U0bg,UCerc0TvJ33bhEjtKyauXWpQ,Undirected,1,1
UC-lmdv0OTb4uQQSzwbzhLsg,UCkOP0sU6tBfQ170Hogk8xxg,Undirected,2,2
UC-lmdv0OTb4uQQSzwbzhLsg,UComJjpEGvbavdpH7zpNZRxg,Undirected,2,2
UCkOP0sU6tBfQ170Hogk8xxg,UComJjpEGvbavdpH7zpNZRxg,Undirected,1,1
UC3FwaVaqMKb47gIsh8WDylA,UCE7vuc8z3muzo67ioYFCIVA,Undirected,1,1
UC3FwaVaqMKb47gIsh8WDylA,UCXGgZV59J7ytvA95hRFLsBg,Undirected,1,1
UC3FwaVaqMKb47gIsh8WDylA,UCbDpvngWMzS_iAqaWdTEOAg,Undirected,1,1
UC3FwaVaqMKb47gIsh8WDylA,UCfwBt8Kr8EeEV_Jft9L4TYA,Undirected,1,1
UCE7vuc8z3muzo67ioYFCIVA,UCXGgZV59J7ytvA95hRFLsBg,Undirected,1,1
UCE7vuc8z3muzo67ioYFCIVA,UCbDpvngWMzS_iAqaWdTEOAg,Undirected,1,1
UCE7vuc8z3muzo67ioYFCIVA,UCfwBt8Kr8EeEV_Jft9L4TYA,Undirected,1,1
UCXGgZV59J7ytvA95hRFLsBg,UCbDpvngWMzS_iAqaWdTEOAg,Undirected,1,1
UCXGgZV59J7ytvA95hRFLsBg,UCfwBt8Kr8EeEV_Jft9L4TYA,Undirected,2,2
UCbDpvngWMzS_iAqaWdTEOAg,UCfwBt8Kr8EeEV_Jft9L4TYA,Undirected,1,1
UC7yMooezVAKSTHrL-pG3sWg,UCBODyKF0JMbUd6D9Bklyzbw,Undirected,1,1
UC7yMooezVAKSTHrL-pG3sWg,UCbEsOqFZBTJ8q_FTS5lM8Qw,Undirected,1,1
UC7yMooezVAKSTHrL-pG3sWg,UCfwBt8Kr8EeEV_Jft9L4TYA,Undirected,1,1
UCBODyKF0JMbUd6D9Bklyzbw,UCbEsOqFZBTJ8q_FTS5lM8Qw,Undirected,1,1
UCBODyKF0JMbUd6D9Bklyzbw,UCfwBt8Kr8EeEV_Jft9L4TYA,Undirected,1,1
UCbEsOqFZBTJ8q_FTS5lM8Qw,UCfwBt8Kr8EeEV_Jft9L4TYA,Undirected,1,1
UC0O_0SlZkDfObrgJ8nHHG5g,UCfv-c2H4SFkAkzSAvvw5xWw,Undirected,1,1
UC0O_0SlZkDfObrgJ8nHHG5g,UCfwBt8Kr8EeEV_Jft9L4TYA,Undirected,1,1
UCfv-c2H4SFkAkzSAvvw5xWw,UCfwBt8Kr8EeEV_Jft9L4TYA,Undirected,2,2
UCXGgZV59J7ytvA95hRFLsBg,UCfv-c2H4SFkAkzSAvvw5xWw,Undirected,1,1
UC9v0__KCSdofI-exPshnLuw,UCz6oXthZd45A64zDpPv5vKw,Undirected,1,1
UCfwBt8Kr8EeEV_Jft9L4TYA,UCz6oXthZd45A64zDpPv5vKw,Undirected,1,1
UC_DDXSh__21IGWlL2-38clw,UCfwBt8Kr8EeEV_Jft9L4TYA,Undirected,1,1
UC_DDXSh__21IGWlL2-38clw,UCzF854L5fzgnlL4j5iRc6mg,Undirected,1,1
UCfwBt8Kr8EeEV_Jft9L4TYA,UCzF854L5fzgnlL4j5iRc6mg,Undirected,1,1
UC-lmdv0OTb4uQQSzwbzhLsg,UC9v0__KCSdofI-exPshnLuw,Undirected,5,5
UC-lmdv0OTb4uQQSzwbzhLsg,UCJBAtdvzL1Qzvf7dTr4omSg,Undirected,1,1
UC9v0__KCSdofI-exPshnLuw,UCJBAtdvzL1Qzvf7dTr4omSg,Undirected,2,2
UC9v0__KCSdofI-exPshnLuw,UCerc0TvJ33bhEjtKyauXWpQ,Undirected,1,1
UCerc0TvJ33bhEjtKyauXWpQ,UCfwBt8Kr8EeEV_Jft9L4TYA,Undirected,1,1
UC-lmdv0OTb4uQQSzwbzhLsg,UCWpsIjbGTfj5m4MUX42SVOQ,Undirected,1,1
UC-lmdv0OTb4uQQSzwbzhLsg,UCfwBt8Kr8EeEV_Jft9L4TYA,Undirected,1,1
UC9v0__KCSdofI-exPshnLuw,UCWpsIjbGTfj5m4MUX42SVOQ,Undirected,1,1
UCWpsIjbGTfj5m4MUX42SVOQ,UCfwBt8Kr8EeEV_Jft9L4TYA,Undirected,1,1
UCWpsIjbGTfj5m4MUX42SVOQ,UComJjpEGvbavdpH7zpNZRxg,Undirected,1,1
UC-lmdv0OTb4uQQSzwbzhLsg,UCKKKbeAhjKYJfOy5Opg8lcQ,Undirected,1,1
UC9v0__KCSdofI-exPshnLuw,UCKKKbeAhjKYJfOy5Opg8lcQ,Undirected,1,1
UCHecqThyBdUC9oGc3j9biLw,UCweSVT6HVb3SxJBFfkw3D7w,Undirected,4,4
UC_0zEKLgp8AJUFMjNEucTSQ,UCweSVT6HVb3SxJBFfkw3D7w,Undirected,1,1
UCNLYbmPRdPAOrdINcrjzzGw,UC_ZHdtpRZiYr6PbLUW3j-9w,Undirected,1,1
UCNLYbmPRdPAOrdINcrjzzGw,UCaEfwwGDuM44x7YhMmpfyAg,Undirected,1,1
UCNLYbmPRdPAOrdINcrjzzGw,UCaLdszFqat3-w1iPs2t2BNQ,Undirected,1,1
UCNLYbmPRdPAOrdINcrjzzGw,UCaUyiKbp35G7QcAH4GeVauA,Undirected,1,1
UCDTdcAqZRWubUiDFUzmdNeA,UCuSRzuQayUyETYvmE-78eVQ,Undirected,1,1
UC_ZHdtpRZiYr6PbLUW3j-9w,UCuSRzuQayUyETYvmE-78eVQ,Undirected,1,1
UCaEfwwGDuM44x7YhMmpfyAg,UCuSRzuQayUyETYvmE-78eVQ,Undirected,1,1
UCaLdszFqat3-w1iPs2t2BNQ,UCuSRzuQayUyETYvmE-78eVQ,Undirected,1,1
UCaUyiKbp35G7QcAH4GeVauA,UCuSRzuQayUyETYvmE-78eVQ,Undirected,1,1
UC1VGEq4FYyYNnjUaRI75aFQ,UC_ZHdtpRZiYr6PbLUW3j-9w,Undirected,1,1
UC1VGEq4FYyYNnjUaRI75aFQ,UCaEfwwGDuM44x7YhMmpfyAg,Undirected,1,1
UC1VGEq4FYyYNnjUaRI75aFQ,UCaLdszFqat3-w1iPs2t2BNQ,Undirected,1,1
UCDTdcAqZRWubUiDFUzmdNeA,UCGYuf8N6TGE6YVNurOqUjSQ,Undirected,1,1
UCGYuf8N6TGE6YVNurOqUjSQ,UC_ZHdtpRZiYr6PbLUW3j-9w,Undirected,1,1
UCGYuf8N6TGE6YVNurOqUjSQ,UCaEfwwGDuM44x7YhMmpfyAg,Undirected,1,1
UCY8BofpKHYCna9QZ8L4h5Fw,UCsme49b8I4espucPnKdUWLg,Undirected,1,1
UC_ZHdtpRZiYr6PbLUW3j-9w,UCsme49b8I4espucPnKdUWLg,Undirected,1,1
UCaEfwwGDuM44x7YhMmpfyAg,UCsme49b8I4espucPnKdUWLg,Undirected,1,1
UCaLdszFqat3-w1iPs2t2BNQ,UCsme49b8I4espucPnKdUWLg,Undirected,1,1
UCDTdcAqZRWubUiDFUzmdNeA,UCLqCmbd6bgcLaBVz3aA-68A,Undirected,1,1
UCGYuf8N6TGE6YVNurOqUjSQ,UCSI-MJZCm1cW9sAX40qru6A,Undirected,6,6
UCCWF6OqaHQDioXmjgGtXtHg,UCD0gkJpb0PBY-Nh_mH48tfQ,Undirected,1,1
UCCWF6OqaHQDioXmjgGtXtHg,UCZ6De1QJshn7_0N5JDxrsEw,Undirected,1,1
UCCWF6OqaHQDioXmjgGtXtHg,UCkcmg8yBpJk5I1fwu0sabJg,Undirected,3,3
UCCWF6OqaHQDioXmjgGtXtHg,UCsNi9G2J9hT3V_DgbzTJ-bg,Undirected,1,1
UCZ6De1QJshn7_0N5JDxrsEw,UCkcmg8yBpJk5I1fwu0sabJg,Undirected,1,1
UCZ6De1QJshn7_0N5JDxrsEw,UCsNi9G2J9hT3V_DgbzTJ-bg,Undirected,1,1
UCkcmg8yBpJk5I1fwu0sabJg,UCsNi9G2J9hT3V_DgbzTJ-bg,Undirected,1,1
UCCWF6OqaHQDioXmjgGtXtHg,UC_FBwW5DQ-PmcThYBUPSkPA,Undirected,1,1
UC_FBwW5DQ-PmcThYBUPSkPA,UCkcmg8yBpJk5I1fwu0sabJg,Undirected,1,1
UCCWF6OqaHQDioXmjgGtXtHg,UCCfWn19VaAyO0CeQwfmmVQQ,Undirected,1,1
UCCfWn19VaAyO0CeQwfmmVQQ,UCkcmg8yBpJk5I1fwu0sabJg,Undirected,1,1
UC4Bm9ZVePWJML6GotqPUYYw,UCA58ULi3cMi5K3mcliFWysA,Undirected,4,4
UC4Bm9ZVePWJML6GotqPUYYw,UCMFzkc3RujclrXuvm59afPA,Undirected,4,4
UCA58ULi3cMi5K3mcliFWysA,UCHp-Xn5EffaJFrmtvVvAdXw,Undirected,1,1
UCA58ULi3cMi5K3mcliFWysA,UC_LS7mBxC0zL9Ot0gaU26Lw,Undirected,1,1
UCHp-Xn5EffaJFrmtvVvAdXw,UC_LS7mBxC0zL9Ot0gaU26Lw,Undirected,1,1
UC5S-LQHxIU9ha-tAjGuGeAQ,UCclJj-dtXX0-uIpFl3gGBHA,Undirected,9,9
UC3iVZvy2ijUp9z-VtBhBOFw,UC5S-LQHxIU9ha-tAjGuGeAQ,Undirected,1,1
UC3iVZvy2ijUp9z-VtBhBOFw,UCCGROwD4gP4lb_I3S5Udfhw,Undirected,1,1
UC3iVZvy2ijUp9z-VtBhBOFw,UCVNMSqhk31vnBv4qAD8mvJQ,Undirected,1,1
UC3iVZvy2ijUp9z-VtBhBOFw,UCclJj-dtXX0-uIpFl3gGBHA,Undirected,1,1
UC5S-LQHxIU9ha-tAjGuGeAQ,UCCGROwD4gP4lb_I3S5Udfhw,Undirected,1,1
UC5S-LQHxIU9ha-tAjGuGeAQ,UCVNMSqhk31vnBv4qAD8mvJQ,Undirected,1,1
UCCGROwD4gP4lb_I3S5Udfhw,UCVNMSqhk31vnBv4qAD8mvJQ,Undirected,1,1
UCCGROwD4gP4lb_I3S5Udfhw,UCclJj-dtXX0-uIpFl3gGBHA,Undirected,1,1
UCVNMSqhk31vnBv4qAD8mvJQ,UCclJj-dtXX0-uIpFl3gGBHA,Undirected,1,1
UCclJj-dtXX0-uIpFl3gGBHA,UCiFqXmTwHyqd6Of_H0YOh1w,Undirected,3,3
UCclJj-dtXX0-uIpFl3gGBHA,UCxghAnYqBmcDCMILs3LqVmg,Undirected,3,3
UC0VeqhFeCCjtEms6iHhGaXQ,UC5S-LQHxIU9ha-tAjGuGeAQ,Undirected,1,1
UC0VeqhFeCCjtEms6iHhGaXQ,UCclJj-dtXX0-uIpFl3gGBHA,Undirected,1,1
UC0VeqhFeCCjtEms6iHhGaXQ,UCiFqXmTwHyqd6Of_H0YOh1w,Undirected,1,1
UC0VeqhFeCCjtEms6iHhGaXQ,UCxghAnYqBmcDCMILs3LqVmg,Undirected,1,1
UC1p2e-h0zIrvKvm_IPOv9Kg,UCam3IAA-nyfxRL8_wDQ35VA,Undirected,1,1
UCNwP0ghb6J-xRSTqM3sXVXA,UCam3IAA-nyfxRL8_wDQ35VA,Undirected,1,1
UCBmY_77ZQUUGH34TXT36HNw,UCljUqW1p2exRGD2cj3cxaew,Undirected,1,1
UCY2HO97JW-iWSrIUOUh5cIA,UCgRvjrt-qFWHMCWA7Iufkug,Undirected,1,1
UCY2HO97JW-iWSrIUOUh5cIA,UCmXazeBWYk6jZqGtQCWSNZQ,Undirected,3,3
UCZwXiIKBc9ok5QsOqXk5kiw,UCmXazeBWYk6jZqGtQCWSNZQ,Undirected,1,1
UCAaGaynFpku5cAx6OOSrW-w,UCQ1U65-CQdIoZ2_NA4Z4F7A,Undirected,1,1
UCA6-A7sCqkDeAMLd3gkaK1g,UCCv2mDzPFrmsIQrWTC17j9w,Undirected,1,1
UCA6-A7sCqkDeAMLd3gkaK1g,UCJB1hgmiAD4ysg0Ao7uS8Rw,Undirected,1,1
UC3ql_EU4JnaE3Rh3cqbHu6g,UCkPhQEwdob-Dc539qnJASvg,Undirected,1,1
UC3ql_EU4JnaE3Rh3cqbHu6g,UC_apF_oTeeGUT_81EVD1oRw,Undirected,1,1
UCAaGaynFpku5cAx6OOSrW-w,UC_apF_oTeeGUT_81EVD1oRw,Undirected,1,1
UCYRSuz5cmJeSNnGB7jedITg,UC_apF_oTeeGUT_81EVD1oRw,Undirected,1,1
UC_apF_oTeeGUT_81EVD1oRw,UCpB2SrsRs7rGp3wzdRX1l2Q,Undirected,1,1
UCS6Db5LjCOKhY6B1UlrCbkg,UCb5JxV6vKlYVknoJB8TnyYg,Undirected,4,4
UC8C1LLhBhf_E2IBPLSDJXlQ,UCb5JxV6vKlYVknoJB8TnyYg,Undirected,2,2
UC8C1LLhBhf_E2IBPLSDJXlQ,UCoM_XmK45j504hfUWvN06Qg,Undirected,1,1
UCb5JxV6vKlYVknoJB8TnyYg,UCoM_XmK45j504hfUWvN06Qg,Undirected,1,1
UCoM_XmK45j504hfUWvN06Qg,UCt5-0i4AVHXaWJrL8Wql3mw,Undirected,1,1
UCb5JxV6vKlYVknoJB8TnyYg,UCdpUojq0KWZCN9bxXnZwz5w,Undirected,1,1
UCb5JxV6vKlYVknoJB8TnyYg,UCnRQYHTnRLSF0cLJwMnedCg,Undirected,2,2
UCdpUojq0KWZCN9bxXnZwz5w,UCnRQYHTnRLSF0cLJwMnedCg,Undirected,1,1
UCHVXbQzkl3rDfsXWo8xi2qw,UCb5JxV6vKlYVknoJB8TnyYg,Undirected,1,1
UC5jnkxwILkgNePRe1FacHzw,UCUZ-BTUes9M2RXGwuBy_YgA,Undirected,3,3
UChFa3HNcw5DAXp_fZSx3f9g,UCrALFGPubY9rNwVOOJUYu4g,Undirected,1,1
UC12HMtO5MYph9dCZZ7yygng,UC2nNjwGJYczaeSfyO1MA01w,Undirected,1,1
UC2nNjwGJYczaeSfyO1MA01w,UCftNpNw3J2-_h3dWywv5BPQ,Undirected,1,1
UC2aadeZ6f8hpymlYiLuY99A,UC7F9JMqD7hvQs88HD3riDWQ,Undirected,1,1
UC2aadeZ6f8hpymlYiLuY99A,UCFwvhL9gkkvfhjNwHAWFY4w,Undirected,1,1
UC2aadeZ6f8hpymlYiLuY99A,UCG2T5as3lpKEjEE3ElM_iXA,Undirected,1,1
UC2aadeZ6f8hpymlYiLuY99A,UCG7vJuxHxKE_EIRCa57b0Ow,Undirected,1,1
UC7F9JMqD7hvQs88HD3riDWQ,UCFwvhL9gkkvfhjNwHAWFY4w,Undirected,1,1
UC7F9JMqD7hvQs88HD3riDWQ,UCG2T5as3lpKEjEE3ElM_iXA,Undirected,1,1
UC7F9JMqD7hvQs88HD3riDWQ,UCG7vJuxHxKE_EIRCa57b0Ow,Undirected,1,1
UCFwvhL9gkkvfhjNwHAWFY4w,UCG2T5as3lpKEjEE3ElM_iXA,Undirected,1,1
UCFwvhL9gkkvfhjNwHAWFY4w,UCG7vJuxHxKE_EIRCa57b0Ow,Undirected,1,1
UCG2T5as3lpKEjEE3ElM_iXA,UCG7vJuxHxKE_EIRCa57b0Ow,Undirected,1,1
UC2aadeZ6f8hpymlYiLuY99A,UCMi8abJhWv_kM2S-oF3ZAlQ,Undirected,1,1
UCMi8abJhWv_kM2S-oF3ZAlQ,UCiTjDptKRqDXM-iod7xM1vA,Undirected,1,1
UC2aadeZ6f8hpymlYiLuY99A,UC9gyQMUhvxAiArLSkvJm1ww,Undirected,1,1
UC2aadeZ6f8hpymlYiLuY99A,UCbyzsfKiFH27LLfbHpeDXag,Undirected,1,1
UC9gyQMUhvxAiArLSkvJm1ww,UCbyzsfKiFH27LLfbHpeDXag,Undirected,1,1
UCiTjDptKRqDXM-iod7xM1vA,UCsT2ScotGVYh1dMPRgcg9pw,Undirected,1,1
UC8mw-7p1VCpW1PvE3WZvmLQ,UCug_IaIuJtpq54AfFsDF6jw,Undirected,1,1
UCiTjDptKRqDXM-iod7xM1vA,UCug_IaIuJtpq54AfFsDF6jw,Undirected,1,1
UCug_IaIuJtpq54AfFsDF6jw,UCzUae-ACn_k5xAWprIb6U1w,Undirected,1,1
UC2aadeZ6f8hpymlYiLuY99A,UCtk3KnxYCoGiyrLVdIOgG1Q,Undirected,1,1
UCtk3KnxYCoGiyrLVdIOgG1Q,UCzUae-ACn_k5xAWprIb6U1w,Undirected,1,1
UCK6AthYumV0TO49a6fQ-gSg,UCzUae-ACn_k5xAWprIb6U1w,Undirected,1,1
UCNjtXy4nQcNSg_zvljgTI6g,UCzUae-ACn_k5xAWprIb6U1w,Undirected,1,1
UCADc1wwJMypasPVW8kOBu7A,UCMnb-TwB7r1J84gC9KQ2v7w,Undirected,4,4
UCADc1wwJMypasPVW8kOBu7A,UCVFaA17XwUjvE-pyERKmhIQ,Undirected,4,4
UCMnb-TwB7r1J84gC9KQ2v7w,UCVFaA17XwUjvE-pyERKmhIQ,Undirected,4,4
UCVFaA17XwUjvE-pyERKmhIQ,UCzUae-ACn_k5xAWprIb6U1w,Undirected,1,1
UC-SUuB6sRvLajVPpYGEb9SQ,UCHbNeBLyAbDq98dmplCo22g,Undirected,10,10
UCHGKS3VDKxu3N1u9naM0XYA,UCs81POPvKXMnHxaoUKGbzww,Undirected,1,1
UC3Bjw_Ek1FTbhEKZsh9uo1w,UCs81POPvKXMnHxaoUKGbzww,Undirected,1,1
UC7d3Y_v5O202eo006uvvPzw,UCs81POPvKXMnHxaoUKGbzww,Undirected,1,1
UC10BM9XdLdrvB8japwmRUvA,UCs81POPvKXMnHxaoUKGbzww,Undirected,1,1
UC4GXMHCwmONp6XFRB5SayAg,UCs81POPvKXMnHxaoUKGbzww,Undirected,1,1
UCQMZpnnl9SCmplHGGVau-0w,UCs81POPvKXMnHxaoUKGbzww,Undirected,1,1
UCQMZpnnl9SCmplHGGVau-0w,UCvpredjG93ifbCP1Y77JyFA,Undirected,1,1
UCs81POPvKXMnHxaoUKGbzww,UCvpredjG93ifbCP1Y77JyFA,Undirected,1,1
UC_9106d2rq4Xizg9v8QmmTQ,UCdPRQCpfUg147_inLrq6Xhw,Undirected,1,1
UC_9106d2rq4Xizg9v8QmmTQ,UCs81POPvKXMnHxaoUKGbzww,Undirected,1,1
UCdPRQCpfUg147_inLrq6Xhw,UCs81POPvKXMnHxaoUKGbzww,Undirected,1,1
UCpLKk1TqiGRqLWcR9_ZcNaA,UCs81POPvKXMnHxaoUKGbzww,Undirected,1,1
UCs81POPvKXMnHxaoUKGbzww,UCvv7fl3Wwgtv2N4uCgpnB_Q,Undirected,1,1
UCQMZpnnl9SCmplHGGVau-0w,UCixxpKomiviTnhcKPBX2nCQ,Undirected,2,2
UCQMZpnnl9SCmplHGGVau-0w,UCz84OkV4Iud9B8GdTwSx9-w,Undirected,1,1
UCixxpKomiviTnhcKPBX2nCQ,UCz84OkV4Iud9B8GdTwSx9-w,Undirected,1,1
UCA6XK10V6LK4V-KOP2ubmlg,UCep27mxUiDB2XBOYeUma8dA,Undirected,1,1
UCNTf7ZKptL1prA2AfUMuFIw,UCep27mxUiDB2XBOYeUma8dA,Undirected,1,1
UCWLaEpflX3UZW2kYJCr98qQ,UCep27mxUiDB2XBOYeUma8dA,Undirected,1,1
UCaIknTQMyeA4rNtUPTZPZAA,UCep27mxUiDB2XBOYeUma8dA,Undirected,1,1
UCFgDfnoYhWM48p072kjJ8zQ,UCtgsUppEvedWdZMSeQ5jTfg,Undirected,1,1
UCELkU9QDaeb46TX-5m40BqQ,UCLHnIAcYWnk4AK-Cf6ghuKw,Undirected,5,5
UCLHnIAcYWnk4AK-Cf6ghuKw,UCsQc6fSakJ2ptE8ba9MX-MQ,Undirected,5,5
UCLyjt3gvo4rfyiAsQ7rtXrg,UCM8ItM1fZ7VuhL7m2ypwrTw,Undirected,1,1
UCLyjt3gvo4rfyiAsQ7rtXrg,UCXVW9P_uDdOtWA1DeeliNTA,Undirected,1,1
UCLyjt3gvo4rfyiAsQ7rtXrg,UCgJzj2R9zPaTj6LR1fh8LvA,Undirected,1,1
UCLyjt3gvo4rfyiAsQ7rtXrg,UCgxoZgKzfHeQ03oVo0vmJDA,Undirected,1,1
UCM8ItM1fZ7VuhL7m2ypwrTw,UCXVW9P_uDdOtWA1DeeliNTA,Undirected,3,3
UCM8ItM1fZ7VuhL7m2ypwrTw,UCgJzj2R9zPaTj6LR1fh8LvA,Undirected,1,1
UCM8ItM1fZ7VuhL7m2ypwrTw,UCgxoZgKzfHeQ03oVo0vmJDA,Undirected,1,1
UCXVW9P_uDdOtWA1DeeliNTA,UCgJzj2R9zPaTj6LR1fh8LvA,Undirected,1,1
UCXVW9P_uDdOtWA1DeeliNTA,UCgxoZgKzfHeQ03oVo0vmJDA,Undirected,1,1
UCgJzj2R9zPaTj6LR1fh8LvA,UCgxoZgKzfHeQ03oVo0vmJDA,Undirected,1,1
UCM8ItM1fZ7VuhL7m2ypwrTw,UCvKk23twpijvqlzhSWreySg,Undirected,1,1
UCM8ItM1fZ7VuhL7m2ypwrTw,UCiSvFfjE3Z4PumeJ8TXvU3g,Undirected,1,1
UCM8ItM1fZ7VuhL7m2ypwrTw,UCvUqwMZ0cOGOR-wHsZBuDSw,Undirected,1,1
UCXVW9P_uDdOtWA1DeeliNTA,UCiSvFfjE3Z4PumeJ8TXvU3g,Undirected,1,1
UCXVW9P_uDdOtWA1DeeliNTA,UCvUqwMZ0cOGOR-wHsZBuDSw,Undirected,1,1
UCiSvFfjE3Z4PumeJ8TXvU3g,UCvUqwMZ0cOGOR-wHsZBuDSw,Undirected,1,1
UCM8ItM1fZ7VuhL7m2ypwrTw,UCWzGkre-7TJUPn9AGgRuziw,Undirected,1,1
UCM8ItM1fZ7VuhL7m2ypwrTw,UC_PUuYmn8e4rZpOHgaTdUrg,Undirected,1,1
UC02HDhYoJyMJYf118kr1mQQ,UC8z0IiO-18B3o6ZNAu0hvKQ,Undirected,1,1
UC02HDhYoJyMJYf118kr1mQQ,UCM8ItM1fZ7VuhL7m2ypwrTw,Undirected,1,1
UC02HDhYoJyMJYf118kr1mQQ,UCXVW9P_uDdOtWA1DeeliNTA,Undirected,1,1
UC8z0IiO-18B3o6ZNAu0hvKQ,UCM8ItM1fZ7VuhL7m2ypwrTw,Undirected,1,1
UC8z0IiO-18B3o6ZNAu0hvKQ,UCXVW9P_uDdOtWA1DeeliNTA,Undirected,1,1
UCCL6Cck2xKL8cLdO2Ydattg,UCM8ItM1fZ7VuhL7m2ypwrTw,Undirected,1,1
UC3jSmeFym7nWXp3xTn_HYNA,UCB7Fd1xNEnSw4zYvCz1CE2g,Undirected,3,3
UC3jSmeFym7nWXp3xTn_HYNA,UCIYs6nBtvkXWjTNZWNRtD-g,Undirected,3,3
UC3jSmeFym7nWXp3xTn_HYNA,UCeJp8OAlTw1DUYDT3vxQSrA,Undirected,3,3
UCB7Fd1xNEnSw4zYvCz1CE2g,UCSEVmNAvs5-8OdkKxyp8AWA,Undirected,1,1
UCSEVmNAvs5-8OdkKxyp8AWA,UCeJp8OAlTw1DUYDT3vxQSrA,Undirected,1,1
UCJ7upyibNNoXKOOT2qk6N3g,UCJBcP0_cg3PB9KObAVBhA5A,Undirected,6,6
UC3G2QylAJ8NN3_ZzrPV6vzg,UCPkjL7jAJhrZ3e4-NlsGt-Q,Undirected,1,1
UCPkjL7jAJhrZ3e4-NlsGt-Q,UCp6993wxpyDPHUpavwDFqgg,Undirected,1,1
UCKeAhJvy8zgXWbh9duVjIaQ,UCMGfV7TVTmHhEErVJg1oHBQ,Undirected,1,1
UC10wVt6hoQiwySRhz7RdOUA,UC1iA6_NT4mtAcIII6ygrvCw,Undirected,1,1
UC10wVt6hoQiwySRhz7RdOUA,UCMGfV7TVTmHhEErVJg1oHBQ,Undirected,1,1
UC10wVt6hoQiwySRhz7RdOUA,UCWQtYtq9EOB4-I5P-3fh8lA,Undirected,1,1
UC10wVt6hoQiwySRhz7RdOUA,UCdXAk5MpyLD8594lm_OvtGQ,Undirected,1,1
UC10wVt6hoQiwySRhz7RdOUA,UCtyWhCj3AqKh2dXctLkDtng,Undirected,1,1
UCMGfV7TVTmHhEErVJg1oHBQ,UCWQtYtq9EOB4-I5P-3fh8lA,Undirected,3,3
UCMGfV7TVTmHhEErVJg1oHBQ,UCdXAk5MpyLD8594lm_OvtGQ,Undirected,1,1
UCMGfV7TVTmHhEErVJg1oHBQ,UCtyWhCj3AqKh2dXctLkDtng,Undirected,3,3
UC1DCedRgGHBdm81E1llLhOQ,UCgmPnx-EEeOrZSg5Tiw7ZRQ,Undirected,1,1
UCgmPnx-EEeOrZSg5Tiw7ZRQ,UCqm3BQLlJfvkTsX_hvm0UmA,Undirected,1,1
UCgmPnx-EEeOrZSg5Tiw7ZRQ,UCwcenN2ozUtkGOVnge9XwQg,Undirected,1,1
UCODNLyn3L83wEmC0DLL0cxA,UCT1AQFit-Eaj_YQMsfV0RhQ,Undirected,2,2
UC-9mpnLpsp6O15A4qVSZkaw,UCIg_xXZmz_6D9xAMwNwByzg,Undirected,1,1
UC-9mpnLpsp6O15A4qVSZkaw,UCigiyKc25-DZATWhKOIY9Jw,Undirected,1,1
UC-9mpnLpsp6O15A4qVSZkaw,UCmgF-QsCtJm0Slo-3yM8mQg,Undirected,1,1
UC-9mpnLpsp6O15A4qVSZkaw,UCmpsvoDaDcn9EuwngrYKRkw,Undirected,1,1
UC-9mpnLpsp6O15A4qVSZkaw,UCxSJP2WWP_CKuayijH2lWfw,Undirected,1,1
UCIg_xXZmz_6D9xAMwNwByzg,UCigiyKc25-DZATWhKOIY9Jw,Undirected,1,1
UCIg_xXZmz_6D9xAMwNwByzg,UCmgF-QsCtJm0Slo-3yM8mQg,Undirected,1,1
UCIg_xXZmz_6D9xAMwNwByzg,UCmpsvoDaDcn9EuwngrYKRkw,Undirected,1,1
UCIg_xXZmz_6D9xAMwNwByzg,UCxSJP2WWP_CKuayijH2lWfw,Undirected,1,1
UCigiyKc25-DZATWhKOIY9Jw,UCmgF-QsCtJm0Slo-3yM8mQg,Undirected,1,1
UCigiyKc25-DZATWhKOIY9Jw,UCmpsvoDaDcn9EuwngrYKRkw,Undirected,1,1
UCigiyKc25-DZATWhKOIY9Jw,UCxSJP2WWP_CKuayijH2lWfw,Undirected,1,1
UCmgF-QsCtJm0Slo-3yM8mQg,UCmpsvoDaDcn9EuwngrYKRkw,Undirected,1,1
UCmgF-QsCtJm0Slo-3yM8mQg,UCxSJP2WWP_CKuayijH2lWfw,Undirected,1,1
UCmpsvoDaDcn9EuwngrYKRkw,UCxSJP2WWP_CKuayijH2lWfw,Undirected,1,1
UCAR3Fyszry2UrPxkB0dfYww,UCmpsvoDaDcn9EuwngrYKRkw,Undirected,1,1
UC40s5z5yrd02Ngy8nQZXE5w,UCLg9wRlnTFwaCi3xvFm_TNg,Undirected,1,1
UC40s5z5yrd02Ngy8nQZXE5w,UCmpsvoDaDcn9EuwngrYKRkw,Undirected,1,1
UCLg9wRlnTFwaCi3xvFm_TNg,UCmpsvoDaDcn9EuwngrYKRkw,Undirected,1,1
UCmpsvoDaDcn9EuwngrYKRkw,UCwod2QcjaLFpoElTgl6OMAA,Undirected,1,1
UCVggjBr4w5tZ95FCYhc4SAw,UCwiILoJAgd3b-mOYLyy7eIA,Undirected,1,1
UC1tk9F5-MGXEq4LWnjmrtpA,UCVggjBr4w5tZ95FCYhc4SAw,Undirected,1,1
UC40s5z5yrd02Ngy8nQZXE5w,UCiQfFa4ReBDiqsAFJaobIhQ,Undirected,2,2
UCLyTXfCZtl7dyhta9Jg3pZg,UCt30jJgChL8qeT9VPadidSw,Undirected,1,1
UCt30jJgChL8qeT9VPadidSw,UCvzGlP9oQwU--Y0r9id_jnA,Undirected,2,2
UCt30jJgChL8qeT9VPadidSw,UCvpredjG93ifbCP1Y77JyFA,Undirected,1,1
UCvpredjG93ifbCP1Y77JyFA,UCvzGlP9oQwU--Y0r9id_jnA,Undirected,1,1
UCGmO0S4S-AunjRdmxA6TQYg,UCMMBGMjrrWcRZmG_lW4jC-Q,Undirected,1,1
UCGmO0S4S-AunjRdmxA6TQYg,UCqm3BQLlJfvkTsX_hvm0UmA,Undirected,1,1
UCGmO0S4S-AunjRdmxA6TQYg,UCt30jJgChL8qeT9VPadidSw,Undirected,1,1
UCMMBGMjrrWcRZmG_lW4jC-Q,UCqm3BQLlJfvkTsX_hvm0UmA,Undirected,1,1
UCMMBGMjrrWcRZmG_lW4jC-Q,UCt30jJgChL8qeT9VPadidSw,Undirected,1,1
UCqm3BQLlJfvkTsX_hvm0UmA,UCt30jJgChL8qeT9VPadidSw,Undirected,1,1
UCFdypguG9uLGnfEnYTHjZdQ,UCLz6MG2kx_0xeaW0LowYnMQ,Undirected,1,1
UCFdypguG9uLGnfEnYTHjZdQ,UCt30jJgChL8qeT9VPadidSw,Undirected,1,1
UCLz6MG2kx_0xeaW0LowYnMQ,UCt30jJgChL8qeT9VPadidSw,Undirected,1,1
UCkIimWZ9gBJRamKF0rmPU8w,UCt30jJgChL8qeT9VPadidSw,Undirected,1,1
UCZYyhgoV314CM14zBD6vd4A,UChJiT3O7n3oI5PkkgKBFFyg,Undirected,2,2
UCDHABijvPBnJm7F-KlNME3w,UCW5uhrG1eCBYditmhL0Ykjw,Undirected,2,2
UCDHABijvPBnJm7F-KlNME3w,UCl69AEx4MdqMZH7Jtsm7Tig,Undirected,2,2
UCDHABijvPBnJm7F-KlNME3w,UCvN5h1ShZtc7nly3pezRayg,Undirected,3,3
UCW5uhrG1eCBYditmhL0Ykjw,UCl69AEx4MdqMZH7Jtsm7Tig,Undirected,2,2
UCW5uhrG1eCBYditmhL0Ykjw,UCvN5h1ShZtc7nly3pezRayg,Undirected,2,2
UCl69AEx4MdqMZH7Jtsm7Tig,UCvN5h1ShZtc7nly3pezRayg,Undirected,2,2
UC8W5jDneAuOeFNDAB9-8lmQ,UCDHABijvPBnJm7F-KlNME3w,Undirected,1,1
UCHsx4Hqa-1ORjQTh9TYDhww,UCL_qhgtOy0dy1Agp8vkySQg,Undirected,1,1
UCHsx4Hqa-1ORjQTh9TYDhww,UCMwGHR0BTZuLsmjY_NT5Pwg,Undirected,1,1
UCHsx4Hqa-1ORjQTh9TYDhww,UCoSrY_IQQVpmIRZ9Xf-y93g,Undirected,1,1
UCHsx4Hqa-1ORjQTh9TYDhww,UCyl1z3jo3XHR1riLFKG5UAg,Undirected,1,1
UCL_qhgtOy0dy1Agp8vkySQg,UCMwGHR0BTZuLsmjY_NT5Pwg,Undirected,1,1
UCL_qhgtOy0dy1Agp8vkySQg,UCoSrY_IQQVpmIRZ9Xf-y93g,Undirected,1,1
UCL_qhgtOy0dy1Agp8vkySQg,UCyl1z3jo3XHR1riLFKG5UAg,Undirected,1,1
UCMwGHR0BTZuLsmjY_NT5Pwg,UCoSrY_IQQVpmIRZ9Xf-y93g,Undirected,1,1
UCMwGHR0BTZuLsmjY_NT5Pwg,UCyl1z3jo3XHR1riLFKG5UAg,Undirected,1,1
UCoSrY_IQQVpmIRZ9Xf-y93g,UCyl1z3jo3XHR1riLFKG5UAg,Undirected,1,1
UC9p_lqQ0FEDz327Vgf5JwqA,UC_sFNM0z0MWm9A6WlKPuMMg,Undirected,2,2
UC9p_lqQ0FEDz327Vgf5JwqA,UCgnfPPb9JI3e9A4cXHnWbyg,Undirected,2,2
UC9p_lqQ0FEDz327Vgf5JwqA,UCotXwY6s8pWmuWd_snKYjhg,Undirected,1,1
UC9p_lqQ0FEDz327Vgf5JwqA,UCt9H_RpQzhxzlyBxFqrdHqA,Undirected,3,3
UC_sFNM0z0MWm9A6WlKPuMMg,UCgnfPPb9JI3e9A4cXHnWbyg,Undirected,2,2
UC_sFNM0z0MWm9A6WlKPuMMg,UCotXwY6s8pWmuWd_snKYjhg,Undirected,1,1
UC_sFNM0z0MWm9A6WlKPuMMg,UCt9H_RpQzhxzlyBxFqrdHqA,Undirected,2,2
UCgnfPPb9JI3e9A4cXHnWbyg,UCotXwY6s8pWmuWd_snKYjhg,Undirected,1,1
UCgnfPPb9JI3e9A4cXHnWbyg,UCt9H_RpQzhxzlyBxFqrdHqA,Undirected,2,2
UCotXwY6s8pWmuWd_snKYjhg,UCt9H_RpQzhxzlyBxFqrdHqA,Undirected,1,1
UC9p_lqQ0FEDz327Vgf5JwqA,UCFql8r-CLqXwd4NzL_7Dpug,Undirected,1,1
UC9p_lqQ0FEDz327Vgf5JwqA,UCKeB3X0Akxxo3VfG46D_Dfg,Undirected,1,1
UC9p_lqQ0FEDz327Vgf5JwqA,UCjbbJk8U2KAv18ZzIu6P4ug,Undirected,3,3
UCFql8r-CLqXwd4NzL_7Dpug,UCKeB3X0Akxxo3VfG46D_Dfg,Undirected,1,1
UCFql8r-CLqXwd4NzL_7Dpug,UCjbbJk8U2KAv18ZzIu6P4ug,Undirected,1,1
UCKeB3X0Akxxo3VfG46D_Dfg,UCjbbJk8U2KAv18ZzIu6P4ug,Undirected,1,1
UC9p_lqQ0FEDz327Vgf5JwqA,UC_GFPPO7PICh1dVhdP6K3qQ,Undirected,1,1
UC9p_lqQ0FEDz327Vgf5JwqA,UCjxvxP6U-QAmnTLglGBwAFA,Undirected,1,1
UCjbbJk8U2KAv18ZzIu6P4ug,UCjxvxP6U-QAmnTLglGBwAFA,Undirected,1,1
UC9p_lqQ0FEDz327Vgf5JwqA,UCmbs8T6MWqUHP1tIQvSgKrg,Undirected,1,1
UCmbs8T6MWqUHP1tIQvSgKrg,UCt9H_RpQzhxzlyBxFqrdHqA,Undirected,1,1
UC8rcEBzJSleTkf_-agPM20g,UCO_aKKYxn4tvrqPjcTzZ6EQ,Undirected,1,1
UC8rcEBzJSleTkf_-agPM20g,UCgmPnx-EEeOrZSg5Tiw7ZRQ,Undirected,1,1
UC8rcEBzJSleTkf_-agPM20g,UCmbs8T6MWqUHP1tIQvSgKrg,Undirected,1,1
UCO_aKKYxn4tvrqPjcTzZ6EQ,UCgmPnx-EEeOrZSg5Tiw7ZRQ,Undirected,2,2
UCO_aKKYxn4tvrqPjcTzZ6EQ,UCmbs8T6MWqUHP1tIQvSgKrg,Undirected,2,2
UCgmPnx-EEeOrZSg5Tiw7ZRQ,UCmbs8T6MWqUHP1tIQvSgKrg,Undirected,2,2
UC3n5uGu18FoCy23ggWWp8tA,UCFDL0NuxUBAvvu1PnIwW2ww,Undirected,1,1
UC3n5uGu18FoCy23ggWWp8tA,UCO_aKKYxn4tvrqPjcTzZ6EQ,Undirected,1,1
UC3n5uGu18FoCy23ggWWp8tA,UCgmPnx-EEeOrZSg5Tiw7ZRQ,Undirected,1,1
UC3n5uGu18FoCy23ggWWp8tA,UCmbs8T6MWqUHP1tIQvSgKrg,Undirected,1,1
UC3n5uGu18FoCy23ggWWp8tA,UCsUj0dszADCGbF3gNrQEuSQ,Undirected,1,1
UCFDL0NuxUBAvvu1PnIwW2ww,UCO_aKKYxn4tvrqPjcTzZ6EQ,Undirected,1,1
UCFDL0NuxUBAvvu1PnIwW2ww,UCgmPnx-EEeOrZSg5Tiw7ZRQ,Undirected,1,1
UCFDL0NuxUBAvvu1PnIwW2ww,UCmbs8T6MWqUHP1tIQvSgKrg,Undirected,1,1
UCFDL0NuxUBAvvu1PnIwW2ww,UCsUj0dszADCGbF3gNrQEuSQ,Undirected,1,1
UCO_aKKYxn4tvrqPjcTzZ6EQ,UCsUj0dszADCGbF3gNrQEuSQ,Undirected,1,1
UCgmPnx-EEeOrZSg5Tiw7ZRQ,UCsUj0dszADCGbF3gNrQEuSQ,Undirected,1,1
UCmbs8T6MWqUHP1tIQvSgKrg,UCsUj0dszADCGbF3gNrQEuSQ,Undirected,1,1
UC3n5uGu18FoCy23ggWWp8tA,UCoTPqHRmleube2CTt9xyodg,Undirected,1,1
UCGmO0S4S-AunjRdmxA6TQYg,UCl69AEx4MdqMZH7Jtsm7Tig,Undirected,1,1
UCS1RUyEDJ3TSiil8TC84G4g,UCl69AEx4MdqMZH7Jtsm7Tig,Undirected,1,1
UC9H5tuwHqu9TnZbI26hD02Q,UCLJcqEpkuoO-ee6mEzAtFvg,Undirected,5,5
UC9H5tuwHqu9TnZbI26hD02Q,UCfa435cC2Tp3Wx5L8tsBM2A,Undirected,1,1
UCLJcqEpkuoO-ee6mEzAtFvg,UCfa435cC2Tp3Wx5L8tsBM2A,Undirected,1,1
UCMGfV7TVTmHhEErVJg1oHBQ,UCqm3BQLlJfvkTsX_hvm0UmA,Undirected,2,2
UCWQtYtq9EOB4-I5P-3fh8lA,UCqm3BQLlJfvkTsX_hvm0UmA,Undirected,2,2
UCqm3BQLlJfvkTsX_hvm0UmA,UCtyWhCj3AqKh2dXctLkDtng,Undirected,2,2
UC5LyYg6cCA4yHEYvtUsir3g,UCdn5BQ06XqgXoAxIhbqw5Rg,Undirected,1,1
UC5LyYg6cCA4yHEYvtUsir3g,UCoztvTULBYd3WmStqYeoHcA,Undirected,1,1
UC5LyYg6cCA4yHEYvtUsir3g,UCqm3BQLlJfvkTsX_hvm0UmA,Undirected,1,1
UC5LyYg6cCA4yHEYvtUsir3g,UCs9_O1tRPMQTHQ-N_L6FU2g,Undirected,1,1
UCdn5BQ06XqgXoAxIhbqw5Rg,UCoztvTULBYd3WmStqYeoHcA,Undirected,1,1
UCdn5BQ06XqgXoAxIhbqw5Rg,UCqm3BQLlJfvkTsX_hvm0UmA,Undirected,3,3
UCoztvTULBYd3WmStqYeoHcA,UCqm3BQLlJfvkTsX_hvm0UmA,Undirected,1,1
UCoztvTULBYd3WmStqYeoHcA,UCs9_O1tRPMQTHQ-N_L6FU2g,Undirected,1,1
UCqm3BQLlJfvkTsX_hvm0UmA,UCs9_O1tRPMQTHQ-N_L6FU2g,Undirected,1,1
UCdyqAaZDKHXg4Ahi7VENThQ,UCqm3BQLlJfvkTsX_hvm0UmA,Undirected,1,1
UCqm3BQLlJfvkTsX_hvm0UmA,UCvInZx9h3jC2JzsIzoOebWg,Undirected,3,3
UCp-5t9SrOQwXMU7iIjQfARg,UCqm3BQLlJfvkTsX_hvm0UmA,Undirected,1,1
UCK9V2B22uJYu3N7eR_BT9QA,UCUKD-uaobj9jiqB-VXt71mA,Undirected,2,2
UCK9V2B22uJYu3N7eR_BT9QA,UCdn5BQ06XqgXoAxIhbqw5Rg,Undirected,1,1
UCK9V2B22uJYu3N7eR_BT9QA,UCqm3BQLlJfvkTsX_hvm0UmA,Undirected,1,1
UCUKD-uaobj9jiqB-VXt71mA,UCvInZx9h3jC2JzsIzoOebWg,Undirected,1,1
UCdn5BQ06XqgXoAxIhbqw5Rg,UCvInZx9h3jC2JzsIzoOebWg,Undirected,2,2
UCdXAk5MpyLD8594lm_OvtGQ,UCqm3BQLlJfvkTsX_hvm0UmA,Undirected,1,1
UCp6993wxpyDPHUpavwDFqgg,UCqm3BQLlJfvkTsX_hvm0UmA,Undirected,1,1
UCA3k-GCjCBKrqc8xigdi3_w,UCFKOVgVbGmX65RxO3EtH3iw,Undirected,3,3
UCA3k-GCjCBKrqc8xigdi3_w,UCZlDXzGoo7d44bwdNObFacg,Undirected,2,2
UCA3k-GCjCBKrqc8xigdi3_w,UCAWSyEs_Io8MtpY3m-zqILA,Undirected,2,2
UCA3k-GCjCBKrqc8xigdi3_w,UCK9V2B22uJYu3N7eR_BT9QA,Undirected,2,2
UCAWSyEs_Io8MtpY3m-zqILA,UCFKOVgVbGmX65RxO3EtH3iw,Undirected,1,1
UCAWSyEs_Io8MtpY3m-zqILA,UCK9V2B22uJYu3N7eR_BT9QA,Undirected,2,2
UCAWSyEs_Io8MtpY3m-zqILA,UCUKD-uaobj9jiqB-VXt71mA,Undirected,1,1
UCFKOVgVbGmX65RxO3EtH3iw,UCK9V2B22uJYu3N7eR_BT9QA,Undirected,1,1
UCFKOVgVbGmX65RxO3EtH3iw,UCUKD-uaobj9jiqB-VXt71mA,Undirected,1,1
UCL_O_HXgLJx3Auteer0n0pA,UCRqBKoKuX30ruKAq05pCeRQ,Undirected,9,9
UCL_O_HXgLJx3Auteer0n0pA,UCe_p3YEuYJb8Np0Ip9dk-FQ,Undirected,9,9
UCL_O_HXgLJx3Auteer0n0pA,UCkngxfPbmGyGl_RIq4FA3MQ,Undirected,9,9
UCRqBKoKuX30ruKAq05pCeRQ,UCe_p3YEuYJb8Np0Ip9dk-FQ,Undirected,9,9
UCRqBKoKuX30ruKAq05pCeRQ,UCebT4Aq-3XWb5je1S1FvR_A,Undirected,9,9
UCRqBKoKuX30ruKAq05pCeRQ,UCkngxfPbmGyGl_RIq4FA3MQ,Undirected,9,9
UCe_p3YEuYJb8Np0Ip9dk-FQ,UCebT4Aq-3XWb5je1S1FvR_A,Undirected,9,9
UCe_p3YEuYJb8Np0Ip9dk-FQ,UCkngxfPbmGyGl_RIq4FA3MQ,Undirected,9,9
UCebT4Aq-3XWb5je1S1FvR_A,UCkngxfPbmGyGl_RIq4FA3MQ,Undirected,9,9
UCL_O_HXgLJx3Auteer0n0pA,UCgIfLpQvelloDi8I0Ycbwpg,Undirected,1,1
UCRqBKoKuX30ruKAq05pCeRQ,UCgIfLpQvelloDi8I0Ycbwpg,Undirected,1,1
UCe_p3YEuYJb8Np0Ip9dk-FQ,UCgIfLpQvelloDi8I0Ycbwpg,Undirected,1,1
UCebT4Aq-3XWb5je1S1FvR_A,UCgIfLpQvelloDi8I0Ycbwpg,Undirected,1,1
UCgIfLpQvelloDi8I0Ycbwpg,UCkngxfPbmGyGl_RIq4FA3MQ,Undirected,1,1
UC1zFJrfEKvCixhsjNSb1toQ,UC2ujHvGVQ0ilnyjSmylUxIQ,Undirected,1,1
UC1zFJrfEKvCixhsjNSb1toQ,UCFgXWZOUZA2oYHNr6qDmsTQ,Undirected,1,1
UC1zFJrfEKvCixhsjNSb1toQ,UCy91xBlY_Brh3bnHxKtjrrg,Undirected,1,1
UCFgXWZOUZA2oYHNr6qDmsTQ,UCy91xBlY_Brh3bnHxKtjrrg,Undirected,1,1
UC-5WrLhfjMgrMdaEbcNLlaQ,UC1zFJrfEKvCixhsjNSb1toQ,Undirected,1,1
UCSCmu_VjL4RR7rBjrvSAwSg,UCmeyo5pRj_6PXG-CsGUuWWg,Undirected,1,1
UCSCmu_VjL4RR7rBjrvSAwSg,UCcD7DVkyXp3YY7VbmEJadPw,Undirected,4,4
UCJubINhCcFXlsBwnHp0wl_g,UCSCmu_VjL4RR7rBjrvSAwSg,Undirected,1,1
UC7-N7MvN5muVIHqyQx9LFbA,UCJvCDGShDAxcqe-MdwUcJjA,Undirected,1,1
UC7-N7MvN5muVIHqyQx9LFbA,UCSCmu_VjL4RR7rBjrvSAwSg,Undirected,1,1
UC7-N7MvN5muVIHqyQx9LFbA,UCom8rCUQZP98SIXJzMwjrxw,Undirected,1,1
UCJvCDGShDAxcqe-MdwUcJjA,UCSCmu_VjL4RR7rBjrvSAwSg,Undirected,1,1
UCJvCDGShDAxcqe-MdwUcJjA,UCom8rCUQZP98SIXJzMwjrxw,Undirected,1,1
UCSCmu_VjL4RR7rBjrvSAwSg,UCom8rCUQZP98SIXJzMwjrxw,Undirected,1,1
UC4gPv-OdLCtZj9dDV14JflQ,UCA1G7mCCohux1PnDvgrmcGQ,Undirected,1,1
UC4gPv-OdLCtZj9dDV14JflQ,UCSCmu_VjL4RR7rBjrvSAwSg,Undirected,1,1
UC4gPv-OdLCtZj9dDV14JflQ,UCcD7DVkyXp3YY7VbmEJadPw,Undirected,1,1
UC4gPv-OdLCtZj9dDV14JflQ,UChUJbHiTVeGrSkTdBzVfNCQ,Undirected,1,1
UC4gPv-OdLCtZj9dDV14JflQ,UCo7TRj3cS-f_1D9ZDmuTsjw,Undirected,1,1
UCA1G7mCCohux1PnDvgrmcGQ,UCSCmu_VjL4RR7rBjrvSAwSg,Undirected,1,1
UCA1G7mCCohux1PnDvgrmcGQ,UCcD7DVkyXp3YY7VbmEJadPw,Undirected,1,1
UCA1G7mCCohux1PnDvgrmcGQ,UChUJbHiTVeGrSkTdBzVfNCQ,Undirected,1,1
UCA1G7mCCohux1PnDvgrmcGQ,UCo7TRj3cS-f_1D9ZDmuTsjw,Undirected,1,1
UCSCmu_VjL4RR7rBjrvSAwSg,UChUJbHiTVeGrSkTdBzVfNCQ,Undirected,1,1
UCSCmu_VjL4RR7rBjrvSAwSg,UCo7TRj3cS-f_1D9ZDmuTsjw,Undirected,1,1
UCcD7DVkyXp3YY7VbmEJadPw,UChUJbHiTVeGrSkTdBzVfNCQ,Undirected,1,1
UCcD7DVkyXp3YY7VbmEJadPw,UCo7TRj3cS-f_1D9ZDmuTsjw,Undirected,1,1
UChUJbHiTVeGrSkTdBzVfNCQ,UCo7TRj3cS-f_1D9ZDmuTsjw,Undirected,2,2
UCAQDFeCTVdx90GtwohwjHzQ,UCe22Bcwd_GCpTjLxn83zl7A,Undirected,1,1
UCAQDFeCTVdx90GtwohwjHzQ,UCtHY-tP0dyykhTRMmnfPs_g,Undirected,1,1
UCe22Bcwd_GCpTjLxn83zl7A,UCtHY-tP0dyykhTRMmnfPs_g,Undirected,3,3
UC8RWtlm4uYAp_PtiJlUJTmA,UCAQDFeCTVdx90GtwohwjHzQ,Undirected,1,1
UC8RWtlm4uYAp_PtiJlUJTmA,UCGmO0S4S-AunjRdmxA6TQYg,Undirected,1,1
UCAQDFeCTVdx90GtwohwjHzQ,UCGmO0S4S-AunjRdmxA6TQYg,Undirected,1,1
UC48jH1ul-6HOrcSSfoR02fQ,UC_D2DNy-KUNQJ_NGMppgmyg,Undirected,1,1
UC48jH1ul-6HOrcSSfoR02fQ,UCtpB6Bvhs1Um93ziEDACQ8g,Undirected,1,1
UC_D2DNy-KUNQJ_NGMppgmyg,UCtpB6Bvhs1Um93ziEDACQ8g,Undirected,1,1
UC48jH1ul-6HOrcSSfoR02fQ,UC_GCs6GARLxEHxy1w40d6VQ,Undirected,1,1
UCMcWosflbve0JX78FFdJcCA,UCuep1JCrMvSxOGgGhBfJuYw,Undirected,1,1
UCXRlIK3Cw_TJIQC5kSJJQMg,UCuep1JCrMvSxOGgGhBfJuYw,Undirected,1,1
UCmZ1Rbthn-6Jm_qOGjYsh5A,UCuep1JCrMvSxOGgGhBfJuYw,Undirected,2,2
UCmZ1Rbthn-6Jm_qOGjYsh5A,UCwcyyxn6h9ex4sMXGtpQE_g,Undirected,2,2
UCuep1JCrMvSxOGgGhBfJuYw,UCwcyyxn6h9ex4sMXGtpQE_g,Undirected,2,2
UCGw7lrT-rVZCWHfdG9Frcgg,UCuep1JCrMvSxOGgGhBfJuYw,Undirected,1,1
UCKMYISTJAQ8xTplUPHiABlA,UCuep1JCrMvSxOGgGhBfJuYw,Undirected,2,2
UC8C1LLhBhf_E2IBPLSDJXlQ,UCnRQYHTnRLSF0cLJwMnedCg,Undirected,1,1
UCRqBKoKuX30ruKAq05pCeRQ,UCnRQYHTnRLSF0cLJwMnedCg,Undirected,1,1
UCBvICYXxPK8PkoocBGnmeHA,UCnRQYHTnRLSF0cLJwMnedCg,Undirected,1,1
UCBvICYXxPK8PkoocBGnmeHA,UCpVR8pys_AS24V_gsPhGlmw,Undirected,1,1
UCnRQYHTnRLSF0cLJwMnedCg,UCpVR8pys_AS24V_gsPhGlmw,Undirected,1,1
UCGw7lrT-rVZCWHfdG9Frcgg,UCxIzG0XIBe1XMh5dz-qUkVg,Undirected,1,1
UCN2XDalhsXg8OdXJBIeyBJA,UCxIzG0XIBe1XMh5dz-qUkVg,Undirected,1,1
UCN2XDalhsXg8OdXJBIeyBJA,UCNMQv8SWNkjSPAAY-9wy-Ig,Undirected,1,1
UC4l9gz3q65lTBFfFtW5LLeA,UCtHY-tP0dyykhTRMmnfPs_g,Undirected,1,1
UCo2N7C-Z91waaR6lF3LL_jw,UCtHY-tP0dyykhTRMmnfPs_g,Undirected,1,1
UCsFn_ueskBkMCEyzCEqAOvg,UCuvk5PilcvDECU7dDZhQiEw,Undirected,1,1
UCMR0yUQrsu5xpYQgAH4bicQ,UCuvk5PilcvDECU7dDZhQiEw,Undirected,1,1
UCD-miitqNY3nyukJ4Fnf4_A,UCL_O_HXgLJx3Auteer0n0pA,Undirected,1,1
UCD-miitqNY3nyukJ4Fnf4_A,UCuvk5PilcvDECU7dDZhQiEw,Undirected,1,1
UCL_O_HXgLJx3Auteer0n0pA,UCuvk5PilcvDECU7dDZhQiEw,Undirected,1,1
UCPvGypSgfDkVe7JG2KygK7A,UCUc8GZfFxtmk7ZwSO7ccQ0g,Undirected,1,1
UCPvGypSgfDkVe7JG2KygK7A,UCuvk5PilcvDECU7dDZhQiEw,Undirected,1,1
UCUc8GZfFxtmk7ZwSO7ccQ0g,UCuvk5PilcvDECU7dDZhQiEw,Undirected,1,1
UCiA-trSZfB0i92V_-dyDqBw,UCzJauYwPHrSABBvvZefk69w,Undirected,1,1
UC-6rZgmxZSIbq786j3RD5ow,UCHBhnG2G-qN0JrrWmMO2FTA,Undirected,1,1
UC-6rZgmxZSIbq786j3RD5ow,UChUJbHiTVeGrSkTdBzVfNCQ,Undirected,1,1
UC-6rZgmxZSIbq786j3RD5ow,UCqjTqdVlvIipZXIKeCkHKUA,Undirected,1,1
UCHBhnG2G-qN0JrrWmMO2FTA,UChUJbHiTVeGrSkTdBzVfNCQ,Undirected,1,1
UCHBhnG2G-qN0JrrWmMO2FTA,UCqjTqdVlvIipZXIKeCkHKUA,Undirected,1,1
UChUJbHiTVeGrSkTdBzVfNCQ,UCqjTqdVlvIipZXIKeCkHKUA,Undirected,1,1
UCJubINhCcFXlsBwnHp0wl_g,UCZYyhgoV314CM14zBD6vd4A,Undirected,1,1
UCJubINhCcFXlsBwnHp0wl_g,UCbc8fwhdUNlqi-J99ISYu4A,Undirected,1,1
UCZYyhgoV314CM14zBD6vd4A,UCbc8fwhdUNlqi-J99ISYu4A,Undirected,1,1
UCZYyhgoV314CM14zBD6vd4A,UChUJbHiTVeGrSkTdBzVfNCQ,Undirected,1,1
UCbc8fwhdUNlqi-J99ISYu4A,UChUJbHiTVeGrSkTdBzVfNCQ,Undirected,1,1
UCEAOVoVVtVBhcn7vLIQIkDA,UCL6tE9DTRw-geHrCWuBHrmg,Undirected,1,1
UCEAOVoVVtVBhcn7vLIQIkDA,UCMWSw7BaNsxR9xyuP6YrN9g,Undirected,1,1
UCEAOVoVVtVBhcn7vLIQIkDA,UChUJbHiTVeGrSkTdBzVfNCQ,Undirected,1,1
UCEAOVoVVtVBhcn7vLIQIkDA,UClANRDEGOkshpEw2ro6fCsA,Undirected,1,1
UCL6tE9DTRw-geHrCWuBHrmg,UCMWSw7BaNsxR9xyuP6YrN9g,Undirected,1,1
UCL6tE9DTRw-geHrCWuBHrmg,UChUJbHiTVeGrSkTdBzVfNCQ,Undirected,1,1
UCL6tE9DTRw-geHrCWuBHrmg,UClANRDEGOkshpEw2ro6fCsA,Undirected,1,1
UCMWSw7BaNsxR9xyuP6YrN9g,UChUJbHiTVeGrSkTdBzVfNCQ,Undirected,1,1
UCMWSw7BaNsxR9xyuP6YrN9g,UClANRDEGOkshpEw2ro6fCsA,Undirected,1,1
UChUJbHiTVeGrSkTdBzVfNCQ,UClANRDEGOkshpEw2ro6fCsA,Undirected,1,1
UCTIE7LM5X15NVugV7Krp9Hw,UCo7TRj3cS-f_1D9ZDmuTsjw,Undirected,2,2
UCTIE7LM5X15NVugV7Krp9Hw,UCmeyo5pRj_6PXG-CsGUuWWg,Undirected,1,1
UCmeyo5pRj_6PXG-CsGUuWWg,UCo7TRj3cS-f_1D9ZDmuTsjw,Undirected,1,1
UC6WFKwYptsxVue56Lx218vg,UCX7YkU9nEeaoZbkVLVajcMg,Undirected,1,1
UC6WFKwYptsxVue56Lx218vg,UCambvP8yxNDot4FzQc9cgiw,Undirected,1,1
UCX7YkU9nEeaoZbkVLVajcMg,UCambvP8yxNDot4FzQc9cgiw,Undirected,1,1
UC4l9gz3q65lTBFfFtW5LLeA,UCKMYISTJAQ8xTplUPHiABlA,Undirected,1,1
UC4l9gz3q65lTBFfFtW5LLeA,UCX7YkU9nEeaoZbkVLVajcMg,Undirected,2,2
UC4l9gz3q65lTBFfFtW5LLeA,UCtLfA_qUqCJtjXJM2ZR_keg,Undirected,1,1
UC4l9gz3q65lTBFfFtW5LLeA,UCuep1JCrMvSxOGgGhBfJuYw,Undirected,1,1
UCKMYISTJAQ8xTplUPHiABlA,UCX7YkU9nEeaoZbkVLVajcMg,Undirected,1,1
UCKMYISTJAQ8xTplUPHiABlA,UCtLfA_qUqCJtjXJM2ZR_keg,Undirected,1,1
UCX7YkU9nEeaoZbkVLVajcMg,UCtLfA_qUqCJtjXJM2ZR_keg,Undirected,1,1
UCX7YkU9nEeaoZbkVLVajcMg,UCuep1JCrMvSxOGgGhBfJuYw,Undirected,1,1
UCtLfA_qUqCJtjXJM2ZR_keg,UCuep1JCrMvSxOGgGhBfJuYw,Undirected,1,1
UC2OacIzd2UxGHRGhdHl1Rhw,UCX7YkU9nEeaoZbkVLVajcMg,Undirected,1,1
UC2OacIzd2UxGHRGhdHl1Rhw,UCkhViRjLUKgIcVpar9JiNrw,Undirected,1,1
UC2OacIzd2UxGHRGhdHl1Rhw,UCmeyo5pRj_6PXG-CsGUuWWg,Undirected,1,1
UC2OacIzd2UxGHRGhdHl1Rhw,UCw-kTlPnZYSHhlGMFJ17Znw,Undirected,1,1
UCX7YkU9nEeaoZbkVLVajcMg,UCkhViRjLUKgIcVpar9JiNrw,Undirected,2,2
UCX7YkU9nEeaoZbkVLVajcMg,UCmeyo5pRj_6PXG-CsGUuWWg,Undirected,1,1
UCX7YkU9nEeaoZbkVLVajcMg,UCw-kTlPnZYSHhlGMFJ17Znw,Undirected,1,1
UCkhViRjLUKgIcVpar9JiNrw,UCmeyo5pRj_6PXG-CsGUuWWg,Undirected,1,1
UCkhViRjLUKgIcVpar9JiNrw,UCw-kTlPnZYSHhlGMFJ17Znw,Undirected,1,1
UCmeyo5pRj_6PXG-CsGUuWWg,UCw-kTlPnZYSHhlGMFJ17Znw,Undirected,1,1
UC4l9gz3q65lTBFfFtW5LLeA,UC8SJPcLpIM3x8RdBJFfiluw,Undirected,1,1
UC8SJPcLpIM3x8RdBJFfiluw,UCX7YkU9nEeaoZbkVLVajcMg,Undirected,1,1
UC6oDys1BGgBsIC3WhG1BovQ,UCX7YkU9nEeaoZbkVLVajcMg,Undirected,1,1
UCX7YkU9nEeaoZbkVLVajcMg,UCbc8fwhdUNlqi-J99ISYu4A,Undirected,1,1
UCX7YkU9nEeaoZbkVLVajcMg,UCcx3crxPFi006DUhb_YU-tw,Undirected,1,1
UCX7YkU9nEeaoZbkVLVajcMg,UCiA-trSZfB0i92V_-dyDqBw,Undirected,1,1
UCX7YkU9nEeaoZbkVLVajcMg,UCsg-YqdqQ-KFF0LNk23BY4A,Undirected,1,1
UCbc8fwhdUNlqi-J99ISYu4A,UCcx3crxPFi006DUhb_YU-tw,Undirected,1,1
UCbc8fwhdUNlqi-J99ISYu4A,UCiA-trSZfB0i92V_-dyDqBw,Undirected,1,1
UCbc8fwhdUNlqi-J99ISYu4A,UCsg-YqdqQ-KFF0LNk23BY4A,Undirected,1,1
UCcx3crxPFi006DUhb_YU-tw,UCiA-trSZfB0i92V_-dyDqBw,Undirected,1,1
UCcx3crxPFi006DUhb_YU-tw,UCsg-YqdqQ-KFF0LNk23BY4A,Undirected,1,1
UCiA-trSZfB0i92V_-dyDqBw,UCsg-YqdqQ-KFF0LNk23BY4A,Undirected,1,1
UC1zFJrfEKvCixhsjNSb1toQ,UCUP8TmlO7NNra88AMqGU_vQ,Undirected,1,1
UC1zFJrfEKvCixhsjNSb1toQ,UCX7YkU9nEeaoZbkVLVajcMg,Undirected,1,1
UCUP8TmlO7NNra88AMqGU_vQ,UCX7YkU9nEeaoZbkVLVajcMg,Undirected,1,1
UC7_MFM9b8hp5kuTSpa8WyOQ,UCX7YkU9nEeaoZbkVLVajcMg,Undirected,1,1
UC7_MFM9b8hp5kuTSpa8WyOQ,UCkhViRjLUKgIcVpar9JiNrw,Undirected,1,1
UC7_MFM9b8hp5kuTSpa8WyOQ,UCmovZ2th3Sqpd00F5RdeigQ,Undirected,1,1
UC7_MFM9b8hp5kuTSpa8WyOQ,UCsFn_ueskBkMCEyzCEqAOvg,Undirected,1,1
UCX7YkU9nEeaoZbkVLVajcMg,UCmovZ2th3Sqpd00F5RdeigQ,Undirected,1,1
UCX7YkU9nEeaoZbkVLVajcMg,UCsFn_ueskBkMCEyzCEqAOvg,Undirected,1,1
UCkhViRjLUKgIcVpar9JiNrw,UCmovZ2th3Sqpd00F5RdeigQ,Undirected,1,1
UCkhViRjLUKgIcVpar9JiNrw,UCsFn_ueskBkMCEyzCEqAOvg,Undirected,1,1
UCA0Bg7M9IzYhsMm54Iu5Thg,UCi86xN74eUECs8naHF_Z_bg,Undirected,1,1
UCA0Bg7M9IzYhsMm54Iu5Thg,UCskh11uxbzX3GQTzHMOJZSQ,Undirected,1,1
UCi86xN74eUECs8naHF_Z_bg,UCskh11uxbzX3GQTzHMOJZSQ,Undirected,2,2
UCN-8kYmpS-LlxhXCJfzhL5A,UCskh11uxbzX3GQTzHMOJZSQ,Undirected,1,1
UCU9wUbFUCx_jzlzWJpvJZ9w,UCskh11uxbzX3GQTzHMOJZSQ,Undirected,1,1
UCTBsKJaXFmK8rj1OuboNesw,UCep27mxUiDB2XBOYeUma8dA,Undirected,1,1
UC2KNOBqzElEs8TA7SR2Hm2w,UCTBsKJaXFmK8rj1OuboNesw,Undirected,1,1
UC1zFJrfEKvCixhsjNSb1toQ,UC2qxMP86cqdqftwJdEe1ABg,Undirected,1,1
UC2qxMP86cqdqftwJdEe1ABg,UCtpB6Bvhs1Um93ziEDACQ8g,Undirected,1,1
UC2qxMP86cqdqftwJdEe1ABg,UChN7P9OhRltW3w9IesC92PA,Undirected,1,1
UC2hc-00y-MSR6eYA4eQ4tjQ,UC7XCjKxBEct0uAukpQXNFPw,Undirected,1,1
UC2hc-00y-MSR6eYA4eQ4tjQ,UCPd0Z22gF43dUidPYEQO5-w,Undirected,1,1
UC2hc-00y-MSR6eYA4eQ4tjQ,UCwuS0uY-Z2Gr_5OV2oFybFA,Undirected,1,1
UC7XCjKxBEct0uAukpQXNFPw,UCPd0Z22gF43dUidPYEQO5-w,Undirected,1,1
UC7XCjKxBEct0uAukpQXNFPw,UCwuS0uY-Z2Gr_5OV2oFybFA,Undirected,1,1
UCPd0Z22gF43dUidPYEQO5-w,UCwuS0uY-Z2Gr_5OV2oFybFA,Undirected,1,1
UC0xhrAce06OkQfHBqAfLQAQ,UC2hc-00y-MSR6eYA4eQ4tjQ,Undirected,1,1
UC0xhrAce06OkQfHBqAfLQAQ,UCXp7sNC0F_qkjickvlYkg-Q,Undirected,6,6
UCFIAtyXz7XgNND_2GlE6t3A,UCXp7sNC0F_qkjickvlYkg-Q,Undirected,1,1
UCFIAtyXz7XgNND_2GlE6t3A,UCln9P4Qm3-EAY4aiEPmRwEA,Undirected,1,1
UCXp7sNC0F_qkjickvlYkg-Q,UCln9P4Qm3-EAY4aiEPmRwEA,Undirected,1,1
UCXp7sNC0F_qkjickvlYkg-Q,UCdEz64qW1O0lDTxNfOPpryw,Undirected,1,1
UCUc8GZfFxtmk7ZwSO7ccQ0g,UCmovZ2th3Sqpd00F5RdeigQ,Undirected,1,1
UCStzBFfjwFYb0qSYHnzFZvw,UCUc8GZfFxtmk7ZwSO7ccQ0g,Undirected,1,1
UC438NzuH3byhVc9KSXKc8ZA,UCo_nZN5yB0rmfoPBVjYRMmw,Undirected,1,1
UC9UAxVR4Tym2PIICVfLTZUw,UCo_nZN5yB0rmfoPBVjYRMmw,Undirected,1,1
UCVfPy5MlQ9hKJPkvfyoh3lg,UCvsjE1LW3lVVF0O0fPDnO7w,Undirected,2,2
UCqpiip_58O4A9l7uOOHdjXw,UCt09C9DPSuOGpHoitbcyCIQ,Undirected,1,1
UCqpiip_58O4A9l7uOOHdjXw,UCvsjE1LW3lVVF0O0fPDnO7w,Undirected,1,1
UCt09C9DPSuOGpHoitbcyCIQ,UCvsjE1LW3lVVF0O0fPDnO7w,Undirected,1,1
UCNEQ5wdMgbnk0j0NmQWuMPQ,UCvsjE1LW3lVVF0O0fPDnO7w,Undirected,1,1
UC38hCsF3st1pBJBw8JnAu2g,UCWV9E1l5YItrPEAWHoNmieQ,Undirected,1,1
UC38hCsF3st1pBJBw8JnAu2g,UC_VFb6Q52lbZJwTuE8Rb5AA,Undirected,1,1
UC38hCsF3st1pBJBw8JnAu2g,UCzUNASdzI4PV5SlqtYwAkKQ,Undirected,1,1
UCWV9E1l5YItrPEAWHoNmieQ,UC_VFb6Q52lbZJwTuE8Rb5AA,Undirected,1,1
UCWV9E1l5YItrPEAWHoNmieQ,UCzUNASdzI4PV5SlqtYwAkKQ,Undirected,1,1
UC_VFb6Q52lbZJwTuE8Rb5AA,UCzUNASdzI4PV5SlqtYwAkKQ,Undirected,1,1
UCE4jlsAFvREH-pRd55F8jSA,UCMy0TMPtsFW4gbnQrfQ76Tw,Undirected,1,1
UCE4jlsAFvREH-pRd55F8jSA,UC_VFb6Q52lbZJwTuE8Rb5AA,Undirected,1,1
UCMy0TMPtsFW4gbnQrfQ76Tw,UC_VFb6Q52lbZJwTuE8Rb5AA,Undirected,1,1
UC3NHhO0wBaZ5OVxaabcDKrw,UCSF2vv7HFeQHrv1DinGLBLw,Undirected,1,1
UC3NHhO0wBaZ5OVxaabcDKrw,UC_VFb6Q52lbZJwTuE8Rb5AA,Undirected,1,1
UC3NHhO0wBaZ5OVxaabcDKrw,UCvNn6mRroGDctnqU-FUsszg,Undirected,1,1
UCSF2vv7HFeQHrv1DinGLBLw,UC_VFb6Q52lbZJwTuE8Rb5AA,Undirected,1,1
UCSF2vv7HFeQHrv1DinGLBLw,UCvNn6mRroGDctnqU-FUsszg,Undirected,1,1
UC_VFb6Q52lbZJwTuE8Rb5AA,UCvNn6mRroGDctnqU-FUsszg,Undirected,1,1
UCo7TRj3cS-f_1D9ZDmuTsjw,UCxWcO9CLti4uouUIS5IIF-Q,Undirected,3,3
UCCB4kCxfVMdudYmF6nTnMUQ,UCo7TRj3cS-f_1D9ZDmuTsjw,Undirected,1,1
UCb7ve-ncnLh41F4sYpFTcXA,UCo7TRj3cS-f_1D9ZDmuTsjw,Undirected,1,1
UChUJbHiTVeGrSkTdBzVfNCQ,UCxWcO9CLti4uouUIS5IIF-Q,Undirected,1,1
UCDsljWcvFksb3hACm4JjmtQ,UCTn-8yGN_yoBU3IVzTP2q5A,Undirected,1,1
UCDsljWcvFksb3hACm4JjmtQ,UCUCLhQyvJ6daYdfKkv_0Cbg,Undirected,2,2
UCTn-8yGN_yoBU3IVzTP2q5A,UCUCLhQyvJ6daYdfKkv_0Cbg,Undirected,1,1
UC-YKYcyPF7XeW7fGyzkZ6gA,UCUCLhQyvJ6daYdfKkv_0Cbg,Undirected,2,2
UCtFACpztRhO1cmcOyz5py2w,UCvP4TQTpBxm4AjFQOSKRrdA,Undirected,1,1
UCFNZocz3I9dcrM-J_IOErcQ,UCvP4TQTpBxm4AjFQOSKRrdA,Undirected,1,1
UC9W9ef-fndKfImqbPUilhFQ,UCgHKqsY-9qQnVW6atVVwVcw,Undirected,1,1
UC9W9ef-fndKfImqbPUilhFQ,UCs9TVuEl-tKSvMqmeKu5Diw,Undirected,1,1
UCgHKqsY-9qQnVW6atVVwVcw,UCs9TVuEl-tKSvMqmeKu5Diw,Undirected,1,1
UCmhtmUBjkXOAetnaDq-XJ1g,UCmk7xiOWr0RvnmFk3g9XB5A,Undirected,1,1
UCaPOHJDu8gFbIttM5WwQhJw,UCjalTisWDx3D3n317R1AObw,Undirected,10,10
UCIMdJx2EBZKydtSajPZwjVg,UCaPOHJDu8gFbIttM5WwQhJw,Undirected,1,1
UCIMdJx2EBZKydtSajPZwjVg,UCjalTisWDx3D3n317R1AObw,Undirected,1,1
UCEXCEsV_t1X_d4gSirFLgvA,UCWXd_NoLb-QpsMYt9UlDllw,Undirected,2,2
UC7RAC2rOqNUOrE9u70nqYRA,UC850Ge7SYCx-uuwXcfqReVg,Undirected,1,1
UC7RAC2rOqNUOrE9u70nqYRA,UCoz-j-rDCTOZS2Mqjt4ADwg,Undirected,2,2
UC850Ge7SYCx-uuwXcfqReVg,UC_IwcGjLRPp9-XfR4rIRPdg,Undirected,1,1
UC850Ge7SYCx-uuwXcfqReVg,UCoz-j-rDCTOZS2Mqjt4ADwg,Undirected,1,1
UC_IwcGjLRPp9-XfR4rIRPdg,UCoz-j-rDCTOZS2Mqjt4ADwg,Undirected,2,2
UCuJw9u94XqVEYUkPi1om0Mw,UCv_jreWfYg70AcUQHrdJwNQ,Undirected,9,9
UC04G5WzIZ2ieJT0JlZy4H-A,UCWy0kYBwxxHrCThhUwL_M2w,Undirected,2,2
UC04G5WzIZ2ieJT0JlZy4H-A,UCmE8sLhT9d2XScGkwojX30Q,Undirected,2,2
UC04G5WzIZ2ieJT0JlZy4H-A,UCuJw9u94XqVEYUkPi1om0Mw,Undirected,3,3
UC04G5WzIZ2ieJT0JlZy4H-A,UCv_jreWfYg70AcUQHrdJwNQ,Undirected,3,3
UCWy0kYBwxxHrCThhUwL_M2w,UCmE8sLhT9d2XScGkwojX30Q,Undirected,2,2
UCWy0kYBwxxHrCThhUwL_M2w,UCuJw9u94XqVEYUkPi1om0Mw,Undirected,2,2
UCWy0kYBwxxHrCThhUwL_M2w,UCv_jreWfYg70AcUQHrdJwNQ,Undirected,2,2
UCmE8sLhT9d2XScGkwojX30Q,UCuJw9u94XqVEYUkPi1om0Mw,Undirected,2,2
UCmE8sLhT9d2XScGkwojX30Q,UCv_jreWfYg70AcUQHrdJwNQ,Undirected,2,2
UC04G5WzIZ2ieJT0JlZy4H-A,UC1VgjU53-foDbH_nfw6xURg,Undirected,1,1
UC1VgjU53-foDbH_nfw6xURg,UCuJw9u94XqVEYUkPi1om0Mw,Undirected,1,1
UC1VgjU53-foDbH_nfw6xURg,UCv_jreWfYg70AcUQHrdJwNQ,Undirected,1,1
UC04G5WzIZ2ieJT0JlZy4H-A,UCwoNg7oZww0idMuX7Walakw,Undirected,1,1
UCWy0kYBwxxHrCThhUwL_M2w,UCwoNg7oZww0idMuX7Walakw,Undirected,1,1
UCmE8sLhT9d2XScGkwojX30Q,UCwoNg7oZww0idMuX7Walakw,Undirected,1,1
UCuJw9u94XqVEYUkPi1om0Mw,UCwoNg7oZww0idMuX7Walakw,Undirected,1,1
UCv_jreWfYg70AcUQHrdJwNQ,UCwoNg7oZww0idMuX7Walakw,Undirected,1,1
UC1tk9F5-MGXEq4LWnjmrtpA,UCK42yU2_Hx7-uv6qDeLPA6g,Undirected,1,1
UC1tk9F5-MGXEq4LWnjmrtpA,UCZrm6tHpAvD5BwjNyTsYY9g,Undirected,1,1
UCK42yU2_Hx7-uv6qDeLPA6g,UCZrm6tHpAvD5BwjNyTsYY9g,Undirected,2,2
UCXdqM01i5loJv2b45KNzoLw,UCnukdQmLBjW-mGRUXTLtGFA,Undirected,10,10
UCXdqM01i5loJv2b45KNzoLw,UCyJO3YN5ObsY6lvc9UylxKA,Undirected,3,3
UCXdqM01i5loJv2b45KNzoLw,UCgY6VuvlgNeQscvfN-HYwKA,Undirected,1,1
UCgY6VuvlgNeQscvfN-HYwKA,UCnukdQmLBjW-mGRUXTLtGFA,Undirected,1,1
UCgY6VuvlgNeQscvfN-HYwKA,UCyJO3YN5ObsY6lvc9UylxKA,Undirected,1,1
UCXdqM01i5loJv2b45KNzoLw,UCji7wOyUvCTdDvr4q-wuXNg,Undirected,2,2
UCji7wOyUvCTdDvr4q-wuXNg,UCnukdQmLBjW-mGRUXTLtGFA,Undirected,2,2
UCEZQt_bkQZeqXd74okdrBVw,UCXdqM01i5loJv2b45KNzoLw,Undirected,2,2
UCEZQt_bkQZeqXd74okdrBVw,UCkVibqAmWIRtISR7ccam3ww,Undirected,2,2
UCEZQt_bkQZeqXd74okdrBVw,UCnukdQmLBjW-mGRUXTLtGFA,Undirected,2,2
UCXdqM01i5loJv2b45KNzoLw,UCkVibqAmWIRtISR7ccam3ww,Undirected,2,2
UCkVibqAmWIRtISR7ccam3ww,UCnukdQmLBjW-mGRUXTLtGFA,Undirected,2,2
UCXdqM01i5loJv2b45KNzoLw,UC_xQibvSq7E9rI0vVj031ug,Undirected,1,1
UCXdqM01i5loJv2b45KNzoLw,UCnNLsXOpMpymTKh4kA-0v4A,Undirected,1,1
UC_xQibvSq7E9rI0vVj031ug,UCji7wOyUvCTdDvr4q-wuXNg,Undirected,1,1
UC_xQibvSq7E9rI0vVj031ug,UCnNLsXOpMpymTKh4kA-0v4A,Undirected,1,1
UC_xQibvSq7E9rI0vVj031ug,UCnukdQmLBjW-mGRUXTLtGFA,Undirected,1,1
UC_xQibvSq7E9rI0vVj031ug,UCyJO3YN5ObsY6lvc9UylxKA,Undirected,1,1
UCji7wOyUvCTdDvr4q-wuXNg,UCnNLsXOpMpymTKh4kA-0v4A,Undirected,1,1
UCji7wOyUvCTdDvr4q-wuXNg,UCyJO3YN5ObsY6lvc9UylxKA,Undirected,1,1
UCnNLsXOpMpymTKh4kA-0v4A,UCnukdQmLBjW-mGRUXTLtGFA,Undirected,1,1
UCnNLsXOpMpymTKh4kA-0v4A,UCyJO3YN5ObsY6lvc9UylxKA,Undirected,1,1
UCGmO0S4S-AunjRdmxA6TQYg,UCdMGYXL38w6htx6Yf9YJa-w,Undirected,1,1
UCFXkDxCa_XVcNC7oOEw7U5g,UCdMGYXL38w6htx6Yf9YJa-w,Undirected,1,1
UCKeB3X0Akxxo3VfG46D_Dfg,UCdMGYXL38w6htx6Yf9YJa-w,Undirected,1,1
UCLz6MG2kx_0xeaW0LowYnMQ,UCdMGYXL38w6htx6Yf9YJa-w,Undirected,1,1
UCdMGYXL38w6htx6Yf9YJa-w,UCihQ9WPpwc-fZ9lz3ZjAYnA,Undirected,1,1
UC10BM9XdLdrvB8japwmRUvA,UCdMGYXL38w6htx6Yf9YJa-w,Undirected,1,1
UC767JFK0j3FJr4bMqXITSWg,UCDDjloxBOLaD5ejttJJ0Ymg,Undirected,1,1
UC767JFK0j3FJr4bMqXITSWg,UCLz6MG2kx_0xeaW0LowYnMQ,Undirected,1,1
UC767JFK0j3FJr4bMqXITSWg,UCVaF0JK21BWNs2XQBjav2Gw,Undirected,1,1
UCDDjloxBOLaD5ejttJJ0Ymg,UCLz6MG2kx_0xeaW0LowYnMQ,Undirected,1,1
UCDDjloxBOLaD5ejttJJ0Ymg,UCVaF0JK21BWNs2XQBjav2Gw,Undirected,1,1
UCLz6MG2kx_0xeaW0LowYnMQ,UCVaF0JK21BWNs2XQBjav2Gw,Undirected,1,1
UC6RHqnmoCvhwRHi1KPgOvdg,UC9_8AXpxjjNl62HPhF5IAyg,Undirected,1,1
UC6RHqnmoCvhwRHi1KPgOvdg,UCVaF0JK21BWNs2XQBjav2Gw,Undirected,1,1
UC9_8AXpxjjNl62HPhF5IAyg,UCVaF0JK21BWNs2XQBjav2Gw,Undirected,1,1
UCVaF0JK21BWNs2XQBjav2Gw,UCv9b9KtcBkM1_VEZ8pK8bVQ,Undirected,1,1
UCVaF0JK21BWNs2XQBjav2Gw,UCbQotKy0dxQF3HRXGTM_DKg,Undirected,1,1
UCVaF0JK21BWNs2XQBjav2Gw,UCtk3KnxYCoGiyrLVdIOgG1Q,Undirected,1,1
UCbQotKy0dxQF3HRXGTM_DKg,UCtk3KnxYCoGiyrLVdIOgG1Q,Undirected,1,1
UC1laSZHo_6VBXU9FmfGNwFA,UCtlNyPzkGuzylD-8VRGY8_Q,Undirected,1,1
UC1laSZHo_6VBXU9FmfGNwFA,UC5HwceAVbRH7sKrmucI5onQ,Undirected,1,1
UC1laSZHo_6VBXU9FmfGNwFA,UCrHlC-EYZcMfXUa50CiYFHQ,Undirected,1,1
UC1laSZHo_6VBXU9FmfGNwFA,UCUWi7cvcIn-wOphhhwkXIKA,Undirected,1,1
UC1laSZHo_6VBXU9FmfGNwFA,UCZ_mmu50zdCxfDRTpnDtGdg,Undirected,1,1
UCFMn_i5hE32jGqS8ZYbKWvQ,UCZo9YdkaghMLh08GauwS44Q,Undirected,2,2
UCLrY8j-5L7Aadpoe_Puk8Xw,UCZo9YdkaghMLh08GauwS44Q,Undirected,1,1
UC1AZYw8DI-4wMWtuYbv2Syg,UCZo9YdkaghMLh08GauwS44Q,Undirected,1,1
UCZo9YdkaghMLh08GauwS44Q,UCoCdAa1kbEXaMxLC8C56J9w,Undirected,1,1
UC-rOdlxXdfzlXqt_i0kP1QA,UCZo9YdkaghMLh08GauwS44Q,Undirected,1,1
UC5kgfq-LDXsqIg3S1cvxgIA,UCFMn_i5hE32jGqS8ZYbKWvQ,Undirected,1,1
UC5kgfq-LDXsqIg3S1cvxgIA,UCZo9YdkaghMLh08GauwS44Q,Undirected,1,1
UC1EB8moGYdkoZQfWHjh7Ivw,UC5fwtXKwDpgboOud4DbjQTg,Undirected,7,7
UC1EB8moGYdkoZQfWHjh7Ivw,UCPQMAXEjEqp3D5wepIGr50w,Undirected,7,7
UC5fwtXKwDpgboOud4DbjQTg,UCPQMAXEjEqp3D5wepIGr50w,Undirected,7,7
UC5fwtXKwDpgboOud4DbjQTg,UCmgWMQkenFc72QnYkdxdoKA,Undirected,7,7
UCPQMAXEjEqp3D5wepIGr50w,UCmgWMQkenFc72QnYkdxdoKA,Undirected,7,7
UC7_NTAuWWjw6DnYsBr5VnWg,UCURoC-bsNMU3VF0iBb8z95A,Undirected,1,1
UC97VMXlXgMReYKCCTeDZdDw,UCraC7460yGQF4GDmSjCecpQ,Undirected,1,1
UCoVfdd-BGgwCInk08Rwv7xw,UCraC7460yGQF4GDmSjCecpQ,Undirected,1,1
UCgf4ASaUXSl960o8wXWHGdQ,UCoVfdd-BGgwCInk08Rwv7xw,Undirected,1,1
UCoVfdd-BGgwCInk08Rwv7xw,UCv0hpsgpGWYdBsotEA3_5fQ,Undirected,1,1
UC8QQ0W_D5pj8Nk1CafyTEXQ,UC8yLsY54y-dIOzo9Kzt94AQ,Undirected,1,1
UC8QQ0W_D5pj8Nk1CafyTEXQ,UCHkkl4TnOzfOb3iPxnkl0vA,Undirected,1,1
UC8QQ0W_D5pj8Nk1CafyTEXQ,UCUtyA3HpioiV5jHlSp-cNMg,Undirected,1,1
UC8yLsY54y-dIOzo9Kzt94AQ,UCHkkl4TnOzfOb3iPxnkl0vA,Undirected,1,1
UC8yLsY54y-dIOzo9Kzt94AQ,UCUtyA3HpioiV5jHlSp-cNMg,Undirected,1,1
UCHkkl4TnOzfOb3iPxnkl0vA,UCUtyA3HpioiV5jHlSp-cNMg,Undirected,1,1
UCAUbLLlam6ayzmWVhG_qzmQ,UCnVDCsEQf-sl6X2ttbqlDHA,Undirected,1,1
UCGGY3oTOQ9g9FCu9hLFJsqw,UCnVDCsEQf-sl6X2ttbqlDHA,Undirected,1,1
UCnVDCsEQf-sl6X2ttbqlDHA,UCrpam9cHUuF7qfXJC084Tcg,Undirected,1,1
UC3gacr7ZpY9Lwi184c5zi1w,UCAUbLLlam6ayzmWVhG_qzmQ,Undirected,1,1
UC3gacr7ZpY9Lwi184c5zi1w,UCGGY3oTOQ9g9FCu9hLFJsqw,Undirected,1,1
UC3gacr7ZpY9Lwi184c5zi1w,UCYkmxyJoAD4FLcFVV7xjIMg,Undirected,1,1
UC3gacr7ZpY9Lwi184c5zi1w,UCrpam9cHUuF7qfXJC084Tcg,Undirected,1,1
UCAUbLLlam6ayzmWVhG_qzmQ,UCYkmxyJoAD4FLcFVV7xjIMg,Undirected,2,2
UCGGY3oTOQ9g9FCu9hLFJsqw,UCYkmxyJoAD4FLcFVV7xjIMg,Undirected,2,2
UCYkmxyJoAD4FLcFVV7xjIMg,UCrpam9cHUuF7qfXJC084Tcg,Undirected,2,2
UCAUbLLlam6ayzmWVhG_qzmQ,UCVtacMSALv70QzcGmVOvymQ,Undirected,1,1
UCGGY3oTOQ9g9FCu9hLFJsqw,UCVtacMSALv70QzcGmVOvymQ,Undirected,1,1
UCVtacMSALv70QzcGmVOvymQ,UCrpam9cHUuF7qfXJC084Tcg,Undirected,1,1
UCAUbLLlam6ayzmWVhG_qzmQ,UCG4fqU419F_vnBkIfSyR9Yg,Undirected,1,1
UCG4fqU419F_vnBkIfSyR9Yg,UCGGY3oTOQ9g9FCu9hLFJsqw,Undirected,1,1
UCG4fqU419F_vnBkIfSyR9Yg,UCrpam9cHUuF7qfXJC084Tcg,Undirected,1,1
UCVJYjCIm7U8q7lAw_l_jaTA,UCk7S76uQrkOoFnSesUtt_jg,Undirected,1,1
UCk7S76uQrkOoFnSesUtt_jg,UCqlAKJQ0KjpyKuvGOkJCKfQ,Undirected,1,1
UC8iFHqWjzEIgZnvqpH-wUsQ,UCt2o2UibW0tBxjH1bpaxqyg,Undirected,1,1
UC8iFHqWjzEIgZnvqpH-wUsQ,UCxnQ-E6mfOZ61-Wj2PmY0aA,Undirected,1,1
UCt2o2UibW0tBxjH1bpaxqyg,UCxnQ-E6mfOZ61-Wj2PmY0aA,Undirected,1,1
UC8iFHqWjzEIgZnvqpH-wUsQ,UCIsd1IeijTFZ-b9YUwCOqIg,Undirected,1,1
UC8iFHqWjzEIgZnvqpH-wUsQ,UCIKpu2agTUwkRYCNilLkSPg,Undirected,1,1
UCIKpu2agTUwkRYCNilLkSPg,UCTQWfX7UKw7f6bI5Fpczwxg,Undirected,1,1
UCV9onMclRfe9TJ4YqovuG5Q,UCYuzSfHn3E22B2gUOkSqGAQ,Undirected,1,1
UCV9onMclRfe9TJ4YqovuG5Q,UCf2wXRVJ3aHyrADFvLJYN0A,Undirected,1,1
UCV9onMclRfe9TJ4YqovuG5Q,UCg63en4o9v137elRDhj6CJg,Undirected,1,1
UCV9onMclRfe9TJ4YqovuG5Q,UCnHlKp2LngipKnVv0_0XoVg,Undirected,1,1
UCYuzSfHn3E22B2gUOkSqGAQ,UCf2wXRVJ3aHyrADFvLJYN0A,Undirected,1,1
UCYuzSfHn3E22B2gUOkSqGAQ,UCg63en4o9v137elRDhj6CJg,Undirected,1,1
UCYuzSfHn3E22B2gUOkSqGAQ,UCnHlKp2LngipKnVv0_0XoVg,Undirected,1,1
UCf2wXRVJ3aHyrADFvLJYN0A,UCg63en4o9v137elRDhj6CJg,Undirected,1,1
UCf2wXRVJ3aHyrADFvLJYN0A,UCnHlKp2LngipKnVv0_0XoVg,Undirected,1,1
UCg63en4o9v137elRDhj6CJg,UCnHlKp2LngipKnVv0_0XoVg,Undirected,1,1
UC8PM-52zOsBq6xb_HWCZWUQ,UCdNWnYLF_SajfNifXZ-qFtg,Undirected,2,2
UC8PM-52zOsBq6xb_HWCZWUQ,UCaW-seC2a1o8zPkNf9ocsGQ,Undirected,1,1
UC8PM-52zOsBq6xb_HWCZWUQ,UCoZ2AepKVGUYN-nW-Bq1Ung,Undirected,1,1
UCaW-seC2a1o8zPkNf9ocsGQ,UCoZ2AepKVGUYN-nW-Bq1Ung,Undirected,1,1
UCFZ0tXYzXG41QB4ybPBHUgw,UCdNWnYLF_SajfNifXZ-qFtg,Undirected,1,1
UCdNWnYLF_SajfNifXZ-qFtg,UCjF7PDcaUKCtMhJnLNnTpNA,Undirected,1,1
UC6kGlpZg2tcemPrqwkpuCUQ,UCXPpxLk8Zgi4fyHLgjY6Zzg,Undirected,1,1
UC6kGlpZg2tcemPrqwkpuCUQ,UCd0x3327ugAqqnr0RvLD1SQ,Undirected,3,3
UCXPpxLk8Zgi4fyHLgjY6Zzg,UCd0x3327ugAqqnr0RvLD1SQ,Undirected,1,1
UC6kGlpZg2tcemPrqwkpuCUQ,UCB81unl4W-jCH4CLJlHBy3A,Undirected,1,1
UC6kGlpZg2tcemPrqwkpuCUQ,UChHfCsrJ_GLWg6iMJMRURYg,Undirected,1,1
UCB81unl4W-jCH4CLJlHBy3A,UChHfCsrJ_GLWg6iMJMRURYg,Undirected,1,1
UC6kGlpZg2tcemPrqwkpuCUQ,UCihu5ygkTXm8CeFhD1Tx3eg,Undirected,1,1
UC0NJU1K-_S1EKYzTHFb0_dg,UCHV60B-ox9Ra-jo9V3tz-jQ,Undirected,2,2
UCHV60B-ox9Ra-jo9V3tz-jQ,UCdNWnYLF_SajfNifXZ-qFtg,Undirected,1,1
UCS5M-k1_OBVQwyDX5yCMW8g,UCTOQQLzatFOM3R91G8ZIyxw,Undirected,1,1
UCS5M-k1_OBVQwyDX5yCMW8g,UCoDeGl8J4Yon316NM7I89-A,Undirected,1,1
UCS5M-k1_OBVQwyDX5yCMW8g,UCsPrQamk16ctX3sAl8_hyDQ,Undirected,1,1
UCTOQQLzatFOM3R91G8ZIyxw,UCoDeGl8J4Yon316NM7I89-A,Undirected,1,1
UCTOQQLzatFOM3R91G8ZIyxw,UCsPrQamk16ctX3sAl8_hyDQ,Undirected,1,1
UCoDeGl8J4Yon316NM7I89-A,UCsPrQamk16ctX3sAl8_hyDQ,Undirected,1,1
UC2GB0bhAIbjQiRTqPXkZyAw,UC2X643A7Hu0sqeet_wcJ-0g,Undirected,1,1
UC2GB0bhAIbjQiRTqPXkZyAw,UC6Gu_lRdHmO1SxmUHxKZa5w,Undirected,1,1
UC2GB0bhAIbjQiRTqPXkZyAw,UCEXVwWoueps14UrBIbwm8Fg,Undirected,1,1
UC2GB0bhAIbjQiRTqPXkZyAw,UCgmPMNYqe7hVwdEjUAbnH3Q,Undirected,1,1
UC2GB0bhAIbjQiRTqPXkZyAw,UClkc2M0xPFhoOzzHlgZDMfw,Undirected,1,1
UC2X643A7Hu0sqeet_wcJ-0g,UC6Gu_lRdHmO1SxmUHxKZa5w,Undirected,3,3
UC2X643A7Hu0sqeet_wcJ-0g,UCEXVwWoueps14UrBIbwm8Fg,Undirected,1,1
UC2X643A7Hu0sqeet_wcJ-0g,UCgmPMNYqe7hVwdEjUAbnH3Q,Undirected,3,3
UC2X643A7Hu0sqeet_wcJ-0g,UClkc2M0xPFhoOzzHlgZDMfw,Undirected,2,2
UC6Gu_lRdHmO1SxmUHxKZa5w,UCEXVwWoueps14UrBIbwm8Fg,Undirected,1,1
UC6Gu_lRdHmO1SxmUHxKZa5w,UCgmPMNYqe7hVwdEjUAbnH3Q,Undirected,3,3
UC6Gu_lRdHmO1SxmUHxKZa5w,UClkc2M0xPFhoOzzHlgZDMfw,Undirected,2,2
UCEXVwWoueps14UrBIbwm8Fg,UCgmPMNYqe7hVwdEjUAbnH3Q,Undirected,1,1
UCEXVwWoueps14UrBIbwm8Fg,UClkc2M0xPFhoOzzHlgZDMfw,Undirected,1,1
UCgmPMNYqe7hVwdEjUAbnH3Q,UClkc2M0xPFhoOzzHlgZDMfw,Undirected,2,2
UC2X643A7Hu0sqeet_wcJ-0g,UCqaoz4rAq6L9ZosmMmCstLQ,Undirected,1,1
UC6Gu_lRdHmO1SxmUHxKZa5w,UCqaoz4rAq6L9ZosmMmCstLQ,Undirected,1,1
UCgmPMNYqe7hVwdEjUAbnH3Q,UCqaoz4rAq6L9ZosmMmCstLQ,Undirected,1,1
UClkc2M0xPFhoOzzHlgZDMfw,UCqaoz4rAq6L9ZosmMmCstLQ,Undirected,1,1
UCFS8S5kjXTgDu76gB1YUEHQ,UCnF90orO3D1vBRzkO9H2hxQ,Undirected,1,1
UCAaGaynFpku5cAx6OOSrW-w,UCnF90orO3D1vBRzkO9H2hxQ,Undirected,1,1
UCJkF-vopb2houUFi8OYUfYA,UCnF90orO3D1vBRzkO9H2hxQ,Undirected,1,1
UC32Qa2vczFNupEFfr02mTeQ,UC6vVVLyNf9LbWn0zx3lEYZw,Undirected,1,1
UC32Qa2vczFNupEFfr02mTeQ,UCgmPnx-EEeOrZSg5Tiw7ZRQ,Undirected,1,1
UC6vVVLyNf9LbWn0zx3lEYZw,UCgmPnx-EEeOrZSg5Tiw7ZRQ,Undirected,1,1
UC6vVVLyNf9LbWn0zx3lEYZw,UCnF90orO3D1vBRzkO9H2hxQ,Undirected,1,1
UCgmPnx-EEeOrZSg5Tiw7ZRQ,UCnF90orO3D1vBRzkO9H2hxQ,Undirected,1,1
UCE0-dSF0ZJ5booR6_jiZyZg,UCnF90orO3D1vBRzkO9H2hxQ,Undirected,1,1
UC0NJU1K-_S1EKYzTHFb0_dg,UCPc7G2Jy9MDaXMVCN4ayCuA,Undirected,2,2
UC0NJU1K-_S1EKYzTHFb0_dg,UCRlyFOfQoKxTvvfIlDBlGBQ,Undirected,2,2
UCPc7G2Jy9MDaXMVCN4ayCuA,UCRlyFOfQoKxTvvfIlDBlGBQ,Undirected,2,2
UC0NJU1K-_S1EKYzTHFb0_dg,UC0qg9o3HsojIoG8ZATGsGZw,Undirected,1,1
UC0NJU1K-_S1EKYzTHFb0_dg,UCVX-nnd_hGWxwWpMPNtUhLw,Undirected,1,1
UC0qg9o3HsojIoG8ZATGsGZw,UCVX-nnd_hGWxwWpMPNtUhLw,Undirected,1,1
UChrcvDN9KrK1KT7Z5NmSPGw,UChuDlRrbn5Ri-v6Gi0bPfXg,Undirected,1,1
UCm6f6DASfAkGD55VGju2gKA,UCsgxccKEyaQxcB3ZMEm8xfg,Undirected,3,3
UCPtnoZKURhZajwkfOrp-qpw,UCo5dX7dMZVogDDOLTHVk7kA,Undirected,1,1
UCPtnoZKURhZajwkfOrp-qpw,UCsgxccKEyaQxcB3ZMEm8xfg,Undirected,1,1
UCo5dX7dMZVogDDOLTHVk7kA,UCsgxccKEyaQxcB3ZMEm8xfg,Undirected,1,1
UC3skl9MGuEiKVIxrueBHTIg,UChG97vxBXd3hVUF-Mnqowtg,Undirected,1,1
UCC-mxKzoZBBys475oah1EbQ,UCSEOEvtbZNGzA4uR9m26SIA,Undirected,1,1
UCC-mxKzoZBBys475oah1EbQ,UCs7hm8wFsbEXIliJcWkGV0w,Undirected,1,1
UCSEOEvtbZNGzA4uR9m26SIA,UCs7hm8wFsbEXIliJcWkGV0w,Undirected,1,1
UC5H_wBYA0rtyTvZBqw6fN7A,UCNnH4mt-7IFczBCg7HuIGSA,Undirected,1,1
UC5H_wBYA0rtyTvZBqw6fN7A,UCUML90iJ2E9yYyepkTmgqnw,Undirected,1,1
UCNnH4mt-7IFczBCg7HuIGSA,UCUML90iJ2E9yYyepkTmgqnw,Undirected,1,1
UC5H_wBYA0rtyTvZBqw6fN7A,UCI1YAIreQKg74J9S1-DFENA,Undirected,1,1
UC5H_wBYA0rtyTvZBqw6fN7A,UCz7kD5oB_q7WKhwP7hpIz9Q,Undirected,1,1
UCI1YAIreQKg74J9S1-DFENA,UCz7kD5oB_q7WKhwP7hpIz9Q,Undirected,1,1
UCRIgIJQWuBJ0Cv_VlU3USNA,UCc5BWE93Gpyol7XVZPZTddg,Undirected,1,1
UCRIgIJQWuBJ0Cv_VlU3USNA,UCfDq1TWc6Pjchq4j-JvpWkA,Undirected,1,1
UCRIgIJQWuBJ0Cv_VlU3USNA,UCsBdfwbcLFHNTq0jUtlQerQ,Undirected,1,1
UCc5BWE93Gpyol7XVZPZTddg,UCfDq1TWc6Pjchq4j-JvpWkA,Undirected,1,1
UCc5BWE93Gpyol7XVZPZTddg,UCsBdfwbcLFHNTq0jUtlQerQ,Undirected,1,1
UCfDq1TWc6Pjchq4j-JvpWkA,UCsBdfwbcLFHNTq0jUtlQerQ,Undirected,1,1
UC10BM9XdLdrvB8japwmRUvA,UCwGFqo2u8eIJ5qZmkyg7eDQ,Undirected,1,1
UCXk-8iK1kWAdU5B_h8KBclw,UCpXIjrzLXGUf8lVEeeryKLg,Undirected,1,1
UCXk-8iK1kWAdU5B_h8KBclw,UCwGFqo2u8eIJ5qZmkyg7eDQ,Undirected,1,1
UCR6qhsLpn62WVxCBK1dkLow,UCV_2a6mNwcTjVnEXWjtho6g,Undirected,1,1
UCR6qhsLpn62WVxCBK1dkLow,UCYkW9ynuAFUJWi6lzImozBA,Undirected,1,1
UCV_2a6mNwcTjVnEXWjtho6g,UCYkW9ynuAFUJWi6lzImozBA,Undirected,1,1
UCGSGPehp0RWfca-kENgBJ9Q,UCV_2a6mNwcTjVnEXWjtho6g,Undirected,1,1
UCGSGPehp0RWfca-kENgBJ9Q,UClEiWBDiRE3uWN85rBG7Y6w,Undirected,1,1
UCV_2a6mNwcTjVnEXWjtho6g,UClEiWBDiRE3uWN85rBG7Y6w,Undirected,1,1
UCApHBeFmlA-wtHu1RorGimQ,UCSEOEvtbZNGzA4uR9m26SIA,Undirected,1,1
UCApHBeFmlA-wtHu1RorGimQ,UCV_2a6mNwcTjVnEXWjtho6g,Undirected,1,1
UCApHBeFmlA-wtHu1RorGimQ,UCcrvP_Z93Zts_Xd7UGKH2CQ,Undirected,1,1
UCApHBeFmlA-wtHu1RorGimQ,UCzuO68oTPelfeDudA3fa1FQ,Undirected,1,1
UCSEOEvtbZNGzA4uR9m26SIA,UCV_2a6mNwcTjVnEXWjtho6g,Undirected,1,1
UCSEOEvtbZNGzA4uR9m26SIA,UCcrvP_Z93Zts_Xd7UGKH2CQ,Undirected,1,1
UCSEOEvtbZNGzA4uR9m26SIA,UCzuO68oTPelfeDudA3fa1FQ,Undirected,1,1
UCV_2a6mNwcTjVnEXWjtho6g,UCcrvP_Z93Zts_Xd7UGKH2CQ,Undirected,1,1
UCV_2a6mNwcTjVnEXWjtho6g,UCzuO68oTPelfeDudA3fa1FQ,Undirected,1,1
UCcrvP_Z93Zts_Xd7UGKH2CQ,UCzuO68oTPelfeDudA3fa1FQ,Undirected,1,1
UC0RmlI2c2cXUe9dbisMvu3A,UCBMKz98gItEsj2OTolXs3jQ,Undirected,1,1
UC0RmlI2c2cXUe9dbisMvu3A,UCRI3vcXNzgp3EBD_2nEVrNg,Undirected,1,1
UC0RmlI2c2cXUe9dbisMvu3A,UCUs2Csm28An8pzmcGP2UO2Q,Undirected,1,1
UC0RmlI2c2cXUe9dbisMvu3A,UCV_2a6mNwcTjVnEXWjtho6g,Undirected,1,1
UC0RmlI2c2cXUe9dbisMvu3A,UCmALj73PHAT5p4zYhjm-K9A,Undirected,1,1
UCBMKz98gItEsj2OTolXs3jQ,UCRI3vcXNzgp3EBD_2nEVrNg,Undirected,1,1
UCBMKz98gItEsj2OTolXs3jQ,UCUs2Csm28An8pzmcGP2UO2Q,Undirected,1,1
UCBMKz98gItEsj2OTolXs3jQ,UCV_2a6mNwcTjVnEXWjtho6g,Undirected,1,1
UCBMKz98gItEsj2OTolXs3jQ,UCmALj73PHAT5p4zYhjm-K9A,Undirected,1,1
UCRI3vcXNzgp3EBD_2nEVrNg,UCUs2Csm28An8pzmcGP2UO2Q,Undirected,1,1
UCRI3vcXNzgp3EBD_2nEVrNg,UCV_2a6mNwcTjVnEXWjtho6g,Undirected,1,1
UCRI3vcXNzgp3EBD_2nEVrNg,UCmALj73PHAT5p4zYhjm-K9A,Undirected,1,1
UCUs2Csm28An8pzmcGP2UO2Q,UCV_2a6mNwcTjVnEXWjtho6g,Undirected,1,1
UCUs2Csm28An8pzmcGP2UO2Q,UCmALj73PHAT5p4zYhjm-K9A,Undirected,1,1
UCV_2a6mNwcTjVnEXWjtho6g,UCmALj73PHAT5p4zYhjm-K9A,Undirected,1,1
UCFNfcF1_9084O34275dEyEw,UCV_2a6mNwcTjVnEXWjtho6g,Undirected,1,1
UCFNfcF1_9084O34275dEyEw,UClIfS6RdiMvHk3r-Cb89ztw,Undirected,1,1
UCV_2a6mNwcTjVnEXWjtho6g,UClIfS6RdiMvHk3r-Cb89ztw,Undirected,1,1
UC8L_KyORg_kUPxzzmgIjRGw,UCV_2a6mNwcTjVnEXWjtho6g,Undirected,1,1
UC8L_KyORg_kUPxzzmgIjRGw,UCs5H_x8EPE1aXBGEIbcJV3Q,Undirected,1,1
UCV_2a6mNwcTjVnEXWjtho6g,UCs5H_x8EPE1aXBGEIbcJV3Q,Undirected,1,1
UC-NWTh87VIIEd6B5iNNFQMw,UCPCA9BnehWnAN7RJzw87gFQ,Undirected,1,1
UCFStNGUbRmUSkZarLFQu4mA,UCpe2UqDWQscU0IdPsPh2ndQ,Undirected,10,10
UCpXIjrzLXGUf8lVEeeryKLg,UCpe2UqDWQscU0IdPsPh2ndQ,Undirected,10,10
UCPU4xwtLBFXB3sXI6mfdp3g,UCpmSwekVKXnObCY7hpdHXdQ,Undirected,1,1
UCBQ6qftGQd1l-w8TjDSfCkQ,UCpmSwekVKXnObCY7hpdHXdQ,Undirected,2,2
UCFv2z4iM5vHrS8bZPq4fHQQ,UCcQsDietWkYakBKbGpCaeLA,Undirected,1,1
UCFv2z4iM5vHrS8bZPq4fHQQ,UCnqkSofdvIS4UQC6Ub-JpSg,Undirected,1,1
UCFv2z4iM5vHrS8bZPq4fHQQ,UCpmSwekVKXnObCY7hpdHXdQ,Undirected,1,1
UCcQsDietWkYakBKbGpCaeLA,UCnqkSofdvIS4UQC6Ub-JpSg,Undirected,1,1
UCcQsDietWkYakBKbGpCaeLA,UCpmSwekVKXnObCY7hpdHXdQ,Undirected,1,1
UCnqkSofdvIS4UQC6Ub-JpSg,UCpmSwekVKXnObCY7hpdHXdQ,Undirected,1,1
UC3ql_EU4JnaE3Rh3cqbHu6g,UCIUIex6hsvxf-5Bw2r5oEnQ,Undirected,1,1
UC3ql_EU4JnaE3Rh3cqbHu6g,UCpmSwekVKXnObCY7hpdHXdQ,Undirected,1,1
UCIUIex6hsvxf-5Bw2r5oEnQ,UCpmSwekVKXnObCY7hpdHXdQ,Undirected,1,1
UCNe668-4r9j7h2mXtGt0maw,UCpmSwekVKXnObCY7hpdHXdQ,Undirected,1,1
UCNe668-4r9j7h2mXtGt0maw,UCuUJ4A_PeZOFTD5koXQcg5w,Undirected,1,1
UCpmSwekVKXnObCY7hpdHXdQ,UCuUJ4A_PeZOFTD5koXQcg5w,Undirected,1,1
UCGQ4RBrN9wZJ1j6oOJ2KTFw,UCli_j3KPGhsF1Mv1AK17UPA,Undirected,1,1
UCGQ4RBrN9wZJ1j6oOJ2KTFw,UCpmSwekVKXnObCY7hpdHXdQ,Undirected,1,1
UCli_j3KPGhsF1Mv1AK17UPA,UCpmSwekVKXnObCY7hpdHXdQ,Undirected,1,1
UCLXc7nOdXbKEQq2Y91UO_DA,UCpmSwekVKXnObCY7hpdHXdQ,Undirected,1,1
UC1l7wYrva1qCH-wgqcHaaRg,UCb-ikMqe9iS8GjG7WgGwCrQ,Undirected,1,1
UC1l7wYrva1qCH-wgqcHaaRg,UCHQqQqtYvXGlIzNf-391COw,Undirected,1,1
UC1l7wYrva1qCH-wgqcHaaRg,UCLFiirHOF-wa3QRExEa4m8A,Undirected,1,1
UC1l7wYrva1qCH-wgqcHaaRg,UChQqd1hMFRMs92bLa_CaZng,Undirected,1,1
UC1l7wYrva1qCH-wgqcHaaRg,UCQeiBlCcS4-XGwFjrvDn96w,Undirected,1,1
UC1l7wYrva1qCH-wgqcHaaRg,UCqD7C-bA_Kzm3SMn7P-92-A,Undirected,1,1
UC1l7wYrva1qCH-wgqcHaaRg,UC9Ck5PhnqY4-jsn9W2KvTuw,Undirected,1,1
UC1l7wYrva1qCH-wgqcHaaRg,UCPllzKNTjT2Moax8v1zuHdw,Undirected,1,1
UC9Ck5PhnqY4-jsn9W2KvTuw,UCPllzKNTjT2Moax8v1zuHdw,Undirected,1,1
UCAxf4FqdueduUaws6Bcm2qw,UCpRtBdw2Ka5PhqtBVsD3RXg,Undirected,1,1
UCYUJLzhjGEPGG25Vs5lxXHg,UCpRtBdw2Ka5PhqtBVsD3RXg,Undirected,1,1
UCYc5z8bn4x7KTfkdGNV-pRw,UCpRtBdw2Ka5PhqtBVsD3RXg,Undirected,1,1
UCYc5z8bn4x7KTfkdGNV-pRw,UCw4oC8BM2zK5KRKMnJ5IfIw,Undirected,1,1
UCpRtBdw2Ka5PhqtBVsD3RXg,UCw4oC8BM2zK5KRKMnJ5IfIw,Undirected,1,1
UCBR4N5DkgDt3PLTcfJB1iiw,UCeb6GxmcUBoyfNVmWzfIXSQ,Undirected,1,1
UCeb6GxmcUBoyfNVmWzfIXSQ,UCt59wlJI-jW8vvq08CmQV1g,Undirected,1,1
UCeb6GxmcUBoyfNVmWzfIXSQ,UCuLpYAaxNfBdODBRd8pOfXQ,Undirected,1,1
UCt59wlJI-jW8vvq08CmQV1g,UCuLpYAaxNfBdODBRd8pOfXQ,Undirected,1,1
UCJtSJhTpcWJxLnaebwFeGdQ,UCeb6GxmcUBoyfNVmWzfIXSQ,Undirected,1,1
UCQQodZAqkXs-aVghFSO4q1A,UCux_dQh8898bsMOPVUieuGw,Undirected,1,1
UCAtkrWfywN4iNuKF3JFHt8w,UCGnqFQAc4yOM-2iLPqIihQg,Undirected,1,1
UCAtkrWfywN4iNuKF3JFHt8w,UCk7S76uQrkOoFnSesUtt_jg,Undirected,1,1
UCGnqFQAc4yOM-2iLPqIihQg,UCk7S76uQrkOoFnSesUtt_jg,Undirected,2,2
UCk7S76uQrkOoFnSesUtt_jg,UCo8b-0nKwdFMHg1x8hHTOEQ,Undirected,1,1
UCDvaGLWIBM57kQDktDizJIw,UCP_O8oODagHdY48LqHT0NxA,Undirected,2,2
UCDvaGLWIBM57kQDktDizJIw,UCcIfJ1Tbh1VPaf4o9OUCkKg,Undirected,1,1
UCDvaGLWIBM57kQDktDizJIw,UCg1aK_p37mMC2u5LWPyLRGg,Undirected,1,1
UCb4yp2vETNvqhwl4WnNwEfA,UCxkoVqyzcfrol0CiCh18bwA,Undirected,1,1
UC1O-4nUrEeslr94pxCBNpmA,UCRjfPUizwdxIHzb4-5wkPOw,Undirected,1,1
UC1O-4nUrEeslr94pxCBNpmA,UCaWVCqpIfWFXUHSKANMjVQA,Undirected,1,1
UCRjfPUizwdxIHzb4-5wkPOw,UCaWVCqpIfWFXUHSKANMjVQA,Undirected,1,1
UC1O-4nUrEeslr94pxCBNpmA,UCrJvP0dqTrsdlWCCDi5BgwA,Undirected,1,1
UCGnqFQAc4yOM-2iLPqIihQg,UCrJvP0dqTrsdlWCCDi5BgwA,Undirected,1,1
UC1O-4nUrEeslr94pxCBNpmA,UCJORKQ9ZIOschxPFOEVJOVg,Undirected,1,1
UC7iIwmiLHXUQy88PTYpRtAA,UCJORKQ9ZIOschxPFOEVJOVg,Undirected,1,1
UC2E-MAJV0UK0Z_we3dbwukA,UC7iIwmiLHXUQy88PTYpRtAA,Undirected,3,3
UC2N2Rbm8S2aHLwYHllL53wA,UC7iIwmiLHXUQy88PTYpRtAA,Undirected,1,1
UC2N2Rbm8S2aHLwYHllL53wA,UCk7S76uQrkOoFnSesUtt_jg,Undirected,1,1
UC7iIwmiLHXUQy88PTYpRtAA,UCk7S76uQrkOoFnSesUtt_jg,Undirected,2,2
UC2E-MAJV0UK0Z_we3dbwukA,UCXHPjjyGugCSLbSonnHqasA,Undirected,1,1
UC2E-MAJV0UK0Z_we3dbwukA,UCh3QrKlNCINH56pFjPhckrQ,Undirected,1,1
UC7iIwmiLHXUQy88PTYpRtAA,UCXHPjjyGugCSLbSonnHqasA,Undirected,1,1
UC7iIwmiLHXUQy88PTYpRtAA,UCh3QrKlNCINH56pFjPhckrQ,Undirected,1,1
UCXHPjjyGugCSLbSonnHqasA,UCh3QrKlNCINH56pFjPhckrQ,Undirected,1,1
UC7iIwmiLHXUQy88PTYpRtAA,UCHXqm6im50_Gr4oKL15XN1A,Undirected,1,1
UC-z8Rsy6LxDhBB2rXx-xFIw,UC1O-4nUrEeslr94pxCBNpmA,Undirected,1,1
UC-z8Rsy6LxDhBB2rXx-xFIw,UC7iIwmiLHXUQy88PTYpRtAA,Undirected,1,1
UC-z8Rsy6LxDhBB2rXx-xFIw,UCX5PD8HcvYN0R4mAUWvVRRA,Undirected,1,1
UC-z8Rsy6LxDhBB2rXx-xFIw,UCekKkUZfkDO2DtNgAn0tbmA,Undirected,1,1
UC1O-4nUrEeslr94pxCBNpmA,UCX5PD8HcvYN0R4mAUWvVRRA,Undirected,1,1
UC1O-4nUrEeslr94pxCBNpmA,UCekKkUZfkDO2DtNgAn0tbmA,Undirected,1,1
UC7iIwmiLHXUQy88PTYpRtAA,UCX5PD8HcvYN0R4mAUWvVRRA,Undirected,1,1
UC7iIwmiLHXUQy88PTYpRtAA,UCekKkUZfkDO2DtNgAn0tbmA,Undirected,1,1
UCX5PD8HcvYN0R4mAUWvVRRA,UCekKkUZfkDO2DtNgAn0tbmA,Undirected,1,1
